ID,p__Actinobacteria;c__Actinobacteria;o__Actinomycetales;f__Actinomycetaceae;g__Actinomyces;s__,p__Actinobacteria;c__Actinobacteria;o__Actinomycetales;f__Actinomycetaceae;g__Mobiluncus;s__,p__Actinobacteria;c__Actinobacteria;o__Actinomycetales;f__Actinomycetaceae;g__Varibaculum;s__,p__Actinobacteria;c__Actinobacteria;o__Actinomycetales;f__Brevibacteriaceae;g__Brevibacterium;s__,p__Actinobacteria;c__Actinobacteria;o__Actinomycetales;f__Brevibacteriaceae;g__Brevibacterium;s__paucivorans,p__Actinobacteria;c__Actinobacteria;o__Actinomycetales;f__Corynebacteriaceae;g__Corynebacterium,p__Actinobacteria;c__Actinobacteria;o__Actinomycetales;f__Corynebacteriaceae;g__Corynebacterium;s__,p__Actinobacteria;c__Actinobacteria;o__Actinomycetales;f__Corynebacteriaceae;g__Corynebacterium;s__durum,p__Actinobacteria;c__Actinobacteria;o__Actinomycetales;f__Corynebacteriaceae;g__Corynebacterium;s__kroppenstedtii,p__Actinobacteria;c__Actinobacteria;o__Actinomycetales;f__Corynebacteriaceae;g__Corynebacterium;s__simulans,p__Actinobacteria;c__Actinobacteria;o__Actinomycetales;f__Micrococcaceae;g__Micrococcus;s__,p__Actinobacteria;c__Actinobacteria;o__Actinomycetales;f__Micrococcaceae;g__Rothia,p__Actinobacteria;c__Actinobacteria;o__Actinomycetales;f__Micrococcaceae;g__Rothia;s__,p__Actinobacteria;c__Actinobacteria;o__Actinomycetales;f__Micrococcaceae;g__Rothia;s__dentocariosa,p__Actinobacteria;c__Actinobacteria;o__Actinomycetales;f__Micrococcaceae;g__Rothia;s__mucilaginosa,p__Actinobacteria;c__Actinobacteria;o__Actinomycetales;f__Propionibacteriaceae;g__Propionibacterium;s__acnes,p__Actinobacteria;c__Actinobacteria;o__Actinomycetales;f__Propionibacteriaceae;g__Propionibacterium;s__granulosum,p__Actinobacteria;c__Actinobacteria;o__Bifidobacteriales;f__Bifidobacteriaceae;g__Alloscardovia;s__,p__Actinobacteria;c__Actinobacteria;o__Bifidobacteriales;f__Bifidobacteriaceae;g__Bifidobacterium,p__Actinobacteria;c__Actinobacteria;o__Bifidobacteriales;f__Bifidobacteriaceae;g__Bifidobacterium;s__,p__Actinobacteria;c__Actinobacteria;o__Bifidobacteriales;f__Bifidobacteriaceae;g__Bifidobacterium;s__adolescentis,p__Actinobacteria;c__Actinobacteria;o__Bifidobacteriales;f__Bifidobacteriaceae;g__Bifidobacterium;s__animalis,p__Actinobacteria;c__Actinobacteria;o__Bifidobacteriales;f__Bifidobacteriaceae;g__Bifidobacterium;s__bifidum,p__Actinobacteria;c__Actinobacteria;o__Bifidobacteriales;f__Bifidobacteriaceae;g__Bifidobacterium;s__longum,p__Actinobacteria;c__Actinobacteria;o__Bifidobacteriales;f__Bifidobacteriaceae;g__Gardnerella;s__,p__Actinobacteria;c__Actinobacteria;o__Bifidobacteriales;f__Bifidobacteriaceae;g__Scardovia;s__,p__Actinobacteria;c__Coriobacteriia;o__Coriobacteriales;f__Coriobacteriaceae;g__Adlercreutzia;s__,p__Actinobacteria;c__Coriobacteriia;o__Coriobacteriales;f__Coriobacteriaceae;g__Atopobium,p__Actinobacteria;c__Coriobacteriia;o__Coriobacteriales;f__Coriobacteriaceae;g__Atopobium;s__,p__Actinobacteria;c__Coriobacteriia;o__Coriobacteriales;f__Coriobacteriaceae;g__Atopobium;s__vaginae,p__Actinobacteria;c__Coriobacteriia;o__Coriobacteriales;f__Coriobacteriaceae;g__Collinsella;s__,p__Actinobacteria;c__Coriobacteriia;o__Coriobacteriales;f__Coriobacteriaceae;g__Collinsella;s__aerofaciens,p__Actinobacteria;c__Coriobacteriia;o__Coriobacteriales;f__Coriobacteriaceae;g__Collinsella;s__stercoris,p__Actinobacteria;c__Coriobacteriia;o__Coriobacteriales;f__Coriobacteriaceae;g__Eggerthella;s__lenta,p__Actinobacteria;c__Coriobacteriia;o__Coriobacteriales;f__Coriobacteriaceae;g__Enterococcus;s__casseliflavus,p__Actinobacteria;c__Coriobacteriia;o__Coriobacteriales;f__Coriobacteriaceae;g__Olsenella;s__uli,p__Actinobacteria;c__Coriobacteriia;o__Coriobacteriales;f__Coriobacteriaceae;g__Slackia;s__,p__Bacteroidetes;c__Bacteroidia;o__Bacteroidales;f__Bacteroidaceae;g__Bacteroides,p__Bacteroidetes;c__Bacteroidia;o__Bacteroidales;f__Bacteroidaceae;g__Bacteroides;s__,p__Bacteroidetes;c__Bacteroidia;o__Bacteroidales;f__Bacteroidaceae;g__Bacteroides;s__acidifaciens,p__Bacteroidetes;c__Bacteroidia;o__Bacteroidales;f__Bacteroidaceae;g__Bacteroides;s__barnesiae,p__Bacteroidetes;c__Bacteroidia;o__Bacteroidales;f__Bacteroidaceae;g__Bacteroides;s__caccae,p__Bacteroidetes;c__Bacteroidia;o__Bacteroidales;f__Bacteroidaceae;g__Bacteroides;s__coprophilus,p__Bacteroidetes;c__Bacteroidia;o__Bacteroidales;f__Bacteroidaceae;g__Bacteroides;s__eggerthii,p__Bacteroidetes;c__Bacteroidia;o__Bacteroidales;f__Bacteroidaceae;g__Bacteroides;s__fragilis,p__Bacteroidetes;c__Bacteroidia;o__Bacteroidales;f__Bacteroidaceae;g__Bacteroides;s__ovatus,p__Bacteroidetes;c__Bacteroidia;o__Bacteroidales;f__Bacteroidaceae;g__Bacteroides;s__plebeius,p__Bacteroidetes;c__Bacteroidia;o__Bacteroidales;f__Bacteroidaceae;g__Bacteroides;s__uniformis,p__Bacteroidetes;c__Bacteroidia;o__Bacteroidales;f__Porphyromonadaceae;g__Dysgonomonas;s__,p__Bacteroidetes;c__Bacteroidia;o__Bacteroidales;f__Porphyromonadaceae;g__Parabacteroides,p__Bacteroidetes;c__Bacteroidia;o__Bacteroidales;f__Porphyromonadaceae;g__Parabacteroides;s__,p__Bacteroidetes;c__Bacteroidia;o__Bacteroidales;f__Porphyromonadaceae;g__Parabacteroides;s__distasonis,p__Bacteroidetes;c__Bacteroidia;o__Bacteroidales;f__Porphyromonadaceae;g__Parabacteroides;s__gordonii,p__Bacteroidetes;c__Bacteroidia;o__Bacteroidales;f__Porphyromonadaceae;g__Porphyromonas;s__,p__Bacteroidetes;c__Bacteroidia;o__Bacteroidales;f__Prevotellaceae;g__Prevotella;s__,p__Bacteroidetes;c__Bacteroidia;o__Bacteroidales;f__Prevotellaceae;g__Prevotella;s__copri,p__Bacteroidetes;c__Bacteroidia;o__Bacteroidales;f__Prevotellaceae;g__Prevotella;s__stercorea,p__Bacteroidetes;c__Bacteroidia;o__Bacteroidales;f__Rikenellaceae;g__AF12;s__,p__Bacteroidetes;c__Bacteroidia;o__Bacteroidales;f__Rikenellaceae;g__Alistipes,p__Bacteroidetes;c__Bacteroidia;o__Bacteroidales;f__Rikenellaceae;g__Alistipes;s__finegoldii,p__Bacteroidetes;c__Bacteroidia;o__Bacteroidales;f__Rikenellaceae;g__Alistipes;s__indistinctus,p__Bacteroidetes;c__Bacteroidia;o__Bacteroidales;f__Rikenellaceae;g__Alistipes;s__massiliensis,p__Bacteroidetes;c__Bacteroidia;o__Bacteroidales;f__Rikenellaceae;g__Alistipes;s__onderdonkii,p__Bacteroidetes;c__Bacteroidia;o__Bacteroidales;f__Rikenellaceae;g__Alistipes;s__putredinis,p__Bacteroidetes;c__Bacteroidia;o__Bacteroidales;f__Rikenellaceae;g__human;s__gutmetagenome,p__Bacteroidetes;c__Bacteroidia;o__Bacteroidales;f___Barnesiellaceae_;g__Barnesiella;s__intestinihominis,p__Bacteroidetes;c__Bacteroidia;o__Bacteroidales;f___Odoribacteraceae_;g__Butyricimonas;s__,p__Bacteroidetes;c__Bacteroidia;o__Bacteroidales;f___Odoribacteraceae_;g__Odoribacter;s__,p__Bacteroidetes;c__Bacteroidia;o__Bacteroidales;f___Paraprevotellaceae_;g__CF231;s__,p__Bacteroidetes;c__Bacteroidia;o__Bacteroidales;f___Paraprevotellaceae_;g__Paraprevotella;s__,p__Bacteroidetes;c__Bacteroidia;o__Bacteroidales;f___Paraprevotellaceae_;g___Prevotella_;s__,p__Bacteroidetes;c__Sphingobacteriia;o__Sphingobacteriales;f__Sphingobacteriaceae;g__Sphingobacterium;s__mizutaii,p__Euryarchaeota;c__Methanobacteria;o__Methanobacteriales;f__Methanobacteriaceae;g__Methanobrevibacter;s__,p__Euryarchaeota;c__Methanobacteria;o__Methanobacteriales;f__Methanobacteriaceae;g__Methanobrevibacter;s__arboriphilus,p__Euryarchaeota;c__Methanobacteria;o__Methanobacteriales;f__Methanobacteriaceae;g__Methanosphaera;s__,p__Euryarchaeota;c__Thermoplasmata;o__E2;f___Methanomassiliicoccaceae_;g__Methanomassiliicoccus;s__,p__Euryarchaeota;c__Thermoplasmata;o__E2;f___Methanomassiliicoccaceae_;g__vadinCA11;s__,p__Firmicutes;c__Bacilli;o__Bacillales;f__Bacillaceae;g__Bacillus;s__,p__Firmicutes;c__Bacilli;o__Bacillales;f__Bacillaceae;g__Oceanobacillus;s__,p__Firmicutes;c__Bacilli;o__Bacillales;f__Paenibacillaceae;g__Paenibacillus;s__,p__Firmicutes;c__Bacilli;o__Bacillales;f__Paenibacillaceae;g__Paenibacillus;s__amylolyticus,p__Firmicutes;c__Bacilli;o__Bacillales;f__Planococcaceae;g__Rummeliibacillus;s__,p__Firmicutes;c__Bacilli;o__Bacillales;f__Staphylococcaceae;g__Staphylococcus,p__Firmicutes;c__Bacilli;o__Bacillales;f__Staphylococcaceae;g__Staphylococcus;s__,p__Firmicutes;c__Bacilli;o__Lactobacillales;f__Aerococcaceae;g__Abiotrophia;s__,p__Firmicutes;c__Bacilli;o__Lactobacillales;f__Aerococcaceae;g__Facklamia;s__,p__Firmicutes;c__Bacilli;o__Lactobacillales;f__Carnobacteriaceae;g__Granulicatella;s__,p__Firmicutes;c__Bacilli;o__Lactobacillales;f__Enterococcaceae;g__Enterococcus,p__Firmicutes;c__Bacilli;o__Lactobacillales;f__Enterococcaceae;g__Enterococcus;s__,p__Firmicutes;c__Bacilli;o__Lactobacillales;f__Lactobacillaceae;g__Lactobacillus,p__Firmicutes;c__Bacilli;o__Lactobacillales;f__Lactobacillaceae;g__Lactobacillus;s__,p__Firmicutes;c__Bacilli;o__Lactobacillales;f__Lactobacillaceae;g__Lactobacillus;s__brevis,p__Firmicutes;c__Bacilli;o__Lactobacillales;f__Lactobacillaceae;g__Lactobacillus;s__delbrueckii,p__Firmicutes;c__Bacilli;o__Lactobacillales;f__Lactobacillaceae;g__Lactobacillus;s__helveticus,p__Firmicutes;c__Bacilli;o__Lactobacillales;f__Lactobacillaceae;g__Lactobacillus;s__iners,p__Firmicutes;c__Bacilli;o__Lactobacillales;f__Lactobacillaceae;g__Lactobacillus;s__mucosae,p__Firmicutes;c__Bacilli;o__Lactobacillales;f__Lactobacillaceae;g__Lactobacillus;s__paralimentarius,p__Firmicutes;c__Bacilli;o__Lactobacillales;f__Lactobacillaceae;g__Lactobacillus;s__ruminis,p__Firmicutes;c__Bacilli;o__Lactobacillales;f__Lactobacillaceae;g__Lactobacillus;s__salivarius,p__Firmicutes;c__Bacilli;o__Lactobacillales;f__Lactobacillaceae;g__Lactobacillus;s__vaginalis,p__Firmicutes;c__Bacilli;o__Lactobacillales;f__Lactobacillaceae;g__Lactobacillus;s__zeae,p__Firmicutes;c__Bacilli;o__Lactobacillales;f__Lactobacillaceae;g__Pediococcus;s__,p__Firmicutes;c__Bacilli;o__Lactobacillales;f__Leuconostocaceae;g__Leuconostoc;s__,p__Firmicutes;c__Bacilli;o__Lactobacillales;f__Leuconostocaceae;g__Leuconostoc;s__mesenteroides,p__Firmicutes;c__Bacilli;o__Lactobacillales;f__Leuconostocaceae;g__Weissella;s__,p__Firmicutes;c__Bacilli;o__Lactobacillales;f__Streptococcaceae;g__Lactococcus;s__,p__Firmicutes;c__Bacilli;o__Lactobacillales;f__Streptococcaceae;g__Lactococcus;s__garvieae,p__Firmicutes;c__Bacilli;o__Lactobacillales;f__Streptococcaceae;g__Streptococcus,p__Firmicutes;c__Bacilli;o__Lactobacillales;f__Streptococcaceae;g__Streptococcus;s__,p__Firmicutes;c__Bacilli;o__Lactobacillales;f__Streptococcaceae;g__Streptococcus;s__agalactiae,p__Firmicutes;c__Bacilli;o__Lactobacillales;f__Streptococcaceae;g__Streptococcus;s__anginosus,p__Firmicutes;c__Bacilli;o__Lactobacillales;f__Streptococcaceae;g__Streptococcus;s__luteciae,p__Firmicutes;c__Bacilli;o__Lactobacillales;f__Streptococcaceae;g__Streptococcus;s__sobrinus,p__Firmicutes;c__Bacilli;o__Turicibacterales;f__Turicibacteraceae;g__Turicibacter;s__,p__Firmicutes;c__Clostridia;o__Clostridiales;f__Christensenellaceae;g__Christensenella;s__,p__Firmicutes;c__Clostridia;o__Clostridiales;f__Clostridiaceae;g__02d06;s__,p__Firmicutes;c__Clostridia;o__Clostridiales;f__Clostridiaceae;g__Clostridium,p__Firmicutes;c__Clostridia;o__Clostridiales;f__Clostridiaceae;g__Clostridium;s__,p__Firmicutes;c__Clostridia;o__Clostridiales;f__Clostridiaceae;g__Clostridium;s__butyricum,p__Firmicutes;c__Clostridia;o__Clostridiales;f__Clostridiaceae;g__Clostridium;s__celatum,p__Firmicutes;c__Clostridia;o__Clostridiales;f__Clostridiaceae;g__Clostridium;s__hiranonis,p__Firmicutes;c__Clostridia;o__Clostridiales;f__Clostridiaceae;g__Clostridium;s__neonatale,p__Firmicutes;c__Clostridia;o__Clostridiales;f__Clostridiaceae;g__Clostridium;s__paraputrificum,p__Firmicutes;c__Clostridia;o__Clostridiales;f__Clostridiaceae;g__Clostridium;s__perfringens,p__Firmicutes;c__Clostridia;o__Clostridiales;f__Clostridiaceae;g__SMB53;s__,p__Firmicutes;c__Clostridia;o__Clostridiales;f__Clostridiaceae;g__Sarcina;s__,p__Firmicutes;c__Clostridia;o__Clostridiales;f__Dehalobacteriaceae;g__Dehalobacterium;s__,p__Firmicutes;c__Clostridia;o__Clostridiales;f__Eubacteriaceae;g__Anaerofustis;s__,p__Firmicutes;c__Clostridia;o__Clostridiales;f__Eubacteriaceae;g__Pseudoramibacter_Eubacterium;s__,p__Firmicutes;c__Clostridia;o__Clostridiales;f__Lachnospiraceae;g__Anaerostipes;s__,p__Firmicutes;c__Clostridia;o__Clostridiales;f__Lachnospiraceae;g__Blautia,p__Firmicutes;c__Clostridia;o__Clostridiales;f__Lachnospiraceae;g__Blautia;s__,p__Firmicutes;c__Clostridia;o__Clostridiales;f__Lachnospiraceae;g__Blautia;s__obeum,p__Firmicutes;c__Clostridia;o__Clostridiales;f__Lachnospiraceae;g__Blautia;s__producta,p__Firmicutes;c__Clostridia;o__Clostridiales;f__Lachnospiraceae;g__Butyrivibrio;s__,p__Firmicutes;c__Clostridia;o__Clostridiales;f__Lachnospiraceae;g__Butyrivibrio;s__crossotus,p__Firmicutes;c__Clostridia;o__Clostridiales;f__Lachnospiraceae;g__Clostridium,p__Firmicutes;c__Clostridia;o__Clostridiales;f__Lachnospiraceae;g__Clostridium;s__,p__Firmicutes;c__Clostridia;o__Clostridiales;f__Lachnospiraceae;g__Clostridium;s__aldenense,p__Firmicutes;c__Clostridia;o__Clostridiales;f__Lachnospiraceae;g__Clostridium;s__citroniae,p__Firmicutes;c__Clostridia;o__Clostridiales;f__Lachnospiraceae;g__Clostridium;s__clostridioforme,p__Firmicutes;c__Clostridia;o__Clostridiales;f__Lachnospiraceae;g__Clostridium;s__colinum,p__Firmicutes;c__Clostridia;o__Clostridiales;f__Lachnospiraceae;g__Clostridium;s__hathewayi,p__Firmicutes;c__Clostridia;o__Clostridiales;f__Lachnospiraceae;g__Clostridium;s__lavalense,p__Firmicutes;c__Clostridia;o__Clostridiales;f__Lachnospiraceae;g__Clostridium;s__symbiosum,p__Firmicutes;c__Clostridia;o__Clostridiales;f__Lachnospiraceae;g__Coprococcus;s__,p__Firmicutes;c__Clostridia;o__Clostridiales;f__Lachnospiraceae;g__Coprococcus;s__catus,p__Firmicutes;c__Clostridia;o__Clostridiales;f__Lachnospiraceae;g__Coprococcus;s__eutactus,p__Firmicutes;c__Clostridia;o__Clostridiales;f__Lachnospiraceae;g__Dorea;s__,p__Firmicutes;c__Clostridia;o__Clostridiales;f__Lachnospiraceae;g__Dorea;s__formicigenerans,p__Firmicutes;c__Clostridia;o__Clostridiales;f__Lachnospiraceae;g__Dorea;s__longicatena,p__Firmicutes;c__Clostridia;o__Clostridiales;f__Lachnospiraceae;g__Epulopiscium;s__,p__Firmicutes;c__Clostridia;o__Clostridiales;f__Lachnospiraceae;g__Lachnoanaerobaculum;s__orale,p__Firmicutes;c__Clostridia;o__Clostridiales;f__Lachnospiraceae;g__Lachnobacterium;s__,p__Firmicutes;c__Clostridia;o__Clostridiales;f__Lachnospiraceae;g__Lachnospira;s__,p__Firmicutes;c__Clostridia;o__Clostridiales;f__Lachnospiraceae;g__Lactonifactor;s__longoviformis,p__Firmicutes;c__Clostridia;o__Clostridiales;f__Lachnospiraceae;g__Moryella;s__,p__Firmicutes;c__Clostridia;o__Clostridiales;f__Lachnospiraceae;g__Moryella;s__indoligenes,p__Firmicutes;c__Clostridia;o__Clostridiales;f__Lachnospiraceae;g__Oribacterium;s__,p__Firmicutes;c__Clostridia;o__Clostridiales;f__Lachnospiraceae;g__Robinsoniella;s__peoriensis,p__Firmicutes;c__Clostridia;o__Clostridiales;f__Lachnospiraceae;g__Roseburia,p__Firmicutes;c__Clostridia;o__Clostridiales;f__Lachnospiraceae;g__Roseburia;s__,p__Firmicutes;c__Clostridia;o__Clostridiales;f__Lachnospiraceae;g__Roseburia;s__faecis,p__Firmicutes;c__Clostridia;o__Clostridiales;f__Lachnospiraceae;g__Roseburia;s__inulinivorans,p__Firmicutes;c__Clostridia;o__Clostridiales;f__Lachnospiraceae;g__Ruminococcus;s__gauvreauii,p__Firmicutes;c__Clostridia;o__Clostridiales;f__Lachnospiraceae;g__Ruminococcus;s__lactaris,p__Firmicutes;c__Clostridia;o__Clostridiales;f__Lachnospiraceae;g___Ruminococcus_;s__,p__Firmicutes;c__Clostridia;o__Clostridiales;f__Lachnospiraceae;g___Ruminococcus_;s__gnavus,p__Firmicutes;c__Clostridia;o__Clostridiales;f__Lachnospiraceae;g___Ruminococcus_;s__torques,p__Firmicutes;c__Clostridia;o__Clostridiales;f__Peptococcaceae;g__Peptococcus;s__,p__Firmicutes;c__Clostridia;o__Clostridiales;f__Peptococcaceae;g__rc4-4;s__,p__Firmicutes;c__Clostridia;o__Clostridiales;f__Peptostreptococcaceae;g__Clostridium;s__ruminantium,p__Firmicutes;c__Clostridia;o__Clostridiales;f__Peptostreptococcaceae;g__Peptostreptococcus;s__,p__Firmicutes;c__Clostridia;o__Clostridiales;f__Peptostreptococcaceae;g__Peptostreptococcus;s__anaerobius,p__Firmicutes;c__Clostridia;o__Clostridiales;f__Peptostreptococcaceae;g___Clostridium_,p__Firmicutes;c__Clostridia;o__Clostridiales;f__Peptostreptococcaceae;g___Clostridium_;s__,p__Firmicutes;c__Clostridia;o__Clostridiales;f__Ruminococcaceae;g__Anaerotruncus;s__,p__Firmicutes;c__Clostridia;o__Clostridiales;f__Ruminococcaceae;g__Butyricicoccus;s__pullicaecorum,p__Firmicutes;c__Clostridia;o__Clostridiales;f__Ruminococcaceae;g__Clostridium,p__Firmicutes;c__Clostridia;o__Clostridiales;f__Ruminococcaceae;g__Clostridium;s__,p__Firmicutes;c__Clostridia;o__Clostridiales;f__Ruminococcaceae;g__Clostridium;s__methylpentosum,p__Firmicutes;c__Clostridia;o__Clostridiales;f__Ruminococcaceae;g__Faecalibacterium;s__,p__Firmicutes;c__Clostridia;o__Clostridiales;f__Ruminococcaceae;g__Faecalibacterium;s__prausnitzii,p__Firmicutes;c__Clostridia;o__Clostridiales;f__Ruminococcaceae;g__Gemmiger;s__formicilis,p__Firmicutes;c__Clostridia;o__Clostridiales;f__Ruminococcaceae;g__Oscillospira;s__,p__Firmicutes;c__Clostridia;o__Clostridiales;f__Ruminococcaceae;g__Oscillospira;s__guilliermondii,p__Firmicutes;c__Clostridia;o__Clostridiales;f__Ruminococcaceae;g__Ruminococcus,p__Firmicutes;c__Clostridia;o__Clostridiales;f__Ruminococcaceae;g__Ruminococcus;s__,p__Firmicutes;c__Clostridia;o__Clostridiales;f__Ruminococcaceae;g__Ruminococcus;s__albus,p__Firmicutes;c__Clostridia;o__Clostridiales;f__Ruminococcaceae;g__Ruminococcus;s__bromii,p__Firmicutes;c__Clostridia;o__Clostridiales;f__Ruminococcaceae;g__Ruminococcus;s__callidus,p__Firmicutes;c__Clostridia;o__Clostridiales;f__Ruminococcaceae;g__Ruminococcus;s__flavefaciens,p__Firmicutes;c__Clostridia;o__Clostridiales;f__Syntrophomonadaceae;g__Syntrophomonas;s__,p__Firmicutes;c__Clostridia;o__Clostridiales;f__Veillonellaceae;g__Acidaminococcus;s__,p__Firmicutes;c__Clostridia;o__Clostridiales;f__Veillonellaceae;g__Dialister;s__,p__Firmicutes;c__Clostridia;o__Clostridiales;f__Veillonellaceae;g__Megamonas;s__,p__Firmicutes;c__Clostridia;o__Clostridiales;f__Veillonellaceae;g__Megasphaera;s__,p__Firmicutes;c__Clostridia;o__Clostridiales;f__Veillonellaceae;g__Mitsuokella;s__,p__Firmicutes;c__Clostridia;o__Clostridiales;f__Veillonellaceae;g__Phascolarctobacterium;s__,p__Firmicutes;c__Clostridia;o__Clostridiales;f__Veillonellaceae;g__Selenomonas;s__,p__Firmicutes;c__Clostridia;o__Clostridiales;f__Veillonellaceae;g__Succiniclasticum;s__,p__Firmicutes;c__Clostridia;o__Clostridiales;f__Veillonellaceae;g__Veillonella,p__Firmicutes;c__Clostridia;o__Clostridiales;f__Veillonellaceae;g__Veillonella;s__,p__Firmicutes;c__Clostridia;o__Clostridiales;f__Veillonellaceae;g__Veillonella;s__dispar,p__Firmicutes;c__Clostridia;o__Clostridiales;f__Veillonellaceae;g__Veillonella;s__parvula,p__Firmicutes;c__Clostridia;o__Clostridiales;f___Mogibacteriaceae_;g__Mogibacterium;s__,p__Firmicutes;c__Clostridia;o__Clostridiales;f___Tissierellaceae_;g__1-68;s__,p__Firmicutes;c__Clostridia;o__Clostridiales;f___Tissierellaceae_;g__Anaerococcus;s__,p__Firmicutes;c__Clostridia;o__Clostridiales;f___Tissierellaceae_;g__Finegoldia;s__,p__Firmicutes;c__Clostridia;o__Clostridiales;f___Tissierellaceae_;g__Parvimonas;s__,p__Firmicutes;c__Clostridia;o__Clostridiales;f___Tissierellaceae_;g__Peptoniphilus;s__,p__Firmicutes;c__Clostridia;o__Clostridiales;f___Tissierellaceae_;g__WAL_1855D;s__,p__Firmicutes;c__Clostridia;o__Clostridiales;f___Tissierellaceae_;g__ph2;s__,p__Firmicutes;c__Erysipelotrichi;o__Erysipelotrichales;f__Erysipelotrichaceae;g__Allobaculum;s__,p__Firmicutes;c__Erysipelotrichi;o__Erysipelotrichales;f__Erysipelotrichaceae;g__Bulleidia;s__moorei,p__Firmicutes;c__Erysipelotrichi;o__Erysipelotrichales;f__Erysipelotrichaceae;g__Bulleidia;s__p-1630-c5,p__Firmicutes;c__Erysipelotrichi;o__Erysipelotrichales;f__Erysipelotrichaceae;g__Catenibacterium;s__,p__Firmicutes;c__Erysipelotrichi;o__Erysipelotrichales;f__Erysipelotrichaceae;g__Clostridium;s__,p__Firmicutes;c__Erysipelotrichi;o__Erysipelotrichales;f__Erysipelotrichaceae;g__Clostridium;s__ramosum,p__Firmicutes;c__Erysipelotrichi;o__Erysipelotrichales;f__Erysipelotrichaceae;g__Clostridium;s__spiroforme,p__Firmicutes;c__Erysipelotrichi;o__Erysipelotrichales;f__Erysipelotrichaceae;g__Coprobacillus;s__,p__Firmicutes;c__Erysipelotrichi;o__Erysipelotrichales;f__Erysipelotrichaceae;g__Coprobacillus;s__cateniformis,p__Firmicutes;c__Erysipelotrichi;o__Erysipelotrichales;f__Erysipelotrichaceae;g__Holdemania;s__,p__Firmicutes;c__Erysipelotrichi;o__Erysipelotrichales;f__Erysipelotrichaceae;g__RFN20;s__,p__Firmicutes;c__Erysipelotrichi;o__Erysipelotrichales;f__Erysipelotrichaceae;g___Eubacterium_;s__,p__Firmicutes;c__Erysipelotrichi;o__Erysipelotrichales;f__Erysipelotrichaceae;g___Eubacterium_;s__biforme,p__Firmicutes;c__Erysipelotrichi;o__Erysipelotrichales;f__Erysipelotrichaceae;g___Eubacterium_;s__cylindroides,p__Firmicutes;c__Erysipelotrichi;o__Erysipelotrichales;f__Erysipelotrichaceae;g___Eubacterium_;s__dolichum,p__Firmicutes;c__Erysipelotrichi;o__Erysipelotrichales;f__Erysipelotrichaceae;g__cc_115;s__,p__Fusobacteria;c__Fusobacteriia;o__Fusobacteriales;f__Fusobacteriaceae;g__Fusobacterium;s__,p__Fusobacteria;c__Fusobacteriia;o__Fusobacteriales;f__Leptotrichiaceae;g__Leptotrichia;s__,p__Fusobacteria;c__Fusobacteriia;o__Fusobacteriales;f__Leptotrichiaceae;g__Sneathia;s__,p__Lentisphaerae;c___Lentisphaeria_;o__Victivallales;f__Victivallaceae;g__Victivallis;s__vadensis,p__Proteobacteria;c__Alphaproteobacteria;o__Rhizobiales;f__Methylobacteriaceae;g__Methylobacterium,p__Proteobacteria;c__Alphaproteobacteria;o__Rhizobiales;f__Phyllobacteriaceae;g__Mesorhizobium;s__,p__Proteobacteria;c__Alphaproteobacteria;o__Rhodobacterales;f__Rhodobacteraceae;g__Paracoccus;s__marcusii,p__Proteobacteria;c__Alphaproteobacteria;o__Sphingomonadales;f__Sphingomonadaceae;g__Sphingobium;s__yanoikuyae,p__Proteobacteria;c__Betaproteobacteria;o__Burkholderiales;f__Alcaligenaceae;g__Achromobacter;s__,p__Proteobacteria;c__Betaproteobacteria;o__Burkholderiales;f__Alcaligenaceae;g__Oligella;s__,p__Proteobacteria;c__Betaproteobacteria;o__Burkholderiales;f__Alcaligenaceae;g__Sutterella;s__,p__Proteobacteria;c__Betaproteobacteria;o__Burkholderiales;f__Burkholderiaceae;g__Burkholderia;s__,p__Proteobacteria;c__Betaproteobacteria;o__Burkholderiales;f__Comamonadaceae;g__Comamonas;s__,p__Proteobacteria;c__Betaproteobacteria;o__Burkholderiales;f__Oxalobacteraceae;g__Oxalobacter;s__,p__Proteobacteria;c__Betaproteobacteria;o__Burkholderiales;f__Oxalobacteraceae;g__Oxalobacter;s__formigenes,p__Proteobacteria;c__Betaproteobacteria;o__Neisseriales;f__Neisseriaceae;g__Neisseria,p__Proteobacteria;c__Betaproteobacteria;o__Neisseriales;f__Neisseriaceae;g__Neisseria;s__,p__Proteobacteria;c__Deltaproteobacteria;o__Desulfovibrionales;f__Desulfovibrionaceae;g__Bilophila;s__,p__Proteobacteria;c__Deltaproteobacteria;o__Desulfovibrionales;f__Desulfovibrionaceae;g__Desulfovibrio,p__Proteobacteria;c__Deltaproteobacteria;o__Desulfovibrionales;f__Desulfovibrionaceae;g__Desulfovibrio;s__,p__Proteobacteria;c__Deltaproteobacteria;o__Desulfovibrionales;f__Desulfovibrionaceae;g__Desulfovibrio;s__D168,p__Proteobacteria;c__Epsilonproteobacteria;o__Campylobacterales;f__Campylobacteraceae;g__Arcobacter;s__,p__Proteobacteria;c__Epsilonproteobacteria;o__Campylobacterales;f__Campylobacteraceae;g__Campylobacter;s__,p__Proteobacteria;c__Epsilonproteobacteria;o__Campylobacterales;f__Campylobacteraceae;g__Campylobacter;s__ureolyticus,p__Proteobacteria;c__Gammaproteobacteria;o__Aeromonadales;f__Succinivibrionaceae;g__Succinatimonas;s__hippei,p__Proteobacteria;c__Gammaproteobacteria;o__Aeromonadales;f__Succinivibrionaceae;g__Succinivibrio;s__,p__Proteobacteria;c__Gammaproteobacteria;o__Enterobacteriales;f__Enterobacteriaceae;g__Morganella;s__,p__Proteobacteria;c__Gammaproteobacteria;o__Enterobacteriales;f__Enterobacteriaceae;g__Proteus;s__,p__Proteobacteria;c__Gammaproteobacteria;o__Enterobacteriales;f__Enterobacteriaceae;g__Serratia;s__,p__Proteobacteria;c__Gammaproteobacteria;o__Pasteurellales;f__Pasteurellaceae;g__Aggregatibacter;s__,p__Proteobacteria;c__Gammaproteobacteria;o__Pasteurellales;f__Pasteurellaceae;g__Haemophilus;s__parainfluenzae,p__Proteobacteria;c__Gammaproteobacteria;o__Pseudomonadales;f__Moraxellaceae;g__Acinetobacter,p__Proteobacteria;c__Gammaproteobacteria;o__Pseudomonadales;f__Moraxellaceae;g__Acinetobacter;s__,p__Proteobacteria;c__Gammaproteobacteria;o__Pseudomonadales;f__Moraxellaceae;g__Acinetobacter;s__guillouiae,p__Proteobacteria;c__Gammaproteobacteria;o__Pseudomonadales;f__Moraxellaceae;g__Acinetobacter;s__lwoffii,p__Proteobacteria;c__Gammaproteobacteria;o__Pseudomonadales;f__Moraxellaceae;g__Acinetobacter;s__rhizosphaerae,p__Proteobacteria;c__Gammaproteobacteria;o__Pseudomonadales;f__Moraxellaceae;g__Moraxella;s__,p__Proteobacteria;c__Gammaproteobacteria;o__Pseudomonadales;f__Pseudomonadaceae;g__Pseudomonas;s__,p__Proteobacteria;c__Gammaproteobacteria;o__Xanthomonadales;f__Xanthomonadaceae;g__Stenotrophomonas;s__geniculata,p__Synergistetes;c__Synergistia;o__Synergistales;f__Dethiosulfovibrionaceae;g__Pyramidobacter;s__piscolens,p__Synergistetes;c__Synergistia;o__Synergistales;f__Synergistaceae;g__Cloacibacillus;s__,p__Synergistetes;c__Synergistia;o__Synergistales;f__Synergistaceae;g__Synergistes;s__,p__Verrucomicrobia;c__Verrucomicrobiae;o__Verrucomicrobiales;f__Verrucomicrobiaceae;g__Akkermansia;s__muciniphila,p___Thermi_;c__Deinococci;o__Thermales;f__Thermaceae;g__Thermus;s__
ERR1513672,0.000585696,0.015228093,0.010542526,0.0,0.130024489,0.0,0.182053807,0.0,0.0,0.0,0.0,0.0,0.0,0.0,0.0,0.0,0.0,0.0,0.0,0.065012244,0.0,0.0,0.0,0.0,0.0,0.0,0.0,0.0,0.0,0.0,0.0,0.0,0.007028351,0.0,0.0,0.0,0.0,0.0,0.001805896,0.0,0.0,0.0,0.0,0.0,0.0,0.0,0.0,0.00849259,0.0,0.0,0.0,0.0,0.0,0.0,0.004978415,0.0,0.0,0.0,0.0,0.00995683,0.0,0.0,0.0,0.0,0.0,0.0,0.0,0.000351418,0.0,0.0,0.0,0.0,0.0,0.0,0.0,0.0,0.0,0.0,0.0,0.0,0.0,0.0,0.0,0.0,0.0,0.0,0.0,0.0,0.0,0.0,0.0,0.0,0.0,0.0,0.0,0.0,0.0,0.0,0.0,0.0,0.0,0.0,0.0,0.0,0.0,0.0,0.0,0.0,0.0,0.0,0.0,0.0,0.0,0.0,0.0,0.0,0.0,0.000585696,0.0,0.0,0.0,0.0,0.0,0.0,0.0,0.0,0.000878544,0.001757088,0.000585696,0.0,0.0,0.014105509,0.0,0.0,0.0,0.0,0.0,0.0,0.0,0.001757088,0.027527707,0.0,0.0,0.0,0.0,0.002844809,0.0,0.0,0.0,0.0,0.0,0.0,0.0,0.0,0.0,0.0,0.0,0.0,0.0,0.0,0.0,0.002342784,0.193279645,0.0,0.0,0.0,0.005271263,0.0,0.060912373,0.003318943,0.000585696,0.0,0.0,0.0,0.0,0.0,0.003807023,0.0,0.0,0.0,0.0,0.0,0.021817172,0.0,0.003886891,0.0,0.0,0.002489208,0.0,0.036313145,0.0,0.0,0.0,0.0,0.000878544,0.0,0.0,0.0,0.0,0.0,0.0,0.0,0.0,0.0,0.0,0.0,0.025184923,0.000390464,0.0,0.0,0.001301546,0.0,0.018742269,0.0,0.0,0.0,0.0,0.0,0.0,0.0,0.0,0.0,0.0,0.0,0.0,0.0,0.0,0.000780928,0.0,0.0,0.0,0.0,0.0,0.0,0.0,0.0,0.0,0.0,0.0,0.0,0.0,0.0,0.0,0.0,0.0,0.0,0.0,0.0,0.0,0.0,0.0,0.00146424,0.0,0.0,0.0,0.0,0.0,0.0,0.0,0.0,0.0,0.0,0.0,0.0,0.0,0.0,0.0,0.0,0.0,0.0,0.0,0.002635632,0.0
ERR1513677,0.0,0.0,0.0,0.0,0.0,0.0,0.0,0.0,0.0,0.0,0.0,0.0,0.0,0.0,0.0,0.0,0.0,0.0,0.0,0.0,0.0,0.0,0.0,0.0,0.0,0.0,0.0,0.0,0.0,0.0,0.0,0.0,0.0,0.0,0.0,0.0,0.0,0.0,0.024356796,0.0,0.0,0.026623666,0.0,0.0,0.0,0.0,0.0,0.087973854,0.0,0.0,0.074314756,0.008488705,0.004630203,0.0,0.0,0.130224455,0.0,0.0,0.0,0.0,0.0,0.0,0.005208978,0.0,0.0,0.0,0.001953367,0.003356897,0.0,0.025080265,0.024308565,0.0,0.0,0.0,0.0,0.0,0.0,0.0,0.0,0.0,0.0,0.0,0.0,0.0,0.0,0.0,0.0,0.0,0.0,0.0,0.0,0.0,0.0,0.0,0.0,0.0,0.0,0.0,0.0,0.0,0.0,0.0,0.0,0.0,0.0,0.0,0.0,0.0,0.004630203,0.0,0.0,0.0,0.0,0.0,0.0,0.0,0.0,0.001736326,0.0,0.0,0.027202442,0.0,0.0,0.0,0.0,0.0,0.0,0.0,0.0,0.004340815,0.0,0.007813467,0.0,0.0,0.0,0.0,0.0,0.0,0.0,0.0,0.009260406,0.0,0.0,0.0,0.0,0.003968745,0.0,0.0,0.001041796,0.0,0.006945304,0.0,0.0,0.0,0.009144651,0.0,0.0,0.0,0.0,0.0,0.0,0.004340815,0.049195905,0.028359992,0.0,0.0,0.002315101,0.0,0.0,0.0,0.0,0.0,0.0,0.0,0.0,0.0,0.001157551,0.0,0.0,0.0,0.0,0.0,0.019750709,0.01659156,0.001394322,0.0,0.0,0.0,0.0,0.001350476,0.0,0.0,0.0,0.0,0.0,0.0,0.0,0.0,0.045433865,0.0,0.0,0.0,0.0,0.0,0.0,0.0,0.0,0.0,0.0,0.0,0.0,0.0,0.0,0.0,0.0,0.0,0.038777949,0.0,0.0,0.0,0.0,0.0,0.0,0.0,0.0,0.0,0.0,0.0,0.0,0.0,0.0,0.0,0.0,0.0,0.0,0.0,0.0,0.0,0.0,0.006366529,0.0,0.0,0.0,0.0,0.0,0.0,0.0,0.0,0.0,0.0,0.0,0.0,0.0,0.0,0.0,0.0,0.0,0.0,0.0,0.0,0.0,0.0,0.0,0.0,0.0,0.0,0.0,0.0,0.0,0.0,0.0,0.108230991,0.0
ERR1513679,0.0,0.0,0.0,0.0,0.0,0.0,0.0,0.0,0.0,0.0,0.0,0.0,0.0,0.0,0.0,0.0,0.0,0.0,0.0,0.0,0.0,0.0,0.0,0.0,0.0,0.0,0.000777272,0.0,0.0,0.0,0.0,0.0,0.0,0.0,0.0,0.0,0.0,0.0,0.006956585,0.0,0.0,0.025649977,0.0,0.0,0.013990897,0.0,0.0,0.160428949,0.0,0.0,0.005969449,0.013524533,0.0,0.0,0.0,0.0,0.0,0.0,0.0,0.0,0.0,0.0,0.23877797,0.0,0.0,0.0,0.0,0.000466363,0.0,0.0,0.0,0.041506327,0.0,0.0,0.0,0.0,0.0,0.0,0.0,0.0,0.0,0.0,0.0,0.0,0.0,0.0,0.0,0.0,0.0,0.0,0.0,0.0,0.0,0.0,0.0,0.0,0.0,0.0,0.0,0.0,0.0,0.0,0.0,0.0,0.0,0.0,0.0,0.0,0.005596359,0.0,0.0,0.0,0.0,0.0,0.0,0.0,0.0,0.0,0.0,0.0,0.0,0.0,0.0,0.0,0.0,0.0,0.000582954,0.0,0.0,0.000932726,0.0,0.00582954,0.0,0.0,0.0,0.0,0.0,0.000362727,0.0,0.0,0.01585635,0.0,0.0,0.0,0.0,0.007861551,0.0,0.0,0.0,0.0,0.006529085,0.0,0.0,0.0,0.000932726,0.0,0.0,0.0,0.0,0.0,0.0,0.0,0.081613564,0.0,0.0,0.0,0.001865453,0.0,0.006062722,0.0,0.0,0.0,0.0,0.0,0.0,0.0,0.018887711,0.0,0.0,0.0,0.000388636,0.0,0.0,0.032489971,0.000339173,0.0,0.0,0.001282499,0.0,0.064047216,0.0,0.0,0.0,0.0,0.0,0.0,0.0,0.0,0.039407692,0.0,0.0,0.0,0.0,0.0,0.0,0.0,0.0,0.0,0.0,0.0,0.0,0.0,0.0,0.0,0.0,0.0,0.0,0.0,0.0,0.0,0.0,0.0,0.0,0.0,0.0,0.0,0.0,0.0,0.0,0.0,0.0,0.0,0.0,0.0,0.0,0.0,0.0,0.0,0.0,0.0,0.0,0.0,0.0,0.0,0.0,0.0,0.0,0.0,0.0,0.0,0.0,0.0,0.0,0.0,0.0,0.021452708,0.0,0.0,0.0,0.0,0.0,0.0,0.0,0.0,0.0,0.0,0.044149052,0.079281748,0.0,0.0,0.0,0.0,0.0
ERR1513681,0.0,0.0,0.0,0.0,0.0,0.0,0.0,0.0,0.0,0.0,0.0,0.0,0.0,0.0,0.0,0.0,0.0,0.0,0.0,0.048539891,0.0,0.0,0.0,0.0,0.0,0.0,0.0,0.0,0.0,0.0,0.0,0.0,0.0,0.0,0.0,0.0,0.0,0.0,0.061241554,0.0,0.0,0.0,0.0,0.0,0.0,0.0,0.0,0.064719855,0.0,0.0,0.025606551,0.031421959,0.0,0.0,0.0,0.000937969,0.0,0.0,0.0,0.011255627,0.0,0.0,0.0,0.0,0.0,0.0,0.0,0.002063532,0.0,0.04314657,0.0,0.0,0.0,0.0,0.0,0.0,0.0,0.0,0.0,0.0,0.0,0.0,0.0,0.0,0.0,0.0,0.0,0.0,0.0,0.0,0.0,0.0,0.0,0.0,0.0,0.0,0.0,0.0,0.0,0.0,0.0,0.0,0.0,0.0,0.0,0.0,0.0,0.0,0.002813907,0.0,0.0,0.0,0.0,0.0,0.0,0.0,0.0,0.0,0.0,0.0,0.0,0.0,0.0,0.0,0.0,0.0,0.0,0.0,0.0,0.0,0.0,0.015750061,0.0,0.0,0.0,0.0,0.0,0.001146406,0.0,0.0,0.055809151,0.0,0.0,0.0,0.0,0.008374722,0.0,0.0,0.0,0.0,0.03470485,0.0,0.0,0.0,0.002626313,0.0,0.0,0.0,0.0,0.0,0.0,0.0,0.197442457,0.048305399,0.0,0.0,0.00211043,0.0,0.007972736,0.0,0.0,0.0,0.0,0.0,0.0,0.0,0.000468984,0.0,0.0,0.0,0.0,0.0,0.08131018,0.019384691,0.000447667,0.0,0.0,0.000410361,0.0,0.013131565,0.0,0.0,0.0,0.0,0.0,0.0,0.0,0.0,0.13670897,0.0,0.0,0.0,0.0,0.0,0.0,0.0,0.0,0.0,0.0,0.0,0.0,0.0,0.0,0.0,0.0,0.0,0.0,0.0,0.0,0.0,0.0,0.0,0.000468984,0.0,0.0,0.0,0.0,0.000312656,0.0,0.0,0.0,0.0,0.0,0.0,0.0,0.0,0.0,0.0,0.0,0.0,0.0,0.0,0.0,0.0,0.0,0.0,0.0,0.0,0.0,0.0,0.0,0.0,0.0,0.0,0.0,0.0,0.0,0.0,0.0,0.0,0.0,0.0,0.0,0.0,0.0,0.0,0.0,0.0,0.0,0.0,0.0,0.0,0.0
ERR1513684,0.0,0.0,0.0,0.0,0.0,0.0,0.002596042,0.0,0.0,0.0,0.0,0.0,0.0,0.0,0.0,0.0,0.0,0.0,0.0,0.013452219,0.0,0.0,0.0,0.0,0.0,0.0,0.0,0.0,0.0,0.0,0.0,0.0,0.0,0.0,0.0,0.0,0.0,0.0,0.112573832,0.0,0.0,0.069385129,0.0,0.0,0.0,0.0,0.0,0.140186281,0.0,0.0,0.026054824,0.021712353,0.0,0.0,0.0,0.0,0.0,0.0,0.0,0.03256853,0.0,0.0,0.03256853,0.0,0.0,0.0,0.001947032,0.00368166,0.0,0.073633198,0.0,0.0,0.0,0.0,0.0,0.0,0.0,0.0,0.0,0.0,0.0,0.0,0.0,0.0,0.0,0.0,0.0,0.0,0.0,0.0,0.0,0.0,0.0,0.0,0.0,0.0,0.0,0.0,0.0,0.0,0.0,0.0,0.0,0.0,0.0,0.0,0.0,0.0,0.011328184,0.0,0.0,0.0,0.0,0.0,0.0,0.0,0.0,0.0,0.0,0.0,0.0,0.0,0.0,0.0,0.0,0.0,0.0,0.004248069,0.0,0.019116311,0.0,0.027494447,0.0,0.0,0.0,0.0,0.0,0.0,0.0,0.0,0.07929729,0.0,0.0,0.0,0.0,0.002427468,0.0,0.0,0.004248069,0.0,0.0,0.0,0.0,0.0,0.005097683,0.0,0.0,0.0,0.0,0.0,0.0,0.006018098,0.0,0.0,0.0,0.0,0.00920415,0.002832046,0.056640922,0.0,0.0,0.0,0.0,0.0,0.0,0.0,0.0,0.0,0.0,0.0,0.001652027,0.0,0.092041498,0.005192084,0.0,0.009912161,0.0,0.0,0.0,0.031152507,0.0,0.0,0.0,0.0,0.0,0.0,0.0,0.0,0.021948357,0.0,0.0,0.0,0.0,0.0,0.0,0.0,0.0,0.0,0.0,0.0,0.0,0.0,0.0,0.0,0.0,0.0,0.0,0.0,0.0,0.0,0.002360038,0.0,0.0,0.0,0.0,0.0,0.0,0.0,0.0,0.0,0.0,0.0,0.0,0.0,0.0,0.0,0.0,0.0,0.0,0.0,0.0,0.0,0.0,0.0,0.0,0.0,0.0,0.0,0.0,0.0,0.0,0.0,0.0,0.0,0.0,0.0,0.0,0.0,0.0,0.0,0.0,0.0,0.0,0.0,0.0,0.0,0.0,0.0,0.0,0.004248069,0.0,0.0,0.0
ERR1513691,0.0,0.0,0.001557899,0.0,0.0,0.0,0.0,0.0,0.0,0.0,0.0,0.0,0.0,0.0,0.0,0.0,0.0,0.0,0.0,0.007697852,0.0,0.0,0.001924463,0.0,0.0,0.0,0.0,0.0,0.0,0.0,0.0,0.0,0.0,0.0,0.0,0.0,0.0,0.0,0.002810327,0.0,0.0,0.375086995,0.0,0.0,0.0,0.0,0.0,0.007835313,0.0,0.0,0.007276303,0.001680087,0.005315183,0.0,0.000962231,0.0,0.0,0.0,0.0,0.0,0.0,0.0,0.005223542,0.0,0.0,0.0,0.0,0.0,0.0,0.0,0.0,0.0,0.0,0.0,0.0,0.0,0.0,0.0,0.0,0.0,0.0,0.0,0.0,0.0,0.0,0.000916411,0.0,0.0,0.0,0.0,0.0,0.0,0.004948619,0.0,0.0,0.0,0.0,0.0,0.0,0.0,0.0,0.0,0.0,0.0,0.0,0.0,0.0,0.0,0.001008052,0.0,0.0,0.0,0.0,0.0,0.0,0.0,0.0,0.0,0.0,0.0,0.0,0.0,0.0,0.0,0.0,0.0,0.0,0.0,0.0,0.0,0.0,0.001909189,0.0,0.0,0.0,0.0,0.0,0.000376747,0.000687308,0.0,0.001099693,0.0,0.004948619,0.0,0.0,0.000274923,0.0,0.0,0.000494862,0.0,0.000641488,0.0,0.0,0.0,0.0,0.0,0.0,0.000549847,0.0,0.0,0.0,0.0,0.004856978,0.139019539,0.0,0.0,0.000664398,0.00025965,0.173934795,0.0,0.0,0.0,0.0,0.0,0.0,0.0,0.000274923,0.0,0.0,0.0,0.0,0.0,0.015613351,0.044109913,8.75e-05,0.0,0.0,0.001592264,0.0,0.0,0.0,0.0,0.0,0.0,0.000160372,0.0,0.0,0.0,0.001328796,0.0,0.0,0.0,0.0,0.0,0.0,0.0,0.001374616,0.001048781,0.0,0.0,0.000295288,0.0,0.0,0.0,0.0,0.0,0.0,0.0,0.0,0.0,0.000122188,0.168253047,0.0,0.0,0.0,0.002718686,0.0,0.002016104,0.0,0.0,0.0,0.0,0.0,0.0,0.0,0.0,0.0,0.0,0.0,0.0,0.0,0.0,0.0,0.0,0.0,0.0,0.0,0.0,0.0,0.0,0.0,0.0,0.000916411,0.0,0.0,0.0,0.0,0.0,0.0,0.0,0.0,0.0,0.0,0.0,0.0,0.0,0.0,0.0,0.0,0.0,0.0,0.0,0.0
ERR1513694,0.00168275,0.001835728,0.004283365,0.0,0.0,0.0,0.011388311,0.0,0.0,0.0,0.0,0.0,0.0,0.0,0.0,0.0,0.0,0.010606427,0.0,0.005303214,0.0,0.0,0.0,0.0,0.0,0.0,0.0,0.0,0.0,0.0,0.0,0.0,0.0,0.0,0.0,0.0,0.0,0.0,0.000288957,0.0,0.0,0.0,0.0,0.0,0.0,0.0,0.0,0.003365501,0.0,0.0,0.0,0.0,0.0,0.0,0.025768179,0.0,0.0,0.0,0.0,0.0,0.0,0.0,0.0,0.0,0.0,0.0,0.0,0.0,0.0,0.0,0.0,0.0,0.0,0.0,0.0,0.0,0.0,0.0,0.0,0.0,0.0,0.0,0.0,0.0,0.0,0.0,0.0,0.0,0.0,0.0,0.000883869,0.0,0.0,0.0,0.0,0.0,0.0,0.0,0.0,0.0,0.001427788,0.0,0.0,0.0,0.0,0.0,0.0,0.0,0.0,0.0,0.02508828,0.002447637,0.0,0.0,0.0,0.0,0.0,0.0,0.0,0.0,0.0,0.0,0.0,0.0,0.0,0.0,0.0,0.0,0.0,0.0,0.0,5.1e-05,0.0,0.001019849,0.0,0.0,0.0,0.00040794,0.0,0.0,0.0,0.0,0.0,0.0,0.0,0.0,0.0,0.0,0.0,0.0,0.0,0.0,0.0,0.0,0.000775085,0.0,0.0,0.0,0.0,0.0,0.0,0.0,0.0,0.001631758,0.0,0.0,0.0,0.005065249,0.004691304,0.0,0.0,0.0,0.0,0.0,0.0,0.0,0.0,0.0,0.0,0.0,0.0,0.0,0.0,0.0,0.0,0.0,0.0,0.000178474,0.0,0.0,0.0,0.0,0.0,0.0,0.012850095,0.0,0.0,0.0,0.0,0.0,0.0,0.0,0.0,0.047932892,0.0,0.0,0.0,0.001110502,0.0,0.0,0.001813064,0.0,0.000152977,0.0,0.0,0.0,0.0,0.0,0.0,0.0,0.0,0.0,0.0,0.0,0.0,0.0,0.0,0.000611909,0.0,0.0,0.0,0.0,0.0,0.0,0.0,0.0,0.0,0.0,0.0,0.0,0.0,0.0,0.0,0.0,0.0,0.0,0.0,0.0,0.0,0.0,0.0,0.0,0.007342911,0.0,0.0,0.774881099,0.0,0.0,0.0,0.0,0.0,0.0,0.0,0.0,0.0,0.0,0.0,0.0,0.0,0.0,0.0,0.0,0.0
ERR1513701,0.0,0.0,0.0,0.0,0.0,0.0,0.0,0.0,0.0,0.0,0.0,0.0,0.0,0.0,0.0,0.0,0.0,0.0,0.0,0.128513413,0.0,0.0,0.0,0.0,0.0,0.0,0.0,0.0,0.0,0.0,0.0,0.0,0.0,0.0,0.0,0.0,0.0,0.0,0.065071371,0.0,0.0,0.0,0.0,0.0,0.0,0.0,0.0,0.026476614,0.0,0.0,0.006354387,0.17121544,0.0,0.0,0.0,0.0,0.0,0.0,0.0,0.048065238,0.0,0.0,0.0,0.0,0.0,0.0,0.0,0.001384931,0.0,0.0,0.0,0.0,0.0,0.0,0.0,0.0,0.0,0.0,0.0,0.0,0.0,0.0,0.0,0.0,0.0,0.0,0.0,0.0,0.0,0.0,0.0,0.0,0.0,0.0,0.0,0.0,0.0,0.0,0.0,0.0,0.0,0.0,0.0,0.0,0.0,0.0,0.0,0.0,0.0,0.0,0.0,0.0,0.0,0.0,0.0,0.0,0.0,0.0,0.0,0.0,0.0,0.0,0.0,0.0,0.0,0.0,0.0,0.0,0.0,0.0,0.0,0.0,0.0,0.0,0.0,0.0,0.0,0.000950443,0.0,0.0,0.0,0.0,0.003530215,0.0,0.0,0.0,0.0,0.0,0.0,0.0,0.0,0.0,0.0,0.0,0.0,0.0,0.0,0.0,0.0,0.0,0.0,0.0,0.0,0.0,0.0,0.0,0.0,0.001832996,0.011812643,0.000271555,0.0,0.0,0.0,0.0,0.0,0.0,0.0,0.0,0.0,0.0,0.0,0.0,0.0,0.0,0.00083318,0.0,0.0,0.013187391,0.0,0.0,0.0,0.0,0.0,0.0,0.0,0.0,0.0,0.0,0.046028576,0.0,0.0,0.0,0.0,0.0,0.0,0.0,0.0,0.0,0.0,0.0,0.0,0.0,0.0,0.0,0.0,0.0,0.0,0.0,0.0,0.00325866,0.0,0.004073325,0.000610999,0.0,0.0,0.0,0.0,0.00380177,0.0,0.0,0.0,0.0,0.0,0.0,0.0,0.0,0.0,0.0,0.0,0.0,0.0,0.0,0.0,0.0,0.0,0.0,0.0,0.0,0.0,0.0,0.0,0.0,0.0,0.0,0.0,0.008961316,0.0,0.0,0.0,0.0,0.0,0.0,0.0,0.0,0.0,0.0,0.0,0.0,0.0,0.0,0.0,0.313646047,0.0
ERR1513704,0.0,0.0,0.0,0.0,0.0,0.0,0.0,0.0,0.0,0.0,0.0,0.0,0.0,0.0,0.0,0.0,0.0,0.0,0.0,0.043804813,0.0,0.0,0.0,0.0,0.0,0.0,0.0,0.0,0.0,0.0,0.0,0.0,0.0,0.0,0.0,0.0,0.0,0.0,0.041136244,0.0,0.0,0.018730334,0.0,0.12990393,0.0,0.0,0.0,0.201602843,0.0,0.0,0.014943987,0.022959764,0.0,0.0,0.0,0.0,0.0,0.0,0.0,0.0,0.0,0.0,0.0,0.0,0.0,0.0,0.0,0.0,0.0,0.0,0.0,0.0,0.0,0.0,0.0,0.0,0.0,0.0,0.0,0.0,0.0,0.0,0.0,0.0,0.0,0.0,0.0,0.0,0.0,0.0,0.0,0.0,0.0,0.0,0.0,0.0,0.0,0.0,0.0,0.0,0.0,0.0,0.0,0.0,0.0,0.0,0.0,0.0,0.016313517,0.0,0.0,0.0,0.0,0.0,0.0,0.0,0.0,0.014299502,0.0,0.0,0.0,0.0,0.0,0.0,0.0,0.0,0.0,0.0,0.0,0.001812613,0.0,0.001057358,0.0,0.0,0.0,0.0,0.0,0.000447559,0.0,0.0,0.0,0.0,0.0,0.0,0.0,0.0,0.001007007,0.0,0.000725045,0.0,0.00704905,0.0,0.0,0.0,0.003746067,0.0,0.0,0.0,0.0,0.0,0.0,0.009012714,0.303713373,0.006444846,0.0,0.0,0.001057358,0.0,0.0,0.0,0.0,0.0,0.0,0.0,0.0,0.0,0.0,0.0,0.0,0.0,0.0,0.0,0.008282634,0.002752486,0.001208409,0.0,0.0,0.0,0.0,0.0,0.0,0.0,0.0,0.0,0.0,0.0,0.0,0.0,0.032324931,0.0,0.0,0.0,0.0,0.029807413,0.008861663,0.0,0.0,0.0,0.0,0.0,0.0,0.0,0.0,0.0,0.0,0.0,0.0,0.0,0.0,0.0,0.0,0.0,0.000654555,0.0,0.0,0.0,0.0,0.0,0.0,0.0,0.0,0.0,0.0,0.0,0.0,0.0,0.0,0.0,0.0,0.0,0.0,0.0,0.0,0.0,0.0,0.0,0.0,0.0,0.0,0.0,0.0,0.0,0.0,0.0,0.0,0.0,0.0,0.0,0.0,0.064649863,0.0,0.0,0.0,0.0,0.0,0.0,0.0,0.0,0.0,0.0,0.0,0.0,0.0
ERR1513707,0.0,0.0,0.0,0.0,0.0,0.0,0.0,0.0,0.0,0.0,0.0,0.0,0.0,0.0,0.0,0.0,0.0,0.0,0.0,0.006321847,0.0,0.0,0.0,0.0,0.0,0.0,0.0,0.0,0.0,0.0,0.0,0.0,0.0,0.0,0.0,0.0,0.0,0.0,0.09102289,0.0,0.0,0.05092599,0.0,0.0,0.0,0.0,0.0,0.034594552,0.0,0.0,0.004144322,0.035472586,0.0,0.0,0.0,0.0,0.0,0.0,0.0,0.0,0.0,0.0,0.005970633,0.0,0.0,0.0,0.000395115,0.001264369,0.0,0.017794829,0.0,0.0,0.0,0.0,0.0,0.0,0.0,0.0,0.0,0.0,0.0,0.0,0.0,0.0,0.0,0.0,0.0,0.0,0.0,0.0,0.000702427,0.0,0.0,0.0,0.0,0.0,0.0,0.0,0.0,0.0,0.0,0.0,0.0,0.0,0.0,0.0,0.0,0.0,0.0,0.0,0.0,0.0,0.0,0.0,0.0,0.0,0.0,0.0,0.0,0.0,0.0,0.0,0.0,0.0,0.0,0.0,0.0,0.0,0.0,0.0,0.0,0.00067316,0.0,0.0,0.0,0.0,0.0,0.002263377,0.013521728,0.0,0.0,0.0,0.0,0.0,0.0,0.0,0.0,0.0,0.0,0.0,0.016155831,0.0,0.0,0.0,0.0,0.0,0.0,0.0,0.0,0.0,0.0,0.0,0.0,0.0,0.0,0.0,0.0,0.0,0.0,0.0,0.0,0.0,0.0,0.0,0.0,0.0,0.0,0.0,0.0,0.0,0.0,0.0,0.0,0.0,7.98e-05,0.0,0.0,0.0,0.0,0.0,0.0,0.0,0.0,0.0,0.006980373,0.0,0.0,0.0,0.0,0.0,0.0,0.0,0.0,0.0,0.0,0.0,0.0,0.0,0.0,0.0,0.0,0.0,0.0,0.0,0.0,0.0,0.0,0.0,0.0,0.0,0.0,0.0,0.0,0.0,0.0,0.00093657,0.0,0.001521926,0.005268206,0.0,0.0,0.0,0.0,0.0,0.0,0.0,0.0,0.0,0.0,0.0,0.0,0.0,0.0,0.0,0.0,0.0,0.0,0.0,0.0,0.0,0.0,0.0,0.0,0.0,0.0,0.0,0.0,0.0,0.0,0.0,0.0,0.0,0.0,0.0,0.0,0.0,0.0,0.0,0.0,0.0,0.0,0.0,0.0
ERR1513712,0.0,0.0,0.0,0.0,0.0,0.0,0.0,0.0,0.0,0.0,0.0,0.0,0.0,0.0,0.0,0.0,0.0,0.0,0.0,0.040342808,0.0,0.0,0.0,0.0,0.0,0.0,0.0,0.0,0.0,0.0,0.0,0.0,0.0,0.0,0.0,0.0,0.0,0.0,0.004898133,0.0,0.0,0.045419055,0.0,0.0,0.0,0.0,0.0,0.013625717,0.0,0.0,0.0,0.032416738,0.017098938,0.0,0.0,0.195569109,0.0,0.0,0.0,0.058777601,0.0,0.0,0.036869586,0.0,0.0,0.0,0.001335855,0.002137367,0.0,0.0,0.0,0.0,0.0,0.0,0.0,0.0,0.0,0.0,0.0,0.0,0.0,0.0,0.0,0.0,0.0,0.0,0.0,0.0,0.0,0.0,0.0,0.0,0.0,0.0,0.0,0.0,0.0,0.0,0.0,0.0,0.0,0.0,0.0,0.0,0.0,0.0,0.0,0.0,0.0,0.0,0.0,0.0,0.0,0.0,0.0,0.0,0.0,0.0,0.0,0.0,0.0,0.0,0.0,0.0,0.0,0.0,0.0,0.0,0.0,0.002671709,0.0,0.004096621,0.0,0.0,0.0,0.0,0.0,0.0,0.0,0.0,0.035800902,0.0,0.0,0.0,0.0,0.019159971,0.004274735,0.0,0.0,0.0,0.009618153,0.0,0.0,0.0,0.011434915,0.0,0.0,0.0,0.0,0.0,0.0,0.004274735,0.187553982,0.005343418,0.0,0.0,0.001736611,0.0,0.0,0.0,0.0,0.0,0.0,0.0,0.0,0.0,0.0,0.0,0.0,0.0,0.00089057,0.0,0.018635171,0.019058192,0.003594663,0.0,0.0,0.008482677,0.0,0.0,0.002671709,0.0,0.0,0.0,0.0,0.0,0.0,0.0,0.0,0.0,0.0,0.0,0.0,0.0,0.0,0.0,0.0,0.0,0.0,0.0,0.0,0.0,0.0,0.0,0.0,0.0,0.0,0.0,0.0,0.0,0.0,0.0,0.0,0.0,0.0,0.020839331,0.0,0.0,0.0,0.0,0.0,0.0,0.0,0.0,0.0,0.001068684,0.0,0.0,0.0,0.018701964,0.0,0.0,0.0,0.0,0.0,0.0,0.0,0.0,0.0,0.0,0.0,0.0,0.0,0.0,0.0,0.002671709,0.0,0.0,0.0,0.0,0.0,0.0,0.0,0.0,0.0,0.0,0.0,0.0,0.0,0.0,0.0,0.101524947,0.0
ERR1513715,0.0,0.0,0.0,0.0,0.0,0.0,0.000309567,0.0,0.0,0.0,0.0,0.0,0.0,0.0,0.0,0.0,0.0,0.0,0.0,0.001459388,0.0,0.0,0.0,0.0,0.0,0.0,0.0,0.0,0.0,0.0,0.0,0.0,0.0,0.0,0.0,0.0,0.0,0.0,0.019303718,0.0,0.0,0.203518238,0.0,0.0,0.0,0.0,0.0,0.0,0.0,0.0,0.0,0.061648071,0.0,0.0,0.0,0.105925007,0.0,0.0,0.0,0.0,0.0,0.0,0.027861037,0.0,0.0,0.0,0.0,0.002069677,0.0,0.0,0.0,0.0,0.0,0.0,0.0,0.0,0.0,0.0,0.0,0.0,0.0,0.0,0.0,0.0,0.0,0.0,0.0,0.0,0.0,0.0,0.0,0.0,0.0,0.0,0.0,0.0,0.0,0.0,0.0,0.0,0.0,0.0,0.0,0.0,0.0,0.0,0.0,0.0,0.008225639,0.0,0.0,0.0,0.0,0.0,0.0,0.0,0.0,0.0,0.0,0.0,0.0,0.0,0.0,0.0,0.0,0.0,0.0,0.0,0.0,0.0,0.0,0.009928258,0.0,0.0,0.0,0.0,0.0,0.0,0.0,0.0,0.032902557,0.0,0.0,0.0,0.0,0.004321304,0.007694953,0.0,0.00196354,0.0,0.0,0.0,0.0,0.0,0.014912288,0.0,0.0,0.0,0.0,0.0,0.0,0.002653432,0.12497665,0.028922409,0.0,0.0,0.014262197,0.001238268,0.0,0.0,0.0,0.0,0.0,0.0,0.0,0.0,0.0,0.0,0.0,0.0,0.0,0.0,0.018574024,0.0,8.44e-05,0.0,0.0,0.002985111,0.0,0.0,0.012205787,0.0,0.0,0.0,0.0,0.0,0.0,0.0,0.031575841,0.0,0.0,0.0,0.0,0.000663358,0.0,0.0,0.0,0.0,0.0,0.0,0.0,0.0,0.0,0.0,0.0,0.0,0.0,0.0,0.0,0.0,0.0,0.0,0.001061373,0.0,0.0,0.0,0.0,0.000442239,0.0,0.0,0.0,0.0,0.003714805,0.0,0.0,0.0,0.0,0.0,0.0,0.0,0.0,0.0,0.0,0.0,0.0,0.0,0.0,0.0,0.0,0.0,0.0,0.0,0.0,0.0,0.0,0.0,0.0,0.057048789,0.0,0.00079603,0.0,0.0,0.04218957,0.0,0.0,0.0,0.0,0.0,0.0,0.0,0.0,0.0,0.0
ERR1513716,0.0,0.0,0.0,0.0,0.0,0.0,0.000180917,0.0,0.0,0.0,0.0,0.0,0.0,0.0,0.0,0.0,0.0,0.0,0.0,0.060245386,0.0,0.0,0.0,0.0,0.0,0.0,0.0,0.0,0.0,0.0,0.0,0.0,0.0,0.0,0.0,0.0,0.0,0.0,0.065989503,0.0,0.0,0.051018615,0.0,0.0,0.0,0.0,0.0,0.147899708,0.0,0.0,0.022795551,0.034193327,0.0,0.0,0.00063321,0.0,0.0,0.0,0.0,0.0,0.0,0.0,0.101494479,0.0,0.0,0.0,0.010583649,0.002713756,0.0,0.074176001,0.0,0.0,0.0,0.0,0.0,0.0,0.0,0.0,0.0,0.0,0.0,0.0,0.0,0.0,0.0,0.0,0.0,0.0,0.0,0.0,0.0,0.0,0.0,0.0,0.0,0.0,0.0,0.0,0.0,0.0,0.0,0.0,0.0,0.0,0.0,0.0,0.0,0.0,0.007869893,0.0,0.0,0.0,0.0,0.0,0.0,0.0,0.0,0.0,0.0,0.0,0.0,0.0,0.0,0.0,0.0,0.0,0.0,0.0,0.0,0.0,0.0,0.003889717,0.0,0.0,0.0,0.0,0.0,0.0,0.0,0.0,0.049390361,0.0,0.0,0.0,0.0,0.003411579,0.008141268,0.0,0.000976952,0.0,0.006513015,0.0,0.0,0.0,0.033433475,0.0,0.0,0.0,0.0,0.0,0.0,0.022931239,0.089011201,0.032565073,0.0,0.0,0.019674732,0.0,0.0,0.0,0.0,0.0,0.0,0.0,0.0,0.0,0.001356878,0.0,0.0,0.0,0.0,0.0,0.030665444,0.0,0.002713756,0.0,0.0,0.012890342,0.0,0.0,0.0,0.0,0.0,0.0,0.0,0.0,0.0,0.0,0.028765815,0.0,0.0,0.0,0.0,0.0,0.0,0.0,0.000542751,0.0,0.0,0.0,0.0,0.0,0.0,0.0,0.0,0.0,0.0,0.0,0.0,0.0,0.0,0.0,0.0,0.0,0.0,0.026775727,0.0,0.0,0.0,0.0,0.0,0.0,0.0,0.0,0.0,0.0,0.0,0.0,0.0,0.0,0.0,0.0,0.0,0.0,0.0,0.0,0.0,0.0,0.0,0.0,0.0,0.0,0.0,0.0,0.0,0.0,0.0,0.0,0.0,0.0,0.0,0.0,0.0,0.0,0.0,0.0,0.0,0.0,0.0,0.0,0.0,0.001899629,0.0
ERR1513722,0.0,0.0,0.0,0.0,0.0,0.0,0.0,0.0,0.0,0.0,0.0,0.0,0.0,0.0,0.0,0.0,0.0,0.002545627,0.0,0.001343525,0.0,0.0,0.0,0.0,0.0,0.0,0.0,0.0,0.000141424,0.0,0.0,0.0,0.000565695,0.0,0.0,0.0,0.0,0.0,0.000966395,0.0,0.0,0.881069619,0.0,0.0,0.0,0.0,0.0,0.002545627,0.0,0.0,0.005572094,0.003535592,0.0,0.0,0.002474915,0.0,0.0,0.0,0.0,0.004242711,0.0,0.0,0.0,0.0,0.0,0.0,0.000388915,8.49e-05,0.0,0.0,0.0,0.0,0.0,0.0,0.0,0.0,0.0,0.0,0.0,0.0,0.0,0.0,0.0,0.0,0.0,0.0,0.0,0.0,0.0,0.0,0.0,0.0,0.0,0.0,0.0,0.0,0.0,0.0,0.0,0.0,0.0,0.0,0.0,0.0,0.0,0.000282847,0.0,0.0,0.002969898,0.0,0.00763688,0.016970843,0.0,0.0,0.0,0.0,0.0,0.0,0.0,0.0,0.0,0.0,0.0,0.0,0.0,0.0,7.07e-05,0.0,0.0,0.0,0.0,8.25e-05,0.0,0.0,0.0,0.0,0.0,0.003347027,0.0,0.0,0.0,0.0,0.000471412,0.0,0.0,0.000606102,0.0,0.0,0.000339417,0.0,0.002262779,0.0,0.0,0.0,0.0,0.0,0.0,0.0,0.0,0.0,0.0,0.000601051,0.0,0.0,0.0,0.0,0.000565695,0.000801401,0.029557552,0.0,0.0,0.0,0.0,0.0,0.0,0.0,0.003252745,0.0,0.0,0.0,0.0,0.0,0.0,0.0,0.00054641,0.0,0.0,0.002174389,0.0,0.0,0.0,0.0,0.0,0.0,0.001926898,0.0,0.0,0.0,0.000707118,0.0,0.0,0.0,0.0,0.0,0.0,0.0,0.000282847,0.000219992,0.0,0.0,0.00012571,0.0,0.000388915,0.0,0.002545627,0.0,0.0,0.0,0.0,0.000424271,9.43e-05,0.0,0.0,0.0,0.0,0.000518554,0.0,0.000471412,0.0,0.0,0.0,0.0,0.0,0.0,0.0,0.0,0.0,0.0,0.0,0.0,0.0,0.0,0.0,0.0,0.0,0.0,0.0,0.0,0.0,0.0,0.0,0.0,0.0,0.0,0.0,0.0,0.0,0.0,0.0,0.0,0.0,0.0,0.0,0.0,0.0,0.0,0.0,0.0,0.0,0.000989966,0.0,0.010889625,0.0
ERR1513727,0.0,0.0,0.0,0.0,0.0,0.0,0.0,0.0,0.0,0.0,0.0,0.0,0.0,0.0,0.0,0.0,0.0,0.0,0.0,0.010103621,0.0,0.0,0.0,0.0,0.0,0.0,0.0,0.0,0.0,0.0,0.0,0.0,0.0,0.0,0.0,0.0,0.0,0.0,0.0020012,0.0,0.0,0.034703741,0.0,0.064062813,0.003367874,0.0,0.0,0.079950391,0.0,0.0,0.0,0.0,0.002977396,0.0,0.0,0.0,0.0,0.0,0.0,0.0,0.0,0.0,0.0,0.0,0.0,0.0,0.0,0.001991438,0.0,0.0,0.0,0.0,0.0,0.0,0.0,0.0,0.0,0.0,0.0,0.0,0.0,0.0,0.0,0.0,0.0,0.0,0.0,0.0,0.0,0.0,0.0,0.0,0.0,0.0,0.0,0.0,0.0,0.0,0.0,0.0,0.0,0.0,0.0,0.0,0.0,0.0,0.0,0.0,0.000805361,0.0,0.0,0.0,0.0,0.0,0.0,0.0,0.0,0.0,0.0,0.0,0.0,0.0,0.0,0.0,0.0,0.0,0.0,0.0,0.0,0.0,0.0,0.005832767,0.0,0.0,0.0,0.0,0.0,0.000178969,0.000878576,0.0,0.01435007,0.0,0.0,0.0,0.0,0.004936759,0.0,0.0,0.001376435,0.0,0.074825366,0.0,0.0,0.0,0.004392879,0.0,0.0,0.0,0.0,0.0,0.0,0.002123225,0.561409886,0.007175035,0.0,0.0,0.0,0.00095179,0.005710742,0.0,0.0,0.0,0.0,0.0,0.0,0.0,0.001025005,0.0,0.0,0.0,0.0,0.0,0.026284057,0.0,0.000865264,0.0,0.0,0.000878576,0.0,0.032214443,0.0,0.0,0.0,0.0,0.0,0.0,0.0,0.0,0.0,0.0,0.0,0.0,0.0,0.0,0.0,0.0,0.0,0.0,0.0,0.0,0.0,0.0,0.0,0.0,0.0,0.0,0.0,0.0,0.0,0.001171434,0.0,0.0,7.32e-05,0.0,0.0,0.0,0.0,0.0,0.0,0.0,0.0,0.0,0.0,0.0,0.0,0.0,0.0,0.0,0.0,0.0,0.0,0.0,0.0,0.0,0.0,0.0,0.0,0.0,0.0,0.0,0.0,0.0,0.0,0.0,0.0,0.0,0.0,0.0,0.0,0.0,0.0,0.0,0.0,0.0,0.0,0.0,0.0,0.0,0.0,0.0,0.0,0.031775155,0.0
ERR1513728,0.0,0.0,0.0,0.0,0.0,0.0,0.000451618,0.0,0.0,0.0,0.0,0.0,0.0,0.0,0.0,0.0,0.0,0.0,0.0,0.0,0.0,0.0,0.0,0.0,0.0,0.0,0.0,0.0,0.0,0.0,0.0,0.0,0.001445177,0.0,0.0,0.0,0.0,0.0,0.011907656,0.0,0.0,0.406456013,0.0,0.0,0.0,0.0,0.0,0.228608926,0.0,0.0,0.0,0.051062918,0.007828042,0.0,0.0,0.0,0.0,0.0,0.0,0.0,0.0,0.0,0.0,0.0,0.0,0.0,0.0,0.001517436,0.0,0.0,0.0,0.0,0.0,0.0,0.0,0.0,0.0,0.0,0.0,0.0,0.0,0.0,0.0,0.0,0.0,0.0,0.0,0.0,0.0,0.0,0.0,0.0,0.0,0.0,0.0,0.0,0.0,0.0,0.0,0.0,0.0,0.0,0.0,0.0,0.0,0.0,0.0,0.0,0.001716148,0.0,0.0,0.0,0.0,0.0,0.0,0.0,0.0,0.0,0.0,0.0,0.0,0.0,0.0,0.0,0.0,0.0,0.0,0.0,0.0,0.008038797,0.0,0.008610846,0.0,0.0,0.0,0.0,0.0,0.006663871,0.003612942,0.0,0.00812912,0.0,0.004696825,0.000812912,0.0,0.006245229,0.002709707,0.0,0.000541941,0.0,0.026735773,0.0,0.0,0.0,0.000325165,0.0,0.0,0.0,0.0,0.0,0.0,0.002438736,0.178479352,0.0,0.0,0.0,0.000406456,0.005238766,0.014993711,0.0,0.0,0.0,0.0,0.0,0.0,0.0,0.0,0.0,0.0,0.0,0.000120431,0.0,0.0,0.00042151,0.000911447,0.0,0.0,0.00126453,0.0,0.0,0.0,0.0,0.0,0.0,0.0,0.0,0.0,0.0,0.0,0.0,0.0,0.0,0.0,0.0,0.0,0.0,0.0,0.0,0.0,0.0,0.0,0.0,0.0,0.0,0.0,0.0,0.0,0.0,0.0,0.0,0.000240863,0.00126453,0.000225809,0.0,0.0,0.0,0.0,0.000722588,0.0,0.0,0.0,0.0,0.0,0.0,0.0,0.0,0.0,0.0,0.0,0.0,0.0,0.0,0.0,0.0,0.0,0.0,0.0,0.0,0.0,0.0,0.0,0.0,0.0,0.0,0.0,0.0,0.0,0.0,0.0,0.0,0.0,0.0,0.0,0.0,0.0,0.0,0.0,0.0,0.0,0.0,0.0,0.0,0.0
ERR1513729,0.0,0.0,0.0,0.0,0.0,0.0,0.0,0.0,0.0,0.0,0.0,0.0,0.0,0.0,0.0,0.0,0.0,0.0,0.0,0.009347763,0.0,0.0,0.0,0.0,0.0,0.0,0.001384854,0.0,0.0,0.0,0.0,0.0,0.0,0.0,0.0,0.0,0.0,0.0,0.004414222,0.0,0.0,0.269527175,0.0,0.0,0.0,0.0,0.0,0.051153038,0.0,0.0,0.0,0.006231842,0.091573459,0.0,0.0,0.0,0.0,0.0,0.0,0.037910373,0.0,0.0,0.011944364,0.0,0.0,0.0,0.000584235,0.003531377,0.0,0.0,0.0,0.0,0.0,0.0,0.0,0.0,0.0,0.0,0.0,0.0,0.0,0.0,0.0,0.0,0.0,0.0,0.0,0.0,0.0,0.0,0.0,0.0,0.0,0.0,0.0,0.0,0.0,0.0,0.0,0.0,0.0,0.0,0.0,0.0,0.0,0.0,0.0,0.0,0.011944364,0.0,0.0,0.0,0.0,0.0,0.0,0.0,0.0,0.0,0.0,0.0,0.0,0.0,0.0,0.0,0.0,0.0,0.0,0.0,0.0,0.0,0.0,0.001211747,0.0,0.006578056,0.0,0.0,0.0,0.002712005,0.0,0.0,0.0,0.0,0.0,0.0,0.0,0.008383312,0.0,0.0,0.001350232,0.0,0.0,0.0,0.0,0.0,0.000727048,0.0,0.0,0.0,0.0,0.0,0.0,0.001557961,0.014021645,0.0,0.0,0.0,0.0,0.00077898,0.404550423,0.0,0.0,0.0,0.0,0.0,0.0,0.0,0.002856261,0.0,0.0,0.0,0.000692427,0.0,0.0,0.0,0.000660953,0.0,0.0,0.004608967,0.0,0.005885629,0.0,0.0,0.0,0.0,0.0,0.0,0.0,0.0,0.014540965,0.0,0.0,0.0,0.0,0.0,0.0,0.0,0.001817621,0.0,0.0,0.0,0.000403916,0.0,0.0,0.0,0.0,0.0,0.0,0.0,0.0,0.0,0.0,0.0,0.00064915,0.0,0.0,0.0,0.0,0.010386404,0.0,0.0,0.0,0.0,0.0,0.0,0.0,0.0,0.0,0.0,0.0,0.0,0.0,0.0,0.0,0.0,0.0,0.0,0.0,0.0,0.0,0.0,0.0,0.00103864,0.002596601,0.0,0.0,0.0,0.0,0.0,0.0,0.0,0.0,0.0,0.0,0.0,0.0,0.0,0.0,0.0,0.0,0.0,0.0,0.0,0.0
ERR1513731,0.0,0.0,0.0,0.0,0.0,0.0,0.0,0.0,0.0,0.0,0.0,0.0,0.0,0.0,0.0,0.0,0.0,0.0,0.0,0.012797239,0.0,0.0,0.0,0.0,0.0,0.0,0.0,0.0,0.0,0.0,0.0,0.0,0.005484531,0.0,0.0,0.0,0.0,0.0,0.054464438,0.0,0.0,0.0,0.0,0.0,0.0,0.0,0.0,0.10146382,0.0,0.0,0.077331884,0.556070484,0.0,0.0,0.0,0.0,0.0,0.0,0.0,0.0,0.0,0.0,0.0,0.0,0.0,0.0,0.0,0.0,0.0,0.0,0.0,0.0,0.0,0.0,0.0,0.0,0.0,0.0,0.0,0.0,0.0,0.0,0.0,0.0,0.0,0.0,0.0,0.0,0.0,0.0,0.0,0.0,0.0,0.0,0.0,0.0,0.0,0.0,0.0,0.0,0.0,0.012797239,0.0,0.0,0.0,0.0,0.0,0.0,0.0,0.0,0.0,0.0,0.0,0.0,0.0,0.0,0.0,0.0,0.0,0.0,0.0,0.0,0.0,0.0,0.0,0.0,0.0,0.0,0.0,0.0,0.0,0.017977073,0.0,0.005179835,0.0,0.0,0.0,0.009140885,0.003656354,0.0,0.0,0.0,0.00396105,0.0,0.0,0.032907185,0.0,0.0,0.0,0.0,0.0,0.0,0.0,0.0,0.0,0.0,0.0,0.0,0.0,0.0,0.0,0.0,0.095065201,0.0,0.0,0.0,0.0,0.002437569,0.0,0.0,0.0,0.0,0.0,0.0,0.0,0.0,0.0,0.0,0.0,0.0,0.0,0.0,0.0,0.0,0.0,0.0,0.0,0.0,0.0,0.0,0.0,0.0,0.0,0.0,0.0,0.0,0.0,0.0,0.0,0.0,0.0,0.0,0.0,0.0,0.0,0.0,0.0,0.0,0.0,0.0,0.000203131,0.0,0.0,0.0,0.0,0.0,0.0,0.0,0.0,0.0,0.000914088,0.0,0.0,0.0,0.0,0.0,0.0,0.000914088,0.0,0.0,0.0,0.0,0.0,0.0,0.0,0.0,0.0,0.0,0.0,0.0,0.0,0.0,0.0,0.0,0.0,0.0,0.0,0.0,0.0,0.0,0.0,0.0,0.0,0.0,0.0,0.0,0.0,0.0,0.0,0.0,0.0,0.0,0.0,0.0,0.0,0.0,0.0,0.0,0.0,0.0,0.0,0.0,0.0
ERR1513739,0.0,0.0,0.0,0.0,0.0,0.0,0.0,0.0,0.0,0.0,0.0,0.0,0.0,0.0,0.0,0.0,0.0,0.0,0.0,0.029554315,0.0,0.0,0.0,0.0,0.0,0.0,0.0,0.0,0.0,0.0,0.0,0.0,0.0,0.0,0.0,0.0,0.0,0.0,0.0,0.0,0.0,0.0,0.0,0.0,0.0,0.0,0.0,0.0,0.0,0.0,0.0,0.0,0.0,0.0,0.0,0.0,0.0,0.0,0.0,0.0,0.0,0.0,0.0,0.0,0.0,0.0,0.0,0.0,0.0,0.0,0.0,0.0,0.0,0.0,0.0,0.0,0.0,0.0,0.0,0.0,0.0,0.0,0.0,0.0,0.0,0.0,0.0,0.0,0.0,0.0,0.001171522,0.0,0.0,0.0,0.0,0.0,0.0,0.0,0.0,0.0,0.0,0.0,0.0,0.0,0.0,0.0,0.0,0.0,0.001917037,0.0,0.0,0.0,0.0,0.0,0.0,0.0,0.0,0.0,0.0,0.0,0.0,0.0,0.0,0.0,0.0,0.0,0.0,0.0,0.0,0.0,0.0,0.06142505,0.0,0.0,0.0,0.0,0.0,0.001739533,0.0,0.0,0.119175779,0.0,0.0,0.0,0.0,0.0433159,0.0,0.0,0.005623308,0.0,0.118536767,0.0,0.0,0.0,0.000639012,0.0,0.0,0.0,0.0,0.0,0.0,0.0,0.286596982,0.009904689,0.0,0.0,0.035225549,0.0,0.003834073,0.0,0.0,0.0,0.0,0.0,0.0,0.0,0.0,0.0,0.0,0.0,0.0,0.0,0.034187154,0.000852016,0.000363075,0.0,0.0,0.0,0.0,0.018637856,0.0,0.0,0.0,0.0,0.0,0.0,0.0,0.0,0.037541968,0.0,0.0,0.0,0.0,0.000319506,0.0,0.0,0.000319506,0.0,0.0,0.0,0.0,0.0,0.0,0.0,0.0,0.0,0.0,0.0,0.0,0.002556049,0.0,0.0,0.0,0.0,0.0,0.0,0.0,0.000319506,0.0,0.0,0.0,0.0,0.0,0.0,0.0,0.0,0.0,0.0,0.0,0.0,0.0,0.0,0.0,0.0,0.0,0.0,0.0,0.0,0.0,0.0,0.0,0.0,0.0,0.0,0.0,0.0,0.0,0.0,0.0,0.0,0.0,0.0,0.0,0.0,0.0,0.0,0.0,0.0,0.0,0.0,0.0,0.0,0.0
ERR1513742,0.0,0.0,0.0,0.0,0.0,0.0,0.0,0.0,0.0,0.0,0.0,0.0,0.0,0.0,0.0,0.0,0.0,0.0,0.0,0.024424559,0.0,0.0,0.0,0.0,0.0,0.0,0.0,0.0,0.0,0.0,0.0,0.0,0.0,0.0,0.0,0.0,0.0,0.0,0.004167683,0.0,0.0,0.223310253,0.0,0.0,0.091882864,0.0,0.0,0.081415196,0.0,0.0,0.031635619,0.011630742,0.0,0.0,0.0,0.041870672,0.0,0.0,0.0,0.105839755,0.0,0.0,0.104676681,0.0,0.0,0.0,0.0,0.002558763,0.0,0.0,0.0,0.0,0.0,0.0,0.0,0.0,0.0,0.0,0.0,0.0,0.0,0.0,0.0,0.0,0.0,0.0,0.0,0.0,0.0,0.0,0.0,0.0,0.0,0.0,0.0,0.0,0.0,0.0,0.0,0.0,0.0,0.0,0.0,0.0,0.0,0.0,0.0,0.0,0.050593729,0.0,0.0,0.0,0.0,0.0,0.0,0.0,0.0,0.0,0.0,0.0,0.0,0.0,0.0,0.0,0.0,0.0,0.0,0.0,0.0,0.0,0.0,0.002616917,0.0,0.0,0.0,0.0,0.0,0.002326148,0.0,0.0,0.010467668,0.0,0.0,0.0,0.0,0.000830767,0.0,0.0,0.002791378,0.0,0.016283039,0.0,0.0,0.0,0.004884912,0.0,0.0,0.0,0.0,0.0,0.0,0.0,0.00814152,0.009304594,0.0,0.0,0.003198454,0.0,0.02209841,0.0,0.0,0.0,0.0,0.0,0.0,0.0,0.0,0.0,0.0,0.0,0.0,0.0,0.004797681,0.0,0.000740138,0.0,0.0,0.0,0.0,0.0,0.0,0.0,0.0,0.0,0.038672218,0.0,0.0,0.0,0.0,0.0,0.0,0.0,0.0,0.0,0.0,0.0,0.0,0.0,0.0,0.0,0.0,0.0,0.0,0.0,0.0,0.0,0.017446114,0.0,0.0,0.0,0.0,0.0,0.000872306,0.0,0.0,0.00271384,0.0,0.0,0.0,0.0,0.0,0.0,0.0,0.0,0.0,0.0,0.0,0.0,0.0,0.0,0.0,0.0,0.0,0.001938457,0.0,0.0,0.0,0.0,0.0,0.0,0.0,0.0,0.0,0.0,0.0,0.0,0.0,0.0,0.0,0.0,0.0,0.0,0.0,0.0,0.0,0.0,0.0,0.0,0.0,0.0,0.0,0.0,0.0
ERR1513754,0.0,0.0,0.0,0.0,0.0,0.0,0.0,0.0,0.0,0.002761319,0.0,0.0,0.0,0.0,0.0,0.0,0.0,0.0,0.0,0.00138066,0.0,0.0,0.0,0.0,0.0,0.0,0.0,0.0,0.0,0.0,0.0,0.0,0.0,0.0,0.0,0.0,0.0,0.0,0.003428638,0.0,0.0,0.081735048,0.0,0.0,0.00579877,0.0,0.0,0.123983232,0.0,0.0,0.0,0.0,0.0,0.0,0.0,0.0,0.0,0.0,0.0,0.004970375,0.0,0.0,0.041419788,0.0,0.0,0.0,0.0,0.001767244,0.0,0.0,0.0,0.0,0.0,0.0,0.0,0.0,0.0,0.0,0.0,0.0,0.0,0.0,0.0,0.0,0.0,0.0,0.0,0.0,0.0,0.0,0.0,0.0,0.0,0.0,0.0,0.0,0.0,0.0,0.0,0.0,0.0,0.0,0.0,0.0,0.0,0.0,0.0,0.0,0.002623253,0.0,0.0,0.0,0.0,0.0,0.0,0.0,0.0,0.001311627,0.0,0.0,0.0,0.0,0.0,0.0,0.0,0.0,0.0,0.0,0.0,0.0,0.0,0.007731694,0.0,0.0,0.0,0.0,0.0,0.000644308,0.0,0.0,0.00856009,0.0,0.0,0.0,0.0,0.000710054,0.0,0.0,0.001712018,0.0,0.022090554,0.0,0.0,0.0,0.008339184,0.0,0.0,0.0,0.0,0.0,0.0,0.029477082,0.544256014,0.017396311,0.0,0.0,0.000966462,0.0,0.0,0.0,0.002001956,0.0,0.0,0.0,0.0,0.0,0.000414198,0.0,0.0,0.0,0.000414198,0.0,0.049393097,0.00138066,0.000188272,0.0,0.0,0.000241615,0.0,0.012702068,0.0,0.0,0.0,0.0,0.0,0.0,0.0,0.0,0.0,0.0,0.0,0.0,0.0,0.001518726,0.0,0.0,0.0,0.0,0.0,0.0,0.0,0.0,0.0,0.0,0.0,0.0,0.0,0.0,0.0,0.0,0.0,0.0,0.0,0.0,0.0,0.0,0.0,0.0,0.0,0.0,0.0,0.0,0.0,0.0,0.0,0.0,0.0,0.0,0.0,0.0,0.0,0.0,0.0,0.0,0.0,0.0,0.0,0.0,0.0,0.0,0.0,0.0,0.0,0.0,0.0,0.0,0.0,0.0,0.0,0.01435886,0.0,0.0,0.0,0.0,0.0,0.0,0.0,0.0,0.0,0.0,0.0,0.000276132,0.0
ERR1513762,0.0,0.0,0.0,0.0,0.0,0.0,0.0,0.0,0.0,0.0,0.0,0.0,0.0,0.0,0.0,0.0,0.0,0.0,0.0,0.004970515,0.0,0.0,0.0,0.0,0.0,0.0,0.000202878,0.0,0.0,0.0,0.0,0.0,0.0,0.0,0.0,0.0,0.0,0.0,0.032325254,0.0,0.0,0.0,0.0,0.0,0.0,0.0,0.0,0.060051936,0.0,0.0,0.007141311,0.006424475,0.003719433,0.0,0.000101439,0.0,0.0,0.0,0.0,0.0,0.0,0.0,0.002637416,0.0,0.0,0.0,0.002561337,0.0,0.0,0.0,0.0,0.0,0.0,0.0,0.0,0.0,0.0,0.0,0.0,0.0,0.0,0.0,0.0,0.0,0.0,0.0,0.0,0.0,0.0,0.0,0.0,0.0,0.0,0.0,0.0,0.0,0.0,0.0,0.0,0.0,0.000811513,0.0,0.0,0.0,0.0,0.0,0.0,0.0,0.0,0.0,0.0,0.0,0.0,0.0,0.0,0.0,0.0,0.012527727,0.0,0.0,0.0,0.0,0.0,0.0,0.0,0.0,0.0,0.0,0.0,0.001724464,0.0,0.009180237,0.0,0.0,0.0,0.0,0.0,0.0,0.0,0.002637416,0.004260441,0.0,0.0,0.00111583,0.0,0.001304217,0.002637416,0.0,0.00093324,0.0,0.003246051,0.000811513,0.0,0.0,0.008520883,0.0,0.0,0.0,0.0,0.0,0.0,0.004514039,0.508818431,0.001825903,0.0,0.0,0.000557915,0.099714617,0.041184267,0.0,0.0,0.0,0.0,0.0,0.0,0.0,0.0,0.0,0.0,0.0,0.0,0.0,0.001217269,0.0,0.000894508,0.002840294,0.0,0.000405756,0.0,0.034083531,0.082977168,0.0,0.0,0.0,0.0,0.0,0.0,0.0,0.031141798,0.0,0.0,0.0,0.0,0.003956124,0.0,0.0,0.0,0.0,0.0,0.0,0.0,0.0,0.0,0.0,0.0,0.0,0.0,0.0,0.0,0.0,0.0,0.0,0.0,0.0,0.0,0.0,0.0,0.0,0.0,0.0,0.0,0.0,0.0,0.0,0.0,0.0,0.0,0.0,0.0,0.0,0.0,0.0,0.0,0.0,0.0,0.0,0.0,0.0,0.0,0.0,0.0,0.0,0.0,0.0,0.0,0.0,0.0,0.0,0.0,0.002840294,0.0,0.0,0.0,0.0,0.0,0.0,0.0,0.0,0.0,0.0,0.0,0.002738855,0.0
ERR1513764,0.0,0.0,0.0,0.0,0.0,0.0,0.0,0.0,0.0,0.0,0.0,0.0,0.0,0.0,0.0,0.0,0.0,0.0,0.0,0.0,0.0,0.0,0.0,0.0,0.0,0.0,0.0,0.0,0.0,0.0,0.0,0.0,0.0,0.0,0.0,0.0,0.0,0.0,0.104590869,0.0,0.0,0.0,0.0,0.0,0.664335973,0.0,0.0,0.0,0.0,0.0,0.003083416,0.053492594,0.0,0.0,0.001284757,0.0,0.0,0.0,0.0,0.0,0.0,0.0,0.0,0.0,0.0,0.0,0.0,0.0,0.0,0.0,0.0,0.0,0.0,0.0,0.0,0.0,0.0,0.0,0.0,0.0,0.0,0.0,0.0,0.0,0.0,0.0,0.0,0.0,0.0,0.0,0.00443825,0.0,0.0,0.0,0.0,0.0,0.0,0.0,0.0,0.0,0.0,0.0,0.0,0.0,0.0,0.0,0.0,0.0,0.007007763,0.0,0.0,0.0,0.0,0.0,0.0,0.0,0.0,0.0,0.0,0.0,0.0,0.0,0.0,0.0,0.0,0.0,0.0,0.0,0.0,0.0,0.0,0.003211892,0.0,0.0,0.0,0.0,0.0,0.0,0.0,0.0,0.020322514,0.0,0.0,0.0,0.0,0.000400444,0.0,0.0,0.0,0.0,0.0,0.0,0.0,0.0,0.000560621,0.0,0.0,0.0,0.0,0.0,0.0,0.014541109,0.0,0.051156673,0.0,0.0,0.0,0.00058398,0.0,0.0,0.000525582,0.0,0.0,0.0,0.0,0.0,0.0,0.0,0.0,0.0,0.0,0.0,0.0,0.002335921,0.000637069,0.0,0.0,0.0,0.0,0.0,0.0,0.0,0.0,0.0,0.0,0.0,0.0,0.0,0.0,0.0,0.0,0.0,0.0,0.050806285,0.0,0.0,0.0,0.0,0.0,0.0,0.0,0.0,0.0,0.0,0.0,0.0,0.0,0.0,0.0,0.005606211,0.0,0.0,0.0,0.0,0.0,0.0,0.0,0.0,0.0,0.0,0.0,0.0,0.0,0.0,0.0,0.0,0.0,0.0,0.0,0.0,0.0,0.0,0.0,0.0,0.0,0.0,0.0,0.0,0.0,0.0,0.0,0.0,0.0,0.0,0.0,0.0,0.0,0.0,0.0,0.008409316,0.0,0.0,0.0,0.0,0.0,0.0,0.0,0.0,0.0,0.0,0.0,0.0,0.0
ERR1513767,0.0,0.0,0.0,0.0,0.0,0.0,0.001797532,0.0,0.0,0.0,0.0,0.0,0.0,0.0,0.0,0.0,0.0,0.0,0.0,0.015458777,0.0,0.0,0.0,0.0,0.0,0.0,0.0,0.0,0.0,0.0,0.0,0.0,0.0,0.0,0.0,0.0,0.0,0.0,0.038227519,0.0,0.0,0.0,0.0,0.0,0.006471116,0.0,0.0,0.228286597,0.0,0.0,0.007477734,0.009347168,0.0,0.0,0.0,0.000719013,0.0,0.0,0.0,0.025165452,0.0,0.0,0.118637129,0.0,0.0,0.0,0.001078519,0.0,0.0,0.003595065,0.0,0.0,0.0,0.0,0.0,0.0,0.0,0.0,0.0,0.0,0.0,0.0,0.0,0.00503309,0.0,0.0,0.0,0.0,0.0,0.0,0.0,0.0,0.0,0.0,0.0,0.0,0.0,0.0,0.0,0.0,0.0,0.0,0.0,0.0,0.0,0.0,0.0,0.0,0.002876052,0.0,0.0,0.0,0.0,0.0,0.0,0.0,0.0,0.0,0.0,0.0,0.0,0.0,0.0,0.0,0.012942232,0.0,0.0,0.0,0.0,0.0,0.0,0.004074406,0.0,0.0,0.0,0.0,0.0,0.0,0.0,0.0,0.0,0.0,0.0,0.0,0.0,0.002157039,0.0,0.0,0.0,0.0,0.005752103,0.0,0.0,0.0,0.007765339,0.0,0.0,0.0,0.0,0.0,0.0,0.00611161,0.382514864,0.02732249,0.0,0.0,0.0,0.0,0.0,0.0,0.000359506,0.0,0.0,0.0,0.0,0.0,0.0,0.0,0.0,0.0,0.0,0.0,0.005122967,0.009107497,0.000359506,0.0,0.0,0.001078519,0.0,0.007669471,0.0,0.0,0.0,0.0,0.0,0.0,0.0,0.0,0.0,0.0,0.0,0.0,0.0,0.0,0.0,0.0,0.0,0.0,0.0,0.0,0.0,0.0,0.0,0.0,0.0,0.0,0.0,0.0,0.0,0.0,0.0,0.0,0.0,0.0,0.0,0.0,0.0,0.0,0.0,0.0,0.0,0.0,0.0,0.0,0.0,0.0,0.0,0.0,0.0,0.0,0.0,0.0,0.0,0.0,0.0,0.0,0.0,0.0,0.0,0.0,0.0,0.0,0.0,0.0,0.0,0.0,0.0,0.0,0.0,0.0,0.0,0.0,0.0,0.0,0.0,0.0,0.0,0.0,0.0,0.0,0.0,0.040983735,0.0
ERR1513784,0.0,0.0,0.0,0.0,0.0,0.0,0.0,0.0,0.0,0.0,0.0,0.0,0.0,0.0,0.0,0.0,0.0,0.0,0.0,0.000485195,0.0,0.0,0.0,0.0,0.0,0.0,0.000215642,0.0,0.0,0.0,0.0,0.0,0.006792729,0.0,0.0,0.0,0.0,0.0,0.004878905,0.0,0.0,0.0,0.0,0.003072901,0.375217423,0.0,0.0,0.003558096,0.0,0.0,0.0,0.120436167,0.0,0.0,0.0,0.0,0.0,0.0,0.0,0.009380436,0.0,0.0,0.029758623,0.0,0.0,0.0,0.001293853,0.00828066,0.0,0.0,0.0,0.0,0.0,0.0,0.0,0.0,0.0,0.0,0.0,0.0,0.0,0.0,0.0,0.0,0.0,0.0,0.0,0.0,0.0,0.0,0.0,0.0,0.0,0.0,0.0,0.0,0.0,0.0,0.0,0.0,0.0,0.0,0.0,0.0,0.0,0.0,0.0,0.0,0.0,0.0,0.0,0.0,0.0,0.0,0.0,0.0,0.0,0.0,0.0,0.0,0.0,0.0,0.0,0.0,0.0,0.00388156,0.000646927,0.0,0.0,0.002749438,0.0,0.001239943,0.0,0.0,0.0,0.0,0.0,0.000107821,0.0,0.0,0.003234633,0.0,0.00291117,0.0,0.0,0.000785554,0.0,0.0,0.0,0.0,0.0,0.0,0.0,0.0,0.002070165,0.0,0.0,0.0,0.0,0.0,0.0,0.0,0.0,0.00388156,0.0,0.0,0.0,0.00593016,0.028141307,0.0,0.0,0.0,0.0,0.0,0.0,0.0,0.001779048,0.0,0.0,0.0,0.000862569,0.0,0.002425975,0.0,0.0,0.0,0.0,0.034651006,0.0,0.032454151,0.0,0.0,0.0,0.0,0.0,0.0,0.0,0.0,0.0,0.0,0.0,0.0,0.0,0.0,0.0,0.0,0.0,0.0,0.0,0.0,0.0,0.0,0.0,0.0,0.0,0.0,0.0,0.0,0.0,0.0,0.002372064,0.0,0.000727792,0.0,0.0,0.0,0.0,0.0,0.0,0.0,0.0,0.0,0.0,0.0,0.0,0.0,0.0,0.0,0.0,0.0,0.0,0.0,0.0,0.00097039,0.0,0.0,0.0,0.0,0.0,0.0,0.0,0.0,0.0,0.0,0.0,0.003558096,0.0,0.0,0.0,0.0,0.0,0.0,0.0,0.0,0.0,0.0,0.0,0.0,0.0,0.276237655,0.0,0.0,0.0
ERR1513785,0.0,0.002578002,0.0,0.0,0.0,0.0,0.0,0.0,0.0,0.0,0.0,0.0,0.0,0.0,0.0,0.0,0.0,0.0,0.0,0.023202015,0.0,0.0,0.023846515,0.0,0.0,0.0,0.0,0.0,0.0,0.0,0.0,0.0,0.006445004,0.0,0.0,0.0,0.0,0.0,0.017079261,0.0,0.0,0.1566136,0.0,0.096030561,0.0,0.0,0.0,0.04640403,0.0,0.0,0.013276708,0.0,0.0,0.0,0.011063924,0.0,0.0,0.0,0.0,0.007089505,0.0,0.0,0.0,0.0,0.0,0.0,0.001691814,0.010956507,0.0,0.002792835,0.0,0.0,0.0,0.0,0.0,0.0,0.0,0.0,0.0,0.0,0.0,0.0,0.0,0.0,0.0,0.0,0.0,0.0,0.0,0.0,0.0,0.0,0.0,0.0,0.0,0.0,0.0,0.0,0.0,0.0,0.0,0.0,0.0,0.0,0.0,0.0,0.0,0.0,0.0,0.0,0.0,0.0,0.0,0.0,0.0,0.0,0.0,0.0,0.0,0.0,0.0,0.0,0.0,0.0,0.0,0.0,0.00032225,0.0,0.0,0.000966751,0.0,0.005048587,0.0,0.0,0.0,0.0,0.0,0.002434779,0.0,0.0,0.018690512,0.0,0.0,0.0,0.0,0.0,0.020624013,0.0,0.003609202,0.0,0.0,0.0,0.0,0.0,0.001031201,0.0,0.0,0.0,0.0,0.0,0.0,0.005478253,0.010312007,0.005800504,0.0,0.0,0.002255751,0.000751917,0.022557514,0.0,0.0,0.0,0.0,0.0,0.0,0.0,0.004189253,0.0,0.0,0.0,0.002792835,0.0,0.037219899,0.0,0.001640546,0.0,0.0,0.0,0.0,0.072613713,0.0,0.0,0.0,0.0,0.027713518,0.0,0.0,0.0,0.0,0.0,0.0,0.0,0.0,0.0,0.0,0.0,0.002578002,0.000429667,0.0,0.0,0.0,0.0,0.0,0.0,0.0,0.0,0.0,0.0,0.0,0.0,0.0,0.0,0.0,0.0,0.0,0.0,0.0,0.0,0.0,0.0,0.0,0.0,0.0,0.0,0.0,0.0,0.0,0.0,0.0,0.0,0.0,0.0,0.0,0.0,0.0,0.0,0.0,0.0,0.0,0.0,0.0,0.0,0.001289001,0.0,0.0,0.0,0.0,0.0,0.0,0.0,0.0,0.0,0.0,0.0,0.0,0.0,0.0,0.0,0.0,0.003222502,0.0,0.0,0.0
ERR1513790,0.0,0.0,0.0,0.0,0.0,0.0,0.0,0.0,0.0,0.0,0.0,0.0,0.0,0.0,0.0,0.0,0.0,0.0,0.0,0.003874046,0.0,0.0,0.0,0.0,0.0,0.0,0.0,0.0,0.0,0.0,0.0,0.0,0.0,0.0,0.0,0.0,0.0,0.0,0.014016514,0.0,0.020984416,0.072315527,0.0,0.002098442,0.0,0.0,0.0,0.024051369,0.0,0.0,0.006715013,0.00451972,0.0,0.0,0.0,0.001420484,0.0,0.0,0.0,0.0,0.0,0.0,0.0,0.0,0.0,0.0,0.001654541,0.001033079,0.0,0.000968512,0.0,0.0,0.0,0.0,0.0,0.0,0.015496184,0.0,0.0,0.0,0.0,0.0,0.0,0.0,0.0,0.0,0.0,0.0,0.0,0.0,0.0,0.0,0.0,0.0,0.0,0.0,0.0,0.0,0.0,0.0,0.0,0.0,0.0,0.0,0.0,0.0,0.0,0.0,0.0,0.0,0.0,0.0,0.0,0.0,0.0,0.0,0.0,0.006456743,0.0,0.0,0.0,0.0,0.0,0.0,0.0,0.0,0.0,0.0,0.0,0.0,0.0,0.001103027,0.0,0.0,0.0,0.040354647,0.0,0.0,0.0,0.0,0.0,0.0,0.0,0.0,0.0,0.001383588,0.00451972,0.0,0.0,0.0,0.007748092,0.0,0.0,0.0,0.005100827,0.0,0.0,0.0,0.0,0.0,0.0,0.0,0.015173347,0.064244598,0.0,0.0,0.0,0.0,0.007748092,0.0,0.0,0.0,0.0,0.0,0.0,0.0,0.0,0.0,0.0,0.0,0.000322837,0.0,0.0,0.0,0.000528279,0.0,0.0,0.0,0.0,0.007855705,0.0,0.0,0.0,0.0,0.006012842,0.0,0.0,0.0,0.001614186,0.0,0.0,0.0,0.0,0.0,0.0,0.0,0.0,0.0,0.0,0.0,0.0,0.0,0.0,0.0,0.0,0.0,0.0,0.0,0.0,0.0,0.0,0.0,0.0,0.0,0.0,0.011084076,0.0,0.0,0.0,0.0,0.0,0.0,0.0,0.0,0.0,0.0,0.0,0.0,0.0,0.0,0.0,0.0,0.0,0.0,0.0,0.0,0.0,0.0,0.0,0.0,0.0,0.000322837,0.0,0.0,0.0,0.0,0.0,0.0,0.0,0.004196883,0.0,0.0,0.0,0.0,0.0,0.0,0.0,0.0,0.0,0.0,0.0,0.547047591,0.0
ERR1513794,0.0,0.0,0.0,0.0,0.0,0.0,5.99e-05,0.0,0.0,0.0,0.0,0.0,0.0,0.0,0.0,0.0,0.0,0.0,0.0,0.044806533,0.0,0.0,0.0,0.0,0.0,0.0,0.000159738,0.0,0.0,0.0,0.0,0.0,0.0,0.0,0.0,0.0,0.0,0.0,0.014705887,0.0,0.0,0.419671882,0.0,0.024859239,0.0,0.0,0.0,0.0,0.0,0.0,0.042194815,0.008825529,0.0,0.0,0.0,0.0,0.0,0.0,0.0,0.0,0.0,0.0,0.033784605,0.0,0.0,0.0,0.003983468,0.0020127,0.0,0.0,0.0,0.0,0.0,0.0,0.0,0.0,0.0,0.0,0.0,0.0,0.0,0.0,0.0,0.0,0.0,0.0,0.0,0.0,0.0,0.0,0.0,0.0,0.0,0.0,0.0,0.0,0.0,0.0,0.0,0.0,0.0,0.0,0.0,0.0,0.0,0.0,0.0,0.0,0.0,0.0,0.0,0.0,0.0,0.0,0.0,0.0,0.0,0.0,0.0,0.0,0.0,0.0,0.0,0.0,0.0,0.0,5.99e-05,0.0,0.001437643,0.0,0.0,0.0,0.0,0.000878559,0.0,0.0,0.0,0.00194348,0.000299509,0.0,0.0,0.0,0.018329945,0.0,0.0,0.0,0.0,0.0,0.0,0.0,0.0,0.0,0.0,0.0,0.0,0.0,0.0,0.0,0.0,0.0,0.0,0.0,0.0,0.0,0.0,0.0,0.0,0.005890342,0.005510964,0.0,0.0,0.0,0.0,0.0,0.0,0.0,0.00167725,0.0,0.0,0.0,0.000359411,0.0,0.0,0.0,0.000348519,0.0,0.0,0.001063257,0.0,0.011061862,0.0,0.0,0.0,0.0,0.0,0.0,0.0,0.0,0.006888705,0.0,0.0,0.0,0.0,0.0,0.0,0.0,0.0,5.32e-05,0.0,0.0,0.0,0.0,0.0,0.0,0.0,0.0,0.0,0.0,0.0,0.0,0.000638952,0.001078232,0.0,0.0,0.0,0.0,0.0,0.001118167,0.0,0.0,0.0,0.0,0.0,0.0,0.0,0.0,0.0,0.0,0.0,0.0,0.0,0.0,0.0,0.0,0.0,0.0,0.0,0.0,0.0,0.0,0.0,0.0,0.000599018,0.0,0.0,0.0,0.0,0.0,0.0,0.0,0.0,0.0,0.0,0.0,0.0,0.0,0.0,0.0,0.0,0.007308017,0.0,0.324128541,0.0
ERR1513795,0.0,0.0,0.0,0.0,0.0,0.0,0.0,0.0,0.0,0.0,0.0,0.0,0.0,0.0,0.0,0.0,0.0,0.0,0.0,0.001363129,0.0,0.0,0.0,0.0,0.0,0.0,8.65e-05,0.0,0.0,0.0,0.0,0.0,0.0,0.0,0.0,0.0,0.0,0.0,0.000562561,0.0,0.0,0.006231449,0.0,0.002012239,0.004024477,0.0,0.0,0.032260729,0.0,0.0,0.004959195,0.006101627,0.0,0.0,0.0,0.0,0.0,0.0,0.0,0.0,0.0,0.0,0.009217351,0.0,0.0,0.0,0.000275871,0.000337537,0.0,0.0,0.0,0.0,0.0,0.0,0.0,0.0,0.0,0.0,0.0,0.0,0.0,0.0,0.0,0.0,0.0,0.0,0.0,0.0,0.0,0.0,0.0,0.0,0.0,0.0,0.0,0.0,0.0,0.0,0.0,0.0,0.0,0.0,0.0,0.0,0.0,0.0,0.0,0.0,0.0,0.0,0.0,0.0,0.000649109,0.0,0.0,0.0,0.0,0.0,0.0,0.0,0.0,0.0,0.0,0.0,0.0,0.0,0.0,0.0,0.0,0.0,0.0,0.001557862,0.0,0.0,0.0,0.0,0.0,0.0,0.0,0.0,0.000778931,0.0,0.0,0.0,0.0,0.000667655,0.001687684,0.0,0.0,0.0,0.007270023,0.0,0.0,0.0,0.000908753,0.0,0.0,0.0,0.0,0.0,0.0,0.0,0.0,0.0,0.0,0.0,0.0,0.0,0.001947328,0.0,0.0,0.0,0.0,0.0,0.0,0.0,0.000454376,0.0,0.0,0.0,0.000151459,0.0,0.006685825,0.0,0.000312753,0.0,0.0,0.000340782,0.0,0.015318978,0.0,0.0,0.0,0.0,0.0,0.0,0.0,0.0,0.0,0.0,0.0,0.0,0.0,0.000259644,0.0,0.0,0.0,0.0,0.0,0.0,0.0,0.0,0.0,0.0,0.0,0.0,0.0,0.0,0.0,0.0,0.0,0.0,0.0,0.0,0.0,0.0,0.0,0.0,0.0,0.0,0.0,0.0,0.0,0.0,0.0,0.0,0.0,0.0,0.0,0.0,0.0,0.0,0.0,0.0,0.0,0.0,0.0,0.0,0.0,0.0,0.0,0.0,0.0,0.0,0.0,0.0,0.0,0.0,0.0,0.0,0.0,0.0,0.0,0.0,0.0,0.0,0.0,0.0,0.0,0.0,0.0,0.059328584,0.0
ERR1513798,0.0,0.0,0.0,0.0,0.0,0.0,0.0,0.0,0.0,0.0,0.0,0.0,0.0,0.0,0.0,0.0,0.0,0.0,0.0,0.094099878,0.0,0.0,0.0,0.0,0.0,0.000744608,0.000620507,0.0,0.0,0.0,0.0,0.0,0.0,0.0,0.0,0.0,0.0,0.0,0.001768445,0.0,0.0,0.096054475,0.0,0.001489217,0.0,0.0,0.0,0.092331433,0.0,0.0,0.003499659,0.002047673,0.0,0.0,9.31e-05,0.0,0.0,0.0,0.0,0.012658342,0.0,0.0,0.057148689,0.0,0.0,0.0,0.0,0.000260613,0.0,0.0,0.0,0.0,0.0,0.0,0.0,0.0,0.0,0.0,0.0,0.0,0.0,0.0,0.0,0.0,0.0,0.0,0.0,0.0,0.0,0.0,0.0,0.0,0.0,0.0,0.0,0.0,0.0,0.0,0.0,0.0,0.0,0.0,0.0,0.0,0.0,0.0,0.0,0.0,0.0,0.0,0.0,0.0,0.0,0.0,0.0,0.0,0.0,0.0,0.0,0.0,0.0,0.0,0.0,0.0,0.0,0.0,0.0,0.0,0.0,0.0,0.0,0.001163451,0.0,0.000310253,0.0,0.0,0.0,0.002006306,0.0,0.0,0.001861521,0.0,0.000372304,0.001489217,0.0,0.00151581,0.0,0.0,0.0,0.0,0.019918273,0.0,0.0,0.0,0.0,0.0,0.0,0.0,0.0,0.0,0.0,0.0,0.518061245,0.00539841,0.0,0.0,0.0,0.004343549,0.018429056,0.0,0.0,0.0,0.0,0.0,0.0,0.0,0.001489217,0.0,0.0,0.0,0.000124101,0.0,0.0,0.00980401,0.000710762,0.002978433,0.0,0.000209421,0.0,0.0,0.0,0.0,0.0,0.0,0.000418842,0.0,0.0,0.0,0.018149828,0.0,0.0,0.0,0.0,0.0,0.0,0.0,0.0,0.0,0.0,0.0,0.0,0.0,0.0,0.0,0.0,0.0,0.014147558,0.0,0.0,0.000744608,0.0,0.0,0.00069807,0.0,0.0,0.0,0.0,0.000496406,0.0,0.0,0.0,0.0,0.0,0.0,0.0,0.0,0.0,0.0,0.0,0.0,0.0,0.0,0.0,0.0,0.0,0.0,0.0,0.0,0.0,0.0,0.0,0.0,0.0,0.0,0.0,0.0,0.0,0.0,0.0,0.0,0.0,0.0,0.0,0.0,0.0,0.0,0.0,0.0,0.0,0.0,0.0,0.0,0.0
ERR1513800,0.0,0.002644798,0.02468478,0.0,0.0,0.0,0.000587733,0.0,0.0,0.0,0.0,0.0,0.0,0.0,0.0,0.0,0.0,0.005950795,0.0,0.01300359,0.0,0.0,0.0,0.0,0.0,0.0,0.0004408,0.0,0.0,0.0,0.0,0.0,0.0,0.0,0.0,0.0,0.0,0.0,0.009844525,0.0,0.0,0.130256296,0.0,0.082539734,0.009036393,0.0,0.0,0.097967721,0.0,0.0,0.015031268,0.00888946,0.0,0.0,0.009513926,0.0,0.0,0.0,0.0,0.0,0.0,0.0,0.032619174,0.0,0.0,0.0,0.0,0.00061712,0.0,0.0,0.0,0.0,0.0,0.0,0.0,0.0,0.0,0.0,0.0,0.0,0.0,0.0,0.0,0.003746797,0.0,0.0,0.0,0.0,0.0,0.0,0.006097728,0.0,0.0,0.0,0.0,0.0,0.0,0.0,0.0,0.0,0.0,0.0,0.0,0.0,0.0,0.000881599,0.0,0.0,0.028541777,0.0,0.002203998,0.0,0.0,0.0,0.0,0.0,0.0,0.0,0.0,0.0,0.0,0.0,0.0,0.0,0.0,0.0,0.0,0.0,0.0,0.003967197,0.0,0.005326329,0.0,0.0,0.0,0.0,0.0,0.002840709,0.0,0.0,0.039010769,0.0,0.000955066,0.001542799,0.0,0.001070513,0.0,0.0,0.002027678,0.0,0.027990778,0.0,0.0,0.0,0.008375193,0.0,0.0,0.0,0.0,0.0,0.0,0.06248335,0.1251871,0.01234239,0.0,0.0,0.005124296,0.002571331,0.027549978,0.0,0.0,0.0,0.0,0.0,0.0,0.0,0.0,0.0,0.0,0.0,0.0,0.0,0.001460149,0.007273194,0.00093169,0.0,0.0,0.00035815,0.0,0.0,0.0,0.0,0.0,0.0,0.01209444,0.0,0.0,0.0,0.007273194,0.0,0.0,0.0,0.0,0.0,0.0,0.0,0.07504614,0.006342617,0.0,0.0,0.004652885,0.0,0.003912097,0.0,0.0,0.0,0.0,0.0,0.0,0.0,0.000661199,0.002203998,0.0,0.0,0.0,0.0,0.0,0.002057065,0.0,0.0,0.0,0.0,0.0,0.0,0.0,0.0,0.0,0.0,0.0,0.0,0.0,0.0,0.0,0.000955066,0.0,0.0,0.0,0.0,0.0,0.0,0.0,0.054438756,0.0,0.0,0.0,0.0,0.0,0.0,0.0,0.0,0.0,0.0,0.0,0.0,0.0,0.0,0.0,0.0,0.0,0.0,0.0,0.0,0.0
ERR1513805,0.0,0.0,0.00155706,0.0,0.0,0.0,0.0,0.0,0.0,0.0,0.0,0.0,0.0,0.0,0.0,0.0,0.0,0.0,0.0,0.003503384,0.0,0.0,0.0,0.0,0.0,0.0,0.00103804,0.0,0.0,0.0,0.0,0.0,0.0,0.0,0.0,0.0,0.0,0.0,0.002659977,0.0,0.0,0.397439477,0.0,0.0,0.068510625,0.0,0.0,0.020825673,0.0,0.0,0.0,0.0,0.0,0.0,0.0,0.0,0.0,0.0,0.0,0.0,0.0,0.0,0.0,0.0,0.0,0.0,0.0,0.0,0.0,0.0,0.0,0.0,0.0,0.0,0.0,0.0,0.0,0.0,0.0,0.0,0.0,0.0,0.0,0.005449709,0.0,0.0,0.0,0.0,0.0,0.0,0.0,0.0,0.0,0.0,0.0,0.0,0.0,0.0,0.0,0.0,0.005838974,0.0,0.0,0.0,0.0,0.0,0.0,0.0,0.011288682,0.0,0.0,0.0,0.0,0.0,0.0,0.0,0.0,0.001167795,0.0,0.0,0.0,0.0,0.0,0.0,0.0,0.0,0.000486581,0.0,0.000973162,0.002530222,0.0,0.00515776,0.0,0.0,0.0,0.0,0.0,0.003027616,0.0,0.0,0.001946325,0.0,0.003373629,0.0,0.0,0.007340424,0.013624272,0.0,0.000700677,0.0,0.0,0.0,0.0,0.0,0.004593326,0.0,0.0,0.0,0.0,0.0,0.0,0.0,0.033476783,0.007785298,0.0,0.0,0.011385999,0.00077853,0.143638753,0.0,0.0,0.0,0.0,0.0,0.0,0.0,0.004476547,0.0,0.0,0.0,0.001621937,0.0,0.002870829,0.0,0.001026244,0.0,0.0,0.002724854,0.0,0.092255785,0.005838974,0.0,0.0,0.0,0.0,0.0,0.0,0.0,0.050993704,0.0,0.0,0.0,0.0,0.0,0.0,0.0,0.0,0.000302762,0.0,0.0,0.0,0.0,0.0,0.0,0.0,0.0,0.0,0.0,0.0,0.014792067,0.009601868,0.016349126,0.000486581,0.0,0.0,0.0,0.0,0.02400467,0.0,0.0,0.0,0.0,0.0,0.0,0.0,0.0,0.0,0.0,0.0,0.0,0.0,0.0,0.0,0.0,0.0,0.0,0.0,0.0,0.0,0.0,0.0,0.0,0.0,0.0,0.0,0.0,0.0,0.0,0.0,0.0,0.0,0.0,0.0,0.0,0.0,0.0,0.0,0.0,0.0,0.0,0.0,0.0,0.0
ERR1513812,0.0,0.0,0.0,0.0,0.0,0.0,0.0,0.0,0.0,0.0,0.0,0.0,0.0,0.0,0.0,0.0,0.0,0.0,0.0,0.0,0.0,0.0,0.0,0.0,0.0,0.0,0.0,0.0,0.0,0.0,0.0,0.0,0.0,0.0,0.0,0.0,0.0,0.0,0.006205633,0.0,0.0,0.032123278,0.0,0.0,0.0,0.0,0.0,0.016374528,0.0,0.0,0.005214818,0.011194476,0.0,0.0,0.006188251,0.334540999,0.058927442,0.0,0.0,0.00688356,0.0,0.0,0.005632003,0.0,0.011055414,0.0,0.000756149,0.000542341,0.0,0.0,0.0,0.0,0.0,0.0,0.0,0.0,0.0,0.0,0.0,0.0,0.0,0.0,0.0,0.0,0.0,0.0,0.0,0.0,0.0,0.0,0.0,0.0,0.0,0.0,0.0,0.0,0.0,0.0,0.0,0.0,0.0,0.0,0.0,0.0,0.0,0.0,0.0,0.0,0.0,0.0,0.0,0.0,0.0,0.0,0.0,0.0,0.0,0.004328299,0.0,0.0,0.0,0.0,0.0,0.0,0.0,0.0,0.0,0.0,0.0,0.008969487,0.0,0.0057363,0.0,0.0,0.0,0.0,0.0,0.000695309,0.0,0.0,0.010429636,0.0,0.0,0.0,0.0,0.022230024,0.0,0.0,0.0,0.0,0.023153792,0.0,0.0,0.0,0.003671232,0.0,0.0,0.0,0.0,0.0,0.0,0.016791714,0.186273296,0.06216063,0.0,0.0,0.0,0.0,0.003546076,0.0,0.0,0.0,0.0,0.0,0.0,0.0,0.000521482,0.0,0.0,0.0,0.0,0.0,0.026543423,0.011194476,0.003877928,0.0,0.0,0.000338963,0.0,0.0,0.022528013,0.0,0.0,0.0,0.030376314,0.0,0.0,0.0,0.005214818,0.0,0.0,0.0,0.0,0.0,0.0,0.0,0.0,0.0,0.0,0.0,0.0,0.0,0.0,0.0,0.0,0.0,0.008552301,0.0,0.0,0.0,0.0,0.0,0.0,0.0,0.0,0.007370276,0.0,0.0,0.0,0.0,0.0,0.0,0.0,0.0,0.0,0.0,0.0,0.0,0.0,0.0,0.0,0.0,0.0,0.000695309,0.0,0.0,0.0,0.0,0.0,0.0,0.0,0.000208593,0.0,0.0,0.0,0.0,0.0,0.0,0.0,0.0,0.0,0.0,0.0,0.0,0.0,0.0,0.0,0.0,0.0,0.0,0.0,0.0,0.0
ERR1513815,0.0,0.0,0.0,0.0,0.0,0.0,0.0,0.0,0.0,0.0,0.0,0.0,0.0,0.0,0.0,0.0,0.0,0.0,0.0,0.004238377,0.0,0.0,0.0,0.0,0.0,0.0,0.0,0.0,0.0,0.0,0.0,0.0,0.0,0.0,0.0,0.0,0.0,0.0,0.000423838,0.0,0.0,0.003814539,0.0,0.0,0.004450296,0.0,0.0,0.008582714,0.0,0.0,0.005001285,0.00367326,0.000918315,0.0,0.0,0.0,0.0,0.0,0.0,0.016529671,0.0,0.0,0.080953003,0.0,0.0,0.0,0.001033104,0.000296686,0.0,0.0,0.0,0.189243538,0.0,0.0,0.0,0.0,0.0,0.0,0.0,0.0,0.0,0.0,0.0,0.0,0.0,0.0,0.0,0.0,0.0,0.0,0.0,0.0,0.0,0.0,0.0,0.0,0.0,0.0,0.0,0.0,0.0,0.0,0.0,0.0,0.0,0.0,0.0,0.0,0.0,0.0,0.0,0.0,0.0,0.0,0.0,0.0,0.0,0.0,0.0,0.0,0.0,0.0,0.0,0.0,0.0,0.0,0.0,0.0,0.0,0.000741716,0.0,0.001253853,0.0,0.0,0.0,0.0,0.0,0.0,0.0,0.0,0.002119189,0.0,0.0,0.0,0.0,0.000302741,0.001271513,0.001165554,0.000296686,0.0,0.001695351,0.0,0.0,0.0,0.001144362,0.0,0.0,0.0,0.0,0.0,0.0,0.0,0.057006172,0.002966864,0.0,0.0,0.0,0.0,0.002543026,0.0,0.0,0.0,0.0,0.0,0.0,0.0,0.00180131,0.0,0.0,0.0,0.0,0.0,0.004927113,0.001342153,0.00014449,0.0,0.0,0.0,0.0,0.002119189,0.0,0.0,0.0,0.0,0.0,0.0,0.0,0.0,0.001589391,0.0,0.0,0.0,0.0,0.0,0.0,0.0,0.0,0.0,0.0,0.0,0.0,0.0,0.0,0.0,0.0,0.0,0.0,0.0,0.0,0.0,0.0,0.0,0.0,0.0,0.0,0.0,0.0,0.0,0.000635757,0.0,0.0,0.0,0.000423838,0.0,0.0,0.0,0.0,0.0,0.0,0.0,0.0,0.0,0.0,0.0,0.0,0.0,0.0,0.0,0.0,0.0,0.0,0.0,0.0,0.0,0.0,0.0,0.0,0.0,0.0,0.0,0.0,0.0,0.0,0.0,0.0,0.0,0.176316487,0.0,0.0,0.0,0.0,0.004450296,0.0
ERR1513821,0.0,0.0,0.0,0.0,0.0,0.0,0.0,0.0,0.0,0.0,0.0,0.0,0.0,0.0,0.0,0.0,0.0,0.0,0.0,0.011615751,0.0,0.0,0.0,0.0,0.0,0.0,0.0,0.0,0.0,0.0,0.0,0.0,0.001806895,0.0,0.0,0.0,0.0,0.0,0.0,0.0,0.0,0.0,0.0,0.17010622,0.0,0.0,0.0,0.076018637,0.0,0.0,0.016210426,0.09929316,0.0,0.0,0.0,0.0,0.0,0.0,0.0,0.0,0.0,0.0,0.062466927,0.0,0.0,0.0,0.0,0.0,0.0,0.0,0.0,0.0,0.0,0.0,0.0,0.0,0.0,0.0,0.0,0.0,0.0,0.0,0.0,0.0,0.0,0.0,0.0,0.0,0.0,0.0,0.0,0.0,0.0,0.0,0.0,0.0,0.0,0.0,0.0,0.0,0.0,0.0,0.0,0.0,0.0,0.0,0.0,0.0,0.001290639,0.0,0.0,0.0,0.0,0.0,0.0,0.0,0.0,0.0,0.0,0.0,0.0,0.0,0.0,0.0,0.0,0.0,0.0,0.0,0.0,0.0,0.0,0.004345151,0.0,0.000602298,0.0,0.0,0.0,0.003699832,0.001677831,0.0,0.0,0.0,0.000688341,0.0,0.0,0.000995636,0.0,0.0,0.0,0.0,0.0,0.0,0.0,0.0,0.0,0.0,0.0,0.0,0.0,0.0,0.0,0.0,0.0,0.0,0.0,0.0,0.0,0.006109025,0.0,0.0,0.0,0.0,0.0,0.0,0.0,0.0,0.0,0.0,0.0,0.0,0.0,0.0,0.0,0.0,0.000129064,0.0,0.0,0.0,0.0,0.0,0.0,0.0,0.0,0.0,0.0,0.0,0.0,0.0,0.0,0.0,0.0,0.0,0.171138731,0.0,0.0,0.0,0.0,0.0,0.0,0.0,0.0,0.0,0.0,0.0,0.0,0.0,0.0,0.0,0.0,0.0,0.0,0.0,0.0,0.0,0.0,0.0,0.0,0.0,0.0,0.0,0.0,0.0,0.0,0.0,0.0,0.0,0.0,0.0,0.0,0.0,0.0,0.0,0.0,0.0,0.0,0.0,0.008346132,0.0,0.0,0.0,0.0,0.0,0.0,0.0,0.0,0.0,0.0,0.0,0.0,0.0,0.0,0.0,0.0,0.0,0.0,0.0,0.0,0.0,0.0,0.0,0.0,0.08272996,0.0
ERR1513833,0.0,0.0,0.0,0.0,0.0,0.0,0.0,0.0,0.0,0.0,0.0,0.0,0.0,0.0,0.0,0.0,0.0,0.0,0.0,0.024311383,0.0,0.0,0.0,0.0,0.0,0.000375465,0.0,0.0,0.0,0.0,0.0,0.0,0.0,0.0,0.0,0.0,0.0,0.0,0.019258245,0.0,0.0,0.0,0.0,0.0,0.0,0.0,0.0,0.072652549,0.0,0.0,0.006232725,0.221274257,0.0,0.0,0.0,0.0,0.0,0.0,0.0,0.171963139,0.0,0.0,0.0,0.0,0.0,0.0,0.0,0.001764687,0.0,0.0,0.0,0.0,0.0,0.0,0.0,0.0,0.0,0.0,0.0,0.0,0.0,0.0,0.0,0.0,0.0,0.0,0.0,0.0,0.0,0.0,0.000876086,0.0,0.0,0.0,0.0,0.0,0.0,0.0,0.0,0.0,0.003660787,0.024029784,0.0,0.0,0.0,0.0,0.0,0.0,0.0,0.0,0.0,0.0,0.0,0.0,0.0,0.0,0.0,0.0,0.0,0.0,0.0,0.0,0.0,0.0,0.0,0.0,0.0,0.0,0.0,0.0,0.0,0.000281599,0.0,0.000563198,0.0,0.0,0.0,0.0,0.0,0.0,0.0,0.0,0.0,0.001689594,0.0,0.0,0.011451694,0.0,0.000450558,0.0,0.011263961,0.0,0.0,0.0,0.0,0.0,0.0,0.0,0.0,0.0,0.0,0.0,0.0,0.0,0.0,0.0,0.002534391,0.000969952,0.0,0.0,0.0,0.0,0.0,0.0,0.0,0.0,0.0,0.0,0.0,0.0,0.0,0.0,0.0,0.0,0.0,0.0,0.0,0.0,0.0,0.0,0.0,0.0,0.0,0.0,0.0,0.0,0.0,0.0,0.0,0.0,0.0,0.0,0.0,0.005538114,0.0,0.0,0.0,0.0,0.0,0.0,0.0,0.0,0.0,0.0,0.0,0.0,0.0,0.0,0.0,0.0,0.0,0.0,0.0,0.0,0.0,0.0,0.0,0.000125155,0.0,0.0,0.0,0.0,0.0,0.0,0.0,0.0,0.0,0.0,0.0,0.0,0.0,0.0,0.0,0.0,0.0,0.0,0.0,0.0,0.0,0.0,0.0,0.0,0.0,0.0,0.0,0.0,0.0,0.0,0.0,0.0,0.0,0.0,0.0,0.0,0.0,0.0,0.0,0.0,0.0,0.0,0.0,0.39414477,0.0
ERR1513839,0.0,0.0,0.0,0.0,0.0,0.0,0.009269472,0.0,0.0,0.0,0.0,0.0,0.0,0.0,0.0,0.0,0.0,0.001283465,0.0,0.006845149,0.0,0.0,0.0,0.0,0.0,0.0,0.000427822,0.0,0.0,0.0,0.0,0.0,0.0,0.0,0.0,0.0,0.0,0.0,0.031159687,0.0,0.0,0.0,0.0,0.0,0.0,0.0,0.0,0.270811191,0.0,0.0,0.0,0.047488218,0.0,0.0,0.001354769,0.0,0.0,0.0,0.0,0.008128614,0.0,0.0,0.0,0.0,0.044065644,0.0,0.0,0.001882416,0.0,0.0,0.0,0.0,0.0,0.0,0.0,0.0,0.0,0.0,0.0,0.0,0.0,0.0,0.0,0.020107624,0.0,0.0,0.0,0.0,0.0,0.0,0.0,0.0,0.0,0.0,0.0,0.0,0.0,0.0,0.0,0.0,0.0,0.0,0.0,0.0,0.0,0.0,0.0,0.0,0.000641733,0.0,0.0,0.0,0.0,0.0,0.0,0.0,0.0,0.018610248,0.0,0.0,0.0,0.0,0.0,0.0,0.0,0.0,0.0,0.0,0.0,0.005775594,0.0,0.020143276,0.0,0.0,0.0,0.0,0.0,0.0,0.0,0.0,0.018824159,0.0,0.0,0.0,0.0,0.005622801,0.00470604,0.0,0.001454594,0.0,0.0,0.0,0.0,0.0,0.00530499,0.0,0.0,0.0,0.0,0.0,0.0,0.010909456,0.053049902,0.051766436,0.0,0.0,0.000748688,0.018325033,0.046632575,0.0,0.0,0.0,0.0,0.0,0.0,0.0,0.0,0.0,0.0,0.0,0.0,0.0,0.113747118,0.011265974,0.00175018,0.0,0.0,0.004492129,0.0,0.024956271,0.0,0.0,0.0,0.0,0.0,0.0,0.0,0.0,0.024813664,0.0,0.0,0.0,0.0,0.007914703,0.0,0.0,0.0,0.001045787,0.0,0.0,9.51e-05,0.0,0.0,0.0,0.0,0.0,0.0,0.0,0.0,0.005561683,0.0,0.0,0.0,0.0,0.0,0.017825908,0.0,0.002566931,0.0,0.000427822,0.0,0.0,0.0,0.0,0.0,0.0,0.0,0.0,0.0,0.0,0.0,0.0,0.0,0.0,0.0,0.0,0.0,0.0,0.0,0.0,0.0,0.0,0.000855644,0.0,0.0,0.0,0.0,0.0,0.0,0.008984258,0.0,0.0,0.0,0.0,0.0,0.0,0.0,0.0,0.0,0.0,0.0,0.001069554,0.0
ERR1513840,0.0,0.0,0.0,0.0,0.0,0.0,0.000445973,0.0,0.0,0.0,0.0,0.0,0.0,0.0,0.0,0.0,0.0,0.0,0.0,0.011149315,0.0,0.0,0.0,0.0,0.0,0.0,0.0,0.0,0.000668959,0.0,0.0,0.0,0.0,0.0,0.0,0.0,0.0,0.0,0.013565,0.0,0.0,0.268029525,0.0,0.0,0.042367396,0.0,0.0,0.201579609,0.0,0.0,0.0,0.315451276,0.0,0.0,0.000668959,0.0,0.0,0.0,0.0,0.0,0.0,0.0,0.0,0.0,0.0,0.0,0.0,0.0,0.0,0.0,0.0,0.0,0.0,0.0,0.0,0.0,0.0,0.0,0.0,0.0,0.0,0.0,0.0,0.0,0.0,0.0,0.0,0.0,0.0,0.0,0.0,0.0,0.0,0.0,0.0,0.0,0.0,0.0,0.0,0.0,0.0,0.0,0.0,0.0,0.0,0.0,0.0,0.0,0.00780452,0.0,0.0,0.0,0.0,0.0,0.0,0.0,0.0,0.0,0.0,0.0,0.0,0.0,0.0,0.0,0.0,0.0,0.0,0.0,0.0,0.0,0.0,0.026015068,0.0,0.004013753,0.0,0.0,0.0,0.021307579,0.0,0.0,0.0,0.0,0.0,0.0,0.0,0.0,0.0,0.0,0.0,0.0,0.0,0.0,0.0,0.0,0.0,0.0,0.0,0.0,0.0,0.0,0.0,0.033336451,0.0,0.0,0.0,0.0,0.0,0.017615917,0.022298629,0.0,0.0,0.0,0.0,0.0,0.0,0.0,0.0,0.0,0.0,0.0,0.0,0.0,0.0,0.0,0.00259475,0.0,0.0,0.00016724,0.0,0.0,0.0,0.0,0.0,0.0,0.0,0.0,0.0,0.0,0.0,0.0,0.0,0.0,0.0,0.001337918,0.0,0.0,0.002006877,0.0,0.0,0.0,0.0,0.0,0.0,0.0,0.0,0.0,0.0,0.0,0.0,0.0,0.0,0.0,0.0,0.0,0.0,0.0,0.0,0.0,0.0,0.0,0.0,0.0,0.0,0.0,0.0,0.0,0.0,0.0,0.0,0.0,0.0,0.0,0.0,0.0,0.0,0.0,0.0,0.0,0.0,0.0,0.0,0.0,0.0,0.0,0.0,0.0,0.0,0.0,0.0,0.0,0.0,0.0,0.0,0.0,0.0,0.0,0.0,0.0,0.0,0.0,0.0,0.002229863,0.0
ERR1513841,0.0,0.0,0.0,0.0,0.0,0.0,0.0,0.0,0.0,0.0,0.0,0.0,0.0,0.0,0.0,0.0,0.0,0.0,0.0,0.002911077,0.0,0.0,0.0,0.0,0.0,0.0,0.0,0.0,0.0,0.0,0.0,0.0,0.0,0.0,0.0,0.0,0.0,0.0,0.006994671,0.0,0.0,0.0,0.0,0.0,0.053127152,0.0,0.0,0.042331909,0.0,0.0,0.0,0.010916538,0.013665889,0.0,0.0,0.0,0.0,0.0,0.0,0.004609205,0.0,0.0,0.048032768,0.0,0.0,0.0,0.0,0.0,0.0,0.0,0.0,0.0,0.0,0.0,0.0,0.0,0.0,0.0,0.0,0.0,0.0,0.0,0.0,0.0,0.0,0.0,0.0,0.0,0.0,0.0,0.000566043,0.0,0.0,0.003881436,0.0,0.0,0.0,0.0,0.0,0.0,0.0,0.0,0.0,0.0,0.0,0.0,0.0,0.0,0.0,0.0,0.0,0.0,0.0,0.0,0.0,0.0,0.0,0.0,0.0,0.0,0.0,0.0,0.0,0.0,0.0,0.0,0.0,0.0,0.0,0.0,0.0,0.000505395,0.0,0.0,0.0,0.007277692,0.0,0.001212949,0.0,0.0,0.013827615,0.0,0.00024259,0.001212949,0.0,0.0,0.0,0.0,0.0,0.0,0.0,0.0,0.0,0.0,0.01489501,0.0,0.0,0.0,0.0,0.0,0.0,0.0,0.004366615,0.0,0.0,0.0,0.0,0.000929927,0.002911077,0.0,0.000181942,0.0,0.0,0.0,0.0,0.0,0.000606474,0.0,0.0,0.0,0.0,0.0,0.003760141,0.0,0.000419019,0.0,0.0,0.000940035,0.0,0.0,0.0,0.0,0.0,0.0,0.0,0.0,0.0,0.0,0.011401718,0.0,0.0,0.0,0.0,0.0,0.0,0.0,0.0,5.39e-05,0.0,0.0,0.0,0.0,0.0,0.0,0.0,0.0,0.0,0.001940718,0.0,0.0,0.0,0.0,0.0,0.0,0.0,0.0,0.0,0.000485179,0.0,0.0,0.0,0.0,0.0,0.0,0.0,0.0,0.0,0.0,0.0,0.0,0.0,0.0,0.0,0.0,0.0,0.0,0.0,0.0,0.0,0.0,0.0,0.0,0.0,0.0,0.0,0.0,0.0,0.0,0.0,0.0,0.0,0.0,0.0,0.0,0.0,0.0,0.0,0.0,0.0,0.0,0.0,0.106860779,0.0
ERR1513842,0.0,0.001278156,0.002556312,0.0,0.0,0.0,0.0,0.0,0.0,0.0,0.0,0.0,0.0,0.0,0.0,0.0,0.0,0.00204505,0.0,0.089854384,0.0,0.0,0.0,0.0,0.0,0.0,0.000681683,0.0,0.0,0.0,0.0,0.0,0.0,0.0,0.0,0.0,0.0,0.0,0.004622665,0.0,0.0,0.105320074,0.0,0.0,0.0,0.0,0.0,0.011759037,0.0,0.0,0.030931381,0.010906933,0.0,0.0,0.003578837,0.020297121,0.0,0.0,0.0,0.0,0.0,0.0,0.045502362,0.0,0.0,0.0,0.000223677,0.000869146,0.0,0.019342764,0.0,0.0,0.0,0.0,0.0,0.0,0.0,0.0,0.0,0.0,0.0,0.0,0.0,0.0,0.0,0.0,0.0,0.0,0.0,0.0,0.003578837,0.0,0.0,0.000766894,0.0,0.0,0.0,0.0,0.0,0.0,0.0,0.0,0.0,0.0,0.0,0.000511262,0.0,0.0,0.033359878,0.0,0.0,0.0,0.0,0.0,0.0,0.0,0.0,0.000702986,0.0,0.0,0.0,0.0,0.0,0.0,0.0,0.0,0.0,0.0,0.0,0.002684128,0.0,0.002385892,0.0,0.0,0.0,0.0,0.0,0.0,0.0,0.0,0.006646412,0.0,0.004601362,0.0,0.0,0.000912969,0.0040901,0.0,0.0,0.0,0.00613515,0.0,0.0,0.0,0.003578837,0.0,0.0,0.0,0.0,0.0,0.0,0.001853327,0.127815624,0.151078068,0.0,0.0,0.003451022,0.000298236,0.031698275,0.0,0.0,0.0,0.0,0.0,0.0,0.0,0.0,0.0,0.0,0.0,0.0,0.0,0.019396021,0.03476585,0.00583304,0.0,0.0,0.000479309,0.0,0.009287935,0.0,0.0,0.0,0.0,0.002588266,0.0,0.0,0.0,0.0,0.0,0.0,0.0,0.0,0.0,0.0,0.0,0.0,0.0,0.0,0.0,0.000965718,0.0,0.0,0.0,0.0,0.0,0.064163443,0.0,0.0,0.0,0.0,0.00204505,0.0,0.0,0.014059719,0.009458356,0.0,0.000852104,0.0,0.0,0.0,0.0,0.0,0.0,0.0,0.0,0.0,0.0,0.0,0.0,0.0,0.0,0.0,0.0,0.0,0.0,0.0,0.0,0.0,0.0,0.0,0.0,0.0,0.0,0.0,0.0,0.0,0.0,0.00204505,0.003578837,0.0,0.0,0.0,0.0,0.0,0.0,0.0,0.0,0.0,0.0,0.0,0.071321118,0.0
ERR1513847,0.0,0.001790831,0.002148997,0.0,0.0,0.0,0.0,0.0,0.0,0.0,0.0,0.0,0.0,0.0,0.0,0.0,0.0,0.0,0.0,0.011998565,0.0,0.0,0.0,0.0,0.0,0.0,0.0,0.0,0.0,0.0,0.0,0.0,0.002148997,0.0,0.0,0.0,0.0,0.0,0.068260493,0.0,0.0,0.062320905,0.0,0.0,0.254656112,0.0,0.0,0.037249277,0.0,0.0,0.003151862,0.031638007,0.053963696,0.0,0.005611269,0.0,0.0,0.0,0.0,0.0,0.0,0.0,0.042263602,0.0,0.0,0.0,0.000716332,0.000358166,0.0,0.0,0.0,0.0,0.0,0.0,0.0,0.0,0.0,0.0,0.0,0.0,0.0,0.0,0.0,0.0,0.0,0.0,0.0,0.0,0.0,0.0,0.0,0.0,0.0,0.0,0.0,0.0,0.0,0.0,0.0,0.0,0.0,0.0,0.0,0.0,0.0,0.0,0.0,0.0,0.001074498,0.0,0.0,0.0,0.0,0.0,0.0,0.0,0.0,0.000716332,0.0,0.0,0.0,0.0,0.0,0.0,0.0,0.0,0.0,0.0,0.0,0.0,0.0,0.002447468,0.0,0.0,0.0,0.0,0.0,0.003740846,0.0,0.0,0.003939827,0.0,0.105539617,0.0,0.0,0.000613999,0.0,0.0,0.001146132,0.0,0.0,0.0,0.0,0.0,0.0,0.0,0.0,0.0,0.0,0.0,0.0,0.0,0.053366752,0.0,0.0,0.0,0.00116404,0.001850525,0.0222063,0.0,0.0,0.0,0.0,0.0,0.0,0.0,0.003223495,0.0,0.0,0.0,0.0,0.0,0.0,0.000596944,0.000227924,0.0,0.0,0.004835243,0.0,0.015520532,0.0,0.0,0.0,0.0,0.001208811,0.0,0.0,0.0,0.026504293,0.0,0.0,0.0,0.0,0.0,0.0,0.0,0.002865329,0.0,0.0,0.0,7.96e-05,0.0,0.000984957,0.0,0.0,0.0,0.0,0.0,0.0,0.0,0.0,0.0,0.0,0.0,0.001432664,0.0,0.0,0.005133714,0.0,0.001969914,0.0,0.0,0.0,0.0,0.0,0.0,0.0,0.0,0.0,0.0,0.0,0.0,0.0,0.0,0.0,0.0,0.0,0.0,0.0,0.0,0.0,0.002865329,0.0,0.0,0.0,0.0,0.0,0.0,0.0,0.000716332,0.0,0.0,0.0,0.0,0.0,0.0,0.0,0.0,0.0,0.0,0.0,0.0,0.0
ERR1513851,0.0,0.0,0.0,0.0,0.0,0.0,0.0,0.0,0.0,0.0,0.0,0.0,0.0,0.0,0.0,0.0,0.0,0.0,0.0,0.006118001,0.0,0.0,0.0,0.0,0.0,0.0,0.0,0.0,0.0,0.0,0.0,0.0,0.0,0.0,0.0,0.0,0.0,0.0,0.021676143,0.0,0.0,0.073810721,0.0,0.0,0.022893165,0.0,0.0,0.187881836,0.0,0.0,0.006710066,0.020261767,0.005789076,0.0,0.0,0.0,0.0,0.0,0.0,0.028419101,0.0,0.0,0.038286845,0.0,0.0,0.0,0.004045775,0.001657781,0.0,0.019077637,0.0,0.0,0.0,0.0,0.0,0.0,0.0,0.0,0.0,0.0,0.0,0.0,0.0,0.0,0.0,0.0,0.0,0.0,0.0,0.0,0.0,0.0,0.0,0.0,0.0,0.0,0.0,0.0,0.0,0.0,0.0,0.0,0.0,0.0,0.0,0.0,0.0,0.0,0.000789419,0.0,0.0,0.0,0.0,0.0,0.0,0.0,0.0,0.004144452,0.0,0.0,0.0,0.0,0.0,0.0,0.0,0.039470974,0.0,0.0,0.0,0.001776194,0.0,0.001841979,0.0,0.0,0.0,0.080915496,0.0,0.0,0.0,0.0,0.028419101,0.0,0.0,0.0,0.0,0.001522452,0.003157678,0.0,0.0,0.0,0.0,0.001184129,0.0,0.0,0.001578839,0.0,0.0,0.0,0.0,0.0,0.0,0.0,0.025261423,0.016577809,0.0,0.0,0.001282807,0.002236689,0.004341807,0.0,0.001381484,0.0,0.0,0.0,0.0,0.0,0.0,0.0,0.0,0.0,0.0,0.0,0.011002534,0.000789419,0.001022657,0.0,0.0,0.0,0.0,0.012762282,0.0,0.0,0.0,0.0,0.0,0.0,0.0,0.0,0.001578839,0.0,0.0,0.0,0.0,0.0,0.0,0.0,0.0,0.0,0.0,0.0,0.0,0.0,0.0,0.0,0.0,0.0,0.0,0.0,0.0,0.0,0.0,0.0,0.0,0.0,0.0,0.0,0.0,0.0,0.0,0.0,0.0,0.0,0.0,0.0,0.0,0.0,0.0,0.0,0.0,0.0,0.0,0.0,0.0,0.0,0.0,0.0,0.0,0.0,0.0,0.0,0.0,0.000789419,0.0,0.0,0.0,0.0,0.0,0.0,0.0,0.0,0.0,0.0,0.0,0.0,0.0,0.0,0.0,0.0,0.0,0.001578839,0.0,0.007104775,0.0
ERR1513853,0.0,0.0,0.0,0.0,0.0,0.0,0.000214208,0.0,0.0,0.0,0.0,0.0,0.0,0.0,0.0,0.0,0.0,0.0,0.0,0.047554144,0.0,0.0,0.0,0.0,0.0,0.000642624,0.0,0.0,0.0,0.0,0.0,0.0,0.0,0.0,0.0,0.0,0.0,0.0,0.022572153,0.0,0.0,0.025704943,0.0,0.0,0.0,0.0,0.0,0.057354154,0.0,0.0,0.031552817,0.014244822,0.0,0.0,0.001767215,0.03817184,0.0,0.0,0.0,0.0,0.0,0.0,0.0,0.0,0.0,0.0,0.0,0.000578361,0.0,0.000749727,0.0,0.0,0.0,0.0,0.0,0.0,0.0,0.0,0.0,0.0,0.0,0.0,0.0,0.0,0.0,0.0,0.0,0.0,0.0,0.0,0.00353443,0.0,0.0,0.0,0.0,0.0,0.0,0.0,0.0,0.0,0.0,0.0,0.0,0.0,0.0,0.000642624,0.0,0.0,0.01253116,0.0,0.0,0.0,0.002249182,0.0,0.0,0.0,0.0,0.0,0.0,0.0,0.0,0.0,0.0,0.0,0.0,0.0,0.0,0.0,0.0,0.001445903,0.0,0.005676508,0.0,0.0,0.0,0.0,0.0,0.000464117,0.0,0.0,0.101534524,0.0,0.0,0.0,0.0,0.001377051,0.00353443,0.0,0.005205251,0.0,0.014780342,0.0,0.0,0.0,0.010860338,0.0,0.0,0.0,0.0,0.0,0.0,0.006827875,0.241305151,0.022813137,0.0,0.0,0.009077058,0.001017487,0.05398038,0.000749727,0.0,0.0,0.0,0.0,0.0,0.0,0.0,0.0,0.0,0.0,0.0,0.0,0.01233034,0.0054623,0.001080776,0.0,0.0,0.000361476,0.0,0.014137719,0.041127908,0.0,0.0,0.0,0.001566395,0.0,0.0,0.0,0.0,0.0,0.0,0.0,0.0,0.0,0.0,0.0,0.005944268,0.0,0.0,0.0,0.0,0.0,0.0,0.0,0.0,0.0,0.133344391,0.0,0.0,0.0,0.0,0.0,0.0,0.0,0.0,0.001713663,0.0,0.0,0.0,0.0,0.0,0.0,0.0,0.0,0.0,0.0,0.0,0.0,0.0,0.0,0.0,0.0,0.0,0.0,0.0,0.0,0.0,0.0,0.0,0.0,0.0,0.0,0.0,0.0,0.0,0.0,0.0,0.0,0.0,0.001285247,0.0,0.0,0.0,0.0,0.0,0.0,0.0,0.0,0.0,0.0,0.0,0.0,0.0
ERR1513855,0.000505288,0.001443681,0.0,0.0,0.0,0.0,0.0,0.0,0.0,0.0,0.0,0.0,0.0,0.0,0.0,0.0,0.0,0.001732417,0.0,0.186523569,0.0,0.0,0.0,0.0,0.0,0.0,0.000384982,0.0,0.0,0.0,0.0,0.0,0.0,0.0,0.0,0.0,0.0,0.0,0.061284253,0.0,0.0,0.0,0.0,0.0,0.034070869,0.0,0.0,0.145378664,0.0,0.0,0.018305873,0.020019041,0.0,0.0,0.00052935,0.0,0.0,0.0,0.0,0.036380758,0.0,0.0,0.059479652,0.0,0.0,0.0,0.0,0.0,0.0,0.0,0.0,0.0,0.0,0.0,0.0,0.0,0.0,0.0,0.0,0.0,0.0,0.0,0.0,0.0,0.0,0.0,0.0,0.0,0.0,0.0,0.0,0.0,0.0,0.0,0.0,0.0,0.0,0.0,0.0,0.0,0.000866209,0.0,0.0,0.0,0.0,0.0,0.0,0.0,0.008662085,0.0,0.0,0.0,0.0,0.0,0.0,0.0,0.0,0.0,0.0,0.0,0.0,0.0,0.0,0.0,0.0,0.0,0.000649656,0.0,0.0,0.002742994,0.0,0.007074036,0.0,0.0,0.0,0.0,0.0,0.0,0.0,0.0,0.045620316,0.0,0.001636172,0.0,0.0,0.006558436,0.000866209,0.0,0.000404231,0.0,0.041000537,0.0,0.0,0.0,0.000866209,0.0,0.0,0.0,0.0,0.0,0.0,0.002093337,0.120980457,0.003176098,0.0,0.0,0.002021153,0.0,0.004619779,0.0,0.0,0.0,0.0,0.0,0.0,0.0,0.007795877,0.0,0.0,0.0,0.00052935,0.0,0.012090827,0.021558968,0.010880104,0.0,0.0,0.000613564,0.0,0.022906403,0.0,0.0,0.0,0.0,0.001227129,0.0,0.0,0.0,0.051250671,0.0,0.0,0.0,0.0,0.0,0.0,0.0,0.014436809,0.0,0.0,0.001732417,0.000577472,0.0,0.00036092,0.0,0.0,0.0,0.0,0.0,0.0,0.0,0.0,0.0,0.0,0.0,0.0,0.000192491,0.0,0.0,0.004042306,0.0,0.0,0.0,0.0,0.0,0.0,0.0,0.0,0.0,0.0,0.0,0.0,0.0,0.0,0.000769963,0.0,0.0,0.0,0.0,0.0,0.0,0.0,0.0,0.000866209,0.0,0.0,0.0,0.0,0.0,0.0,0.0,0.0,0.0,0.0,0.0,0.0,0.0,0.0,0.0,0.0,0.004042306,0.0,0.0,0.0
ERR1513857,0.0,0.0,0.0,0.0,0.0,0.0,0.0,0.0,0.0,0.0,0.0,0.0,0.0,0.0,0.0,0.0,0.0,0.0,0.0,0.007990505,0.0,0.0,0.0,0.0,0.0,0.0,0.0,0.0,0.0,0.0,0.0,0.0,0.002397151,0.0,0.0,0.0,0.0,0.0,0.012585045,0.0,0.0,0.0,0.0,0.0,0.0,0.0,0.0,0.602484067,0.0,0.0,0.0,0.011985757,0.0,0.0,0.0,0.0,0.0,0.0,0.0,0.0,0.0,0.0,0.01598101,0.0,0.042349676,0.0,0.0,0.004634493,0.0,0.0,0.07391217,0.0,0.0,0.0,0.0,0.0,0.0,0.0,0.0,0.0,0.0,0.0,0.0,0.0,0.0,0.0,0.0,0.0,0.0,0.0,0.0,0.0,0.0,0.0,0.0,0.0,0.0,0.0,0.0,0.0,0.0,0.0,0.0,0.0,0.0,0.0,0.0,0.0,0.0,0.0,0.0,0.0,0.0,0.0,0.0,0.0,0.0,0.0,0.0,0.0,0.0,0.0,0.0,0.0,0.0,0.0,0.000399525,0.0,0.0,0.007990505,0.0,0.002796677,0.0,0.0,0.0,0.0,0.0,0.0,0.0,0.0,0.022373414,0.0,0.0,0.0,0.0,0.0,0.0,0.0,0.0,0.0,0.0,0.0,0.0,0.0,0.003995252,0.0,0.0,0.0,0.0,0.0,0.0,0.002596914,0.090292705,0.003995252,0.0,0.0,0.002996439,0.0,0.0,0.0,0.0,0.0,0.0,0.0,0.0,0.0,0.001598101,0.0,0.0,0.0,0.000399525,0.0,0.006392404,0.036223622,0.0,0.0,0.0,0.003395965,0.0,0.0,0.0,0.0,0.0,0.0,0.0,0.0,0.0,0.0,0.0,0.0,0.0,0.0,0.0,0.001198576,0.0,0.0,0.0,0.0,0.0,0.0,0.0,0.0,0.0,0.0,0.0,0.0,0.0,0.0,0.0,0.0,0.0,0.0,0.0,0.0,0.0,0.0,0.0,0.0,0.0,0.0,0.0,0.0,0.0,0.0,0.0,0.0,0.0,0.0,0.0,0.0,0.0,0.0,0.0,0.004261603,0.0,0.0,0.0,0.0,0.0,0.0,0.0,0.0,0.0,0.0,0.0,0.0,0.0,0.0,0.0,0.0,0.0,0.0,0.0,0.0,0.0,0.0,0.0,0.0,0.0,0.001598101,0.0,0.0,0.0
ERR1513858,0.0,0.0,0.0,0.0,0.0,0.0,0.000110825,0.0,0.0,0.0,0.0,0.0,0.0,0.0,0.0,0.0,0.0,0.0,0.0,0.0,0.0,0.0,0.0,0.0,0.0,0.0,0.00022165,0.0,0.0,0.0,0.0,0.0,0.0,0.0,0.0,0.0,0.0,0.0,0.038308554,0.0,0.0,0.147840726,0.0,0.0,0.0,0.0,0.0,0.055301741,0.0,0.0,0.012456745,0.054747615,0.0,0.0,0.002881453,0.0,0.0,0.0,0.0,0.0,0.0,0.0,0.363728082,0.0,0.0,0.0,0.0,0.002349493,0.0,0.0,0.0,0.0,0.0,0.0,0.0,0.0,0.0,0.0,0.0,0.0,0.0,0.0,0.0,0.0,0.0,0.0,0.0,0.0,0.0,0.0,0.0,0.0,0.0,0.0,0.0,0.0,0.0,0.0,0.0,0.0,0.0,0.0,0.0,0.0,0.0,0.0,0.0,0.0,0.000775776,0.0,0.0,0.0,0.0,0.0,0.0,0.0,0.0,0.0,0.0,0.0,0.0,0.0,0.0,0.0,0.0,0.0,0.0,0.0,0.0,0.0,0.0,0.007166692,0.0,0.000295534,0.0,0.0,0.0,0.002438153,0.003546404,0.0,0.0,0.0,0.00561514,0.000664951,0.0,0.000664951,0.0,0.0,0.00031031,0.0,0.0,0.0,0.0,0.0,0.000709281,0.0,0.0,0.0,0.0,0.0,0.0,0.0,0.14318607,0.0,0.0,0.0,0.0,0.002327328,0.113484935,0.0,0.000831188,0.0,0.0,0.0,0.0,0.0,0.020613474,0.0,0.0,0.0,0.000110825,0.0,0.0,0.0,0.000130975,0.0,0.0,0.001994852,0.0,0.0,0.0,0.0,0.0,0.0,0.0,0.0,0.00022165,0.0,0.0,0.0,0.0,0.0,0.0,0.0,0.0,0.0,0.0,0.0,0.0,0.0,0.0,0.0,0.00022165,0.0,0.0,0.0,0.0,0.0,0.0,0.003324754,0.0,0.0,0.0,0.0,0.0,0.0,0.0,0.00583679,0.0,0.0,0.0,0.0,0.0,0.0,0.0,0.0,0.0,0.0,0.0,0.0,0.0,0.0,0.0,0.0,0.0,0.0,0.0,0.0,0.0,0.0,0.0,0.0,0.0,0.0,0.0,0.0,0.0,0.0,0.0,0.0,0.0,0.0,0.0,0.0,0.0,0.0,0.0,0.0,0.0,0.0,0.0,0.0,0.0
ERR1513859,0.0,0.0,0.0,0.0,0.0,0.0,0.0,0.0,0.0,0.0,0.0,0.0,0.0,0.0,0.0,0.0,0.0,0.0,0.0,0.04979329,0.0,0.0,0.0,0.0,0.0,0.0,0.000922098,0.0,0.0,0.0,0.0,0.0,0.0,0.0,0.0,0.0,0.0,0.0,0.061492408,0.0,0.0,0.044952276,0.0,0.045643849,0.107193888,0.0,0.0,0.136931548,0.0,0.0,0.014246414,0.017750386,0.005532588,0.0,0.000230524,0.0,0.0,0.0,0.0,0.0,0.0,0.0,0.136931548,0.0,0.0,0.0,0.002766294,0.003319553,0.0,0.0,0.0,0.0,0.0,0.0,0.0,0.0,0.0,0.0,0.0,0.0,0.0,0.0,0.0,0.020055631,0.0,0.0,0.0,0.0,0.0,0.0,0.0,0.0,0.0,0.0,0.0,0.0,0.0,0.0,0.0,0.0,0.0,0.0,0.0,0.0,0.0,0.00207472,0.0,0.0,0.001383147,0.0,0.0,0.0,0.0,0.0,0.0,0.0,0.0,0.0,0.0,0.0,0.0,0.0,0.0,0.0,0.0,0.0,0.0,0.0,0.0,0.001728934,0.0,0.015156985,0.0,0.0,0.0,0.0,0.0,0.0,0.0,0.0,0.012448323,0.0,0.0,0.0,0.0,0.003754256,0.0,0.0,0.0,0.0,0.006224161,0.0,0.0,0.0,0.0,0.0,0.0,0.0,0.0,0.0,0.0,0.013312789,0.032503953,0.0,0.0,0.0,0.018845377,0.007837833,0.013831469,0.0,0.0,0.0,0.0,0.0,0.0,0.0,0.001383147,0.0,0.0,0.0,0.001844196,0.0,0.026193345,0.0,0.002954905,0.006915735,0.0,0.002161167,0.0,0.058322696,0.0,0.0,0.0,0.0,0.0,0.0,0.0,0.0,0.011756749,0.0,0.0,0.0,0.0,0.0,0.0,0.0,0.0,0.0,0.0,0.0,0.0,0.0,0.0,0.0,0.0,0.0,0.0,0.0,0.0,0.0,0.000922098,0.0,0.000345787,0.0,0.0,0.0,0.0,0.0,0.0,0.0,0.0,0.0,0.0,0.0,0.0,0.01590619,0.0,0.0,0.0,0.0,0.0,0.0,0.0,0.0,0.0,0.0,0.0,0.0,0.0,0.0,0.0,0.0,0.0,0.0,0.0,0.0,0.0,0.0,0.0,0.0,0.0,0.0,0.0,0.0,0.0,0.0,0.0,0.0,0.0,0.0,0.0,0.030083446,0.0
ERR1513861,0.0,0.000424121,0.001166332,0.0,0.0,0.0,0.002968846,0.0,0.0,0.0,0.0,0.0,0.0,0.0,0.0,0.0,0.0,0.0,0.0,0.1565536,0.0,0.0,0.008270356,0.0,0.0,0.0,0.000742211,0.0,0.0,0.0,0.0,0.0,0.0,0.0,0.0,0.0,0.0,0.0,0.0101789,0.0,0.0,0.019721618,0.0,0.0,0.018767347,0.0,0.0,0.022001268,0.0,0.0,0.027885944,0.017813075,0.0,0.0,0.000742211,0.0,0.0,0.0,0.0,0.014738199,0.0,0.0,0.066162849,0.0,0.0,0.0,0.000914511,0.000636181,0.0,0.0,0.0,0.0,0.0,0.0,0.0,0.0,0.0,0.0,0.0,0.0,0.0,0.0,0.0,0.0,0.0,0.0,0.0,0.0,0.0,0.0,0.0,0.0,0.0,0.0,0.0,0.0,0.0,0.0,0.0,0.0,0.0,0.0,0.0,0.0,0.0,0.0,0.0,0.0,0.001272362,0.0,0.0,0.0,0.0,0.0,0.0,0.0,0.0,0.0,0.0,0.0,0.0,0.0,0.0,0.0,0.0,0.0,0.0,0.0,0.0,0.000371106,0.0,0.00400264,0.0,0.000530151,0.0,0.0,0.0,0.000164936,0.0,0.0,0.023856797,0.0,0.0,0.0,0.0,0.004710771,0.0,0.0,0.0,0.0,0.004559299,0.0,0.0,0.0,0.006722315,0.0,0.0,0.0,0.0,0.0,0.0,0.002438695,0.434299727,0.0,0.0,0.0,0.00649435,0.000141374,0.004771359,0.0,0.0,0.0,0.0,0.0,0.0,0.0,0.000795227,0.0,0.0,0.0,0.0,0.0,0.008137818,0.002261978,0.000612083,0.0,0.0,0.000145792,0.0,0.07542282,0.0,0.0,0.0,0.0,0.0,0.0,0.0,0.0,0.00259774,0.0,0.0,0.0,0.0,0.000265076,0.0,0.000318091,0.00021206,3.53e-05,0.0,0.0,7.07e-05,0.0,0.0,0.0,0.0,0.0,0.0,0.0,0.0,0.000530151,0.000247404,0.0,0.000132538,0.0,0.0,0.0,0.0,0.000353434,0.000742211,0.0,0.0,0.0,0.0,0.0,0.0,0.0,0.0,0.0,0.0,0.0,0.0,0.0,0.0,0.000141374,0.0,0.0,0.0,0.0,0.0,0.0,0.0,0.0,0.0,0.0,0.0,0.0,0.0,0.0,0.0,0.0,0.0,0.0,0.0,0.0,0.0,0.0,0.0,0.0,0.0,0.0,0.0,0.000636181,0.0
ERR1513862,0.0,0.0,0.0,0.0,0.0,0.0,0.0,0.0,0.0,0.0,0.0,0.0,0.0,0.0,0.0,0.0,0.0,0.0,0.0,0.050521292,0.0,0.0,0.0,0.0,0.0,0.0,0.0,0.0,0.0,0.0,0.0,0.0,0.0,0.0,0.0,0.0,0.0,0.0,0.013167784,0.0,0.0,0.034397476,0.0,0.0,0.027947949,0.0,0.0,0.238901217,0.0,0.0,0.034074999,0.011107518,0.001970689,0.0,0.0,0.0,0.0,0.0,0.0,0.026873028,0.0,0.0,0.017198738,0.0,0.0,0.0,0.0,0.001182413,0.0,0.00662868,0.0,0.0,0.0,0.0,0.0,0.0,0.0,0.0,0.0,0.0,0.0,0.0,0.0,0.0,0.0,0.0,0.0,0.0,0.0,0.0,0.0,0.0,0.0,0.0,0.0,0.0,0.0,0.0,0.0,0.0,0.0,0.0,0.0,0.0,0.0,0.0,0.0,0.0,0.001612382,0.0,0.0,0.0,0.0,0.0,0.0,0.0,0.0,0.001209286,0.0,0.0,0.0,0.0,0.0,0.0,0.0,0.0,0.0,0.0,0.0,0.010749211,0.0,0.011107518,0.0,0.0,0.0,0.0,0.0,0.0,0.0,0.0,0.027410488,0.0,0.0,0.0,0.0,0.003762224,0.022035883,0.08679988,0.00204235,0.0,0.019886041,0.0,0.0,0.0,0.008061908,0.0,0.0,0.0,0.0,0.0,0.0,0.0,0.162850548,0.0,0.0,0.0,0.001343651,0.0,0.0,0.0,0.0,0.0,0.0,0.0,0.0,0.0,0.0,0.0,0.0,0.0,0.0,0.0,0.023110804,0.008778522,0.00036645,0.0,0.0,0.0,0.002149842,0.031889326,0.017467468,0.0,0.0,0.0,0.010144568,0.0,0.0,0.0,0.0,0.0,0.0,0.0,0.0,0.0,0.0,0.0,0.0,0.0,0.0,0.0,0.0,0.0,0.0,0.0,0.0,0.0,0.0,0.0,0.0,0.0,0.0,0.0,0.0,0.0,0.0,0.013436514,0.0,0.0,0.0,0.0,0.0,0.0,0.0,0.0,0.0,0.0,0.0,0.0,0.0,0.0,0.0,0.0,0.0,0.0,0.0,0.0,0.0,0.0,0.0,0.0,0.0,0.0,0.0,0.0,0.0,0.0,0.0,0.0,0.0,0.0,0.0,0.0,0.0,0.0,0.0,0.0,0.0,0.0,0.0,0.0,0.001612382,0.01907985,0.0
ERR1513868,0.0,0.0,0.0,0.0,0.0,0.0,0.0,0.0,0.0,0.0,0.0,0.0,0.0,0.0,0.0,0.0,0.0,0.0,0.0,0.0,0.0,0.0,0.0,0.0,0.0,0.0,0.0,0.0,0.0,0.0,0.0,0.0,0.0,0.0,0.0,0.0,0.0,0.0,0.013807017,0.0,0.0,0.0,0.0,0.0,0.0,0.0,0.0,0.157977963,0.0,0.0,0.039815584,0.0,0.0,0.0,0.001712498,0.037246837,0.0,0.0,0.0,0.0,0.0,0.0,0.0,0.0,0.0,0.0,0.0,0.0,0.0,0.0,0.0,0.0,0.0,0.0,0.0,0.0,0.0,0.0,0.0,0.0,0.0,0.0,0.0,0.0,0.0,0.0,0.0,0.0,0.0,0.0,0.009846865,0.0,0.0,0.0,0.0,0.0,0.0,0.0,0.0,0.0,0.0,0.0,0.0,0.0,0.0,0.0,0.0,0.0,0.0,0.0,0.0,0.0,0.0,0.0,0.0,0.0,0.0,0.0,0.0,0.0,0.0,0.0,0.0,0.0,0.0,0.0,0.0,0.0,0.0,0.0,0.0,0.003317965,0.0,0.0,0.0,0.0,0.0,0.002140623,0.0,0.0,0.0,0.0,0.003424996,0.005779682,0.0,0.001467856,0.0,0.0,0.0,0.0,0.0,0.0,0.0,0.0,0.0,0.0,0.0,0.0,0.0,0.0,0.0,0.0,0.147702973,0.0,0.0,0.0,0.0,0.001498436,0.037246837,0.0,0.0,0.0,0.0,0.0,0.0,0.0,0.0,0.0,0.0,0.0,0.0,0.0,0.0,0.034249965,0.000992471,0.0,0.0,0.004976948,0.0,0.0,0.0,0.0,0.0,0.0,0.0,0.0,0.0,0.0,0.0,0.0,0.0,0.0,0.0,0.0,0.0,0.0,0.0,0.0,0.0,0.0,0.0,0.0,0.0,0.0,0.0,0.0,0.003853121,0.0,0.0,0.0,0.0,0.0,0.0,0.0,0.0,0.0,0.0,0.009846865,0.0,0.0,0.0,0.0,0.0,0.0,0.0,0.0,0.0,0.0,0.0,0.0,0.0,0.0,0.0,0.0,0.0,0.0,0.0,0.0,0.0,0.0,0.0,0.0,0.0,0.0,0.0,0.0,0.0,0.389165225,0.0,0.0,0.0,0.0,0.0,0.0,0.0,0.0,0.0,0.0,0.0,0.0,0.0,0.0,0.0
ERR1513870,0.0,0.0,0.0,0.0,0.0,0.0,0.000234389,0.0,0.0,0.0,0.0,0.0,0.0,0.0,0.0,0.0,0.0,0.0,0.0,0.071019964,0.0,0.0,0.0,0.0,0.0,0.0,0.0,0.0,0.0,0.0,0.0,0.0,0.000803621,0.0,0.0,0.0,0.0,0.0,0.004386429,0.0,0.0,0.014264264,0.0,0.0,0.0,0.0,0.0,0.145455315,0.0,0.0,0.0,0.017679652,0.006696838,0.0,0.000502263,0.0,0.0,0.0,0.0,0.0,0.0,0.0,0.059668824,0.0,0.0,0.0,0.0,0.002129594,0.0,0.0,0.0,0.0,0.0,0.0,0.0,0.0,0.0,0.0,0.0,0.0,0.0,0.0,0.0,0.0,0.0,0.0,0.0,0.0,0.0,0.0,0.000267874,0.0,0.0,0.0,0.0,0.0,0.0,0.0,0.0,0.0,0.0,0.0,0.0,0.0,0.0,0.0,0.0,0.0,0.00391765,0.0,0.0,0.0,0.0,0.0,0.0,0.0,0.0,0.015469695,0.0,0.0,0.0,0.0,0.0,0.0,0.0,0.0,0.0,0.0,0.0,0.004821723,0.0,0.007533942,0.0,0.0,0.0,0.0,0.0,0.00055807,0.0,0.0,0.026117667,0.0,0.0,0.0,0.0,0.001865548,0.005826249,0.0,0.008196929,0.0,0.017478746,0.0,0.0,0.0,0.032827899,0.0,0.0,0.0,0.0,0.0,0.0,0.017478746,0.272025548,0.015469695,0.0,0.0,0.0,0.000870589,0.0,0.0,0.000954299,0.0,0.0,0.0,0.0,0.0,0.000602715,0.0,0.0,0.0,0.0,0.0,0.010547519,0.008638921,0.001753354,0.001205431,0.0,0.0,0.0,0.057659773,0.0,0.0,0.0,0.0,0.0,0.0,0.0,0.0,0.002812672,0.0,0.0,0.0,0.0,0.005625344,0.0,0.0,0.0,4.46e-05,0.0,0.0,4.46e-05,0.0,0.0,0.0,0.0,0.0,0.0,0.0,0.0,0.001004526,0.0,0.0,0.0,0.0,0.0,0.065160231,0.0,0.000535747,0.0,0.0,0.0,0.0,0.0,0.0,0.0,0.0,0.0,0.0,0.0,0.0,0.0,0.0,0.0,0.000870589,0.0,0.0,0.0,0.0,0.0,0.0,0.0,0.0,0.001406336,0.0,0.0,0.0,0.0,0.0,0.0,0.025514952,0.0,0.0,0.0,0.0,0.0,0.0,0.0,0.0,0.0,0.0,0.0,0.0,0.0
ERR1513871,0.0,0.0,0.000517568,0.0,0.0,0.0,0.0,0.0,0.0,0.0,0.0,0.0,0.0,0.0,0.0,0.0,0.0,0.0,0.0,0.128874403,0.0,0.0,0.0,0.0,0.0,0.0,0.000345045,0.0,0.0,0.0,0.0,0.0,0.0,0.0,0.0,0.0,0.0,0.0,0.027625186,0.0,0.0,0.024843258,0.0,0.0,0.022514203,0.0,0.0,0.0,0.0,0.0,0.00693541,0.007073428,0.0,0.0,0.002846623,0.0,0.0,0.0,0.0,0.002587839,0.0,0.0,0.010092574,0.0,0.0,0.0,0.00064696,0.000414054,0.0,0.0,0.0,0.0,0.0,0.0,0.0,0.0,0.0,0.0,0.0,0.0,0.0,0.0,0.0,0.0,0.0,0.0,0.0,0.0,0.0,0.0,0.0,0.0,0.0,0.0,0.0,0.0,0.0,0.0,0.0,0.0,0.0,0.0,0.0,0.0,0.0,0.0,0.0,0.0,0.001164528,0.0,0.0,0.0,0.0,0.0,0.0,0.0,0.0,0.0,0.0,0.0,0.0,0.0,0.0,0.0,0.0,0.0,0.0,0.0,0.0,0.0,0.0,0.011688408,0.0,0.000948874,0.0,0.0,0.0,0.013543026,0.003105407,0.017856092,0.0,0.0,0.0,0.002846623,0.0,0.003733883,0.0,0.0,0.0,0.0,0.0,0.0,0.0,0.0,0.001242163,0.0,0.0,0.0,0.0,0.0,0.0,0.000711656,0.032089209,0.0,0.0,0.0,0.0,0.00064696,0.020961499,0.0,0.0,0.0,0.0,0.0,0.0,0.0,0.00064696,0.0,0.0,0.0,0.000819482,0.0,0.02513439,0.0,0.010433698,0.0,0.0,0.000744004,0.0,0.016217127,0.0,0.0,0.0,0.0,0.0,0.0,0.0,0.0,0.0,0.0,0.0,0.0,0.0,0.0,0.0,0.0,0.000905744,0.0,0.0,0.0,0.0,0.0,0.000776352,0.0,0.0,0.0,0.0,0.0,0.0,0.0,0.0,0.002329055,0.002070272,0.0,0.0,0.0,0.0,0.0,0.0,0.0,0.0,0.0,0.0,0.0,0.0,0.0,0.0,0.0,0.0,0.0,0.0,0.0,0.0,0.0,0.0,0.0,0.0,0.0,0.0,0.0,0.0,0.0,0.000776352,0.0,0.0,0.0,0.0,0.0,0.0,0.0,0.0,0.0,0.0,0.0,0.0,0.0,0.0,0.0,0.0,0.0,0.0,0.587180765,0.0
ERR1513879,0.0,0.0,0.0,0.0,0.0,0.0,0.0,0.0,0.0,0.0,0.0,0.0,0.0,0.0,0.0,0.0,0.0,0.0,0.0,0.030199428,0.0,0.0,0.0,0.0,0.0,0.0,0.0,0.0,0.0,0.0,0.0,0.0,0.0,0.0,0.0,0.0,0.0,0.0,0.08329197,0.0,0.0,0.0,0.0,0.0,0.0,0.0,0.0,0.649287692,0.0,0.0,0.0,0.025653277,0.0,0.0,0.001461263,0.0,0.0,0.0,0.0,0.0,0.0,0.0,0.151971313,0.0,0.0,0.0,0.0,0.001363845,0.0,0.0,0.0,0.0,0.0,0.0,0.0,0.0,0.0,0.0,0.0,0.0,0.0,0.0,0.0,0.007793401,0.0,0.0,0.0,0.0,0.0,0.0,0.0,0.0,0.0,0.0,0.0,0.0,0.0,0.0,0.0,0.0,0.0,0.0,0.0,0.0,0.0,0.0,0.0,0.0,0.0,0.0,0.0,0.0,0.0,0.0,0.0,0.0,0.0,0.0,0.0,0.0,0.0,0.0,0.0,0.0,0.0,0.0,0.0,0.0,0.0,0.0,0.0,0.0025978,0.0,0.0,0.0,0.0,0.0,0.000974175,0.0,0.0,0.0,0.0,0.0,0.0,0.0,0.0,0.0,0.0,0.0,0.0,0.0,0.0,0.0,0.0,0.0,0.0,0.0,0.0,0.0,0.0,0.0,0.004870875,0.0,0.0,0.0,0.0,0.0,0.004383788,0.011690101,0.0,0.0,0.0,0.0,0.0,0.0,0.0,0.000974175,0.0,0.0,0.0,0.0,0.0,0.0,0.0,0.0,0.0,0.0,0.000487088,0.0,0.0,0.0,0.0,0.0,0.0,0.001583035,0.0,0.0,0.0,0.0,0.0,0.0,0.0,0.0,0.0,0.0,0.0,0.006332138,0.000216483,0.0,0.0,0.0,0.0,0.000487088,0.0,0.0,0.0,0.0,0.0,0.0,0.0,0.00064945,0.0,0.000487088,0.0,0.0,0.0,0.0,0.004870875,0.0,0.0,0.0,0.0,0.0,0.0,0.0,0.0,0.0,0.0,0.0,0.0,0.0,0.0,0.0,0.0,0.0,0.0,0.0,0.0,0.0,0.0,0.0,0.002435438,0.0,0.0,0.0,0.0,0.0,0.0,0.0,0.0,0.0,0.002922525,0.0,0.0,0.0,0.0,0.0,0.0,0.0,0.0,0.0,0.0,0.0
ERR1513883,0.0,0.0,0.0,0.0,0.0,0.0,0.0,0.0,0.0,0.0,0.0,0.0,0.0,0.0,0.0,0.0,0.0,0.0,0.0,0.014197068,0.0,0.0,0.0,0.0,0.0,0.0,0.0,0.0,0.0,0.0,0.0,0.0,0.0,0.0,0.0,0.0,0.001812392,0.0,0.059456515,0.0,0.0,0.100889802,0.052559358,0.027790005,0.0,0.0,0.0,0.095150562,0.0,0.0,0.023319439,0.019936308,0.0,0.0,0.0,0.0,0.0,0.0,0.0,0.0,0.0,0.0,0.0,0.0,0.0,0.0,0.002189973,0.001449913,0.0,0.0,0.0,0.0,0.0,0.0,0.0,0.0,0.0,0.0,0.0,0.0,0.0,0.0,0.0,0.0,0.0,0.0,0.0,0.0,0.0,0.0,0.0,0.0,0.0,0.0,0.0,0.0,0.0,0.0,0.0,0.0,0.011478481,0.0,0.0,0.0,0.0,0.0,0.0,0.0,0.022956961,0.0,0.0,0.0,0.0,0.0,0.0,0.0,0.0,0.011780546,0.0,0.0,0.0,0.0,0.0,0.006645436,0.0,0.0,0.0,0.0,0.0,0.003020653,0.0,0.00991781,0.0,0.0,0.0,0.0,0.0,0.0,0.0,0.0,0.019936308,0.0,0.005034421,0.0,0.0,0.00138087,0.0,0.0,0.001570739,0.0,0.045913922,0.0,0.0,0.0,0.011720133,0.0,0.0,0.0,0.0,0.0,0.0,0.0,0.08759893,0.0,0.0,0.0,0.0,0.000805507,0.050746966,0.0,0.0,0.0,0.0,0.0,0.0,0.0,0.0,0.0,0.0,0.0,0.0,0.0,0.053994168,0.006444059,0.008100842,0.0,0.0,0.0,0.0,0.010270219,0.0,0.0,0.0,0.0,0.0,0.0,0.0,0.0,0.0,0.0,0.0,0.0,0.0,0.001510326,0.0,0.0,0.0,0.0,0.0,0.0,0.0,0.0,0.0,0.0,0.0,0.0,0.0,0.0,0.0,0.0,0.0,0.015707394,0.0,0.0,0.0,0.017318409,0.0,0.0,0.0,0.0,0.0,0.0,0.0,0.0,0.0,0.0,0.0,0.0,0.0,0.0,0.0,0.0,0.0,0.0,0.0,0.0,0.0,0.0,0.0,0.0,0.0,0.0,0.0,0.0,0.0,0.0,0.0,0.0,0.0,0.003020653,0.0,0.0,0.0,0.0,0.0,0.0,0.0,0.0,0.0,0.0,0.0,0.134419048,0.0
ERR1513884,0.0,0.0,0.002022612,0.0,0.0,0.0,0.004180065,0.0,0.0,0.0,0.0,0.0,0.0,0.0,0.0,0.0,0.0,0.0,0.0,0.004045224,0.0,0.0,0.0,0.0,0.0,0.0,0.0,0.0,0.0,0.0,0.0,0.0,0.0,0.0,0.0,0.0,0.000809045,0.0,0.006270097,0.0,0.0,0.065128103,0.0,0.0,0.005258791,0.0,0.0,0.104569035,0.0,0.0,0.037539677,0.018608029,0.0,0.0,0.042137748,0.069739658,0.0,0.0,0.0,0.033575357,0.0,0.0,0.036002492,0.0,0.0,0.0,0.001112437,0.004045224,0.0,0.0,0.0,0.0,0.0,0.0,0.0,0.0,0.0,0.0,0.0,0.0,0.0,0.0,0.0,0.0,0.0,0.0,0.0,0.0,0.0,0.0,0.0,0.0,0.0,0.0,0.0,0.0,0.0,0.0,0.0,0.0,0.0,0.0,0.0,0.0,0.0,0.0,0.0,0.0,0.002427134,0.0,0.0,0.0,0.0,0.0,0.0,0.0,0.0,0.003033918,0.0,0.0,0.0,0.0,0.0,0.0,0.0,0.0,0.0,0.0,0.0,0.001415828,0.0,0.003505861,0.0,0.0,0.0,0.0,0.0,0.002921551,0.0,0.0,0.002831657,0.0,0.0,0.0,0.0,0.004912057,0.0,0.0,0.001132663,0.0,0.014158283,0.0,0.0,0.0,0.006795976,0.0,0.0,0.0,0.0,0.0,0.0,0.009000623,0.118929579,0.04247485,0.0,0.0,0.002528265,0.0,0.02548491,0.0,0.0,0.0,0.0,0.0,0.0,0.0,0.000606784,0.0,0.0,0.0,0.0,0.0,0.001264132,0.003505861,0.002445522,0.0,0.0,0.003489006,0.0,0.027912044,0.0,0.0,0.0,0.0,0.00171922,0.0,0.0,0.0,0.025080387,0.0,0.0,0.0,0.0,0.0,0.0,0.0,0.007079142,0.0,0.0,0.0,0.0,0.0,0.0,0.0,0.0,0.0,0.0,0.0,0.0,0.0,0.0,0.0,0.0,0.00161809,0.0,0.00161809,0.0,0.000943886,0.0,0.0,0.0,0.0,0.0,0.0,0.0,0.0,0.0,0.0,0.0,0.0,0.0,0.0,0.0,0.0,0.0,0.0,0.0,0.0,0.0,0.0,0.0,0.009506276,0.0,0.0,0.0,0.0,0.0,0.0,0.0,0.002022612,0.0,0.0,0.0,0.0,0.0,0.0,0.0,0.0,0.0,0.0,0.0,0.160393123,0.0
ERR1513894,0.0,0.0,0.001198014,0.0,0.0,0.0,0.000798676,0.0,0.0,0.0,0.0,0.0,0.0,0.0,0.0,0.0,0.0,0.0,0.0,0.002196358,0.0,0.0,0.0,0.0,0.0,0.0,0.0,0.0,0.0,0.0,0.0,0.0,0.0,0.0,0.0,0.0,0.0,0.0,0.005823677,0.0,0.0,0.388955078,0.0,0.0,0.01677219,0.0,0.0,0.238404704,0.0,0.0,0.0,0.062562932,0.0,0.0,0.000665563,0.0,0.0,0.0,0.0,0.028352988,0.0,0.0,0.106623209,0.0,0.0,0.0,0.0,0.031867161,0.0,0.0,0.0,0.0,0.0,0.0,0.0,0.001198014,0.0,0.0,0.0,0.0,0.0,0.0,0.0,0.0,0.0,0.0,0.0,0.0,0.0,0.0,0.0,0.0,0.0,0.0,0.0,0.0,0.0,0.0,0.0,0.0,0.0,0.0,0.0,0.0,0.0,0.0,0.0,0.0,0.000599007,0.0,0.0,0.0,0.0,0.0,0.0,0.0,0.0,0.000798676,0.0,0.0,0.0,0.0,0.0,0.0,0.0,0.0,0.000299503,0.0,0.0,0.000998345,0.0,0.001031623,0.0,0.000798676,0.0,0.0,0.0,0.001242384,0.0,0.0,0.0,0.0,0.0,0.008386095,0.0,0.000513434,0.001996689,0.0,0.0,0.0,0.0,0.0,0.0,0.0,0.0,0.0,0.0,0.0,0.0,0.0,0.0,0.0,0.003594041,0.0,0.0,0.0,0.002995034,0.000865232,0.020765569,0.0,0.0,0.0,0.0,0.0,0.0,0.0,0.001198014,0.0,0.0,0.0,0.000798676,0.0,0.000798676,0.001198014,0.000508248,0.0,0.0,0.001397683,0.0,0.012778812,0.0,0.0,0.0,0.0,0.0,0.0,0.0,0.0,0.015973515,0.0,0.0,0.0,0.0,0.0,0.0,0.0,0.00379371,0.0,0.0,0.0,0.0,0.0,0.0,0.0,0.0,0.0,0.0,0.0,0.0,0.0,0.0,0.003194703,0.0,0.0,0.0,0.0,0.0,0.002662252,0.0,0.0,0.0,0.0,0.0,0.0,0.0,0.0,0.0,0.0,0.0,0.0,0.0,0.0,0.0,0.001597351,0.0,0.0,0.0,0.0,0.0,0.0,0.0,0.0,0.001198014,0.0,0.0,0.0,0.0,0.0,0.0,0.0,0.0,0.0,0.0,0.0,0.0,0.0,0.0,0.0,0.0,0.0,0.0,0.0,0.0
ERR1513898,0.0,0.0,0.0,0.0,0.0,0.0,0.000932481,0.0,0.0,0.0,0.0,0.0,0.0,0.0,0.0,0.0,0.0,0.0,0.0,0.003356931,0.0,0.0,0.0,0.0,0.0,0.0,0.0,0.0,0.0,0.0,0.0,0.0,0.0,0.0,0.0,0.0,0.00634087,0.0,0.059181449,0.0,0.0,0.022752532,0.064900665,0.015292685,0.0,0.0,0.0,0.074784961,0.0,0.0,0.003580726,0.037174902,0.001118977,0.0,0.0,0.0,0.0,0.0,0.0,0.013427724,0.0,0.0,0.017157647,0.0,0.0,0.0,0.00046624,0.003356931,0.0,0.071490196,0.0,0.0,0.0,0.0,0.0,0.0,0.0,0.0,0.0,0.0,0.0,0.0,0.0,0.0,0.0,0.0,0.0,0.0,0.0,0.0,0.0,0.0,0.0,0.0,0.0,0.0,0.0,0.0,0.0,0.0,0.0,0.0,0.0,0.0,0.0,0.0,0.0,0.0,0.0,0.0,0.0,0.0,0.0,0.0,0.0,0.0,0.0,0.006247621,0.0,0.0,0.0,0.0,0.0,0.0,0.0,0.0,0.0,0.0,0.0,0.002237954,0.0,0.008205831,0.0,0.0,0.0,0.0,0.0,0.001864962,0.0,0.0,0.013427724,0.0,0.0,0.0,0.0,0.001172262,0.002610946,0.0,0.001193575,0.0,0.0,0.0,0.0,0.0,0.038940399,0.0,0.0,0.0,0.0,0.0,0.0,0.005874629,0.091010127,0.140245114,0.0,0.0,0.003450179,0.0,0.0,0.0,0.0,0.0,0.0,0.0,0.0,0.0,0.0,0.0,0.0,0.0,0.001056812,0.0,0.008205831,0.002486616,0.001949733,0.0,0.0,0.001538593,0.0,0.0,0.0,0.0,0.0,0.0,0.0,0.0,0.0,0.0,0.013987212,0.0,0.0,0.0,0.0,0.0,0.0,0.0,0.0,0.0,0.0,0.0,8.29e-05,0.0,0.0,0.0,0.0,0.0,0.0,0.0,0.0,0.0,0.0,0.0,0.0,0.0,0.0,0.00795717,0.0,0.0,0.0,0.0,0.0,0.0,0.0,0.0,0.0,0.0,0.0,0.0,0.0,0.0,0.0,0.0,0.0,0.0,0.0,0.0,0.00795717,0.0,0.0,0.0,0.0,0.0,0.0,0.0,0.0,0.0,0.0,0.0,0.0,0.0,0.0,0.0,0.0,0.0,0.0,0.0,0.178538993,0.0,0.0,0.0,0.0,0.017903632,0.0
ERR1513900,0.0,0.0,0.0,0.0,0.0,0.0,0.0,0.0,0.0,0.0,0.0,0.0,0.0,0.0,0.0,0.0,0.0,0.0,0.0,0.0,0.0,0.0,0.0,0.0,0.0,0.0,0.0,0.0,0.0,0.0,0.0,0.0,0.0,0.0,0.0,0.0,0.0,0.0,0.011196441,0.0,0.0,0.0,0.0,0.0,0.003410084,0.0,0.0,0.055072851,0.0,0.0,0.00163684,0.019323807,0.001932381,0.0,0.0,0.0,0.0,0.0,0.0,0.006820167,0.0,0.0,0.301110385,0.0,0.0,0.0,0.0,0.015208973,0.0,0.0,0.0,0.0,0.0,0.0,0.0,0.0,0.0,0.0,0.0,0.0,0.0,0.0,0.0,0.0,0.0,0.0,0.0,0.0,0.0,0.0,0.0,0.0,0.0,0.0,0.0,0.0,0.0,0.0,0.0,0.0,0.0,0.0,0.0,0.0,0.0,0.0,0.0,0.0,0.000511513,0.0,0.0,0.0,0.0,0.0,0.0,0.0,0.0,0.001023025,0.0,0.0,0.0,0.0,0.0,0.0,0.0,0.0,0.0,0.0,0.0,0.0,0.0,0.008752548,0.0,0.0,0.0,0.001705042,0.0,0.0,0.0,0.0,0.005115125,0.0,0.0,0.0,0.0,0.000730732,0.001705042,0.020460502,0.0,0.0,0.003751092,0.0,0.0,0.0,0.010366654,0.0,0.0,0.0,0.0,0.0,0.0,0.01670941,0.136062337,0.005797142,0.0,0.0,0.001364033,0.000284174,0.0,0.000341008,0.0,0.0,0.0,0.0,0.0,0.0,0.0,0.0,0.0,0.0,0.000284174,0.0,0.014023969,0.027621677,0.00162754,0.0,0.0,0.000170504,0.0,0.010798598,0.0,0.0,0.0,0.0,0.000511513,0.0,0.0,0.0,0.003410084,0.0,0.0,0.0,0.0,0.002387059,0.0,0.0,0.0,0.0,0.0,0.0,0.0,0.0,0.0,0.0,0.0,0.0,0.017732435,0.0,0.0,0.0,0.0,0.0,0.0,0.0,0.0,0.0,0.0,0.0,0.005115125,0.0,0.0,0.0,0.0,0.0,0.0,0.0,0.0,0.0,0.0,0.0,0.0,0.0,0.0,0.001364033,0.0,0.0,0.0,0.0,0.0,0.0,0.0,0.0,0.000682017,0.0,0.0,0.0,0.0,0.0,0.0,0.0,0.0,0.0,0.0,0.0,0.0,0.0,0.0,0.0,0.0,0.0,0.0,0.009207226,0.0
ERR1513901,0.0,0.0,0.0,0.0,0.0,0.0,0.004313175,0.0,0.0,0.0,0.0,0.0,0.0,0.0,0.0,0.0,0.0,0.0,0.0,0.043399652,0.0,0.0,0.003857747,0.0,0.0,0.0,0.0,0.0,0.0,0.0,0.0,0.0,0.000482218,0.0,0.0,0.0,0.0,0.0,0.012095644,0.0,0.0,0.102873249,0.0,0.0,0.008197712,0.0,0.0,0.286678811,0.0,0.0,0.02530039,0.0,0.0,0.0,0.000214319,0.0,0.0,0.0,0.0,0.135021139,0.0,0.0,0.0,0.0,0.0,0.0,0.0,0.004597148,0.0,0.0,0.0,0.0,0.0,0.0,0.0,0.0,0.0,0.0,0.0,0.0,0.0,0.0,0.0,0.0,0.0,0.0,0.0,0.0,0.0,0.0,0.0,0.0,0.0,0.0,0.0,0.0,0.0,0.0,0.0,0.0,0.0,0.0,0.0,0.0,0.0,0.0,0.0,0.0,0.003375528,0.0,0.0,0.0,0.0,0.0,0.0,0.0,0.0,0.0,0.0,0.0,0.0,0.0,0.0,0.0,0.0,0.0,0.0,0.0,0.0,0.0,0.0,0.006282234,0.0,0.0,0.0,0.0,0.0,8.93e-05,0.0,0.0,0.038255989,0.0,0.0,0.001044806,0.0,0.002365166,0.007394015,0.0,0.001478803,0.0,0.010287325,0.0,0.0,0.0,0.005722324,0.0,0.0,0.0,0.0,0.0,0.0,0.001888689,0.029576059,0.001928873,0.0,0.0,0.001366285,0.0,0.0,0.0,0.0,0.0,0.0,0.0,0.0,0.0,0.000160739,0.0,0.0,0.0,0.0,0.0,0.020655019,0.001339495,0.004486092,0.0,0.0,0.001346193,0.0,0.024539556,0.00297368,0.0,0.0,0.0,0.018243928,0.0,0.0,0.0,0.0,0.0,0.0,0.0,0.0,0.0,0.0,0.0,0.0,0.0,0.0,0.0,3.57e-05,0.0,0.0,0.0,0.0,0.0,0.0,0.0,0.0,0.000321479,0.0,0.0,0.000321479,0.0,0.0,0.0,0.0,0.0,0.00305405,0.0,0.0,0.0,0.0,0.0,0.0,0.0,0.0,0.0,0.0,0.0,0.0,0.0,0.0,0.0,0.0,0.0,0.0,0.0,0.0,0.0,0.0,0.0,0.0,0.0,0.0,0.0,0.0,0.0,0.0,0.0,0.0,0.0,0.0,0.0,0.0,0.0,0.0,0.0,0.0,0.0,0.0,0.167651247,0.0
ERR1513906,0.000200993,0.0,0.009165294,0.0,0.0,0.0,0.002251125,0.0,0.0,0.0,0.0,0.0,0.0,0.0,0.0,0.0,0.0,0.0,0.0,0.002733509,0.0,0.0,0.0,0.0,0.0,0.000643179,0.000160795,0.0,0.0,0.0,0.0,0.0,0.0,0.0,0.0,0.0,0.0,0.0,0.040681041,0.0,0.0,0.207746662,0.0,0.0,0.016079463,0.0,0.0,0.016803039,0.0,0.0,0.001672264,0.002840705,0.011416419,0.0,0.034651243,0.0,0.0,0.0,0.0,0.00418066,0.0,0.0,0.0,0.0,0.081362083,0.0,0.000442185,0.002733509,0.0,0.0,0.0,0.0,0.0,0.0,0.0,0.0,0.0,0.0,0.0,0.0,0.0,0.0,0.0,0.0,0.0,0.0,0.0,0.0,0.0,0.0,0.0,0.0,0.0,0.0,0.0,0.0,0.0,0.0,0.0,0.0,0.0,0.0,0.0,0.0,0.0,0.0,0.0,0.0,0.009808472,0.0,0.0,0.0,0.0,0.0,0.0,0.0,0.0,0.000482384,0.0,0.0,0.0,0.0,0.0,0.0,0.0,0.0,0.000241192,0.0,0.0,0.0,0.0,0.000361788,0.0,0.0,0.0,0.035214024,0.0,0.000214393,0.000723576,0.0,0.006753374,0.0,0.003751875,0.0,0.0,0.0,0.002411919,0.001768741,0.000385907,0.0,0.001447152,0.000803973,0.0,0.0,0.004695203,0.0,0.0,0.0,0.0,0.0,0.0,0.0,0.005627812,0.0,0.0,0.0,0.0,0.001581147,0.004019866,0.000375187,0.0,0.0,0.0,0.0,0.0,0.0,0.000241192,0.0,0.0,0.0,0.000455585,0.0,0.001949635,0.000535982,0.0,0.0,0.0,0.000120596,0.0,0.01018366,0.0,0.0,0.0,0.0,0.000502483,0.0,0.0,0.0,0.003617879,0.0,0.0,0.0,0.0,0.0,0.0,0.0,0.006190593,0.000446652,0.0,0.000964768,0.001179161,0.0,0.000401987,0.0,0.00209033,0.0,0.0,0.0,0.0,0.0,0.0,0.003537482,0.0,0.0,0.0,0.001018366,0.0,0.00150075,0.000964768,0.0,0.0,0.0,0.0,0.0,0.0,0.0,0.0,0.0,0.0,0.0,0.0,0.0,0.0,0.0,0.0,0.0,0.0,0.0,0.0,0.0,0.0,0.003457085,0.0,0.0,0.0,0.0,0.0,0.0,0.0,0.0,0.0,0.0,0.0,0.0,0.0,0.0,0.0,0.0,0.0,0.0,0.003778674,0.077744204,0.0
ERR1513911,0.0,0.000508923,0.0,0.0,0.0,0.0,0.0,0.0,0.0,0.0,0.0,0.0,0.0,0.0,0.0,0.0,0.0,0.0,0.0,0.006997691,0.0,0.0,0.0,0.0,0.0,0.0,0.0,0.0,0.0,0.0,0.0,0.0,0.0,0.0,0.0,0.0,0.0,0.0,0.000424102,0.0,0.0,0.00508923,0.0,0.0,0.0,0.0,0.0,0.002290153,0.0,0.0,0.011603444,0.003901743,0.0,0.0,0.001145077,0.0,0.0,0.0,0.0,0.0,0.0,0.0,0.014758767,0.0,0.0,0.0,0.000190846,0.000203569,0.0,0.0,0.0,0.0,0.0,0.0,0.006361537,0.0,0.0,0.0,0.0,0.0,0.0,0.0,0.0,0.0,0.0,0.0,0.0,0.0,0.0,0.0,0.0,0.0,0.0,0.0,0.0,0.0,0.0,0.0,0.0,0.0,0.0,0.0,0.0,0.0,0.0,0.0,0.0,0.0,0.0,0.0,0.0,0.0,0.0,0.0,0.0,0.0,0.0,0.000572538,0.0,0.0,0.0,0.0,0.0,0.0,0.0,0.0,0.0,0.0,0.000890615,0.001017846,0.0,0.001208692,0.0,0.0,0.0,0.0,0.0,0.0,0.0,0.0,0.012214152,0.0,0.0,0.0,0.0,0.001090549,0.008906152,0.015903843,0.0,0.0,0.013231998,0.0,0.0,0.0,0.005191014,0.0,0.0,0.0,0.0,0.0,0.0,0.0,0.017557843,0.002035692,0.0,0.0,0.0,0.0,0.217310116,0.0,0.0,0.0,0.0,0.0,0.0,0.0,0.001017846,0.0,0.0,0.0,0.0,0.0,0.000763384,0.005004409,0.001353272,0.0,0.0,0.000667961,0.0,0.006191896,0.0,0.0,0.0,0.0,0.0,0.0,0.0,0.0,0.0,0.0,0.0,0.0,0.0,0.0,0.0,0.0,0.0,0.0,0.0,0.0,0.0,0.0,0.0,0.0,0.0,0.0,0.0,0.0,0.0,0.0,0.0,0.0,0.0,0.0,0.0,0.006531178,0.0,0.0,0.0,0.0,0.0,0.0,0.0,0.0,0.0,0.0,0.0,0.0,0.0,0.0,0.0,0.0,0.0,0.0,0.0,0.0,0.0,0.0,0.0,0.0,0.0,0.0,0.0,0.0,0.0,0.0,0.0,0.0,0.0,0.0,0.0,0.0,0.0,0.0,0.0,0.0,0.0,0.0,0.0,0.00687046,0.0,0.55192698,0.0
ERR1513918,0.0,0.0,0.0,0.0,0.0,0.0,0.0,0.0,0.0,0.0,0.0,0.0,0.0,0.0,0.0,0.0,0.0,0.0,0.0,0.001020229,0.0,0.0,0.0,0.0,0.0,0.0,0.0,0.0,0.0,0.0,0.0,0.0,0.0,0.0,0.0,0.0,0.0,0.0,0.090942037,0.0,0.0,0.047950741,0.0,0.0,0.0,0.0,0.0,0.087059501,0.0,0.0,0.022785104,0.0,0.0,0.0,0.000566794,0.0,0.0,0.0,0.0,0.060533559,0.0,0.0,0.005101143,0.0,0.0,0.0,0.0,0.001496335,0.0,0.0,0.0,0.0,0.0,0.0,0.0,0.0,0.0,0.0,0.0,0.0,0.0,0.0,0.0,0.0,0.0,0.0,0.0,0.0,0.0,0.0,0.0,0.0,0.0,0.0,0.0,0.0,0.0,0.0,0.0,0.0,0.005611257,0.0,0.0,0.0,0.0,0.0,0.0,0.0,0.002210495,0.0,0.0,0.0,0.0,0.0,0.0,0.0,0.0,0.0,0.0,0.0,0.0,0.0,0.0,0.0,0.0,0.0,0.0,0.0,0.0,0.0,0.0,0.004534349,0.0,0.0,0.0,0.0,0.0,0.001095801,0.0,0.0,0.019044266,0.0,0.0,0.001020229,0.0,0.004809649,0.0,0.0,0.000748168,0.0,0.014623275,0.0,0.0,0.0,0.001360305,0.0,0.0,0.0,0.0,0.0,0.0,0.004165933,0.451281083,0.069375539,0.0,0.0,0.004846085,0.0,0.006121371,0.0,0.0,0.0,0.0,0.0,0.0,0.0,0.0,0.0,0.0,0.0,0.0,0.0,0.027801227,0.001700381,0.00061832,0.0,0.0,0.000127529,0.0,0.0,0.005101143,0.0,0.0,0.0,0.0,0.0,0.0,0.0,0.0,0.0,0.0,0.0,0.0,0.0,0.0,0.0,0.0,0.00030229,0.0,0.0,0.000151145,0.0,0.0,0.0,0.000680152,0.0,0.0,0.0,0.0,0.001360305,0.0,0.0,0.0,0.0,0.0,0.0,0.0,0.0,0.0,0.0,0.0,0.0,0.0,0.0,0.0,0.0,0.0,0.0,0.0,0.0,0.0,0.0,0.0,0.0,0.0,0.0,0.0,0.0,0.0,0.0,0.0,0.002040457,0.0,0.0,0.0,0.0,0.0,0.0,0.0,0.001700381,0.0,0.0,0.0,0.0,0.0,0.0,0.0,0.0,0.0,0.0,0.0,0.0,0.0
ERR1513924,0.0,0.0,0.002226424,0.0,0.0,0.0,0.000848161,0.0,0.0,0.0,0.0,0.0,0.0,0.0,0.0,0.0,0.0,0.0,0.0,0.089852093,0.0,0.0,0.0,0.0,0.0,0.0,0.0,0.0,0.0,0.0,0.0,0.0,0.0,0.0,0.0,0.0,0.0,0.0,0.007712967,0.0,0.0,0.076970643,0.0,0.0,0.0,0.0,0.0,0.003180605,0.0,0.0,0.004961744,0.009647835,0.0,0.0,0.002173413,0.000318061,0.0,0.0,0.0,0.0,0.0,0.0,0.014312723,0.0,0.0,0.0,0.001351757,0.003689502,0.0,0.0,0.0,0.0,0.0,0.0,0.0,0.0,0.0,0.0,0.0,0.0,0.0,0.0,0.0,0.0,0.0,0.0,0.0,0.0,0.0,0.0,0.0,0.0,0.0,0.0,0.0,0.009859876,0.0,0.0,0.0,0.0,0.003498666,0.0,0.0,0.0,0.0,0.0,0.0,0.0,0.000318061,0.0,0.0,0.0,0.0,0.0,0.0,0.0,0.0,0.002544484,0.0,0.0,0.0,0.0,0.0,0.0,0.0,0.0,0.0,0.0,0.0,0.000477091,0.0,0.00021204,0.0,0.0,0.0,0.048663258,0.0,0.001625643,0.0,0.0,0.004770908,0.0,0.0,0.0,0.0,0.000681558,0.0,0.10655027,0.0,0.0,0.0,0.0,0.0,0.0,0.001781139,0.0,0.0,0.0,0.0,0.0,0.0,0.000715636,0.0,0.007633452,0.0,0.0,0.0,0.000477091,0.005407029,0.000848161,0.0,0.0,0.0,0.0,0.0,0.0,0.0,0.0,0.0,0.0,0.0,0.0,0.003339635,0.0,0.00091081,0.0,0.0,0.002783029,0.0,0.01282844,0.0,0.0,0.0,0.0,0.007434664,0.0,0.0,0.0,0.0,0.0,0.0,0.0,0.0,0.0,0.0,0.0,0.001272242,0.00010602,0.0,0.0,0.0001767,0.0,0.0,0.0,0.0,0.0,0.018129449,0.0,0.0,0.001590303,0.0,0.0,0.0,0.0,0.003180605,0.0,0.0,0.001378262,0.0,0.0,0.0,0.0,0.0,0.0,0.0,0.0,0.0,0.0,0.0,0.0,0.0,0.0,0.0,0.001378262,0.0,0.0,0.0,0.0,0.0,0.0,0.0,0.001272242,0.0,0.0,0.0,0.0,0.0,0.0,0.0,0.0,0.0,0.0,0.0,0.0,0.0,0.0,0.0,0.0,0.0,0.0,0.003339635,0.450373679,0.0
ERR1513926,0.0,0.0,0.0,0.0,0.001183903,0.0,0.005327565,0.0,0.0,0.0,0.0,0.0,0.0,0.0,0.0,0.0,0.0,0.0,0.0,0.004340979,0.0,0.0,0.0,0.0,0.0,0.0,0.0,0.0,0.0,0.0,0.0,0.0,0.0,0.0,0.0,0.0,0.0,0.0,0.002565124,0.0,0.0,0.0,0.0,0.0,0.023678067,0.0,0.0,0.11523326,0.0,0.0,0.0,0.027755957,0.0,0.0,0.0,0.0,0.0,0.0,0.0,0.0,0.0,0.0,0.14798792,0.0,0.0,0.0,0.0,0.002762441,0.0,0.0,0.0,0.0,0.0,0.0,0.0,0.0,0.0,0.0,0.0,0.0,0.0,0.0,0.0,0.0,0.0,0.0,0.0,0.0,0.0,0.0,0.0,0.0,0.0,0.0,0.0,0.0,0.0,0.0,0.0,0.0,0.0,0.0,0.0,0.0,0.0,0.0,0.0,0.0,0.0,0.0,0.0,0.0,0.0,0.0,0.0,0.0,0.0,0.0,0.0,0.0,0.0,0.0,0.0,0.0,0.0,0.0,0.0,0.0,0.0,0.0,0.0,0.004077889,0.0,0.0,0.0,0.0,0.0,0.000526179,0.0,0.0,0.018547819,0.0,0.0,0.005130248,0.0,0.003213452,0.003946345,0.0,0.0,0.0,0.0,0.0,0.0,0.0,0.011444399,0.0,0.0,0.0,0.0,0.0,0.0,0.0,0.056827361,0.00710342,0.0,0.0,0.0,0.0,0.002367807,0.0,0.0,0.0,0.0,0.0,0.0,0.0,0.0,0.0,0.0,0.0,0.0,0.0,0.026193862,0.0,0.000789269,0.0,0.0,0.000641281,0.0,0.006708786,0.0,0.0,0.0,0.0,0.0,0.0,0.0,0.0,0.015588061,0.0,0.0,0.0,0.0,0.0,0.0,0.0,0.0,0.0,0.0,0.0,0.0,0.0,0.0,0.0,0.0,0.0,0.0,0.0,0.0,0.0,0.0,0.0,0.000493293,0.0,0.0,0.0,0.0,0.001841627,0.0,0.0,0.0,0.0,0.0,0.0,0.0,0.0,0.0,0.0,0.0,0.0,0.0,0.0,0.0,0.0,0.0,0.0,0.0,0.0,0.0,0.0,0.0,0.0,0.0,0.0,0.0,0.0,0.0,0.0,0.0,0.0,0.0,0.0,0.0,0.0,0.0,0.0,0.0,0.0,0.0,0.002367807,0.0,0.421469596,0.0
ERR1513931,0.0,0.0,0.0,0.0,0.0,0.0,0.083234829,0.0,0.0,0.0,0.0,0.0,0.0,0.0,0.0,0.0,0.0,0.0,0.0,0.010832768,0.0,0.0,0.0029377,0.0,0.0,0.00146885,0.000856829,0.0,0.000550819,0.0,0.0,0.0,0.0,0.0,0.0,0.0,0.0,0.0,0.005110374,0.0,0.0,0.037455673,0.0,0.0,0.0,0.0,0.0,0.184891484,0.0,0.0,0.010355392,0.038679715,0.0,0.0,0.000244808,0.0,0.0,0.0,0.0,0.0,0.0,0.0,0.0,0.0,0.0,0.0,0.0,0.000220327,0.0,0.001713658,0.0,0.0,0.0,0.0,0.0,0.0,0.0,0.0,0.0,0.0,0.0,0.0,0.0,0.004773762,0.0,0.0,0.0,0.0,0.0,0.0,0.0,0.0,0.0,0.0,0.0,0.0,0.0,0.0,0.0,0.0,0.0,0.0,0.0,0.0,0.0,0.0,0.0,0.0,0.018177018,0.0,0.0,0.059121209,0.0,0.0,0.0,0.0,0.0,0.0,0.0,0.0,0.0,0.0,0.0,0.0,0.0,0.0,0.0,0.0,0.000734425,0.000918031,0.0,0.002998902,0.0,0.0,0.0,0.0,0.0,0.0,0.0,0.0,0.005508187,0.0,0.001224042,0.0,0.0,0.002885241,0.0,0.0,0.0,0.0,0.017626199,0.0,0.0,0.0,0.003304912,0.0,0.0,0.0,0.0,0.0,0.0,0.0,0.040760585,0.004773762,0.0,0.0,0.020380293,0.0,0.057285147,0.030478636,0.0,0.0,0.0,0.0,0.0,0.0,0.052144172,0.0,0.0,0.0,0.00146885,0.0,0.0058754,0.028520169,0.000984797,0.0,0.0,0.025108153,0.0,0.116773569,0.0,0.0,0.0,0.0,0.0,0.0,0.0,0.0,0.0,0.0,0.0,0.0,0.0,0.0,0.0,0.0,0.0,0.0,0.0,0.0,0.000122404,0.0,0.0,0.0,0.0,0.0,0.0,0.0,0.0,0.003304912,0.020808707,0.0,0.0,0.0,0.0,0.0,0.0,0.005263379,0.020196686,0.0,0.0,0.0,0.0,0.0,0.0,0.0,0.0,0.0,0.0,0.0,0.0,0.0,0.0,0.000856829,0.0,0.0,0.0,0.0,0.0,0.0,0.0,0.0,0.0,0.0,0.0,0.0,0.0,0.0,0.0,0.0,0.0,0.0,0.0,0.0,0.0,0.0,0.0,0.0,0.0,0.04296386,0.0,0.0,0.0
ERR1513932,0.0,0.0,0.0,0.0,0.0,0.0,0.0,0.0,0.0,0.0,0.0,0.0,0.0,0.0,0.0,0.0,0.0,0.0,0.0,0.071923678,0.0,0.0,0.0,0.0,0.0,0.0,0.0,0.0,0.0,0.0,0.0,0.0,0.0,0.0,0.0,0.0,0.0,0.0,0.177559024,0.0,0.0,0.019637864,0.0,0.0,0.02749301,0.0,0.0,0.121509286,0.0,0.0,0.028671282,0.101135002,0.0,0.0,0.0,0.0,0.0,0.0,0.0,0.071187258,0.0,0.0,0.0,0.0,0.0,0.0,0.0,0.0,0.0,0.0,0.0,0.0,0.0,0.0,0.0,0.0,0.0,0.0,0.0,0.0,0.0,0.0,0.0,0.0,0.0,0.0,0.0,0.0,0.0,0.0,0.0,0.0,0.0,0.00073642,0.0,0.0,0.0,0.0,0.0,0.0,0.0,0.0,0.0,0.0,0.0,0.0,0.0,0.0,0.002454733,0.0,0.0,0.14630209,0.0,0.0,0.0,0.0,0.0,0.0,0.0,0.0,0.0,0.0,0.0,0.0,0.0,0.0,0.0,0.0,0.0,0.0,0.0,0.000777332,0.0,0.0,0.0,0.0,0.0,0.001909237,0.0,0.0,0.0,0.0,0.0,0.0,0.0,0.0,0.0,0.0,0.0,0.0,0.0,0.0,0.0,0.0,0.0,0.0,0.0,0.0,0.0,0.0,0.0,0.0,0.003927573,0.0,0.0,0.0,0.0,0.018574147,0.0,0.0,0.0,0.0,0.0,0.0,0.0,0.0,0.0,0.0,0.0,0.0,0.0,0.0,0.001411472,0.001963786,0.001182735,0.0,0.0,0.000429578,0.0,0.0,0.0,0.0,0.0,0.0,0.0,0.0,0.0,0.0,0.046885401,0.0,0.0,0.0,0.0,0.0,0.0,0.0,0.0,0.0,0.0,0.0,0.0,0.0,0.0,0.0,0.0,0.0,0.0,0.0,0.0,0.0,0.0,0.0,0.0,0.0,0.0,0.0,0.0,0.000327298,0.0,0.0,0.0,0.0,0.0,0.0,0.0,0.0,0.0,0.0,0.0,0.0,0.0,0.0,0.0,0.0,0.0,0.0,0.0,0.0,0.0,0.0,0.0,0.0,0.0,0.0,0.0,0.001963786,0.0,0.0,0.0,0.0,0.0,0.0,0.0,0.0,0.0,0.0,0.0,0.0,0.0,0.0,0.0,0.143110937,0.0
ERR1513937,0.0,0.0,0.0,0.0,0.0,0.0,0.0,0.0,0.0,0.0,0.0,0.0,0.0,0.0,0.0,0.0,0.0,0.0,0.0,0.0,0.0,0.0,0.0,0.0,0.0,0.0,0.0,0.0,0.0,0.0,0.0,0.0,0.0,0.0,0.0,0.0,0.0,0.0,0.0740381,0.0,0.0,0.0,0.0,0.0,0.0,0.0,0.0,0.0,0.0,0.0,0.038203659,0.0,0.0,0.0,0.0,0.0,0.0,0.0,0.0,0.0,0.0,0.0,0.0,0.0,0.0,0.0,0.0,0.0,0.0,0.0,0.0,0.0,0.0,0.0,0.0,0.0,0.0,0.0,0.0,0.0,0.0,0.0,0.0,0.0,0.0,0.0,0.0,0.0,0.0,0.0,0.0,0.0,0.0,0.0,0.0,0.0,0.0,0.0,0.0,0.0,0.0,0.0,0.0,0.0,0.0,0.0,0.0,0.0,0.0,0.0,0.0,0.0,0.0,0.0,0.0,0.0,0.0,0.0,0.0,0.0,0.0,0.0,0.0,0.0,0.0,0.0,0.0,0.0,0.0,0.0,0.0,0.001850952,0.0,0.045903622,0.0,0.0,0.0,0.004935873,0.0,0.0,0.0,0.0,0.0,0.0,0.0,0.0,0.0,0.0,0.056861261,0.0,0.0,0.0,0.0,0.0,0.0,0.0,0.0,0.0,0.0,0.0,0.0,0.0,0.0,0.0,0.0,0.0,0.0,0.011105715,0.0,0.0,0.0,0.0,0.0,0.0,0.0,0.0,0.0,0.0,0.0,0.0,0.0,0.0,0.0,0.0,0.0,0.0,0.0,0.0,0.0,0.0,0.0,0.0,0.0,0.0,0.0,0.0,0.0,0.0,0.0,0.0,0.0,0.0,0.057749718,0.0,0.0,0.0,0.0,0.0,0.0,0.0,0.0,0.0,0.0,0.0,0.0,0.0,0.0,0.0,0.0,0.0,0.0,0.0,0.0,0.0,0.0,0.0,0.0,0.0,0.0,0.0,0.0,0.0,0.0,0.0,0.0,0.0,0.0,0.0,0.0,0.0,0.0,0.0,0.0,0.0,0.0,0.0,0.0,0.0,0.0,0.0,0.0,0.0,0.0,0.0,0.0,0.0,0.0,0.0,0.0,0.0,0.0,0.0,0.0,0.0,0.0,0.0,0.0,0.0,0.0,0.0,0.0,0.0,0.0
ERR1513939,0.000276843,0.0,0.0,0.0,0.0,0.0,0.0,0.0,0.0,0.0,0.0,0.0,0.0,0.0,0.0,0.0,0.0,0.0,0.0,0.013011609,0.0,0.0,0.008028439,0.0,0.0,0.0,0.0,0.0,0.0,0.0,0.0,0.0,0.0,0.0,0.0,0.0,0.0,0.0,0.025100408,0.0,0.0,0.295944885,0.0,0.0,0.009689496,0.0,0.0,0.014534244,0.0,0.0,0.0,0.034143937,0.0,0.0,0.000138421,0.0,0.0,0.0,0.0,0.003322113,0.0,0.0,0.02020952,0.0,0.0,0.0,0.0,0.001882531,0.0,0.0,0.0,0.0,0.0,0.0,0.0,0.0,0.001107371,0.0,0.0,0.0,0.0,0.0,0.0,0.0,0.0,0.0,0.0,0.0,0.0,0.0,0.0,0.0,0.0,0.0,0.0,0.0,0.0,0.0,0.0,0.0,0.0,0.0,0.0,0.0,0.0,0.0,0.0,0.0,0.0,0.0,0.0,0.0,0.0,0.0,0.0,0.0,0.0,0.000553685,0.0,0.0,0.0,0.0,0.0,0.0,0.0,0.0,0.0,0.0,0.0,0.0,0.0,0.002814568,0.0,0.0,0.0,0.0,0.0,0.004614046,0.000692107,0.0,0.0,0.0,0.03746605,0.0,0.0,0.000672332,0.0,0.0,0.0,0.0,0.008305282,0.0,0.0,0.0,0.00038758,0.0,0.0,0.0,0.0,0.0,0.0,0.0,0.0,0.0,0.0,0.0,0.0,0.002353163,0.16084563,0.0,0.0,0.0,0.0,0.0,0.0,0.0,0.0,0.0,0.0,0.0,0.0,0.0,0.000588291,0.00507545,0.000604021,0.0,0.0,0.000449869,0.0,0.010796867,0.0,0.0,0.0,0.0,0.0,0.0,0.0,0.0,0.014672665,0.0,0.0,0.0,0.0,0.0,0.0,0.0,0.0,0.0,0.0,0.0,0.0,0.0,0.0,0.0,0.0,0.0,0.0,0.0,0.0,0.0,0.0,0.051215906,0.0,0.0,0.0,0.0,0.0,0.002214742,0.003598956,0.0,0.0,0.0,0.0,0.0,0.0,0.0,0.0,0.0,0.0,0.0,0.0,0.0,0.0,0.0,0.0,0.0,0.0,0.0,0.0,0.0,0.0,0.0,0.0,0.0,0.0,0.0,0.0,0.0,0.0,0.0,0.0,0.0,0.0,0.0,0.0,0.0,0.0,0.0,0.0,0.003598956,0.0,0.142989273,0.0
ERR1513940,0.0,0.0,0.00092199,0.0,0.012446862,0.0,0.06845774,0.0,0.0,0.0,0.0,0.0,0.0,0.0,0.0,0.0,0.0,0.0,0.0,0.0,0.0,0.0,0.0,0.0,0.0,0.0,0.00030733,0.0,0.0,0.0,0.0,0.0,0.0,0.0,0.0,0.0,0.0,0.0,0.002266558,0.0,0.0,0.064539284,0.0,0.0,0.0,0.0,0.0,0.034113621,0.0,0.0,0.005624138,0.013983511,0.0,0.0,0.000691492,0.116816104,0.0,0.0,0.0,0.006453928,0.0,0.0,0.028581683,0.0,0.0,0.0,0.0,0.002028377,0.0,0.0,0.0,0.0,0.0,0.0,0.0,0.0,0.0,0.0,0.0,0.0,0.0,0.0,0.0,0.0,0.0,0.0,0.0,0.0,0.0,0.0,0.0,0.0,0.0,0.0,0.0,0.0,0.0,0.0,0.0,0.0,0.0,0.0,0.0,0.0,0.0,0.0,0.0,0.0,0.009219898,0.0,0.0,0.0,0.0,0.0,0.0,0.0,0.0,0.0,0.0,0.0,0.0,0.0,0.0,0.0,0.0,0.0,0.0,0.0,0.0,0.0,0.0,0.022857663,0.0,0.0,0.0,0.0,0.0,0.0,0.0,0.0,0.008758903,0.0,0.0,0.0,0.0,0.013698134,0.008758903,0.050248442,0.006546127,0.0,0.053014412,0.0,0.0,0.0,0.01982278,0.0,0.0,0.0,0.0,0.0,0.0,0.006914923,0.094964946,0.0,0.0,0.0,0.00357271,0.001382985,0.0,0.0,0.0,0.0,0.0,0.0,0.0,0.0,0.0,0.0,0.0,0.0,0.0,0.0,0.039876058,0.014444506,0.00534335,0.0,0.0,0.0089894,0.0,0.0,0.0,0.0,0.0,0.0,0.000633868,0.0,0.0,0.0,0.0991139,0.0,0.0,0.0,0.0,0.0,0.0,0.0,0.002304974,0.0,0.0,0.0,0.0,0.0,0.0,0.0,0.0,0.0,0.0,0.0,0.0,0.0,0.0,0.0,0.000460995,0.0,0.0,0.0,0.0,0.0,0.0,0.0,0.0,0.0,0.0,0.0,0.0,0.0,0.0,0.0,0.0,0.0,0.0,0.0,0.0,0.0,0.0,0.0,0.000768325,0.0,0.0,0.0,0.0,0.0,0.0,0.0,0.0,0.0,0.0,0.0,0.0,0.0,0.0,0.0,0.0,0.0,0.0,0.0,0.0,0.0,0.0,0.0,0.0,0.044486006,0.0
ERR1513948,0.000300778,0.0,0.0,0.0,0.0,0.0,0.0,0.0,0.0,0.0,0.0,0.0,0.0,0.0,0.000802076,0.0,0.0,0.0,0.0,0.003007785,0.0,0.0,0.0,0.0,0.0,0.0,0.000401038,0.0,0.0,0.0,0.0,0.0,0.002807266,0.0,0.0,0.0,0.0,0.0,0.030478888,0.0,0.0,0.094644967,0.0,0.0,0.010426988,0.0,0.0,0.083816941,0.0,0.0,0.0,0.044782576,0.01604152,0.0,0.0,0.0,0.0,0.0,0.0,0.041707951,0.0,0.0,0.00601557,0.0,0.0,0.0,0.003458953,0.001283322,0.0,0.0,0.0,0.0,0.0,0.0,0.001203114,0.0,0.0,0.0,0.0,0.0,0.0,0.0,0.0,0.0,0.0,0.0,0.0,0.0,0.0,0.0,0.000401038,0.0,0.0,0.0,0.0,0.0,0.0,0.0,0.0,0.0,0.0,0.0,0.0,0.0,0.0,0.0,0.0,0.0,0.008221279,0.0,0.0,0.0,0.0,0.0,0.0,0.0,0.0,0.0,0.0,0.0,0.0,0.0,0.0,0.0,0.0,0.0,0.000501297,0.0,0.0,0.00601557,0.0,0.018848786,0.0,0.0,0.0,0.0,0.0,0.0,0.0,0.0,0.02606747,0.0,0.0,0.0,0.0,0.002463519,0.0,0.0,0.0,0.0,0.0,0.0,0.0,0.0,0.021736259,0.0,0.0,0.0,0.0,0.0,0.0,0.006115829,0.072186839,0.0,0.0,0.0,0.024162539,0.0,0.033286154,0.0,0.0,0.0,0.0,0.0,0.0,0.0,0.0,0.0,0.0,0.0,0.000467878,0.0,0.012231659,0.010159629,0.001166656,0.005213494,0.0,0.009775301,0.0,0.049461353,0.0,0.0,0.0,0.0,0.0,0.0,0.0,0.0,0.005815051,0.0,0.0,0.0,0.0,0.0,0.0,0.0,0.0,0.0,0.0,0.0,0.0,0.0,0.0,0.0,0.0,0.0,0.0,0.0,0.0,0.0,0.001737831,0.0,0.000501297,0.0,0.002406228,0.177793511,0.0,0.0,0.006416608,0.0,0.0,0.0,0.0,0.0,0.0,0.0,0.0,0.0,0.0,0.0,0.0,0.0,0.0,0.0,0.0,0.0,0.0,0.0,0.0,0.0,0.0,0.0,0.0,0.0,0.0,0.0,0.0,0.0,0.0,0.0,0.0,0.0,0.0,0.0,0.0,0.0,0.0,0.0,0.0,0.0,0.005414013,0.072186839,0.0
ERR1513949,0.0,0.0,0.0,0.0,0.0,0.0,0.0,0.0,0.0,0.0,0.0,0.0,0.0,0.0,0.0,0.0,0.0,0.0,0.0,0.00695244,0.0,0.0,0.0,0.0,0.0,0.0,0.0,0.0,0.0,0.0,0.0,0.0,0.0,0.0,0.0,0.0,0.0,0.0,0.0040304,0.0,0.0,0.068919838,0.0,0.0,0.0,0.0,0.0,0.259053953,0.0,0.0,0.0,0.061665118,0.0,0.0,0.0,0.0,0.0,0.0,0.0,0.030227999,0.0,0.0,0.091288558,0.0,0.0,0.0,0.007557,0.0,0.0,0.0,0.0,0.0,0.0,0.0,0.0,0.0,0.0,0.0,0.0,0.0,0.0,0.0,0.0,0.0,0.0,0.0,0.0,0.0,0.0,0.0,0.0,0.0,0.0,0.0,0.0,0.0,0.0,0.0,0.0,0.0,0.0,0.0,0.0,0.0,0.0,0.01934592,0.0,0.0,0.00120912,0.0,0.0,0.0,0.0,0.0,0.0,0.0,0.0,0.00045342,0.0,0.0,0.0,0.0,0.0,0.0,0.0,0.0,0.0,0.0,0.0,0.0,0.0,0.0113355,0.0,0.0,0.0,0.0,0.0,0.0,0.0,0.00483648,0.048969359,0.0,0.0,0.0,0.0,0.00423192,0.00362736,0.0,0.001330032,0.0,0.01088208,0.0,0.0,0.0,0.005199216,0.0,0.0,0.0,0.0,0.0,0.0,0.00710358,0.180763435,0.00846384,0.0,0.0,0.0,0.0,0.01632312,0.0,0.0,0.0,0.0,0.0,0.0,0.0,0.0,0.0,0.0,0.0,0.0,0.0,0.01481172,0.01692768,0.00489144,0.00483648,0.0,0.00030228,0.0,0.030631039,0.0,0.0,0.0,0.0,0.0,0.0,0.0,0.0,0.01269576,0.0,0.0,0.0,0.0,0.0,0.0,0.0,0.0,0.0,0.0,0.0,0.0,0.0,0.0,0.0,0.0,0.0,0.0,0.0,0.0,0.0,0.0,0.0,0.0,0.0,0.00483648,0.0,0.0,0.0,0.0,0.0,0.0,0.0,0.0,0.0,0.0,0.0,0.0,0.0,0.0,0.0,0.0,0.0,0.0,0.0,0.0,0.0,0.0,0.0,0.0,0.0,0.0,0.0,0.0,0.0,0.0,0.0,0.0,0.0,0.0,0.0,0.0,0.0,0.0,0.0,0.0,0.0,0.0,0.0,0.0,0.0,0.0,0.01027752,0.0
ERR1513953,0.0,0.0,0.001063283,0.0,0.0,0.0,0.0,0.0,0.0,0.0,0.0,0.0,0.0,0.0,0.0,0.0,0.0,0.0,0.0,0.003721491,0.0,0.0,0.0,0.0,0.0,0.0,0.0,0.0,0.000531642,0.0,0.0,0.0,0.0,0.0,0.0,0.0,0.0,0.0,0.038721233,0.0,0.0,0.010632833,0.0,0.016480891,0.0,0.0,0.0,0.078860177,0.0,0.0,0.007159441,0.067341275,0.012641257,0.0,0.005375488,0.017863159,0.0,0.0,0.0,0.006025272,0.0,0.0,0.06025272,0.0,0.0,0.0,0.001683532,0.005812615,0.0,0.0,0.0,0.0,0.0,0.0,0.0,0.0,0.0,0.0,0.0,0.0,0.0,0.0,0.0,0.0,0.0,0.0,0.0,0.0,0.0,0.0,0.0,0.0,0.0,0.0,0.0,0.0,0.0,0.0,0.0,0.0,0.0,0.0,0.0,0.0,0.0,0.0,0.0,0.0,0.003367064,0.0,0.0,0.0,0.0,0.0,0.0,0.0,0.0,0.00868348,0.0,0.0,0.0,0.00318985,0.0,0.0,0.0,0.0,0.000886069,0.0,0.0,0.0,0.0,0.004518954,0.0,0.0,0.0,0.0,0.0,0.000748236,0.0,0.0,0.023037805,0.0,0.0,0.0,0.0,0.000860753,0.0,0.0,0.001488597,0.0,0.019847955,0.0,0.0,0.0,0.006237929,0.0,0.0,0.0,0.0,0.0,0.0,0.008772087,0.055645159,0.027999793,0.0,0.0,0.008240445,0.0,0.003544278,0.0,0.0,0.0,0.0,0.0,0.0,0.0,0.0,0.0,0.0,0.0,0.001299568,0.0,0.006202486,0.028708649,0.003141519,0.0,0.0,0.027290938,0.0,0.010987261,0.0,0.0,0.0,0.0,0.0,0.0,0.0,0.0,0.004784775,0.0,0.0,0.0,0.0,0.0,0.0,0.0,0.000531642,0.0,0.0,0.0,0.0,0.0,0.0,0.0,0.0,0.0,0.0,0.0,0.0,0.005316416,0.001890281,0.0,0.0,0.0,0.0,0.001653996,0.0,0.000945141,0.0,0.0,0.0,0.0,0.0,0.0,0.0,0.0,0.0,0.0,0.0,0.0,0.0,0.0,0.0,0.0,0.0,0.0,0.0,0.0,0.0,0.0,0.0,0.0,0.0,0.0,0.0,0.0,0.0,0.0,0.001063283,0.007797411,0.0,0.0,0.0,0.0,0.0,0.0,0.0,0.0,0.0,0.0,0.0,0.317744489,0.0
ERR1513954,0.0,0.003495575,0.005825958,0.0,0.0,0.0,0.0,0.0,0.0,0.0,0.0,0.0,0.0,0.0,0.0,0.0,0.0,0.0,0.0,0.000873894,0.0,0.0,0.0,0.0,0.0,0.0,0.0,0.0,0.0,0.0,0.0,0.0,0.0,0.0,0.0,0.0,0.0,0.0,0.070979582,0.0,0.0,0.0,0.0,0.0,0.0,0.0,0.0,0.130210151,0.0,0.0,0.020740409,0.02466322,0.0,0.0,0.016992376,0.0,0.0,0.0,0.0,0.060007362,0.0,0.0,0.0,0.0,0.0,0.0,0.001674963,0.001631268,0.0,0.0,0.0,0.0,0.0,0.0,0.0,0.0,0.0,0.0,0.0,0.0,0.0,0.0,0.0,0.0,0.0,0.00407817,0.0,0.0,0.0,0.0,0.0,0.0,0.0,0.0,0.0,0.0,0.0,0.0,0.0,0.0,0.0,0.0,0.0,0.0,0.0,0.0,0.0,0.0,0.008156341,0.0,0.0,0.0,0.0,0.0,0.002912979,0.0,0.0,0.0,0.0,0.0,0.0,0.0,0.0,0.0,0.0,0.0,0.0,0.0,0.0,0.012234511,0.0,0.014079397,0.0,0.0,0.0,0.0,0.0,0.013270237,0.0,0.0,0.010486724,0.0,0.0,0.006991149,0.0,0.00898862,0.0,0.0,0.0,0.0,0.00407817,0.0,0.0,0.0,0.014215336,0.008156341,0.0,0.0,0.0,0.0,0.0,0.0,0.097876086,0.0,0.0,0.0,0.0,0.001456489,0.120014725,0.0,0.0,0.0,0.0,0.0,0.0,0.0,0.020099553,0.0,0.0,0.0,0.000388397,0.0,0.002985803,0.0,0.003283722,0.0,0.0,0.002548856,0.0,0.0,0.0,0.0,0.0,0.0,0.0,0.0,0.0,0.0,0.0,0.0,0.0,0.0,0.0,0.0,0.0,0.0,0.16866147,0.0,0.0,0.0,0.003042444,0.0,0.001019543,0.0,0.0,0.0,0.0,0.0,0.0,0.002912979,0.0,0.0,0.0,0.0,0.0,0.00407817,0.0,0.0,0.0,0.0,0.0,0.0,0.0,0.0,0.0,0.0,0.0,0.0,0.0,0.0,0.0,0.0,0.0,0.0,0.0,0.0,0.0,0.0,0.0,0.0,0.0,0.0,0.052433618,0.0,0.0,0.0,0.0,0.0,0.0,0.0,0.0,0.0,0.0,0.0,0.0,0.0,0.0,0.0,0.0,0.0,0.0,0.001165192,0.0
ERR1513957,0.0,0.0,0.0,0.0,0.0,0.0,0.0,0.0,0.0,0.0,0.0,0.0,0.0,0.0,0.0,0.0,0.0,0.0,0.0,0.049575156,0.0,0.0,0.0,0.0,0.0,0.0,0.000459029,0.0,0.0,0.0,0.0,0.0,0.0,0.0,0.0,0.0,0.0,0.0,0.079813706,0.0,0.0,0.0,0.0,0.0,0.0,0.0,0.0,0.2733519,0.0,0.0,0.0,0.01790214,0.0,0.0,0.0,0.0,0.0,0.0,0.0,0.081936716,0.0,0.0,0.101904487,0.0,0.0,0.0,0.002237767,0.001514796,0.0,0.0,0.0,0.0,0.0,0.0,0.0,0.002754175,0.0,0.0,0.0,0.0,0.0,0.0,0.0,0.0,0.0,0.0,0.0,0.0,0.0,0.0,0.000688544,0.0,0.0,0.0,0.0,0.0,0.0,0.0,0.0,0.0,0.0,0.0,0.0,0.0,0.0,0.0,0.0,0.0,0.003786991,0.0,0.0,0.0,0.0,0.0,0.0,0.0,0.0,0.001032816,0.0,0.0,0.0,0.0,0.0,0.0,0.0,0.0,0.0,0.0,0.0,0.0,0.0,0.003327962,0.0,0.0,0.0,0.0,0.0,0.0,0.0,0.0,0.0,0.0,0.0,0.0,0.0,0.000983634,0.01445942,0.0,0.002891884,0.0,0.003442719,0.0,0.0,0.0,0.015285673,0.0,0.0,0.0,0.0,0.0,0.0,0.0,0.06472312,0.103970118,0.0,0.0,0.0,0.0,0.004131263,0.0,0.0,0.0,0.0,0.0,0.0,0.0,0.0,0.0,0.0,0.0,0.0,0.0,0.010586361,0.04131263,0.001251898,0.0,0.0,0.0,0.0,0.021344859,0.0,0.0,0.0,0.0,0.0,0.0,0.0,0.0,0.007918254,0.0,0.0,0.0,0.0,0.0,0.0,0.0,0.0,0.0,0.0,0.0,0.0,0.0,0.0,0.0,0.0,0.0,0.0,0.0,0.0,0.0,0.0,0.0,0.0,0.004819807,0.0,0.0,0.0,0.000918058,0.0,0.0,0.0,0.0,0.013082333,0.0,0.0,0.0,0.0,0.0,0.0,0.0,0.0,0.0,0.0,0.0,0.0,0.0,0.0,0.0,0.0,0.0,0.0,0.0,0.0,0.0,0.0,0.0,0.0,0.0,0.0,0.002065631,0.0,0.0,0.0,0.0,0.0,0.0,0.0,0.0,0.0,0.002065631,0.0,0.0,0.0
ERR1513958,0.0,0.0,0.000595667,0.0,0.0,0.0,0.0,0.0,0.0,0.0,0.0,0.0,0.0,0.0,0.0,0.0,0.0,0.0,0.0,0.008041507,0.0,0.0,0.0,0.0,0.0,0.0,0.0,0.0,0.0,0.0,0.0,0.0,0.004467504,0.0,0.0,0.0,0.0,0.0,0.055446689,0.0,0.0,0.062247223,0.0,0.0,0.043185873,0.0,0.0,0.193889677,0.0,0.0,0.015308647,0.012906123,0.0,0.0,0.0,0.0,0.0,0.0,0.0,0.027698525,0.0,0.0,0.064629892,0.0,0.0,0.0,0.0,0.0,0.0,0.0,0.0,0.0,0.0,0.0,0.0,0.0,0.0,0.0,0.0,0.0,0.0,0.0,0.0,0.0,0.0,0.0,0.0,0.0,0.0,0.0,0.0,0.0,0.0,0.0,0.0,0.0,0.0,0.0,0.0,0.0,0.001340251,0.0,0.0,0.0,0.0,0.0,0.0,0.0,0.004467504,0.0,0.0,0.0,0.0,0.0,0.0,0.0,0.0,0.00513763,0.0,0.0,0.0,0.0,0.0,0.0,0.0,0.0,0.0,0.0,0.0,0.0,0.0,0.011565872,0.0,0.002382669,0.0,0.0,0.0,0.001125149,0.0,0.0,0.027102858,0.0,0.0,0.0,0.0,0.001574263,0.0,0.001191334,0.0,0.0,0.0,0.0,0.0,0.0,0.004110104,0.0,0.0,0.0,0.0,0.0,0.0,0.010051884,0.181976333,0.13551429,0.0,0.0,0.0,0.004467504,0.04050537,0.0,0.0,0.0,0.0,0.0,0.0,0.0,0.0,0.0,0.0,0.0,0.0,0.0,0.019843164,0.0,0.000243682,0.0,0.0,0.000409521,0.0,0.015487347,0.0,0.0,0.0,0.0,0.0,0.0,0.0,0.0,0.007892591,0.0,0.0,0.0,0.0,0.0,0.0,0.0,0.0,0.000397111,0.0,0.0,0.0,0.0,0.0,0.0,0.0,0.0,0.0,0.0,0.0,0.002978336,0.0,0.0,0.000521209,0.0,0.0,0.0,0.0,0.0,0.0,0.0,0.0,0.0,0.0,0.0,0.0,0.0,0.0,0.0,0.0,0.0,0.0,0.0,0.0,0.0,0.0,0.0,0.0,0.0,0.0,0.0,0.0,0.0,0.0,0.0,0.0,0.0,0.0,0.0,0.0,0.001191334,0.0,0.0,0.0,0.0,0.0,0.0,0.0,0.0,0.0,0.0,0.0,0.0,0.0
ERR1513959,0.0,0.0,0.0,0.0,0.0,0.0,0.0,0.0,0.0,0.0,0.0,0.0,0.0,0.0,0.0,0.0,0.0,0.0,0.0,0.015254296,0.0,0.0,0.0,0.0,0.0,0.0,0.0,0.0,0.0,0.0,0.0,0.0,0.0,0.0,0.0,0.0,0.0,0.0,0.038837086,0.0,0.0,0.036520136,0.0,0.0,0.030358302,0.0,0.0,0.089046011,0.0,0.0,0.0,0.0,0.0,0.0,0.000250481,0.0,0.0,0.0,0.0,0.0,0.0,0.0,0.024497046,0.0,0.0,0.0,0.0,0.0,0.0,0.0,0.0,0.0,0.0,0.0,0.0,0.0,0.0,0.0,0.0,0.0,0.0,0.0,0.0,0.0,0.0,0.0,0.0,0.0,0.0,0.0,0.001102117,0.0,0.0,0.0,0.0,0.0,0.0,0.0,0.0,0.0,0.0,0.0,0.0,0.0,0.0,0.0,0.0,0.0,0.001803464,0.0,0.0,0.0,0.0,0.0,0.0,0.0,0.0,0.003456638,0.0,0.0,0.0,0.0,0.0,0.0,0.0,0.0,0.0,0.0,0.0,0.006913277,0.0,0.002229281,0.0,0.0,0.0,0.0,0.0,0.000484263,0.0,0.0,0.015179151,0.0,0.0,0.001427742,0.0,0.00549627,0.0,0.0,0.0,0.0,0.0,0.0,0.0,0.0,0.006432353,0.0,0.0,0.0,0.0,0.0,0.0,0.021303413,0.606564895,0.036520136,0.0,0.0,0.0,0.000425818,0.008265874,0.0,7.51e-05,0.0,0.0,0.0,0.0,0.0,0.0,0.0,0.0,0.0,0.000125241,0.0,0.003606927,0.000701347,0.000478191,0.002705195,0.0,0.000281791,0.0,0.022092428,0.0,0.0,0.0,0.0,0.0,0.0,0.0,0.0,0.0,0.0,0.0,0.0,0.0,0.003231205,0.0,0.0,0.0,0.0,0.0,0.0,0.0,0.0,0.000150289,0.0,0.0,0.0,0.0,0.0,0.0,0.000601155,0.0,0.0,0.0,0.0,0.0,0.0,0.0,0.0,0.0,0.0,0.0,0.0,0.0,0.0,0.0,0.0,0.0,0.0,0.0,0.0,0.0,0.0,0.0,0.0,0.0,0.0,0.0,0.0,0.0,0.0,0.0,0.0,0.0,0.0,0.0,0.0,0.0,0.0,0.0,0.001352598,0.0,0.0,0.0,0.0,0.0,0.0,0.0,0.0,0.0,0.0,0.0,0.000225433,0.0
ERR1513963,0.0,0.0,0.0,0.0,0.0,0.0,0.0,0.0,0.0,0.0,0.0,0.0,0.0,0.0,0.0,0.0,0.0,0.0,0.0,0.0,0.0,0.0,0.00239295,0.0,0.0,0.0,0.0,0.0,0.0,0.0,0.0,0.0,0.0,0.0,0.0,0.0,0.0,0.0,0.0,0.0,0.0,0.018904307,0.0,0.16319921,0.0,0.0,0.0,0.116417032,0.0,0.0,0.004881619,0.014357702,0.0,0.0,0.0,0.0,0.0,0.0,0.0,0.0,0.0,0.0,0.0,0.0,0.325441241,0.0,0.0,0.001005039,0.0,0.0,0.0,0.0,0.0,0.0,0.0,0.0,0.0,0.0,0.0,0.0,0.0,0.0,0.0,0.0,0.0,0.0,0.0,0.0,0.0,0.0,0.0,0.0,0.0,0.0,0.0,0.0,0.0,0.0,0.0,0.0,0.0,0.0,0.0,0.0,0.0,0.0,0.0,0.0,0.000717885,0.0,0.0,0.0,0.0,0.0,0.0,0.0,0.0,0.002512598,0.0,0.0,0.0,0.0,0.0,0.0,0.0,0.0,0.0,0.0,0.0,0.0,0.0,0.00207389,0.0,0.0,0.0,0.0,0.0,0.0,0.0,0.0,0.003110835,0.0,0.0,0.0,0.0,0.000717885,0.003110835,0.0,0.0,0.0,0.0,0.0,0.0,0.0,0.001627206,0.0,0.0,0.0,0.0,0.0,0.0,0.007238675,0.235705604,0.027997518,0.0,0.0,0.0,0.0,0.005503786,0.0,0.0,0.0,0.0,0.0,0.0,0.0,0.000837533,0.0,0.0,0.0,0.0,0.0,0.01322105,0.011645691,0.000598238,0.0,0.0,0.002273303,0.0,0.014596997,0.0,0.0,0.0,0.0,0.0,0.0,0.0,0.0,0.009452154,0.0,0.0,0.0,0.0,0.0,0.0,0.0,0.0,0.00015953,0.0,0.0,0.000505178,0.0,0.0,0.0,0.0,0.0,0.0,0.0,0.0,0.0,0.0,0.0,0.0,0.0,0.0,0.0,0.0,0.0,0.0,0.0,0.0,0.0,0.0,0.0,0.0,0.0,0.0,0.0,0.0,0.0,0.0,0.0,0.0,0.0,0.0,0.0,0.0,0.0,0.0,0.0,0.0,0.0,0.0,0.0,0.0,0.0,0.0,0.0,0.0,0.0,0.0,0.0,0.0,0.0,0.0,0.0,0.0,0.0,0.0,0.0,0.0,0.0,0.0
ERR1513965,0.000430327,0.0,0.0,0.0,0.002295076,0.0,0.008893419,0.0,0.0,0.0,0.0,0.0,0.0,0.0,0.0,0.0,0.0,0.0,0.0,0.000860653,0.0,0.0,0.0,0.0,0.0,0.0,0.0,0.0,0.0,0.0,0.0,0.0,0.0,0.0,0.0,0.0,0.0,0.0,0.033135157,0.0,0.0,0.030983523,0.0,0.0,0.0,0.0,0.0,0.050491667,0.0,0.0,0.00757375,0.050300411,0.039398801,0.0,0.002199448,0.0,0.0,0.0,0.0,0.0,0.0,0.0,0.194507673,0.0,0.0,0.0,0.0,0.022032728,0.0,0.0,0.0,0.0,0.0,0.0,0.0,0.0,0.0,0.0,0.0,0.0,0.0,0.0,0.0,0.0,0.0,0.0,0.0,0.0,0.0,0.0,0.0,0.0,0.0,0.0,0.0,0.0,0.0,0.0,0.0,0.0,0.0,0.0,0.0,0.0,0.0,0.0,0.0,0.0,0.0,0.0,0.0,0.0,0.0,0.0,0.0,0.0,0.0,0.007745881,0.0,0.0,0.0,0.0,0.0,0.0,0.0,0.0,0.0,0.0,0.0,0.0,0.0,0.002151634,0.0,0.0,0.0,0.0,0.0,0.0,0.0,0.0,0.005163921,0.0,0.0,0.0,0.0,0.00327868,0.0,0.015778646,0.00091803,0.0,0.006885227,0.0,0.0,0.0,0.011475379,0.0,0.0,0.0,0.0,0.0,0.0,0.0,0.095245645,0.026393372,0.0,0.0,0.001434422,0.0,0.013770455,0.0,0.0,0.0,0.0,0.0,0.0,0.0,0.0,0.0,0.0,0.0,0.00105191,0.008606534,0.009754072,0.00363387,0.000365126,0.0,0.0,0.002008191,0.0,0.039398801,0.0,0.0,0.0,0.0,0.0,0.0,0.0,0.0,0.002868845,0.0,0.0,0.0,0.0,0.0,0.0,0.0,0.001147538,0.0,0.0,0.0,0.0,0.0,0.0,0.0,0.0,0.0,0.0,0.0,0.0,0.0,0.0,0.0,0.0,0.0,0.0,0.0,0.0,0.0,0.0,0.0,0.0,0.0,0.002295076,0.0,0.0,0.0,0.0,0.0,0.0,0.0,0.0,0.0,0.0,0.0,0.0,0.0,0.0,0.0,0.0,0.0,0.0,0.000573769,0.0,0.0,0.0,0.0,0.0,0.0,0.0,0.0,0.0,0.0,0.0,0.0,0.0,0.0,0.0,0.0,0.0,0.002868845,0.0,0.0461884,0.0
ERR1513966,0.0,0.0,0.0,0.0,0.0,0.0,0.0,0.0,0.0,0.0,0.0,0.0,0.0,0.0,0.0,0.0,0.0,0.0,0.0,0.120061306,0.0,0.0,0.0,0.0,0.0,0.0,0.0,0.0,0.0,0.0,0.0,0.0,0.0,0.0,0.0,0.0,0.0,0.0,0.0,0.0,0.0,0.0,0.0,0.0,0.0,0.0,0.0,0.0,0.0,0.0,0.0,0.0,0.0,0.0,0.0,0.0,0.0,0.0,0.0,0.043555542,0.0,0.0,0.784453462,0.0,0.0,0.0,0.0,0.0,0.0,0.0,0.0,0.0,0.0,0.0,0.0,0.0,0.0,0.0,0.0,0.0,0.0,0.0,0.0,0.0,0.0,0.0,0.0,0.0,0.0,0.0,0.0,0.0,0.0,0.0,0.0,0.0,0.0,0.0,0.0,0.0,0.0,0.0,0.0,0.0,0.0,0.0,0.0,0.0,0.00345949,0.0,0.0,0.0,0.0,0.0,0.0,0.0,0.0,0.002467013,0.0,0.0,0.0,0.0,0.0,0.0,0.0,0.0,5.67e-05,0.0,0.0,0.001474537,0.0,0.004508679,0.0,0.000302469,0.0,0.0,0.0,0.001474537,0.002268518,0.0,0.0,0.0,0.002268518,0.00096412,0.0,0.003030092,0.0,0.0,0.0,0.0,0.0,0.0,0.0,0.0,0.0,0.0,0.0,0.0,0.0,0.0,0.0,0.002070023,0.0,0.002041666,0.0,0.0,0.0,0.004366897,0.0,0.0,0.0,0.0,0.0,0.0,0.0,0.0,0.0,0.0,0.0,0.0,0.0,0.0,0.003502024,0.0,0.001546717,0.0,0.0,0.003360242,0.0,0.0,0.0,0.0,0.0,0.0,0.0,0.0,0.0,0.0,0.0,0.0,0.0,0.0,0.0,0.001361111,0.0,0.0,0.0,0.0,0.0,0.0,0.0,0.0,0.0,0.0,0.0,0.0,0.0,0.0,0.0,0.004877313,0.0,0.0,0.0,0.0,0.0,0.0,0.0,0.0,0.0,0.0,0.0,0.0,0.0,0.0,0.0,0.0,0.0,0.0,0.0,0.0,0.0,0.0,0.0,0.0,0.0,0.0,0.0,0.0,0.0,0.0,0.0,0.0,0.0,0.0,0.0,0.0,0.0,0.0,0.0,0.0,0.0,0.0,0.0,0.0,0.0,0.0,0.0,0.0,0.0,0.0,0.0,0.0,0.0
ERR1513969,0.0,0.0,0.0,0.0,0.0,0.0,0.0,0.0,0.0,0.0,0.0,0.0,0.0,0.0,0.0,0.0,0.0,0.0,0.0,0.005523958,0.0,0.0,0.0,0.0,0.0,0.0,0.0,0.0,0.0,0.0,0.0,0.0,0.0,0.0,0.0,0.0,0.0,0.0,0.0,0.0,0.0,0.0,0.0,0.0,0.181999878,0.0,0.0,0.165137269,0.0,0.0,0.0,0.052526056,0.0,0.0,0.0,0.0,0.0,0.0,0.0,0.0,0.0,0.0,0.0,0.0,0.0,0.0,0.0,0.0,0.0,0.0,0.0,0.0,0.0,0.0,0.0,0.0,0.0,0.0,0.0,0.0,0.0,0.0,0.0,0.0,0.0,0.0,0.0,0.0,0.0,0.0,0.0,0.0,0.0,0.0,0.0,0.0,0.0,0.0,0.0,0.0,0.0,0.0,0.0,0.0,0.0,0.0,0.0,0.0,0.002616612,0.0,0.0,0.0,0.0,0.0,0.0,0.0,0.0,0.0,0.0,0.0,0.0,0.0,0.0,0.0,0.0,0.0,0.0,0.0,0.0,0.001744408,0.0,0.005620869,0.0,0.0,0.0,0.0,0.0,0.000452254,0.0,0.0,0.034306686,0.0,0.0,0.0,0.0,0.005150156,0.019188486,0.0,0.0,0.0,0.013373793,0.0,0.0,0.0,0.002674759,0.0,0.0,0.0,0.0,0.0,0.0,0.007413733,0.269220267,0.063380149,0.0,0.0,0.005523958,0.001356762,0.0,0.0,0.0,0.0,0.0,0.0,0.0,0.0,0.0,0.0,0.0,0.0,0.0,0.0,0.067159699,0.0,0.003964563,0.0,0.0,0.0,0.0,0.012017031,0.0,0.0,0.0,0.0,0.0,0.0,0.0,0.0,0.01569967,0.0,0.0,0.0,0.0,0.0,0.0,0.0,0.0,0.0,0.0,0.0,0.0,0.0,0.0,0.0,0.0,0.0,0.0,0.0,0.0,0.004651754,0.003101169,0.0,0.0,0.0,0.0,0.0,0.0,0.000969115,0.0,0.0,0.0,0.0,0.0,0.0,0.0,0.0,0.0,0.0,0.0,0.0,0.0,0.0,0.0,0.0,0.0,0.0,0.0,0.0,0.0,0.0,0.0,0.0,0.0,0.0,0.0,0.0,0.0,0.0,0.0,0.032562278,0.0,0.0,0.0,0.0,0.0,0.0,0.0,0.0,0.0,0.0,0.0,0.0,0.0
ERR1513970,0.0,0.0,0.0,0.0,0.0,0.0,0.002567334,0.0,0.0,0.0,0.0,0.0,0.0,0.0,0.0,0.0,0.0,0.0,0.0,0.064858963,0.0,0.0,0.0,0.0,0.0,0.0,0.0,0.0,0.0,0.0,0.0,0.0,0.0,0.0,0.0,0.0,0.0,0.0,0.042631256,0.0,0.0,0.0,0.0,0.0,0.0,0.0,0.0,0.198225205,0.0,0.0,0.040536852,0.103233849,0.0,0.0,0.0,0.0,0.0,0.0,0.0,0.0,0.0,0.0,0.0,0.0,0.0,0.0,0.0,0.0,0.0,0.0,0.0,0.0,0.0,0.0,0.0,0.0,0.0,0.0,0.0,0.0,0.0,0.0,0.0,0.0,0.0,0.0,0.0,0.0,0.0,0.0,0.0,0.0,0.0,0.0,0.0,0.0,0.0,0.0,0.0,0.0,0.0,0.0,0.0,0.0,0.0,0.0,0.0,0.0,0.0,0.0,0.0,0.0,0.0,0.0,0.0,0.0,0.0,0.0,0.0,0.0,0.0,0.0,0.0,0.0,0.0,0.0,0.0,0.0,0.0,0.0,0.0,0.013039354,0.0,0.004053685,0.0,0.0,0.0,0.0,0.0,0.0,0.028375796,0.0,0.0,0.0,0.0,0.007759912,0.0,0.0,0.002756506,0.0,0.0218899,0.0,0.0,0.0,0.006161601,0.0,0.0,0.0,0.0,0.0,0.0,0.0,0.102963603,0.012161056,0.0,0.0,0.0,0.002297088,0.018646952,0.0,0.0,0.0,0.0,0.0,0.0,0.0,0.0,0.002432211,0.0,0.0,0.0,0.0,0.0,0.011350318,0.0,0.0,0.0,0.000405369,0.0,0.0,0.0,0.0,0.0,0.0,0.0,0.0,0.0,0.0,0.242815742,0.0,0.0,0.0,0.0,0.0,0.0,0.0,0.0,0.0,0.0,0.0,0.0,0.0,0.0,0.0,0.0,0.0,0.0,0.005675159,0.0,0.0,0.0,0.0,0.0,0.0,0.0,0.0,0.0,0.0,0.0,0.0,0.0,0.0,0.0,0.0,0.0,0.0,0.0,0.0,0.0,0.0,0.0,0.0,0.0,0.0,0.0,0.0,0.0,0.0,0.0,0.0,0.0,0.0,0.0,0.0,0.0,0.0,0.0,0.0,0.0,0.0,0.0,0.0,0.0,0.0,0.0,0.0,0.0,0.0,0.0,0.0,0.0,0.002432211,0.0
ERR1513976,0.0,0.0,0.0,0.0,0.0,0.0,0.0,0.0,0.0,0.0,0.0,0.0,0.0,0.0,0.0,0.0,0.0,0.0,0.0,0.007134884,0.0,0.0,0.0,0.0,0.0,0.0,0.0,0.0,0.0,0.0,0.0,0.0,0.0,0.0,0.0,0.0,0.0,0.0,0.005351163,0.0,0.0,0.0,0.0,0.0,0.058607972,0.0,0.0,0.0,0.0,0.0,0.0,0.0,0.0,0.0,0.0,0.0,0.0,0.0,0.0,0.045357474,0.0,0.0,0.119254482,0.0,0.0,0.0,0.002102242,0.003363588,0.0,0.0,0.0,0.0,0.0,0.0,0.0,0.0,0.0,0.0,0.0,0.0,0.0,0.0,0.0,0.0,0.0,0.0,0.0,0.0,0.0,0.0,0.0,0.0,0.0,0.0,0.0,0.0,0.0,0.0,0.0,0.0,0.0,0.0,0.0,0.0,0.0,0.0,0.0,0.0,0.004077076,0.0,0.0,0.0,0.0,0.0,0.0,0.0,0.0,0.0,0.0,0.0,0.0,0.0,0.0,0.0,0.0,0.0,0.0,0.0,0.0,0.008918604,0.0,0.005053876,0.0,0.0,0.0,0.0,0.0,0.000226504,0.0,0.0,0.062685048,0.0,0.0,0.0,0.0,0.002985002,0.0,0.0,0.0,0.0,0.0,0.0,0.0,0.0,0.027927973,0.0,0.0,0.0,0.0,0.0,0.0,0.002165947,0.330752816,0.030578072,0.0,0.0,0.00089186,0.00373732,0.032106976,0.0,0.0,0.0,0.0,0.0,0.0,0.0,0.0,0.0,0.0,0.0,0.0,0.0,0.033954401,0.0,0.000718121,0.0,0.0,0.0,0.0,0.029728681,0.0,0.0,0.0,0.0,0.0,0.0,0.0,0.0,0.0,0.0,0.0,0.0,0.0,0.0,0.0,0.0,0.0,0.0,0.0,0.0,0.0,0.0,0.0,0.0,0.0,0.0,0.0,0.0,0.0,0.0,0.0,0.0,0.0,0.0,0.0,0.0,0.0,0.000679513,0.0,0.0,0.0,0.0,0.0,0.0,0.0,0.0,0.0,0.0,0.0,0.0,0.0,0.0,0.0,0.0,0.0,0.0,0.0,0.0,0.0,0.0,0.0,0.0,0.0,0.0,0.0,0.0,0.0,0.0,0.0,0.002038538,0.0,0.0,0.0,0.0,0.0,0.0,0.0,0.0,0.0,0.0,0.0,0.0,0.0
ERR1513979,0.0,0.0,0.0,0.0,0.0,0.0,0.0,0.0,0.0,0.0,0.0,0.0,0.0,0.0,0.0,0.0,0.0,0.0,0.0,0.003753541,0.0,0.0,0.0,0.0,0.0,0.0,0.0,0.0,0.0,0.0,0.0,0.0,0.0,0.0,0.0,0.0,0.0,0.0,0.019592953,0.0,0.0,0.003833404,0.053667653,0.001517389,0.0,0.0,0.0,0.020604545,0.0,0.0,0.002906998,0.018315151,0.001011593,0.0,0.000159725,0.032583932,0.0,0.0,0.0,0.0,0.0,0.0,0.005750106,0.0,0.041688266,0.0,0.0,0.000543066,0.0,0.0,0.0,0.0,0.0,0.0,0.0,0.0,0.0,0.0,0.0,0.0,0.0,0.0,0.0,0.0,0.0,0.0,0.0,0.0,0.0,0.0,0.0,0.0,0.0,0.0,0.0,0.0,0.0,0.0,0.0,0.0,0.0,0.0,0.0,0.0,0.0,0.0,0.0,0.0,0.006468869,0.0,0.0,0.0,0.0,0.0,0.0,0.0,0.0,0.0,0.0,0.0,0.0,0.0,0.0,0.0,0.00031945,0.0,0.0,0.0,0.0,0.00031945,0.0,0.000958351,0.0,0.0,0.0,0.0,0.0,0.0,0.0,0.0,0.005111205,0.0,0.0,0.0,0.0,0.000250997,0.000958351,0.0,0.0,0.0,0.004152854,0.0,0.0,0.0,0.001022241,0.0,0.0,0.0,0.0,0.0,0.0,0.00091842,0.038813213,0.008145983,0.0,0.0,0.000718763,0.0,0.003513953,0.0,0.0,0.0,0.0,0.0,0.0,0.0,0.0,0.0,0.0,0.0,0.0,0.0,0.008565262,0.003833404,0.000384792,0.0,0.0,0.001177973,0.0,0.003673679,0.0,0.0,0.0,0.0,0.0,0.0,0.0,0.0,0.0,0.0,0.0,0.0,0.0,0.001277801,0.0,0.0,0.0,0.0,0.0,0.0,0.0,0.0,0.0,0.0,0.0,0.0,0.0,0.0,0.0,0.0,0.0,0.0,0.0,0.0,0.0,0.005590381,0.0,0.0,0.0,0.0,0.0,0.0,0.0,0.0,0.0,0.0,0.0,0.0,0.0,0.0,0.0,0.0,0.0,0.0,0.0,0.0,0.0,0.0,0.0,0.0,0.0,0.000159725,0.0,0.0,0.0,0.0,0.0,0.0,0.0,0.000638901,0.0,0.117877166,0.0,0.0,0.0,0.0,0.027792177,0.311144607,0.0,0.0,0.0,0.020205232,0.0
ERR1513981,0.0,0.0,0.0,0.0,0.0,0.0,0.0,0.0,0.0,0.0,0.0,0.0,0.0,0.0,0.0,0.0,0.0,0.0,0.0,0.013487661,0.0,0.0,0.0,0.0,0.0,0.0,0.002030401,0.0,0.0,0.0,0.0,0.0,0.0,0.0,0.0,0.0,0.001740343,0.0,0.033864182,0.0,0.0,0.079185624,0.0,0.0,0.065262877,0.0,0.0,0.007396459,0.0,0.0,0.007309442,0.052210302,0.0,0.0,0.0,0.0,0.0,0.0,0.0,0.011312232,0.0,0.0,0.183606228,0.0,0.0,0.0,0.0,0.00121824,0.0,0.04089807,0.0,0.0,0.0,0.0,0.003480687,0.0,0.0,0.0,0.0,0.0,0.0,0.0,0.0,0.0,0.0,0.0,0.0,0.0,0.0,0.0,0.0,0.0,0.0,0.0,0.0,0.0,0.0,0.0,0.0,0.0,0.0,0.0,0.0,0.0,0.0,0.0,0.0,0.0,0.0,0.0,0.0,0.0,0.0,0.0,0.0,0.0,0.0,0.007178916,0.0,0.0,0.0,0.0,0.0,0.0,0.0,0.0,0.0,0.0,0.0,0.0,0.0,0.003118115,0.0,0.0,0.0,0.0,0.0,0.0,0.0,0.0,0.017403434,0.0,0.0,0.0,0.0,0.007582925,0.006961374,0.0,0.001392275,0.0,0.0,0.0,0.0,0.0,0.0,0.0,0.0,0.0,0.0,0.0,0.0,0.008266631,0.046989272,0.0,0.0,0.0,0.0,0.0,0.0,0.0,0.0,0.0,0.0,0.0,0.0,0.0,0.0,0.0,0.0,0.0,0.0,0.0,0.016968348,0.0,0.004271752,0.0,0.0,0.0,0.0,0.007251431,0.0,0.0,0.0,0.0,0.0,0.0,0.0,0.0,0.025234979,0.0,0.0,0.0,0.0,0.0,0.0,0.0,0.0,0.0,0.0,0.0,0.0,0.0,0.0,0.0,0.0,0.0,0.0,0.0,0.0,0.0,0.0,0.0,0.0,0.0,0.0,0.0,0.0,0.0,0.0,0.0,0.0,0.0,0.0,0.0,0.0,0.0,0.0,0.0,0.0,0.0,0.0,0.0,0.0,0.0,0.0,0.0,0.0,0.0,0.0,0.0,0.0,0.0,0.0,0.0,0.0,0.0,0.0,0.0,0.0,0.0,0.0,0.0,0.0,0.0,0.0,0.0,0.0,0.0,0.0,0.007831545,0.0,0.228855156,0.0
ERR1513987,0.0,0.0,0.0,0.0,0.0,0.0,0.002446509,0.0,0.0,0.0,0.0,0.0,0.0,0.0,0.0,0.0,0.0,0.0,0.0,0.066919203,0.0,0.0,0.0,0.0,0.0,0.0,0.001439123,0.0,0.0,0.0,0.0,0.0,0.0,0.0,0.0,0.0,0.0,0.0,0.027631155,0.0,0.0,0.026767681,0.0,0.0,0.0,0.0,0.0,0.198167189,0.0,0.0,0.004144673,0.029933751,0.001151298,0.0,0.002878245,0.0,0.0,0.0,0.0,0.0,0.0,0.0,0.0,0.0,0.0,0.0,0.0,0.000518084,0.0,0.0152547,0.0,0.0,0.0,0.0,0.0,0.0,0.0,0.0,0.0,0.0,0.0,0.0,0.0,0.0,0.0,0.0,0.0,0.0,0.0,0.0,0.0,0.0,0.0,0.0,0.0,0.0,0.0,0.0,0.0,0.0,0.005612578,0.0,0.0,0.0,0.0,0.0,0.0,0.0,0.002158684,0.0,0.0,0.0,0.0,0.0,0.0,0.0,0.0,0.0,0.0,0.0,0.0,0.0,0.0,0.0,0.0,0.0,0.0,0.0,0.0,0.005612578,0.0,0.007051701,0.0,0.0,0.0,0.0,0.0,0.0,0.0,0.0,0.046627574,0.0,0.0,0.0,0.0,0.010485036,0.0,0.0,0.0,0.0,0.0,0.0,0.0,0.0,0.00621701,0.0,0.0,0.0,0.0,0.0,0.0,0.001942816,0.0,0.0,0.0,0.0,0.0041015,0.0,0.0,0.0,0.0,0.0,0.0,0.0,0.0,0.0,0.003022158,0.0,0.0,0.0,0.0,0.0,0.024069326,0.014679051,0.002747416,0.0,0.0,0.00334596,0.0,0.0,0.0,0.0,0.0,0.0,0.0,0.0,0.0,0.0,0.149380931,0.0,0.0,0.0,0.0,0.0,0.0,0.0,0.0,0.000287825,0.0,0.0,0.0,0.0,0.0,0.0,0.0,0.0,0.0,0.0,0.0,0.0,0.0,0.0,0.0,0.0,0.0,0.0,0.0,0.0,0.0,0.0,0.0,0.0,0.0,0.0,0.0,0.0,0.0,0.0,0.0,0.0,0.0,0.0,0.0,0.002014772,0.0,0.0,0.0,0.0,0.0,0.0,0.0,0.0,0.0,0.0,0.0,0.0,0.0,0.0,0.0,0.0,0.0,0.0,0.0,0.0,0.0,0.0,0.0,0.0,0.0,0.0,0.0,0.199894136,0.0
ERR1513992,0.0,0.0,0.0,0.0,0.0,0.0,0.0,0.0,0.0,0.0,0.0,0.0,0.0,0.0,0.0,0.0,0.0,0.0,0.0,0.002538358,0.0,0.0,0.0,0.0,0.0,0.0,0.0,0.0,0.0,0.0,0.0,0.0,0.0,0.0,0.0,0.0,0.0,0.0,0.0,0.0,0.0,0.0,0.0,0.0,0.0,0.0,0.0,0.284658679,0.0,0.0,0.0,0.019944239,0.0,0.0,0.0,0.0,0.0,0.0,0.0,0.104797909,0.0,0.0,0.0,0.0,0.0,0.0,0.0,0.0,0.0,0.0,0.0,0.0,0.0,0.0,0.0,0.0,0.0,0.0,0.0,0.0,0.0,0.0,0.0,0.0,0.0,0.0,0.0,0.0,0.0,0.0,0.0,0.0,0.0,0.0,0.0,0.0,0.0,0.0,0.0,0.0,0.0,0.0,0.0,0.0,0.0,0.0,0.0,0.0,0.004170159,0.0,0.0,0.0,0.0,0.0,0.0,0.0,0.0,0.0,0.0,0.0,0.0,0.0,0.0,0.0,0.0,0.0,0.0,0.0,0.0,0.0,0.0,0.008612285,0.0,0.0,0.0,0.0,0.0,0.005439338,0.000725245,0.0,0.015955391,0.0,0.0,0.002175735,0.0,0.000673442,0.0,0.0,0.00145049,0.0,0.006527205,0.0,0.0,0.0,0.010516053,0.0,0.0,0.0,0.0,0.0,0.0,0.012601133,0.170069963,0.023570464,0.0,0.0,0.003626225,0.0,0.0,0.0,0.006889828,0.0,0.0,0.0,0.0,0.0,0.0,0.0,0.0,0.0,0.0,0.0,0.090202352,0.014504901,0.000576899,0.0,0.0,0.0,0.0,0.0,0.0,0.0,0.0,0.0,0.0,0.0,0.0,0.0,0.0,0.0,0.0,0.0,0.0,0.002538358,0.0,0.0,0.0,0.0,0.0,0.0,0.0,0.0,0.0,0.0,0.0,0.0,0.0,0.0,0.0,0.001087868,0.002417483,0.0,0.002085079,0.0,0.0,0.0,0.0,0.0,0.0,0.0,0.0,0.0,0.0,0.0,0.0,0.0,0.0,0.0,0.0,0.0,0.0,0.0,0.0,0.0,0.0,0.0,0.0,0.0,0.0,0.0,0.0,0.0,0.0,0.0,0.0,0.0,0.0,0.0,0.0,0.1755093,0.0,0.0,0.002175735,0.0,0.0,0.0,0.0,0.0,0.0,0.0,0.0,0.0,0.0
ERR1513995,0.0,0.0,0.0,0.0,0.0,0.0,0.0,0.0,0.0,0.0,0.0,0.0,0.0,0.0,0.0,0.0,0.0,0.0,0.0,0.0,0.0,0.0,0.0,0.0,0.0,0.0,0.0,0.0,0.0,0.0,0.0,0.0,0.0,0.0,0.0,0.0,0.0,0.0,0.0,0.0,0.0,0.0,0.0,0.0,0.132051428,0.0,0.0,0.0,0.0,0.0,0.049168085,0.0,0.0,0.0,0.000702401,0.0,0.0,0.0,0.0,0.0,0.0,0.0,0.0,0.0,0.0,0.0,0.0,0.0,0.0,0.0,0.0,0.0,0.0,0.0,0.0,0.0,0.0,0.0,0.0,0.0,0.0,0.0,0.0,0.0,0.0,0.0,0.0,0.0,0.0,0.0,0.0,0.0,0.0,0.0,0.0,0.0,0.0,0.0,0.0,0.0,0.0,0.0,0.0,0.0,0.0,0.0,0.0,0.0,0.0,0.0,0.0,0.0,0.0,0.0,0.0,0.0,0.0,0.0,0.0,0.0,0.0,0.0,0.0,0.0,0.0,0.0,0.0,0.0,0.0,0.0,0.0,0.022242705,0.0,0.0,0.0,0.0,0.0,0.0,0.0,0.0,0.035120061,0.0,0.0,0.0,0.0,0.0,0.0,0.0,0.0,0.0,0.0,0.0,0.0,0.0,0.002247684,0.0,0.0,0.0,0.0,0.0,0.0,0.004916808,0.228982795,0.0,0.0,0.0,0.0,0.000702401,0.016857629,0.0,0.0,0.0,0.0,0.0,0.0,0.0,0.0,0.0,0.0,0.0,0.001638936,0.0,0.017033229,0.082415075,0.001532512,0.0,0.0,0.004741208,0.0,0.0,0.0,0.0,0.0,0.0,0.0,0.0,0.0,0.0,0.0,0.0,0.0,0.0,0.0,0.0,0.0,0.0,0.0,0.0,0.0,0.0,0.0,0.0,0.0,0.0,0.0,0.0,0.0,0.0,0.0,0.0,0.0,0.0,0.0,0.0,0.0,0.0,0.0,0.0,0.0,0.0,0.0,0.0,0.0,0.0,0.0,0.0,0.0,0.0,0.0,0.0,0.0,0.0,0.0,0.0,0.0,0.0,0.0,0.0,0.0,0.0,0.0,0.0,0.0,0.0,0.0,0.0,0.0,0.0,0.0,0.0,0.0,0.0,0.0,0.0,0.0,0.0,0.0,0.0,0.0,0.0,0.0,0.0,0.0
ERR1513998,0.0,0.0,0.0,0.0,0.0,0.0,0.0,0.0,0.0,0.0,0.0,0.0,0.0,0.0,0.0,0.0,0.0,0.0,0.0,0.071611383,0.0,0.0,0.0,0.0,0.0,0.0,0.000904565,0.0,0.0,0.0,0.0,0.0,0.0,0.0,0.0,0.0,0.0,0.0,0.003341865,0.0,0.0,0.009950213,0.0,0.027438467,0.0,0.0,0.0,0.066033233,0.0,0.0,0.0,0.030855712,0.018292311,0.0,0.000452282,0.0,0.0,0.0,0.0,0.025629337,0.0,0.0,0.020201948,0.0,0.0,0.0,0.003128287,0.002412173,0.0,0.014272023,0.0,0.0,0.0,0.0,0.0,0.0,0.0,0.0,0.0,0.0,0.0,0.0,0.0,0.0,0.0,0.0,0.0,0.0,0.0,0.0,0.0,0.0,0.0,0.0,0.0,0.0,0.0,0.0,0.0,0.0,0.0,0.0,0.0,0.0,0.0,0.0,0.0,0.0,0.003919781,0.0,0.0,0.0,0.0,0.0,0.0,0.0,0.0,0.000376902,0.0,0.0,0.0,0.0,0.0,0.0,0.0,0.0,0.0,0.0,0.0,0.038745527,0.0,0.004698712,0.0,0.0,0.0,0.0,0.0,0.000536038,0.0,0.0,0.0,0.0,0.0,0.0,0.0,0.004436675,0.0,0.0,0.0111563,0.0,0.013266951,0.0,0.0,0.0,0.004764041,0.0,0.0,0.0,0.0,0.0,0.0,0.004447444,0.211065129,0.004522824,0.0,0.0,0.004522824,0.0,0.0,0.0,0.0,0.0,0.0,0.0,0.0,0.0,0.001507608,0.0,0.0,0.0,0.00055279,0.0,0.008517986,0.013568473,0.000137055,0.0,0.0,0.030868275,0.0,0.07477736,0.0,0.0,0.0,0.0,0.0,0.0,0.0,0.0,0.024875533,0.0,0.0,0.0,0.0,0.000301522,0.0,0.0,0.0,0.0,0.0,0.000904565,0.0,0.0,0.0,0.0,0.0,0.0,0.0,0.0,0.0,0.010553256,0.005326882,0.0,0.001055326,0.0,0.019297383,0.0,0.0,0.0,0.032262813,0.0,0.0,0.0,0.0,0.0,0.0,0.0,0.0,0.0,0.0,0.0,0.0,0.0,0.0,0.002412173,0.0,0.0,0.0,0.0,0.0,0.0,0.0,0.0,0.0,0.0,0.0,0.0,0.0,0.0,0.0,0.000603043,0.0,0.0,0.0,0.0,0.0,0.0,0.0,0.0,0.0,0.0,0.0,0.064977907,0.0
ERR1514000,0.0,0.0,0.0,0.0,0.0,0.0,0.0,0.0,0.0,0.0,0.0,0.0,0.0,0.0,0.0,0.0,0.0,0.0,0.0,0.005461715,0.0,0.0,0.0,0.0,0.0,0.0,0.0,0.0,0.0,0.0,0.0,0.0,0.0,0.0,0.0,0.0,0.0,0.0,0.001820572,0.0,0.0,0.101041718,0.0,0.0,0.0,0.0,0.0,0.018296744,0.0,0.0,0.021628389,0.015838972,0.0,0.0,0.0,0.548574605,0.0,0.0,0.0,0.040416687,0.0,0.0,0.028400915,0.0,0.0,0.0,0.006076157,0.0,0.0,0.0,0.0,0.0,0.0,0.0,0.0,0.0,0.0,0.0,0.0,0.0,0.0,0.0,0.0,0.0,0.0,0.0,0.0,0.0,0.0,0.0,0.0,0.0,0.0,0.0,0.0,0.0,0.0,0.0,0.0,0.0,0.0,0.004369372,0.0,0.0,0.0,0.0,0.0,0.0,0.003277029,0.0,0.0,0.0,0.0,0.0,0.0,0.0,0.0,0.006554057,0.0,0.0,0.0,0.0,0.0,0.0,0.0,0.0,0.0,0.0,0.0,0.0,0.0,0.001001314,0.0,0.0,0.0,0.0,0.0,0.0,0.0,0.0,0.004915543,0.0,0.0,0.0,0.0,0.00694418,0.0076464,0.0,0.000983109,0.0,0.0,0.0,0.0,0.0,0.004915543,0.0,0.0,0.0,0.0,0.0,0.0,0.0,0.043693716,0.008192572,0.0,0.0,0.0,0.0,0.004369372,0.0,0.0,0.0,0.0,0.0,0.0,0.0,0.0,0.0,0.0,0.0,0.0,0.0,0.008533929,0.004187314,0.002805335,0.0,0.0,0.0,0.0,0.0076464,0.010923429,0.0,0.0,0.0,0.0,0.0,0.0,0.0,0.037139659,0.0,0.0,0.0,0.0,0.008738743,0.0,0.0,0.0,0.0,0.0,0.0,0.0,0.0,0.0,0.0,0.0,0.0,0.0,0.0,0.0,0.0,0.0,0.0,0.000682714,0.0,0.0,0.0,0.0,0.000364114,0.0,0.0,0.0,0.0,0.0,0.0,0.0,0.0,0.0,0.0,0.0,0.0,0.0,0.0,0.0,0.0,0.0,0.0,0.0,0.0,0.0,0.0,0.0,0.0,0.0,0.0,0.0,0.0,0.0,0.0,0.0,0.012015772,0.0,0.0,0.0,0.0,0.0,0.0,0.0,0.0,0.0,0.0,0.0,0.020208344,0.0
ERR1514002,0.0,0.0,0.0,0.0,0.0,0.0,0.0,0.0,0.0,0.0,0.0,0.0,0.0,0.0,0.0,0.0,0.0,0.0,0.0,0.0,0.0,0.0,0.0,0.0,0.0,0.0,0.0,0.0,0.0,0.0,0.0,0.0,0.0,0.0,0.0,0.0,0.0,0.0,0.217773502,0.0,0.0,0.0,0.0,0.0,0.0,0.0,0.0,0.170624751,0.0,0.0,0.061358217,0.095964844,0.0,0.0,0.0,0.0,0.0,0.0,0.0,0.0,0.0,0.0,0.014450305,0.0,0.0,0.0,0.0,0.002000811,0.0,0.0,0.0,0.0,0.0,0.0,0.0,0.0,0.0,0.0,0.0,0.0,0.0,0.0,0.0,0.0,0.0,0.0,0.0,0.0,0.0,0.0,0.0,0.0,0.0,0.0,0.0,0.0,0.0,0.0,0.0,0.0,0.0,0.0,0.0,0.0,0.0,0.0,0.0,0.0,0.0,0.0,0.0,0.0,0.0,0.0,0.0,0.0,0.0,0.0,0.0,0.0,0.0,0.0,0.0,0.0,0.0,0.0,0.0,0.0,0.0,0.0,0.0,0.011208249,0.0,0.002593644,0.0,0.0,0.0,0.013709263,0.0,0.0,0.0,0.0,0.0,0.0,0.0,0.00730455,0.0,0.0,0.004890872,0.0,0.0,0.0,0.0,0.0,0.0,0.0,0.0,0.0,0.0,0.0,0.0,0.0,0.173403656,0.0,0.0,0.0,0.0,0.01741447,0.043350914,0.0,0.0,0.0,0.0,0.0,0.0,0.0,0.001667343,0.0,0.0,0.0,0.000555781,0.0,0.0,0.0,0.002930481,0.0,0.0,0.008336714,0.0,0.0,0.0,0.0,0.0,0.0,0.0,0.0,0.0,0.0,0.019452333,0.0,0.0,0.0,0.0,0.0,0.0,0.0,0.0,0.0,0.0,0.0,0.0,0.0,0.0,0.0,0.0,0.0,0.0,0.008892495,0.0,0.0,0.0,0.0,0.0,0.0,0.0,0.030753212,0.0,0.000741041,0.0,0.0,0.0,0.0,0.0,0.0,0.0,0.0,0.0,0.0,0.0,0.0,0.0,0.0,0.0,0.0,0.0,0.0,0.010374578,0.0,0.0,0.0,0.0,0.0,0.0,0.0,0.0,0.0,0.0,0.0,0.0,0.0,0.0,0.0,0.0,0.0,0.0,0.0,0.0,0.0,0.0,0.0,0.0,0.010559838,0.0
ERR1514005,0.0,0.0,0.0,0.0,0.0,0.0,0.0,0.0,0.0,0.0,0.0,0.0,0.0,0.0,0.0,0.0,0.0,0.0,0.0,0.004662839,0.0,0.0,0.0,0.0,0.0,0.0,0.00027031,0.0,0.0,0.0,0.0,0.0,0.0,0.0,0.0,0.0,0.000709562,0.0,0.0070196,0.0,0.0,0.008920214,0.0,0.002888933,0.0,0.0,0.0,0.012113245,0.0,0.0,0.048980084,0.018245892,0.003682967,0.0,0.006588794,0.137006378,0.0,0.0,0.0,0.000912295,0.0,0.0,0.014393982,0.0,0.0,0.0,0.00050683,0.001236666,0.0,0.011724675,0.211348252,0.0,0.0,0.0,0.0,0.0,0.0,0.0,0.0,0.0,0.0,0.0,0.0,0.0,0.0,0.0,0.0,0.0,0.0,0.0,0.0,0.0,0.0,0.0,0.0,0.0,0.0,0.0,0.0,0.0,0.0,0.0,0.0,0.0,0.0,0.0,0.0,0.0,0.0,0.0,0.0,0.0,0.0,0.0,0.0,0.0,0.0,0.004029301,0.0,0.0,0.0,0.0,0.0,0.0,0.0,0.0,0.0,0.0,0.0,0.003091665,0.0,0.002365208,0.0,0.0,0.0,0.0,0.0,0.000529356,0.0,0.0,0.0056765,0.0,0.000371676,0.000354781,0.0,0.001317759,0.004156009,0.0,0.000851475,0.0,0.015103544,0.0,0.0,0.0,0.005960325,0.0,0.0,0.0,0.0,0.0,0.0,0.003395763,0.091432193,0.201211645,0.0,0.0,0.002103346,0.000168943,0.026659276,0.0,0.0,0.0,0.0,0.0,0.0,0.0,0.0,0.0,0.0,0.0,0.0,0.0,0.009059592,0.026693065,0.005805511,0.002534152,0.0,0.000354781,0.0,0.006352274,0.0,0.0,0.0,0.0,0.0,0.0,0.0,0.0,0.0,0.0,0.0,0.0,0.0,0.0,0.0,0.0,0.0,0.0,0.0,0.0,0.0,0.0,0.0,0.0,0.0,0.0,0.0,0.0,0.0,0.0,0.000202732,0.000405464,0.000253415,0.0,0.0,0.00155428,0.0,0.0,0.006791527,0.0,0.0,0.0,0.0,0.0,0.0,0.0,0.0,0.0,0.0,0.007703821,0.0,0.0,0.0,0.001588068,0.0,0.0,0.0,0.0,0.0,0.0,0.0,0.0,0.0,0.0,0.0,0.0,0.0,0.0,0.0,0.0,0.0,0.0,0.0,0.0,0.0,0.0,0.0,0.0,0.0,0.001723223,0.0,0.001013661,0.0
ERR1514008,0.000297813,0.0,0.0,0.0,0.0,0.0,0.0,0.0,0.0,0.0,0.0,0.0,0.0,0.0,0.0,0.0,0.0,0.0,0.0,0.02352722,0.0,0.0,0.0,0.0,0.0,0.0,0.0,0.0,0.0,0.0,0.0,0.0,0.0,0.0,0.0,0.0,0.0,0.0,0.003027765,0.0,0.0,0.0,0.0,0.0,0.017273149,0.0,0.0,0.0,0.0,0.0,0.000297813,0.0,0.0,0.0,0.000694897,0.000833876,0.0,0.0,0.0,0.0,0.0,0.0,0.014592833,0.0,0.0,0.0,0.0,0.0,0.0,0.0,0.000744532,0.0,0.0,0.0,0.0,0.0,0.0,0.0,0.0,0.0,0.0,0.0,0.0,0.0,0.0,0.0,0.0,0.0,0.0,0.0,0.0,0.0,0.0,0.0,0.0,0.0,0.0,0.0,0.0,0.0,0.0,0.0,0.0,0.0,0.0,0.0,0.0,0.0,0.002978129,0.0,0.0,0.0,0.0,0.0,0.0,0.0,0.0,0.001861331,0.0,0.0,0.0,0.0,0.0,0.0,0.0,0.0,0.0,0.0,0.0,0.00506282,0.0,0.00330076,0.0,0.0,0.0,0.0,0.0,0.000761077,0.0,0.0,0.015784085,0.0,0.0,0.0,0.0,0.001829422,0.003275942,0.0,0.004586319,0.0,0.019655652,0.0,0.0,0.0,0.014711958,0.0,0.0,0.0,0.0,0.0,0.0,0.048617959,0.553336399,0.083983242,0.0,0.0,0.003350395,0.010820536,0.015784085,0.0,0.0,0.0,0.0,0.0,0.0,0.0,0.000595626,0.0,0.0,0.0,0.0,0.0,0.051186595,0.03881495,0.002978129,0.0,0.0,0.001228478,0.0,0.033156505,0.0,0.0,0.0,0.0,0.0,0.0,0.0,0.0,0.0,0.0,0.0,0.0,0.0,0.0,0.0,0.0,0.002680316,6.62e-05,0.0,0.0,0.0,0.0,0.0,0.0,0.0,0.0,0.0,0.0,0.0,0.001786877,0.0,0.0,0.000446719,0.0,0.002978129,0.0,0.0,0.0,0.001489065,0.0,0.0,0.0,0.0,0.0,0.0,0.0,0.0,0.0,0.0,0.0,0.0,0.0,0.0,0.0,0.0,0.0,0.0,0.0,0.0,0.0,0.0,0.0,0.000595626,0.0,0.0,0.0,0.0,0.0,0.0,0.0,0.0,0.0,0.0,0.0,0.0,0.0,0.0,0.0,0.0,0.0,0.0,0.0,0.0
ERR1514011,0.0,0.0,0.0,0.0,0.0,0.0,0.0,0.0,0.0,0.0,0.0,0.0,0.0,0.0,0.0,0.0,0.0,0.0,0.0,0.005447491,0.0,0.0,0.0,0.0,0.0,0.0,0.0,0.0,0.0,0.0,0.0,0.0,0.0,0.0,0.0,0.0,0.0,0.0,0.022496121,0.0,0.0,0.213057432,0.0,0.0,0.0,0.0,0.0,0.015737197,0.0,0.0,0.0135582,0.085949305,0.0,0.0,0.008070357,0.146234874,0.161608904,0.0,0.0,0.0,0.0,0.0,0.06415934,0.0,0.0,0.0,0.003026384,0.002178996,0.0,0.009684429,0.0,0.0,0.0,0.0,0.003631661,0.0,0.0,0.0,0.0,0.0,0.0,0.0,0.0,0.0,0.0,0.0,0.0,0.0,0.0,0.0,0.0,0.0,0.0,0.0,0.0,0.0,0.0,0.0,0.0,0.0,0.0,0.0,0.0,0.0,0.0,0.0,0.0,0.0,0.0,0.0,0.0,0.0,0.0,0.0,0.0,0.0,0.0,0.006960683,0.0,0.0,0.0,0.0,0.0,0.0,0.0,0.0,0.0,0.0,0.0,0.0,0.0,0.005144853,0.0,0.0,0.0,0.0,0.0,0.0,0.0,0.0,0.0,0.0,0.0,0.0,0.0,0.002248171,0.003631661,0.0,0.0,0.0,0.0,0.0,0.0,0.0,0.008473875,0.0,0.0,0.0,0.0,0.0,0.0,0.0,0.029053286,0.056896019,0.0,0.0,0.0,0.0,0.03026384,0.0,0.0,0.0,0.0,0.0,0.0,0.0,0.0,0.0,0.0,0.0,0.000807036,0.0,0.026783498,0.013719607,0.0,0.0,0.0,0.0,0.0,0.0,0.0,0.0,0.0,0.0,0.000302638,0.0,0.0,0.0,0.0,0.0,0.0,0.0,0.0,0.0,0.0,0.0,0.0,0.0,0.0,0.0,0.0,0.0,0.0,0.0,0.0,0.0,0.0,0.0,0.0,0.0,0.0,0.0,0.000605277,0.0,0.0,0.0,0.0,0.0,0.0,0.0,0.0,0.0,0.0,0.0,0.0,0.0,0.0,0.0,0.0,0.0,0.0,0.0,0.0,0.0,0.0,0.0,0.0,0.0,0.0,0.0,0.0,0.0,0.0,0.0,0.0,0.0,0.0,0.0,0.0,0.0,0.0,0.0,0.0,0.0,0.0,0.0,0.0,0.0,0.0,0.0,0.0,0.0,0.0
ERR1514012,0.0,0.0,0.0,0.0,0.0,0.0,0.0,0.0,0.0,0.0,0.0,0.0,0.0,0.0,0.0,0.0,0.0,0.0,0.0,0.000950849,0.0,0.0,0.0,0.0,0.0,0.0,0.0,0.0,0.0,0.0,0.0,0.0,0.0,0.0,0.0,0.0,0.0,0.0,0.100103306,0.0,0.0,0.032328878,0.126779912,0.0,0.0,0.0,0.0,0.149917246,0.0,0.0,0.0,0.067615953,0.0,0.0,0.00031695,0.0,0.0,0.0,0.0,0.0,0.0,0.0,0.039935672,0.0,0.0,0.0,0.0,0.001521359,0.0,0.0,0.027891581,0.0,0.0,0.0,0.0,0.0,0.0,0.0,0.0,0.0,0.0,0.0,0.0,0.0,0.0,0.0,0.0,0.0,0.0,0.0,0.0,0.0,0.0,0.0,0.0,0.0,0.0,0.0,0.0,0.0,0.0,0.0,0.0,0.0,0.0,0.0,0.0,0.0,0.003803397,0.0,0.0,0.0,0.0,0.0,0.0,0.0,0.0,0.0,0.0,0.0,0.0,0.0,0.0,0.0,0.0,0.0,0.0,0.0,0.0,0.003169498,0.0,0.013892965,0.0,0.0,0.0,0.0,0.0,0.0,0.0,0.0,0.02852548,0.0,0.0,0.0,0.0,0.004890082,0.0,0.0,0.003549838,0.0,0.020284786,0.0,0.0,0.0,0.003042718,0.0,0.0,0.0,0.0,0.0,0.0,0.007923745,0.064657755,0.146430799,0.0,0.0,0.008716119,0.001373449,0.04310517,0.0,0.0,0.0,0.0,0.0,0.0,0.0,0.000950849,0.0,0.0,0.0,0.0,0.0,0.049364928,0.002112999,0.003861025,0.0,0.0,0.000554662,0.0,0.0,0.0,0.0,0.0,0.0,0.0,0.0,0.0,0.0,0.0,0.0,0.0,0.0,0.0,0.0,0.0,0.0,0.003169498,0.0,0.0,0.0,0.000281733,0.0,0.0,0.0,0.0,0.0,0.0,0.0,0.0,0.0,0.0004226,0.0,0.0,0.0,0.0,0.0,0.0,0.0,0.0,0.0,0.0,0.0,0.0,0.0,0.0,0.0,0.0,0.0,0.0,0.0,0.0,0.0,0.0,0.0,0.0,0.0,0.0,0.0,0.0,0.0,0.0,0.0,0.0,0.0,0.0,0.0,0.0,0.0,0.0,0.003169498,0.0,0.0,0.0,0.0,0.0,0.0,0.0,0.0,0.0,0.0,0.0,0.0,0.0
ERR1514014,0.000409956,0.0,0.003279646,0.0,0.0,0.0,0.0,0.0,0.0,0.0,0.0,0.0,0.0,0.0,0.0,0.0,0.0,0.0,0.0,0.004782817,0.0,0.0,0.0,0.0,0.0,0.0,0.000273304,0.0,0.0,0.0,0.0,0.0,0.001639823,0.0,0.0,0.0,0.0,0.0,0.018448008,0.0,0.0,0.0,0.241600579,0.008882374,0.0,0.0,0.0,0.058896974,0.0,0.0,0.006067345,0.014120698,0.0,0.0,0.000956563,0.0,0.0,0.0,0.0,0.013665191,0.0,0.0,0.064773006,0.0,0.0,0.0,0.000375793,0.001257198,0.0,0.0,0.0,0.0,0.0,0.0,0.0,0.0,0.0,0.0,0.0,0.0,0.0,0.0,0.0,0.0,0.0,0.0,0.0,0.0,0.0,0.0,0.0,0.0,0.0,0.0,0.0,0.0,0.0,0.0,0.0,0.0,0.0,0.0,0.0,0.0,0.0,0.0,0.0,0.0,0.0,0.0,0.0,0.0,0.0,0.0,0.0,0.0,0.0,0.0,0.0,0.0,0.0,0.0,0.0,0.0,0.0,0.0,0.0,0.0,0.0,0.001093215,0.0,0.003006342,0.0,0.0,0.0,0.0,0.0,0.000242937,0.004782817,0.0,0.006012684,0.0,0.006103785,0.0,0.0,0.000663738,0.001366519,0.0,0.0,0.0,0.019131268,0.0,0.0,0.0,0.00071059,0.0,0.0,0.0,0.0,0.0,0.0,0.0,0.010385545,0.0,0.0,0.0,0.000956563,0.0,0.003279646,0.0,0.0,0.0,0.0,0.0,0.0,0.0,0.001366519,0.0,0.0,0.0,0.001093215,0.0,0.000649097,0.005374975,0.000447224,0.0,0.0,0.006866759,0.0,0.0,0.0,0.0,0.0,0.0,0.000444119,0.0,0.0,0.0,0.007925811,0.0,0.0,0.0,0.0,0.0,0.0,0.0,0.000819911,0.0,0.0,0.0,0.000182203,0.0,0.0,0.0,0.0,0.0,0.0,0.000819911,0.0,0.0,0.0,0.0,0.0,0.0,0.0,0.0,0.0,0.000273304,0.0,0.0,0.0,0.0,0.0,0.0,0.0,0.0,0.0,0.0,0.0,0.0,0.0,0.0,0.0,0.0,0.0,0.0,0.0,0.0,0.0,0.0,0.0,0.0,0.0,0.0,0.0,0.0,0.0,0.0,0.0,0.0,0.0,0.0,0.0,0.0,0.0,0.0,0.0,0.0,0.0,0.0,0.0,0.345046076,0.0
ERR1514015,0.0,0.0,0.0,0.0,0.0,0.0,0.0,0.0,0.0,0.0,0.0,0.0,0.0,0.0,0.0,0.0,0.0,0.0,0.0,0.0,0.0,0.0,0.0,0.0,0.0,0.0,0.0,0.0,0.0,0.0,0.0,0.0,0.0,0.0,0.0,0.0,0.0,0.0,0.304706304,0.0,0.0,0.0,0.0,0.0,0.0,0.0,0.0,0.0,0.0,0.0,0.0,0.0,0.0,0.0,0.0,0.112627271,0.0,0.0,0.0,0.0,0.0,0.0,0.0,0.0,0.0,0.0,0.0,0.0,0.0,0.0,0.0,0.0,0.0,0.0,0.0,0.0,0.0,0.0,0.0,0.0,0.0,0.0,0.0,0.0,0.0,0.0,0.0,0.0,0.0,0.0,0.0,0.0,0.0,0.0,0.0,0.0,0.0,0.0,0.0,0.0,0.0,0.0,0.0,0.0,0.0,0.007821338,0.0,0.0,0.0,0.0,0.0,0.0,0.0,0.0,0.0,0.0,0.0,0.0,0.0,0.0,0.0,0.0,0.0,0.0,0.0,0.0,0.0,0.0,0.0,0.0,0.0,0.008799006,0.0,0.0,0.0,0.0,0.0,0.016077195,0.011732007,0.0,0.0,0.0,0.0,0.0,0.0,0.010056006,0.0,0.0,0.0,0.0,0.0,0.0,0.0,0.0,0.002346401,0.0,0.0,0.0,0.0,0.0,0.0,0.0,0.262014833,0.035196022,0.0,0.0,0.0,0.017598011,0.058660037,0.0,0.0,0.0,0.0,0.0,0.0,0.0,0.0,0.0,0.0,0.0,0.0,0.0,0.0,0.010428451,0.0,0.0,0.0,0.0,0.0,0.0,0.0,0.0,0.0,0.0,0.0,0.0,0.0,0.0,0.0,0.0,0.0,0.0,0.0,0.0,0.0,0.0,0.0,0.0,0.0,0.0,0.0,0.0,0.0,0.0,0.0,0.0,0.0,0.0,0.0,0.011732007,0.0,0.0,0.0,0.0,0.0,0.0,0.0,0.0,0.0,0.0,0.0,0.0,0.0,0.0,0.0,0.0,0.0,0.0,0.0,0.0,0.0,0.0,0.0,0.0,0.0,0.0,0.0,0.0,0.0,0.0,0.0,0.0,0.0,0.0,0.0,0.0,0.0,0.0,0.0,0.0,0.0,0.0,0.0,0.0,0.0,0.0,0.0,0.0,0.0,0.0,0.0,0.0,0.0
ERR1513669,0.0,0.0,0.011281395,0.0,0.0,0.0,0.001157066,0.0,0.0,0.0,0.0,0.0,0.0,0.0,0.0,0.0,0.0,0.0,0.0,0.000578533,0.0,0.0,0.0,0.0,0.0,0.0,0.000289267,0.0,0.0,0.0,0.0,0.0,0.0,0.0,0.0,0.0,0.0,0.0,0.0,0.0,0.0,0.060745972,0.0,0.0,0.68787582,0.0,0.0,0.009401162,0.0,0.0,0.004107585,0.0,0.0,0.0,0.001205277,0.0,0.0,0.0,0.0,0.0,0.0,0.0,0.014752593,0.0,0.0,0.0,0.0,0.000231413,0.0,0.0008678,0.0,0.0,0.0,0.0,0.0,0.0,0.0,0.0,0.0,0.0,0.0,0.0,0.0,0.003471198,0.0,0.0,0.0,0.0,0.0,0.0,0.0,0.0,0.0,0.0,0.0,0.0,0.0,0.0,0.0,0.0,0.0,0.0,0.0,0.0,0.0,0.0,0.0,0.0,0.0,0.0,0.016777459,0.0,0.0,0.0,0.0,0.0,0.0,0.0,0.0,0.0,0.0,0.0,0.0,0.0,0.0,0.0,0.0,0.0,0.0,0.0,0.0,0.001374016,0.0,0.000289267,0.0,0.0,0.0,0.00089994,0.001880232,0.0,0.004628265,0.0,0.017355992,0.0,0.0,0.002810018,0.0,0.0,0.000752093,0.0,0.0,0.0,0.0,0.0,0.0,0.0,0.012149194,0.0,0.0,0.0,0.0,0.000795483,0.0734737,0.0,0.0,0.0,0.0,0.001494544,0.009835062,0.0,0.000144633,0.0,0.0,0.0,0.0,0.0,0.003471198,0.0,0.0,0.0,0.0,0.0,0.001518649,0.0,0.000394454,0.0,0.0,0.000795483,0.0,0.0,0.0,0.0,0.0,0.0,0.006400022,0.0,0.0,0.0,0.0,0.0,0.0,0.0,0.0,0.0,0.0,0.0,0.018079158,0.001189207,0.0,0.0,0.002892665,0.0,0.0,0.0,0.0,0.0,0.0,0.0,0.0,0.001446333,0.0,0.008677996,0.000723166,0.0,0.0,0.0,0.0,0.000385689,0.0,0.0,0.0,0.0,0.0,0.0,0.0,0.0,0.0,0.0,0.0,0.0,0.0,0.0,0.0,0.0,0.0,0.0,0.0,0.0,0.0,0.0,0.0,0.0,0.0,0.0,0.0,0.0,0.0,0.005206798,0.0,0.0,0.0,0.0,0.0,0.0,0.0,0.0,0.0,0.0,0.0,0.0,0.0,0.0,0.0
ERR1513670,0.0,0.0,0.002991874,0.0,0.0,0.0,0.0,0.0,0.0,0.0,0.0,0.0,0.0,0.0,0.0,0.0,0.0,0.0,0.0,0.019447182,0.0,0.0,0.0,0.0,0.0,0.0,0.000712351,0.0,0.0,0.0,0.0,0.0,0.0,0.0,0.0,0.0,0.0,0.0,0.016455308,0.0,0.0,0.0,0.0,0.001282232,0.0,0.0,0.0,0.005342632,0.0,0.0,0.018122209,0.0,0.0,0.0,0.00014247,0.000512893,0.0,0.0,0.0,0.0,0.0,0.0,0.0,0.0,0.0,0.0,0.001175379,0.000512893,0.0,0.002849404,0.0,0.0,0.0,0.0,0.0,0.0,0.0,0.0,0.0,0.0,0.0,0.0,0.0,0.0,0.0,0.0,0.0,0.0,0.0,0.0,0.0,0.0,0.0,0.0,0.0,0.0,0.0,0.0,0.0,0.0,0.0,0.0,0.0,0.0,0.0,0.0,0.0,0.0,0.003205579,0.0,0.0,0.0,0.0,0.0,0.0,0.0,0.0,0.0,0.0,0.0,0.0,0.0,0.0,0.0,0.0,0.0,0.0,0.0,0.0,0.0,0.0,0.016170367,0.0,0.0,0.0,0.0,0.0,0.001234742,0.001068526,0.0,0.015814192,0.0,0.004274106,0.0,0.0,0.005800572,0.0,0.109844523,0.0,0.0,0.0,0.0,0.0,0.0,0.00846273,0.0,0.0,0.0,0.0,0.0,0.0,0.0,0.022225351,0.051289271,0.0,0.0,0.002671316,0.000641116,0.299187416,0.0,0.001709642,0.0,0.0,0.0,0.0,0.0,0.002137053,0.0,0.0,0.0,0.000498646,0.0,0.011112675,0.047015165,0.001243376,0.0,0.0,0.0,0.0,0.0,0.0,0.0,0.0,0.0,0.175772607,0.0,0.0,0.0,0.0,0.0,0.0,0.0,0.0,0.0,0.0,0.0,0.0,0.0,0.0,0.0,0.0,0.0,0.0,0.0,0.0,0.0,0.039749185,0.0,0.0,0.0,0.0,0.014959371,0.0,0.0,0.0,0.0,0.073087212,0.001424702,0.0,0.0,0.0,0.0,0.0,0.0,0.0,0.0,0.0,0.0,0.0,0.0,0.0,0.0,0.0,0.0,0.0,0.0,0.0,0.0,0.0,0.0,0.0,0.0,0.0,0.0,0.0,0.0,0.0,0.0,0.0,0.0,0.0,0.0,0.0,0.0,0.0,0.0,0.0,0.0,0.0,0.0,0.0,0.0,0.0
ERR1513671,0.0,0.0,0.002291132,0.0,0.0,0.0,0.0,0.0,0.0,0.0,0.0,0.0,0.0,0.0,0.0,0.0,0.0,0.0,0.0,0.038376461,0.0,0.0,0.0,0.0,0.0,0.0,0.000572783,0.0,0.0,0.0,0.0,0.0,0.0,0.0,0.0,0.0,0.0,0.0,0.054318921,0.0,0.0,0.045822639,0.0,0.004582264,0.0,0.0,0.0,0.155796974,0.0,0.0,0.007331622,0.018519983,0.0,0.0,0.000572783,0.0,0.0,0.0,0.0,0.085344666,0.0,0.0,0.0,0.0,0.0,0.0,0.000143196,0.001374679,0.0,0.001718349,0.0,0.0,0.0,0.0,0.0,0.0,0.0,0.0,0.0,0.0,0.0,0.0,0.0,0.0,0.0,0.0,0.0,0.0,0.0,0.0,0.0,0.0,0.0,0.0,0.0,0.0,0.0,0.0,0.0,0.0,0.0,0.0,0.0,0.0,0.0,0.0,0.0,0.0,0.003150306,0.0,0.0,0.0,0.0,0.0,0.0,0.0,0.0,0.0,0.0,0.0,0.0,0.0,0.0,0.0,0.0,0.0,0.0,0.0,0.0,0.002291132,0.0,0.007828034,0.0,0.0,0.0,0.0,0.0,0.0,0.0,0.0,0.007446179,0.0,0.0,0.0,0.0,0.006709744,0.001718349,0.0,0.001260123,0.0,0.00572783,0.0,0.0,0.0,0.005498717,0.0,0.0,0.0,0.0,0.0,0.0,0.006157417,0.268062441,0.0,0.0,0.0,0.003007111,0.0,0.0,0.0,0.0,0.0,0.0,0.0,0.0,0.0,0.001145566,0.0,0.0,0.0,0.0,0.0,0.014176379,0.006491541,0.000963317,0.0,0.0,0.002291132,0.0,0.011837515,0.0,0.0,0.0,0.0,0.0,0.0,0.0,0.0,0.063006129,0.0,0.0,0.0,0.0,0.0,0.0,0.0,0.000572783,0.00050914,0.0,0.0,0.0,0.0,0.0,0.0,0.0,0.0,0.0,0.0,0.0,0.0,0.0,0.0,0.0,0.0,0.0,0.0,0.0,0.000954638,0.0,0.0,0.0,0.0,0.002291132,0.0,0.0,0.0,0.0,0.0,0.0,0.0,0.0,0.0,0.0,0.0,0.0,0.0,0.0,0.0,0.0,0.0,0.0,0.0,0.0,0.0,0.0,0.0,0.0,0.0,0.0,0.0,0.0,0.00200474,0.0,0.0,0.0,0.0,0.0,0.0,0.0,0.0,0.0,0.080189619,0.0
ERR1513675,0.0,0.0,0.0,0.0,0.0,0.0,0.0,0.0,0.0,0.0,0.0,0.0,0.0,0.0,0.0,0.0,0.0,0.0,0.0,0.00222796,0.0,0.0,0.0,0.0,0.0,0.0,0.0,0.0,0.0,0.0,0.0,0.0,0.0,0.0,0.0,0.0,0.00127312,0.0,0.014004317,0.0,0.0,0.029918314,0.0,0.0,0.0,0.0,0.0,0.072886106,0.0,0.0,0.0,0.009548398,0.008487465,0.0,0.0,0.0,0.0,0.0,0.0,0.0,0.0,0.0,0.003182799,0.0,0.0,0.0,0.00087527,0.000891184,0.0,0.0,0.0,0.0,0.0,0.0,0.0,0.0,0.0,0.0,0.0,0.0,0.0,0.0,0.0,0.0,0.0,0.0,0.0,0.0,0.0,0.0,0.0,0.0,0.0,0.0,0.0,0.0,0.0,0.0,0.0,0.0,0.0,0.0,0.0,0.0,0.0,0.0,0.0,0.0,0.0,0.0,0.0,0.0,0.0,0.0,0.0,0.0,0.0,0.00095484,0.0,0.0,0.0,0.0,0.0,0.0,0.0,0.0,0.0,0.0,0.0,0.0,0.0,0.00175054,0.0,0.0,0.0,0.0,0.0,0.0,0.0,0.0,0.005092479,0.0,0.0,0.0,0.0,0.00127312,0.0,0.0,0.0,0.0,0.003182799,0.0,0.0,0.0,0.00967571,0.0,0.0,0.0,0.0,0.0,0.0,0.0015914,0.037557033,0.0,0.0,0.0,0.00111398,0.0,0.0,0.0,0.0,0.0,0.0,0.0,0.0,0.0,0.0,0.0,0.0,0.0,0.0,0.0,0.038432302,0.011033704,0.002054352,0.0,0.0,0.0,0.0,0.020582103,0.0,0.0,0.0,0.0,0.00135269,0.0,0.0,0.0,0.0015914,0.0,0.0,0.0,0.0,0.0,0.0,0.0,0.0,0.0,0.0,0.0,0.0,0.0,0.0,0.0,0.0,0.0,0.0,0.0,0.0,0.0,0.0,0.0,0.0,0.0,0.0,0.003394986,0.0,0.0,0.0,0.0,0.0,0.0,0.002546239,0.0,0.0,0.0,0.0,0.0,0.0,0.0,0.0,0.0,0.0,0.0,0.0,0.0,0.0,0.0,0.0,0.0,0.0,0.0,0.0,0.0,0.0,0.0,0.0,0.0,0.0,0.0,0.0,0.0,0.0,0.0,0.0,0.0,0.002334053,0.00127312,0.0,0.0,0.0,0.0,0.0
ERR1513676,0.000274687,0.0,0.0,0.0,0.0,0.0,0.0,0.0,0.0,0.0,0.0,0.0,0.0,0.0,0.0,0.0,0.0,0.0,0.0,0.006867169,0.0,0.0,0.0,0.0,0.0,0.0,0.000274687,0.0,0.0,0.0,0.0,0.0,0.0,0.0,0.0,0.0,0.0,0.0,0.037014042,0.0,0.0,0.05438798,0.0,0.0,0.100260671,0.0,0.0,0.031588979,0.0,0.0,0.010767721,0.013093403,0.0,0.0,0.001922807,0.0,0.0,0.0,0.0,0.0,0.0,0.0,0.0,0.0,0.0,0.0,0.000515038,0.001648121,0.0,0.0,0.0,0.0,0.0,0.0,0.001648121,0.0,0.0,0.0,0.0,0.0,0.0,0.0,0.0,0.0,0.0,0.0,0.0,0.0,0.0,0.0,0.0,0.0,0.0,0.000274687,0.0,0.0,0.0,0.0,0.0,0.0,0.0,0.0,0.0,0.0,0.0,0.0,0.0,0.0,0.023623062,0.0,0.0,0.0,0.0,0.0,0.0,0.0,0.0,0.0,0.0,0.0,0.0,0.0,0.0,0.0,0.0,0.0,0.0,0.0,0.000274687,0.0,0.0,0.001716792,0.0,0.0,0.0,0.0,0.0,0.0,0.0,0.006867169,0.005768422,0.0,0.001464996,0.0,0.0,0.00243294,0.0,0.0,0.0,0.0,0.00769123,0.0,0.0,0.0,0.005219049,0.0,0.0,0.0,0.0,0.0,0.0,0.001991479,0.019502761,0.002472181,0.0,0.0,0.000961404,0.000228906,0.016481206,0.0,0.0,0.0,0.0,0.0,0.0,0.0,0.000549374,0.0,0.0,0.0,0.000137343,0.0,0.008412282,0.000732498,0.000299658,0.0,0.0,0.000274687,0.0,0.009888724,0.0,0.0,0.0,0.0,0.0,0.0,0.0,0.0,0.028292737,0.0,0.0,0.0,0.0,0.002334838,0.0,0.0,0.0,0.0,0.0,0.0,0.0,0.0,0.0,0.0,0.0,0.0,0.0,0.0,0.0,0.0,0.0,0.003021554,0.00041203,0.0,0.0,0.003845615,0.0,0.0,0.0,0.0,0.0,0.0,0.0,0.0,0.0,0.0,0.0,0.0,0.0,0.0,0.0,0.0,0.0,0.0,0.0,0.0,0.0,0.0,0.0,0.0,0.0,0.0,0.0,0.0,0.0,0.0,0.0,0.0,0.0,0.0,0.0,0.0,0.0,0.0,0.0,0.0,0.0,0.0,0.0,0.001098747,0.0,0.050405022,0.0
ERR1513680,0.0,0.0,0.0,0.0,0.0,0.0,0.0,0.0,0.0,0.0,0.0,0.0,0.0,0.0,0.0,0.0,0.0,0.0,0.0,0.0,0.0,0.0,0.0,0.0,0.0,0.0,0.0,0.0,0.0,0.0,0.0,0.0,0.0,0.0,0.0,0.0,0.0,0.0,0.003703062,0.0,0.0,0.040051541,0.0,0.0,0.064901038,0.0,0.0,0.182643799,0.0,0.0,0.006665512,0.017394648,0.0,0.0,0.0,0.0,0.0,0.0,0.0,0.0,0.0,0.0,0.23621639,0.0,0.0,0.0,0.0,0.001695613,0.0,0.0,0.0,0.0,0.0,0.0,0.0,0.0,0.0,0.0,0.0,0.0,0.0,0.0,0.0,0.0,0.0,0.0,0.0,0.0,0.0,0.0,0.0,0.0,0.0,0.0,0.0,0.0,0.0,0.0,0.0,0.0,0.0,0.0,0.0,0.0,0.0,0.0,0.0,0.0,0.001315562,0.0,0.0,0.0,0.0,0.0,0.0,0.0,0.0,0.0,0.0,0.0,0.0,0.0,0.0,0.0,0.0,0.0,0.00032889,0.0,0.0,0.0,0.0,0.00443393,0.0,0.0,0.0,0.0,0.0,0.0,0.000292347,0.0,0.001461735,0.0,0.0,0.000292347,0.0,0.003487282,0.001607909,0.0,0.0,0.0,0.0,0.0,0.0,0.0,0.000292347,0.0,0.0,0.0,0.0,0.0,0.0,0.0,0.091358443,0.0,0.0,0.0,0.001315562,0.0,0.033181386,0.0,0.0,0.0,0.0,0.0,0.0,0.0,0.001242475,0.0,0.0,0.0,0.000462883,0.0,0.00010963,0.023582659,0.000478386,0.0,0.0,0.000365434,0.0,0.03279159,0.0,0.0,0.0,0.0,0.0,0.0,0.0,0.0,0.015859826,0.0,0.0,0.0,0.0,0.0,0.0,0.0,0.00021926,0.0,0.0,0.0,0.0,0.0,0.0,0.0,0.0,0.0,0.0,0.0,0.0,0.0,0.0,0.0,0.0,0.0,0.0,0.0,0.0,0.0,0.0,0.0,0.0,0.0,0.0,0.0,0.0,0.0,0.0,0.0,0.0,0.0,0.0,0.0,0.0,0.000243623,0.0,0.0,0.0,0.0,0.0,0.0,0.0,0.0,0.0,0.0,0.0,0.017686995,0.0,0.0,0.0,0.0,0.0,0.0,0.0,0.0,0.0,0.0,0.11567197,0.058177056,0.0,0.0,0.0,0.0,0.0
ERR1513682,0.0,0.0,0.0,0.0,0.0,0.0,0.0,0.0,0.0,0.0,0.0,0.0,0.0,0.0,0.0,0.0,0.0,0.0,0.0,0.095125987,0.0,0.0,0.010466937,0.0,0.0,0.0,0.0,0.0,0.0,0.0,0.0,0.0,0.0,0.0,0.0,0.0,0.0,0.0,0.0,0.0,0.0,0.192099081,0.0,0.0,0.0,0.0,0.0,0.212417253,0.0,0.0,0.0,0.0,0.0,0.0,0.0,0.0,0.0,0.0,0.0,0.0,0.0,0.0,0.0,0.0,0.0,0.0,0.0,0.0,0.0,0.0,0.0,0.0,0.0,0.0,0.0,0.0,0.0,0.0,0.0,0.0,0.0,0.0,0.0,0.016008257,0.0,0.0,0.0,0.0,0.0,0.0,0.0,0.0,0.0,0.0,0.0,0.0,0.0,0.0,0.0,0.0,0.00277066,0.007388426,0.0,0.0,0.0,0.0,0.0,0.0,0.003694213,0.0,0.0,0.0,0.0,0.0,0.0,0.0,0.0,0.0,0.0,0.0,0.0,0.0,0.0,0.0,0.0,0.0,0.0,0.0,0.0,0.0,0.0,0.000615702,0.0,0.0,0.0,0.0,0.0,0.0,0.0,0.0,0.0,0.0,0.0,0.0,0.0,0.0,0.0,0.0,0.0,0.0,0.0,0.0,0.0,0.0,0.0,0.0,0.0,0.0,0.0,0.0,0.0,0.0,0.008619831,0.0,0.0,0.0,0.0,0.008311979,0.0,0.0,0.0,0.0,0.0,0.0,0.0,0.0,0.0,0.002462809,0.0,0.0,0.0,0.0,0.0,0.001847107,0.0,0.0,0.0,0.000230888,0.0,0.0,0.0,0.0,0.0,0.0,0.0,0.0,0.0,0.0,0.0,0.0,0.0,0.0,0.0,0.010466937,0.0,0.0,0.0,0.0,0.0,0.0,0.000136823,0.0,0.0,0.0,0.0,0.0,0.0,0.0,0.0,0.0,0.0,0.0,0.0,0.0,0.0,0.0,0.0,0.0,0.0,0.0,0.0,0.0,0.0,0.0,0.0,0.0,0.0,0.0,0.0,0.0,0.0,0.0,0.0,0.0,0.0,0.0,0.0,0.0,0.0,0.0,0.0,0.0,0.0,0.0,0.0,0.189636272,0.0,0.0,0.0,0.0,0.0,0.0,0.0,0.0,0.0,0.0,0.010466937,0.0,0.0,0.0,0.0,0.0,0.0
ERR1513683,0.0,0.0,0.0,0.0,0.0,0.0,0.0,0.0,0.0,0.0,0.0,0.0,0.0,0.0,0.0,0.0,0.0,0.0,0.0,0.026583153,0.0,0.0,0.0,0.0,0.0,0.0,0.0,0.0,0.0,0.0,0.0,0.0,0.0,0.0,0.0,0.0,0.0,0.0,0.102381064,0.0,0.0,0.021553908,0.0,0.0,0.0,0.0,0.0,0.072564824,0.0,0.0,0.057189703,0.0,0.0,0.0,0.009579515,0.0,0.0,0.0,0.0,0.0,0.0,0.0,0.012932345,0.0,0.0,0.0,0.0,0.002873854,0.0,0.0,0.0,0.0,0.0,0.0,0.0,0.0,0.0,0.0,0.0,0.0,0.0,0.0,0.0,0.0,0.0,0.0,0.0,0.0,0.0,0.0,0.0,0.0,0.0,0.0,0.0,0.0,0.0,0.0,0.0,0.0,0.002155391,0.0,0.0,0.0,0.0,0.0,0.0,0.0,0.014369272,0.0,0.0,0.0,0.0,0.0,0.0,0.0,0.0,0.0,0.0,0.0,0.0,0.0,0.0,0.0,0.0,0.0,0.0,0.0,0.0,0.0,0.0,0.007783356,0.0,0.0,0.0,0.0,0.0,0.002394879,0.0,0.0,0.0,0.0,0.0,0.0,0.0,0.0,0.0,0.0,0.002011698,0.0,0.0,0.0,0.0,0.0,0.0,0.0,0.0,0.0,0.0,0.0,0.0,0.0,0.0,0.058914016,0.0,0.0,0.009699259,0.0,0.0,0.0,0.0,0.0,0.0,0.0,0.0,0.0,0.0,0.0,0.0,0.0,0.0,0.03592318,0.007184636,0.018201078,0.0,0.0,0.0,0.0,0.0,0.052208355,0.0,0.0,0.0,0.0,0.0,0.0,0.0,0.0,0.028738544,0.0,0.0,0.0,0.0,0.0,0.0,0.0,0.0,0.0,0.0,0.0,0.0,0.0,0.0,0.0,0.0,0.0,0.390844201,0.0,0.0,0.0,0.0,0.012932345,0.0,0.0,0.0,0.0,0.0,0.00335283,0.0,0.0,0.0,0.0,0.0,0.0,0.0,0.0,0.0,0.0,0.0,0.0,0.0,0.0,0.0,0.005268733,0.0,0.0,0.0,0.0,0.0,0.0,0.0,0.0,0.0,0.0,0.0,0.0,0.0,0.0,0.0,0.0,0.0,0.0,0.0,0.0,0.0,0.0,0.0,0.0,0.0,0.0,0.0,0.020116981,0.0
ERR1513685,0.0,0.000549745,0.0,0.0,0.0,0.0,0.0,0.0,0.0,0.0,0.0,0.0,0.0,0.0,0.0,0.0,0.0,0.0,0.0,0.002886164,0.0,0.0,0.0,0.0,0.0,0.0,0.0,0.0,0.0,0.0,0.0,0.0,0.0,0.0,0.0,0.0,0.0,0.0,0.00139727,0.0,0.0,0.004672836,0.0,0.014430818,0.0,0.0,0.0,0.139085602,0.0,0.0,0.00423304,0.004214715,0.003573346,0.0,0.000458121,0.0,0.0,0.0,0.0,0.0,0.0,0.0,0.113247565,0.0,0.0,0.0,0.0,0.001594262,0.0,0.0,0.0,0.0,0.0,0.0,0.0,0.001099491,0.0,0.0,0.0,0.0,0.0,0.0,0.0,0.0,0.0,0.0,0.0,0.0,0.0,0.0,0.0,0.0,0.0,0.0,0.0,0.0,0.0,0.0,0.0,0.0,0.0,0.0,0.0,0.0,0.0,0.0,0.0,0.0,0.000412309,0.0,0.0,0.0,0.0,0.0,0.0,0.0,0.0,0.000343591,0.0,0.0,0.0,0.0,0.0,0.0,0.0,0.0,0.0,0.0,0.0,0.0,0.0,0.000458121,0.0,0.0,0.0,0.0,0.0,0.0,0.0,0.0,0.0,0.0,0.0,0.0,0.0,0.00015707,0.0,0.0,0.0,0.0,0.0,0.0,0.0,0.0,0.000659695,0.0,0.0,0.0,0.0,0.0,0.0,0.0,0.006322073,0.0,0.0,0.0,0.0,0.0,0.001649236,0.0,0.0,0.0,0.0,0.0,0.0,0.0,0.000274873,0.0,0.0,0.0,0.000137436,0.0,0.0,0.0,0.000699676,0.0,0.0,0.0,0.0,0.007055067,0.0,0.0,0.0,0.0,0.0,0.0,0.0,0.0,0.002886164,0.0,0.0,0.0,0.0,0.0,0.0,0.0,0.0015118,0.0,0.0,0.0,0.0,0.0,0.0,0.0,0.0,0.0,0.0,0.0,0.0,0.0,0.0,0.0,0.0,0.0,0.0,0.0,0.0,0.0,0.0,0.0,0.0,0.0,0.0,0.0,0.0,0.0,0.0,0.0,0.0,0.0,0.0,0.0,0.0,0.0,0.0,0.0,0.0,0.0,0.0,0.0,0.0,0.0,0.0,0.0,0.0,0.0,0.0,0.0,0.0,0.0,0.0,0.0,0.0,0.0,0.0,0.0,0.0,0.0,0.0,0.004672836,0.0,0.023501618,0.0
ERR1513687,0.0,0.0,0.0,0.0,0.0,0.0,0.002409637,0.0,0.0,0.0,0.0,0.0,0.0,0.0,0.0,0.0,0.0,0.0,0.0,0.012331673,0.0,0.0,0.0,0.0,0.0,0.0,0.0,0.0,0.0,0.0,0.0,0.0,0.0,0.0,0.0,0.0,0.0,0.0,0.020765403,0.0,0.0,0.443940227,0.0,0.013182133,0.0,0.0,0.0,0.162863129,0.0,0.0,0.01003543,0.044223931,0.0,0.0,0.0,0.009014878,0.0,0.0,0.0,0.0,0.0,0.0,0.0,0.0,0.0,0.0,0.0,0.001360736,0.0,0.001417434,0.005527991,0.0,0.0,0.0,0.0,0.0,0.0,0.0,0.0,0.0,0.0,0.0,0.0,0.0,0.0,0.0,0.0,0.0,0.0,0.0,0.004535788,0.0,0.0,0.0,0.0,0.0,0.0,0.0,0.0,0.0,0.0,0.0,0.0,0.0,0.0,0.0,0.0,0.0,0.012756903,0.0,0.0,0.0,0.0,0.0,0.0,0.0,0.0,0.0,0.0,0.0,0.0,0.0,0.0,0.0,0.0,0.0,0.0,0.0,0.002126151,0.0,0.0,0.0,0.0,0.0,0.0,0.0,0.0,0.000283487,0.0,0.0,0.0,0.0,0.0,0.0,0.0,0.0,0.002551381,0.0,0.0,0.0,0.013607363,0.0,0.0,0.0,0.005442945,0.0,0.0,0.0,0.0,0.0,0.0,0.0,0.03997163,0.0,0.0,0.0,0.0,0.0,0.026364266,0.0,0.0,0.0,0.0,0.0,0.0,0.0,0.0,0.0,0.0,0.0,0.0,0.0,0.0,0.001984407,0.001468977,0.0,0.0,0.005846914,0.0,0.0,0.0,0.0,0.0,0.0,0.0,0.0,0.0,0.0,0.0,0.0,0.0,0.0,0.0,0.0,0.0,0.0,0.0,0.0,0.0,0.0,0.0,0.0,0.0,0.0,0.0,0.0,0.031467028,0.0,0.0,0.0,0.001133947,0.0,0.0,0.0,0.0,0.005669735,0.0,0.0,0.0,0.0,0.0,0.0,0.0,0.0,0.0,0.0,0.0,0.0,0.0,0.0,0.0,0.0,0.0,0.0,0.0,0.0,0.003685328,0.0,0.0,0.0,0.0,0.0,0.0,0.0,0.0,0.0,0.0,0.0,0.0,0.0,0.0,0.0,0.0,0.0,0.0,0.0,0.0,0.0,0.0,0.0,0.0,0.0,0.0
ERR1513689,0.0,0.0,0.0,0.0,0.0,0.0,0.0,0.0,0.0,0.0,0.0,0.0,0.0,0.0,0.0,0.0,0.0,0.0,0.0,0.004676205,0.0,0.0,0.0,0.0,0.0,0.0,0.000519578,0.0,0.0,0.0,0.0,0.0,0.0,0.0,0.0,0.0,0.011430724,0.0,0.002944277,0.0,0.0,0.0,0.0,0.0,0.0,0.0,0.0,0.00311747,0.0,0.0,0.005715362,0.036890064,0.036890064,0.0,0.000779368,0.003325302,0.0,0.0,0.0,0.0,0.0,0.0,0.030655124,0.0,0.0,0.0,0.002597892,0.000311747,0.0,0.00121235,0.0,0.0,0.0,0.0,0.0,0.001039157,0.0,0.0,0.0,0.0,0.0,0.0,0.0,0.0,0.0,0.0,0.0,0.0,0.0,0.0,0.0,0.0,0.0,0.0,0.0,0.0,0.0,0.0,0.0,0.0,0.0,0.0,0.0,0.0,0.0,0.0,0.0,0.0,0.0,0.0,0.0,0.0,0.0,0.0,0.0,0.0,0.0,0.000389684,0.0,0.0,0.0,0.0,0.0,0.0,0.0,0.0,0.0,0.0,0.0,0.0,0.0,0.002251506,0.0,0.0,0.0,0.0,0.0,0.0,0.0,0.0,0.015587351,0.0,0.00311747,0.0,0.0,0.004973107,0.0,0.001298946,0.000831325,0.0,0.0,0.0,0.0,0.0,0.003637049,0.0,0.0,0.0,0.0,0.0,0.0,0.0,0.017146086,0.0,0.0,0.0,0.0,0.0,0.005195784,0.002771085,0.0,0.0,0.0,0.0,0.0,0.0,0.002338103,0.0,0.0,0.0,0.003983434,0.0,0.00552052,0.005888555,0.0,0.0,0.0,0.0,0.0,0.00311747,0.0,0.0,0.0,0.0,0.0,0.0,0.0,0.0,0.030655124,0.0,0.0,0.0,0.0,0.0,0.0,0.0,0.0,0.0,0.0,0.0,0.0,0.0,0.0,0.0,0.0,0.0,0.0,0.0,0.0,0.0,0.0,0.008313254,0.0,0.0,0.0,0.0,0.00623494,0.001039157,0.0,0.0,0.0,0.0,0.0,0.0,0.0,0.0,0.0,0.0,0.0,0.0,0.0,0.0,0.0,0.0,0.0,0.0,0.0,0.0,0.0,0.0,0.0,0.000779368,0.0,0.0,0.0,0.0,0.0,0.0,0.0,0.0,0.0,0.0,0.0,0.0,0.0,0.0,0.0,0.0,0.0,0.0,0.0,0.681686817,0.0
ERR1513692,0.000456552,0.0,0.00078266,0.0,0.0,0.0,0.0,0.0,0.0,0.0,0.0,0.0,0.0,0.0,0.0,0.0,0.0,0.0,0.0,0.004826403,0.0,0.0,0.0,0.0,0.0,0.0,0.0,0.0,0.0,0.0,0.0,0.0,0.0,0.0,0.0,0.0,0.0,0.0,0.011674677,0.0,0.0,0.031828169,0.0,0.02204492,0.0,0.0,0.0,0.036785015,0.0,0.0,0.007357003,0.018522951,0.0,0.0,0.00473944,0.001930561,0.0,0.0,0.0,0.0,0.0,0.0,0.005217733,0.0,0.019305611,0.0,0.001500098,0.001721852,0.0,0.018262064,0.0,0.0,0.0,0.0,0.0,0.0,0.0,0.0,0.0,0.0,0.0,0.0,0.0,0.0,0.0,0.0,0.0,0.0,0.0,0.0,0.0,0.0,0.0,0.0,0.0,0.0,0.0,0.0,0.0,0.0,0.0,0.0,0.0,0.0,0.0,0.0,0.0,0.0,0.004174186,0.0,0.0,0.0,0.0,0.0,0.0,0.0,0.0,0.001826206,0.0,0.0,0.0,0.0,0.0,0.0,0.0,0.0,0.000456552,0.0,0.0,0.002478423,0.0,0.002326239,0.0,0.0,0.0,0.0,0.0,0.000463798,0.0,0.0,0.012522558,0.0,0.0,0.0,0.0,0.002646136,0.003391526,0.027132209,0.001147901,0.0,0.029741076,0.0,0.0,0.0,0.030419381,0.0,0.0,0.0,0.0,0.0,0.0,0.004695959,0.18262064,0.006000392,0.0,0.0,0.005152511,0.00078266,0.00313064,0.0,0.00234798,0.0,0.0,0.0,0.0,0.0,0.0,0.0,0.0,0.0,0.000608735,0.0,0.013631326,0.005304695,0.00226497,0.0,0.0,0.001206601,0.003652413,0.021044855,0.0,0.0,0.0,0.0,0.011870342,0.0,0.0,0.0,0.000652217,0.0,0.0,0.0,0.0,0.0,0.0,0.0,0.00078266,0.000231899,0.0,0.0,0.000492786,0.0,0.000195665,0.0,0.0,0.0,0.013305218,0.0,0.0,0.0,0.0,0.0,0.000326108,0.0,0.0,0.006087355,0.0,0.0,0.0,0.0,0.0,0.0,0.0,0.0,0.0,0.0,0.0,0.0,0.0,0.0,0.0,0.0,0.0,0.001652282,0.0,0.0,0.002695829,0.0,0.0,0.0,0.0,0.001043547,0.0,0.0,0.0,0.0,0.0,0.0,0.0,0.0,0.0,0.0,0.0,0.0,0.0,0.0,0.0,0.0,0.0,0.0,0.0,0.345674784,0.0
ERR1513696,0.001066116,0.001066116,0.005330582,0.0,0.0,0.0,0.0,0.0,0.0,0.0,0.0,0.0,0.0,0.0,0.0,0.0,0.0,0.0,0.0,0.073961822,0.0,0.0,0.0,0.0,0.0,0.0,0.0,0.0,0.0,0.0,0.0,0.0,0.0,0.0,0.0,0.0,0.0,0.0,0.001665807,0.0,0.0,0.053039289,0.0,0.0,0.007729344,0.0,0.0,0.045309945,0.0,0.0,0.039659528,0.045843003,0.0,0.0,0.001288224,0.0,0.0,0.0,0.0,0.0,0.0,0.0,0.0,0.0,0.091419477,0.0,0.0,0.004690912,0.0,0.0,0.0,0.0,0.0,0.0,0.0,0.0,0.0,0.0,0.0,0.0,0.0,0.0,0.0,0.0,0.0,0.0,0.0,0.0,0.0,0.0,0.0,0.0,0.0,0.0,0.0,0.0,0.0,0.0,0.0,0.0,0.0,0.0,0.0,0.0,0.0,0.000799587,0.0,0.0,0.007596079,0.0,0.0,0.0,0.0,0.0,0.0,0.0,0.0,0.014459203,0.0,0.0,0.0,0.0,0.0,0.0,0.0,0.0,0.0,0.0,0.0,0.0,0.0,0.000510847,0.0,0.0,0.0,0.0,0.0,0.0,0.0,0.0,0.006130169,0.0,0.0,0.0,0.0,0.001789552,0.009061989,0.0,0.0,0.0,0.0,0.0,0.0,0.0,0.018017366,0.0,0.0,0.0,0.0,0.0,0.0,0.0,0.009595047,0.001599175,0.0,0.0,0.001532542,0.003598143,0.018123978,0.0,0.0,0.0,0.0,0.0,0.0,0.0,0.0,0.0,0.0,0.0,8.88e-05,0.0,0.00776266,0.002754134,0.000448253,0.0,0.0,0.0,0.0,0.014747943,0.0,0.0,0.0,0.0,0.005996904,0.0,0.0,0.0,0.000932852,0.0,0.0,0.0,0.0,0.009595047,0.002132233,0.0,0.000666323,0.001658403,0.0,0.0,0.001125345,0.0,0.000466426,0.0,0.0,0.0,0.0,0.0,0.0,0.000799587,0.0,0.0,0.000199897,0.0,0.016524804,0.0,0.0,0.000710744,0.0,0.0,0.0,0.0,0.0,0.0,0.0,0.0,0.0,0.0,0.0,0.0,0.0,0.0,0.0,0.0,0.0,0.0,0.001421488,0.0,0.0,0.0,0.0,0.001732439,0.003731407,0.0,0.0,0.00586364,0.0,0.0,0.0,0.051440114,0.0,0.0,0.0,0.0,0.0,0.0,0.0,0.0,0.0,0.0,0.0,0.005330582,0.0
ERR1513697,0.0,0.0,0.0,0.0,0.0,0.0,0.0,0.0,0.0,0.0,0.0,0.0,0.0,0.0,0.0,0.0,0.0,0.0,0.0,0.0,0.0,0.0,0.0,0.0,0.0,0.0,0.0,0.0,0.0,0.0,0.0,0.0,0.0,0.0,0.0,0.0,0.0,0.0,1.0,0.0,0.0,0.0,0.0,0.0,0.0,0.0,0.0,0.0,0.0,0.0,0.0,0.0,0.0,0.0,0.0,0.0,0.0,0.0,0.0,0.0,0.0,0.0,0.0,0.0,0.0,0.0,0.0,0.0,0.0,0.0,0.0,0.0,0.0,0.0,0.0,0.0,0.0,0.0,0.0,0.0,0.0,0.0,0.0,0.0,0.0,0.0,0.0,0.0,0.0,0.0,0.0,0.0,0.0,0.0,0.0,0.0,0.0,0.0,0.0,0.0,0.0,0.0,0.0,0.0,0.0,0.0,0.0,0.0,0.0,0.0,0.0,0.0,0.0,0.0,0.0,0.0,0.0,0.0,0.0,0.0,0.0,0.0,0.0,0.0,0.0,0.0,0.0,0.0,0.0,0.0,0.0,0.0,0.0,0.0,0.0,0.0,0.0,0.0,0.0,0.0,0.0,0.0,0.0,0.0,0.0,0.0,0.0,0.0,0.0,0.0,0.0,0.0,0.0,0.0,0.0,0.0,0.0,0.0,0.0,0.0,0.0,0.0,0.0,0.0,0.0,0.0,0.0,0.0,0.0,0.0,0.0,0.0,0.0,0.0,0.0,0.0,0.0,0.0,0.0,0.0,0.0,0.0,0.0,0.0,0.0,0.0,0.0,0.0,0.0,0.0,0.0,0.0,0.0,0.0,0.0,0.0,0.0,0.0,0.0,0.0,0.0,0.0,0.0,0.0,0.0,0.0,0.0,0.0,0.0,0.0,0.0,0.0,0.0,0.0,0.0,0.0,0.0,0.0,0.0,0.0,0.0,0.0,0.0,0.0,0.0,0.0,0.0,0.0,0.0,0.0,0.0,0.0,0.0,0.0,0.0,0.0,0.0,0.0,0.0,0.0,0.0,0.0,0.0,0.0,0.0,0.0,0.0,0.0,0.0,0.0,0.0,0.0,0.0,0.0,0.0,0.0,0.0,0.0,0.0,0.0,0.0,0.0,0.0,0.0,0.0,0.0,0.0,0.0,0.0,0.0,0.0,0.0,0.0
ERR1513698,0.000253356,0.0,0.0,0.0,0.0,0.0,6.76e-05,0.0,0.0,0.0,0.0,0.0,0.0,0.0,0.0,0.0,0.0,0.0,0.0,0.013275874,0.0,0.0,0.0,0.0,0.0,0.0,0.0,0.0,0.0,0.0,0.0,0.0,0.0,0.0,0.0,0.0,0.0,0.0,0.152554318,0.0,0.0,0.085533112,0.0,0.0,0.003040276,0.0,0.0,0.057157198,0.0,0.0,0.0,0.115192698,0.0,0.0,0.0,0.0,0.0,0.0,0.0,0.018849714,0.0,0.0,0.159310487,0.0,0.0,0.0,0.0,0.002756517,0.0,0.0,0.0,0.0,0.0,0.0,0.0,0.0,0.0,0.0,0.0,0.0,0.0,0.0,0.0,0.0,0.0,0.0,0.0,0.0,0.0,0.0,0.0,0.0,0.0,0.0,0.0,0.0,0.0,0.0,0.0,0.0,0.0,0.0,0.0,0.0,0.0,0.002634906,0.0,0.0,0.003141619,0.0,0.0,0.0,0.0,0.0,0.0,0.0,0.0,0.001773495,0.0,0.0,0.0,0.0,0.0,0.0,0.0,0.0,0.0,0.0,0.0,0.002026851,0.0,0.009965351,0.0,0.001148549,0.0,0.001216111,0.0,0.000495452,0.0,0.0,0.029592024,0.0,0.0,0.00435773,0.0,0.00098447,0.0,0.0,0.001743092,0.0,0.050671275,0.0,0.0,0.0,0.006485923,0.0,0.0,0.0,0.0,0.0,0.0,0.0,0.105598936,0.009728885,0.0,0.0,0.001722823,0.0,0.042361186,0.0,0.000304028,0.0,0.0,0.0,0.0,0.0,0.00040537,0.0,0.0,0.0,0.000236466,0.0,0.01451732,0.006080553,0.001750462,0.0,0.0,0.000228021,0.0,0.026416625,0.0,0.0,0.0,0.0,0.0,0.0,0.0,0.0,0.009627542,0.0,0.0,0.0,0.0,0.001114768,0.0,0.0,0.0,0.0,0.0,0.0,0.0,0.0,0.0,0.0,0.0,0.0,0.0,0.0,0.0,0.005067127,0.0,0.0,0.000861412,0.0,0.001621481,0.0,0.0,0.0,0.0,0.0,0.0,0.0,0.005067127,0.0,0.0,0.0,0.0,0.0,0.0,0.0,0.0,0.0,0.0,0.0,0.0,0.0,0.0,0.0,0.0,0.0,0.0,0.0,0.0,0.0,0.0,0.0,0.0,0.0,0.0,0.000608055,0.0,0.0,0.0,0.0,0.0,0.0,0.0,0.0,0.0,0.0,0.0,0.022700731,0.0
ERR1513699,0.0,0.0,0.0,0.0,0.0,0.0,0.0,0.0,0.0,0.0,0.0,0.0,0.0,0.0,0.0,0.0,0.0,0.0,0.0,0.007832974,0.0,0.0,0.0,0.0,0.0,0.0,0.0,0.0,0.0,0.0,0.0,0.0,0.0,0.0,0.0,0.0,0.001205073,0.0,0.0,0.0,0.0,0.0,0.0,0.0,0.0710993,0.0,0.0,0.0,0.0,0.0,0.0,0.182769386,0.0,0.0,0.000200845,0.0,0.0,0.0,0.0,0.264513496,0.0,0.0,0.225951164,0.0,0.0,0.0,0.0,0.015906962,0.0,0.0,0.0,0.0,0.0,0.0,0.0,0.0,0.0,0.0,0.0,0.0,0.0,0.0,0.0,0.0,0.0,0.0,0.0,0.0,0.0,0.0,0.0,0.0,0.0,0.0,0.0,0.0,0.0,0.0,0.0,0.0,0.0,0.0,0.0,0.0,0.0,0.0,0.0,0.0,0.0,0.0,0.0,0.0,0.0,0.0,0.0,0.0,0.0,0.0,0.0,0.0,0.0,0.0,0.0,0.0,0.0,0.0,0.0,0.0,0.0,0.0,0.0,0.002058666,0.0,0.0,0.0,0.0,0.0,0.000937279,0.002711414,0.0,0.0,0.0,0.008033819,0.0,0.0,0.000946843,0.010845656,0.0,0.0,0.0,0.0,0.0,0.0,0.0,0.0,0.0,0.0,0.0,0.0,0.0,0.0,0.0,0.0,0.0,0.0,0.0,0.0,0.0,0.0,0.0,0.0,0.0,0.0,0.0,0.0,0.0,0.00512156,0.0,0.0,0.0,0.0,0.0,0.001506341,0.001807609,0.017528333,0.0,0.0,0.00384117,0.0,0.0,0.0,0.0,0.0,0.0,0.0,0.0,0.0,0.0,0.015364679,0.0,0.0,0.0,0.0,0.0,0.0,0.0,0.0,0.0,0.0,0.0,0.0,0.0,0.0,0.0,0.0,0.0,0.0,0.0,0.0,0.0,0.0,0.0,0.0,0.0,0.0,0.003615219,0.0,0.0,0.0,0.000602536,0.0,0.0,0.0,0.0,0.0,0.0,0.0,0.0,0.0,0.0,0.0,0.0,0.0,0.0,0.0,0.0,0.0,0.0,0.0,0.0,0.0,0.0,0.0,0.0,0.0,0.0,0.0,0.0,0.0,0.0,0.0,0.0,0.0,0.0,0.0,0.0,0.0,0.0,0.0,0.098213439,0.0,0.0,0.0
ERR1513700,0.0,0.0,0.002412914,0.0,0.0,0.0,0.0,0.0,0.0,0.0,0.0,0.0,0.0,0.0,0.0,0.0,0.0,0.0,0.0,0.144774841,0.0,0.0,0.0,0.0,0.0,0.0,0.000344702,0.0,0.0,0.0,0.0,0.0,0.000689404,0.0,0.0,0.0,0.0,0.0,0.012495448,0.0,0.0,0.0,0.0,0.0,0.0,0.0,0.0,0.032574339,0.0,0.0,0.014132782,0.065838082,0.0,0.0,0.0,0.0,0.0,0.0,0.0,0.0,0.0,0.0,0.011719868,0.0,0.0,0.0,0.0,0.0,0.0,0.0,0.0,0.0,0.0,0.0,0.0,0.0,0.0,0.0,0.0,0.0,0.0,0.0,0.0,0.0,0.0,0.0,0.0,0.0,0.0,0.0,0.0,0.0,0.0,0.000517053,0.0,0.0,0.0,0.0,0.0,0.0,0.0,0.0,0.0,0.0,0.0,0.0,0.0,0.0,0.059633446,0.0,0.0,0.049637088,0.0,0.0,0.0,0.0,0.0,0.000172351,0.0,0.0,0.0,0.0,0.0,0.0,0.0,0.0,0.0,0.0,0.0,0.0,0.0,0.001809686,0.0,0.0,0.0,0.0,0.0,0.0,0.0,0.0,0.0,0.0,0.0,0.0,0.0,0.000541675,0.0,0.0,0.002137152,0.0,0.0,0.0,0.0,0.0,0.0,0.0,0.0,0.0,0.0,0.0,0.0,0.0,0.0,0.0,0.0,0.0,0.0,0.001034106,0.0,0.0,0.0,0.0,0.0,0.0,0.0,0.0,0.0,0.0,0.0,0.0,0.0,0.0,0.0,0.0,0.000219356,0.00517053,0.0,0.000301614,0.0,0.0,0.0,0.0,0.0,0.0,0.0,0.0,0.0,0.0,0.039985432,0.0,0.0,0.0,0.0,0.0,0.0,0.0,0.000517053,0.000229801,0.0,0.0,0.000114901,0.0,0.0,0.0,0.0,0.0,0.0,0.0,0.0,0.0,0.0,0.0,0.0,0.0,0.0,0.0,0.0,0.000804305,0.0,0.0,0.0,0.0,0.0,0.0,0.0,0.0,0.0,0.0,0.0,0.0,0.0,0.0,0.0,0.0,0.0,0.0,0.0,0.0,0.0,0.0,0.0,0.0,0.0,0.0,0.0,0.0,0.0,0.0,0.0,0.0,0.0,0.0,0.0,0.0,0.0,0.0,0.0,0.0,0.0,0.0,0.0,0.363488261,0.0
ERR1513702,0.0,0.003819787,0.001637052,0.0,0.0,0.0,0.035924187,0.0,0.0,0.0,0.0,0.0,0.0,0.0,0.0,0.0,0.0,0.0,0.0,0.001909893,0.0,0.0,0.0,0.0,0.0,0.0,0.0,0.0,0.0,0.0,0.0,0.0,0.0,0.0,0.0,0.0,0.0,0.0,0.004820207,0.0,0.0,0.0,0.0,0.014460622,0.0,0.0,0.0,0.047747337,0.0,0.0,0.0,0.000727578,0.0,0.0,0.004547365,0.000545684,0.0,0.0,0.0,0.0,0.0,0.0,0.02128167,0.0,0.075850055,0.0,0.001295999,0.001418778,0.0,0.0,0.0,0.0,0.0,0.0,0.0,0.0,0.0,0.0,0.0,0.0,0.0,0.0,0.0,0.012550729,0.0,0.0,0.0,0.0,0.0,0.0,0.0,0.0,0.0,0.0,0.0,0.0,0.0,0.0,0.0,0.0,0.0,0.0,0.0,0.0,0.0,0.0,0.0,0.0,0.007639574,0.0,0.0,0.0,0.0,0.0,0.0,0.0,0.0,0.005593259,0.0,0.0,0.0,0.0,0.0,0.0,0.0,0.0,0.0,0.0,0.0,0.007366732,0.0,0.008821889,0.0,0.0,0.0,0.0,0.0,0.001091368,0.0,0.0,0.023464405,0.0,0.0,0.0,0.0,0.004755245,0.003819787,0.0,0.003601513,0.0,0.04965723,0.0,0.0,0.0,0.022591311,0.0,0.0,0.0,0.0,0.0,0.0,0.023873668,0.187715244,0.091129203,0.0,0.0,0.012141466,0.0,0.015279148,0.0,0.001500631,0.0,0.0,0.0,0.0,0.0,0.0,0.0,0.0,0.0,0.000727578,0.0,0.116503502,0.009822309,0.007217909,0.0,0.0,0.033764188,0.0,0.0,0.0,0.0,0.0,0.0,0.003956208,0.0,0.0,0.0,0.02837556,0.0,0.0,0.0,0.0,0.0,0.0,0.0,0.006548206,0.0,0.0,0.0,0.000121263,0.0,0.000682105,0.0,0.0,0.0,0.0,0.0,0.0,0.019098935,0.0,0.0,0.0,0.0,0.0,0.0,0.0,0.001091368,0.0,0.0,0.0,0.0,0.0,0.0,0.0,0.0,0.0,0.0,0.0,0.0,0.0,0.0,0.0,0.001273262,0.0,0.0,0.0,0.0,0.0,0.0,0.0,0.0,0.0,0.0,0.0,0.0,0.0,0.0,0.0,0.002182735,0.0,0.0,0.0,0.0,0.0,0.0,0.0,0.0,0.0,0.0,0.0,0.042836182,0.0
ERR1513708,0.0,0.0,0.0,0.0,0.0,0.0,0.0,0.0,0.0,0.0,0.0,0.0,0.0,0.0,0.0,0.0,0.0,0.0,0.0,0.005187358,0.0,0.0,0.0,0.0,0.0,0.0,0.0,0.0,0.0,0.0,0.0,0.0,0.0,0.0,0.0,0.0,0.0,0.0,0.078963123,0.0,0.0,0.124496603,0.0,0.0,0.0,0.0,0.0,0.240001784,0.0,0.0,0.004703205,0.009913618,0.0,0.0,0.0,0.0,0.0,0.0,0.0,0.011066365,0.0,0.0,0.235851897,0.0,0.0,0.0,0.005273814,0.002489932,0.0,0.03435184,0.0,0.0,0.0,0.0,0.004841535,0.0,0.0,0.0,0.0,0.0,0.0,0.0,0.0,0.0,0.0,0.0,0.0,0.0,0.0,0.0,0.0,0.0,0.0,0.0,0.0,0.0,0.0,0.0,0.0,0.0,0.0,0.0,0.0,0.0,0.0,0.0,0.0,0.0,0.0,0.0,0.0,0.0,0.0,0.0,0.0,0.0,0.0,0.001729119,0.0,0.0,0.0,0.0,0.0,0.0,0.0,0.0,0.0,0.0,0.0,0.0,0.0,0.005648457,0.0,0.0,0.0,0.0,0.0,0.0,0.002074943,0.0,0.004841535,0.0,0.0,0.0,0.0,0.002865398,0.0,0.0,0.0,0.0,0.015216251,0.0,0.0,0.0,0.0,0.0,0.0,0.0,0.0,0.0,0.0,0.0,0.035274037,0.0,0.0,0.0,0.002247855,0.0,0.0,0.0,0.0,0.0,0.0,0.0,0.0,0.0,0.0,0.0,0.0,0.0,0.0,0.0,0.010547629,0.008760872,0.006099076,0.011066365,0.0,0.0,0.0,0.013141308,0.0,0.0,0.0,0.0,0.009510157,0.0,0.0,0.0,0.0,0.0,0.0,0.0,0.0,0.0,0.0,0.0,0.0,0.000307399,0.0,0.0,0.0001537,0.0,0.0,0.0,0.0,0.0,0.0,0.0,0.0,0.0,0.0,0.0,0.00086456,0.0,0.0,0.042651614,0.0,0.001844394,0.0,0.0,0.0,0.0,0.0,0.0,0.0,0.0,0.0,0.0,0.0,0.0,0.0,0.0,0.0,0.0,0.0,0.0,0.0,0.0,0.0,0.0,0.0,0.0,0.0,0.0,0.0,0.0,0.0,0.0,0.0,0.004149887,0.0,0.0,0.0,0.0,0.0,0.0,0.0,0.0,0.0,0.0,0.0,0.0,0.0
ERR1513709,0.000217693,0.003265392,0.021333895,0.0,0.0,0.0,0.0,0.0,0.0,0.0,0.0,0.0,0.0,0.0,0.0,0.0,0.0,0.0,0.0,0.003809624,0.0,0.0,0.0,0.0,0.0,0.0,0.0,0.0,0.001306157,0.0,0.0,0.0,0.0,0.0,0.0,0.0,0.0,0.0,0.000961477,0.0,0.0,0.546626631,0.0,0.0,0.040490862,0.0,0.0,0.0,0.0,0.0,0.002873545,0.029461093,0.0,0.0,0.042304968,0.0,0.0,0.0,0.0,0.0,0.0,0.0,0.00391847,0.0,0.0,0.0,0.0,0.0,0.0,0.0,0.0,0.0,0.0,0.0,0.0,0.0,0.0,0.0,0.0,0.0,0.0,0.0,0.0,0.00152385,0.0,0.0,0.0,0.0,0.0,0.0,0.0,0.0,0.0,0.0,0.0,0.0,0.0,0.0,0.0,0.0,0.0,0.0,0.0,0.0,0.0,0.0,0.0,0.0,0.0,0.0,0.001088464,0.0,0.0,0.0,0.0,0.0,0.0,0.0,0.0,0.0,0.0,0.0,0.0,0.0,0.0,0.0,0.0,0.000435386,0.0,0.0,0.0,0.003755201,0.0,0.000290257,0.0,0.0,0.0,0.000556326,0.0,0.0,0.0,0.0,0.015020803,0.0,0.0,0.0,0.0,0.0,0.0,0.0,0.0,0.0,0.0,0.0,0.00030477,0.0,0.0,0.0,0.0,0.0,0.0,0.000925194,0.009578483,0.020027738,0.0,0.0,0.0,0.003083981,0.027646986,0.002539749,0.0,0.0,0.0,0.0,0.0,0.0,0.0,0.003265392,0.0,0.0,0.0,0.0,0.0,0.014004904,0.000474966,0.0,0.0,0.000353751,0.0,0.0,0.0,0.0,0.0,0.0,0.002639525,0.0,0.007945787,0.0,0.000979618,0.0,0.0,0.0,0.0,0.0,0.0,0.0,0.020354277,0.007062922,0.0,0.0,0.014464477,0.0,0.009796176,0.0,0.0,0.0,0.0,0.0,0.0,0.0,0.0,0.09317252,0.0,0.0,0.0,0.0,0.0,0.005514884,0.0,0.0,0.0,0.0,0.0,0.0,0.0,0.0,0.0,0.0,0.0,0.0,0.0,0.0,0.0,0.0,0.0,0.0,0.0,0.0,0.0,0.0,0.0,0.0,0.01632696,0.0,0.0,0.0,0.0,0.0,0.0,0.0,0.0,0.0,0.0,0.0,0.0,0.0,0.0,0.0,0.0,0.0,0.0,0.010340408,0.0
ERR1513714,0.0,0.0,0.0,0.0,0.0,0.0,0.000105194,0.0,0.0,0.0,0.0,0.0,0.0,0.0,0.0,0.0,0.0,0.0,0.0,0.027581798,0.0,0.0,0.006311624,0.0,0.0,0.0,0.0,0.0,0.0,0.0,0.0,0.0,0.0,0.0,0.0,0.0,0.0,0.0,0.007910569,0.0,0.0,0.0,0.0,0.06046536,0.003913207,0.0,0.0,0.170224504,0.0,0.0,0.009189725,0.006143314,0.0,0.0,0.0,0.0,0.0,0.0,0.0,0.006311624,0.0,0.0,0.015274131,0.0,0.0,0.0,0.0,0.000176725,0.0,0.0,0.0,0.0,0.0,0.0,0.0,0.0,0.0,0.0,0.0,0.0,0.0,0.0,0.0,0.0,0.0,0.0,0.0,0.0,0.0,0.0,8.42e-05,0.0,0.00100986,0.0,0.0,0.013128178,0.0,0.0,0.0,0.0,0.00252465,0.0,0.0,0.0,0.0,0.0,0.0,0.0,0.005238648,0.0,0.0,0.0,0.0,0.0,0.0,0.0,0.0,0.001893487,0.0,0.0,0.0,0.0,0.0,0.0,0.0,0.0,0.0,0.0,0.0,0.002272185,0.0,0.008762638,0.0,0.0,0.0,0.0,0.0,0.0,0.0,0.00050493,0.003660742,0.0,0.0,0.0,0.0,0.00191152,0.0,0.0,0.000479683,0.0,0.010224831,0.0,0.0,0.0,0.004948313,0.0,0.0,0.0,0.0,0.0,0.0,0.0,0.46807005,0.008078879,0.0,0.0,0.001230767,0.0,0.001641022,0.000883627,0.0,0.0,0.0,0.0,0.0,0.0,0.000189349,0.0,0.0,0.0,0.000189349,0.0,0.044118253,0.006143314,0.000350008,0.0,0.0,0.00017357,0.0,0.018429943,0.0,0.0,0.0,0.0,0.000426035,0.0,0.0,0.0,0.046769135,0.0,0.0,0.0,0.0,0.000694279,0.0,0.0,0.0,0.0,0.0,0.0,0.0,0.0,0.0,0.0,0.0,0.0,0.0,0.0,0.0,0.000378697,0.0,0.0,0.0,0.0,0.0,0.00134648,0.0,0.0,0.000631162,0.0,0.0,0.0,0.0,0.0,0.0,0.0,0.0,0.0,0.0,0.0,0.0,0.0,0.0,0.0,0.0,0.0,0.0,0.0,0.0,0.0,0.0,0.0,0.0,0.0,0.0,0.0,0.0,0.001262325,0.0,0.00201972,0.0,0.0,0.0,0.0,0.0,0.0,0.0,0.0,0.0,0.0,0.0,0.004544369,0.0
ERR1513721,0.0,0.0,0.0,0.0,0.0,0.0,0.0,0.0,0.0,0.0,0.0,0.0,0.0,0.0,0.0,0.0,0.0,0.0,0.0,0.010870903,0.0,0.0,0.0,0.0,0.0,0.0,0.0,0.0,0.0,0.0,0.0,0.0,0.0,0.0,0.0,0.0,0.0,0.0,0.032495817,0.0,0.0,0.0,0.0,0.0,0.653656872,0.0,0.0,0.0,0.0,0.0,0.0,0.0,0.0,0.0,0.0,0.0,0.0,0.0,0.0,0.0,0.0,0.0,0.0,0.0,0.0,0.0,0.0,0.0,0.0,0.0,0.0,0.0,0.0,0.0,0.0,0.0,0.0,0.0,0.0,0.0,0.0,0.0,0.0,0.0,0.0,0.0,0.0,0.0,0.0,0.0,0.0,0.0,0.0,0.0,0.0,0.0,0.0,0.0,0.0,0.0,0.0,0.0,0.0,0.0,0.0,0.0,0.0,0.0,0.003156069,0.0,0.0,0.0,0.0,0.0,0.0,0.0,0.0,0.0,0.0,0.0,0.0,0.0,0.0,0.0,0.0,0.0,0.0,0.0,0.0,0.0,0.0,0.008123954,0.0,0.023845852,0.0,0.0,0.0,0.007091413,0.001753371,0.0,0.0,0.0,0.008883749,0.005961463,0.0,0.0,0.0,0.0,0.0,0.0,0.0,0.0,0.0,0.0,0.0,0.0,0.0,0.0,0.0,0.002805394,0.0,0.0,0.049795749,0.0,0.0,0.0,0.0,0.014143863,0.044886309,0.0,0.0,0.0,0.0,0.0,0.0,0.0,0.000701349,0.0,0.0,0.0,0.0,0.0,0.0,0.0,0.004654404,0.0,0.0,0.0,0.0,0.0,0.0,0.0,0.0,0.0,0.0,0.0,0.0,0.0,0.0,0.0,0.0,0.0,0.0,0.000701349,0.0,0.0,0.0,0.0,0.0,0.0,0.0,0.0,0.0,0.0,0.0,0.0,0.0,0.0,0.0,0.0,0.0,0.0,0.0,0.0,0.0,0.0,0.0,0.00327296,0.0,0.0,0.0,0.0,0.0,0.0,0.0,0.0,0.0,0.0,0.0,0.0,0.0,0.0,0.0,0.0,0.0,0.0,0.01145536,0.0,0.0,0.0,0.0,0.0,0.0,0.0,0.0,0.0,0.0,0.0,0.0,0.0,0.0,0.0,0.0,0.0,0.0,0.0,0.0,0.0,0.0,0.0,0.0,0.018936412,0.0
ERR1513724,0.0,0.0,0.0,0.0,0.0,0.0,0.0,0.0,0.0,0.0,0.0,0.0,0.0,0.0,0.0,0.0,0.0,0.0,0.0,0.001827748,0.0,0.0,0.0,0.0,0.0,0.0,0.0,0.0,0.0,0.0,0.0,0.0,0.0,0.0,0.0,0.0,0.0,0.0,0.011815085,0.0,0.0,0.03968824,0.0,0.08890688,0.0,0.0,0.0,0.130031208,0.0,0.0,0.00344661,0.062491571,0.0,0.0,0.0,0.0,0.0,0.0,0.0,0.018277479,0.0,0.0,0.0,0.0,0.0,0.0,0.0,0.001409977,0.0,0.0,0.0,0.0,0.0,0.0,0.0,0.0,0.0,0.0,0.0,0.0,0.0,0.0,0.0,0.0,0.0,0.0,0.0,0.0,0.0,0.0,0.0,0.0,0.0,0.0,0.0,0.0,0.0,0.0,0.0,0.0,0.0,0.0,0.0,0.0,0.0,0.0,0.0,0.0,0.001827748,0.0,0.0,0.0,0.0,0.0,0.0,0.0,0.0,0.005222137,0.0,0.0,0.0,0.0,0.0,0.0,0.0,0.0,0.0,0.0,0.0,0.0,0.0,0.014230323,0.0,0.001305534,0.0,0.0,0.0,0.005106089,0.001044427,0.0,0.0,0.0,0.0,0.00456937,0.0,0.002312661,0.0,0.0,0.0,0.0,0.0,0.0,0.0,0.0,0.0,0.0,0.0,0.0,0.0,0.0,0.0,0.0,0.24648486,0.0,0.0,0.0,0.0,0.005135101,0.117236973,0.0,0.0,0.0,0.0,0.0,0.0,0.0,0.0,0.0,0.0,0.0,0.0,0.0,0.002349962,0.0,0.001459825,0.0,0.0,0.000293745,0.0,0.000348142,0.0,0.0,0.0,0.0,0.000359022,0.0,0.000261107,0.0,0.07937648,0.0,0.0,0.0,0.0,0.001044427,0.0,0.0,0.000783321,8.7e-05,0.0,0.0,0.000783321,0.0,0.0,0.0,0.0,0.0,0.0,0.0,0.0,0.0,0.000609249,0.0,0.0,0.0,0.0,0.0,0.0,0.0,0.0,0.0,0.0,0.0,0.0,0.0,0.0,0.0,0.0,0.0,0.0,0.0,0.0,0.0,0.0,0.0,0.0,0.0,0.0,0.0,0.0,0.0,0.0,0.00039166,0.0,0.0,0.0,0.0,0.0,0.0,0.0,0.068148886,0.0,0.0,0.0,0.0,0.0,0.0,0.0,0.0,0.0,0.0,0.0,0.0,0.0
ERR1513726,0.0,0.0,0.0,0.0,0.0,0.0,0.0,0.0,0.0,0.0,0.0,0.0,0.0,0.0,0.0,0.0,0.0,0.0,0.0,0.003965539,0.0,0.0,0.0,0.0,0.0,0.0,0.0,0.0,0.0,0.0,0.0,0.0,0.003172432,0.0,0.0,0.0,0.0,0.0,0.042398226,0.0,0.0,0.187966569,0.0,0.172500965,0.048776135,0.0,0.0,0.0,0.0,0.0,0.022048399,0.248903692,0.0,0.0,0.0,0.0,0.0,0.0,0.0,0.0,0.0,0.0,0.0,0.0,0.0,0.0,0.009319018,0.000634486,0.0,0.0,0.0,0.0,0.0,0.0,0.0,0.0,0.0,0.0,0.0,0.0,0.0,0.0,0.0,0.0,0.0,0.0,0.0,0.0,0.0,0.0,0.0,0.0,0.0,0.0,0.0,0.0,0.0,0.0,0.0,0.0,0.0,0.0,0.0,0.0,0.0,0.0,0.0,0.0,0.011500064,0.0,0.0,0.0,0.0,0.0,0.0,0.0,0.0,0.0,0.0,0.0,0.0,0.0,0.0,0.0,0.0,0.0,0.0,0.0,0.0,0.0,0.0,0.000363508,0.0,0.0,0.0,0.0,0.0,0.003833355,0.0,0.0,0.0,0.0,0.0,0.0,0.0,0.000226602,0.0,0.0,0.002062081,0.0,0.0,0.0,0.0,0.0,0.0,0.0,0.0,0.0,0.0,0.0,0.0,0.0,0.0,0.0,0.0,0.0,0.0,0.002379324,0.08050045,0.0,0.0,0.0,0.0,0.0,0.0,0.0,0.0,0.0,0.0,0.0,0.0,0.0,0.0,0.0,0.0,0.0,0.0,0.0,0.0,0.0,0.0,0.0,0.0,0.0,0.0,0.0,0.0,0.0,0.066819339,0.0,0.0,0.0,0.0,0.0,0.0,0.0,0.0,0.0,0.0,0.0,0.0,0.0,0.0,0.0,0.0,0.0,0.0,0.0,0.0,0.0,0.0,0.0,0.0,0.0,0.0,0.0,0.0,0.0,0.0,0.0,0.0,0.0,0.0,0.0,0.0,0.0,0.0,0.0,0.0,0.0,0.0,0.0,0.0,0.0,0.0,0.0,0.0,0.0,0.0,0.0,0.0,0.0,0.0,0.0,0.0,0.0,0.0,0.0,0.0,0.0,0.0,0.0,0.0,0.0,0.0,0.0,0.0,0.0,0.0,0.0,0.0,0.0,0.0
ERR1513730,0.0,0.0,0.0,0.0,0.0,0.0,0.0,0.0,0.0,0.0,0.0,0.0,0.0,0.0,0.0,0.0,0.0,0.0,0.0,0.005988796,0.0,0.0,0.0,0.0,0.0,0.0,0.0,0.0,0.0,0.0,0.0,0.0,0.0,0.0,0.0,0.0,0.0,0.0,0.084160733,0.0,0.0,0.0,0.0,0.0,0.048182587,0.0,0.0,0.093098557,0.0,0.0,0.0,0.025497753,0.0,0.0,0.000862024,0.0,0.0,0.0,0.0,0.032121724,0.0,0.0,0.0,0.0,0.0,0.0,0.0,0.003048842,0.0,0.0,0.0,0.0,0.0,0.0,0.0,0.0,0.0,0.0,0.0,0.0,0.0,0.0,0.0,0.0,0.0,0.0,0.0,0.0,0.0,0.0,0.0,0.0,0.0,0.0,0.0,0.0,0.0,0.0,0.0,0.0,0.0,0.0,0.0,0.0,0.0,0.0,0.0,0.0,0.001769417,0.0,0.0,0.0,0.0,0.0,0.0,0.0,0.0,0.001497199,0.0,0.0,0.0,0.0,0.0,0.0,0.0,0.0,0.0,0.0,0.0,0.0,0.0,0.004673076,0.0,0.000907393,0.0,0.0,0.0,0.0,0.0,0.0,0.022594094,0.0,0.0,0.0,0.0,0.001827749,0.001905526,0.0,0.0,0.0,0.0,0.0,0.0,0.0,0.002449962,0.0,0.0,0.0,0.0,0.0,0.0,0.005648524,0.363411034,0.003811052,0.0,0.0,0.001973581,0.0,0.003811052,0.0,0.0,0.0,0.0,0.0,0.0,0.0,0.0,0.0,0.0,0.0,0.000408327,0.0,0.0,0.052356596,0.00157144,0.0,0.0,0.0,0.0,0.008801715,0.0,0.0,0.0,0.0,0.000272218,0.0,0.0,0.0,0.01088872,0.0,0.0,0.0,0.0,0.0,0.0,0.0,0.000408327,0.0,0.0,0.0,6.05e-05,0.0,0.0,0.0,0.0,0.0,0.0,0.0,0.0,0.0,0.0,0.0,0.0,0.0,0.0,0.0,0.0,0.0,0.0,0.0,0.0,0.0,0.0,0.0,0.0,0.0,0.0,0.0,0.0,0.0,0.0,0.0,0.0,0.0,0.0,0.0,0.0,0.0,0.0,0.0,0.0,0.0,0.0,0.0,0.0,0.0,0.0,0.0,0.0,0.213963351,0.0,0.0,0.0,0.0,0.0,0.0,0.0,0.0,0.0,0.0,0.0,0.0,0.0
ERR1513733,0.000115762,0.0,0.0,0.0,0.0,0.0,0.0,0.0,0.0,0.0,0.0,0.0,0.0,0.0,0.0,0.0,0.0,0.0,0.0,0.013428415,0.0,0.0,0.0,0.0,0.0,0.0,0.0,0.0,0.0,0.0,0.0,0.0,0.0,0.0,0.0,0.0,0.0,0.0,0.015531428,0.0,0.0,0.075245428,0.0,0.011460458,0.0,0.0,0.0,0.064711068,0.0,0.0,0.023615488,0.014586037,0.006714207,0.0,0.0,0.0,0.0,0.0,0.0,0.004630488,0.0,0.0,0.306306775,0.0,0.0,0.0,0.0,0.004121134,0.0,0.0,0.0,0.0,0.0,0.0,0.0,0.0,0.0,0.0,0.0,0.0,0.0,0.0,0.0,0.0,0.0,0.0,0.0,0.0,0.0,0.0,0.0,0.0,0.0,0.0,0.0,0.0,0.0,0.0,0.0,0.0,0.0,0.0,0.0,0.0,0.0,0.013196891,0.0,0.0,0.00208372,0.0,0.0,0.0,0.0,0.0,0.000694573,0.0,0.0,0.0,0.0,0.0,0.0,0.0,0.0,0.0,0.0,0.0,0.000578811,0.0,0.0,0.003472866,0.0,0.006463389,0.0,0.000231524,0.0,0.0,0.0,0.000308699,0.0,0.0,0.014817561,0.0,0.0,0.001273384,0.0,0.001587596,0.004630488,0.0,0.001435451,0.0,0.009955549,0.0,0.0,0.0,0.019216525,0.0,0.0,0.0,0.0,0.0,0.0,0.002720412,0.231061346,0.017595854,0.0,0.0,0.001794314,0.0,0.002546768,0.0,0.001389146,0.0,0.0,0.0,0.0,0.0,0.000694573,0.0,0.0,0.0,0.000385874,0.0,0.010360717,0.021300244,0.007608734,0.003935915,0.0,0.000578811,0.0,0.013428415,0.0,0.0,0.0,0.0,0.0,0.0,0.0,0.0,0.009376738,0.0,0.0,0.0,0.0,0.0,0.0,0.0,0.0,0.0,0.0,0.0,0.0,0.0,0.0,0.0,0.0,0.0,0.0,0.0,0.0,0.0,0.00370439,0.0,0.000463049,0.0,0.0,0.0,0.0,0.0,0.001157622,0.0,0.0,0.0,0.0,0.0,0.0,0.0,0.0,0.0,0.0,0.0,0.0,0.0,0.0,0.0,0.0,0.0,0.0,0.0,0.0,0.0,0.0,0.0,0.0,0.0,0.0,0.0,0.0,0.0,0.0,0.003472866,0.0,0.0,0.0,0.0,0.0,0.0,0.000385874,0.0,0.0,0.0,0.0,0.0,0.0
ERR1513734,0.0,0.0,0.0,0.0,0.0,0.0,0.0,0.0,0.0,0.0,0.0,0.0,0.0,0.0,0.0,0.0,0.0,0.0,0.0,0.008367666,0.0,0.0,0.0,0.0,0.0,0.0,0.00028854,0.0,0.0,0.0,0.0,0.0,0.0,0.0,0.0,0.0,0.0,0.0,0.0,0.0,0.0,0.025102998,0.0,0.0,0.0,0.0,0.0,0.163169485,0.0,0.0,0.01177244,0.026834239,0.0,0.0,0.0,0.0,0.0,0.0,0.0,0.01413847,0.0,0.0,0.28450064,0.0,0.0,0.0,0.0,0.001442701,0.0,0.0,0.0,0.0,0.0,0.0,0.0,0.0,0.0,0.0,0.0,0.0,0.0,0.0,0.0,0.0,0.0,0.0,0.0,0.0,0.0,0.0,0.0,0.0,0.0,0.0,0.0,0.0,0.0,0.0,0.0,0.0,0.0,0.0,0.0,0.0,0.0,0.0,0.0,0.0,0.0,0.0,0.0,0.0,0.0,0.0,0.0,0.0,0.0,0.0,0.0,0.0,0.0,0.0,0.0,0.0,0.0,0.0,0.00043281,0.0,0.0,0.002308322,0.0,0.008439801,0.0,0.0,0.0,0.0,0.0,0.00025648,0.0,0.0,0.030585261,0.0,0.0,0.0,0.0,0.01492165,0.003173942,0.0,0.002192906,0.0,0.011541608,0.0,0.0,0.0,0.01765866,0.0,0.0,0.0,0.0,0.0,0.0,0.004833048,0.252761217,0.004039563,0.0,0.0,0.005337994,0.0,0.006347884,0.0,0.0,0.0,0.0,0.0,0.0,0.0,0.0,0.0,0.0,0.0,0.00043281,0.0,0.002993605,0.005097544,0.00211159,0.0,0.0,0.005157656,0.0,0.029431101,0.0,0.0,0.0,0.0,0.0,0.0,0.0,0.0,0.005049454,0.0,0.0,0.0,0.0,0.0,0.0,0.0,0.0,0.0,0.0,0.0,0.0003206,0.0,0.0,0.0,0.0,0.0,0.0,0.0,0.0,0.001731241,0.0,0.0,0.00057708,0.0,0.0,0.0,0.0,0.0,0.0,0.00028854,0.0,0.0,0.0,0.0,0.0,0.0,0.0,0.0,0.0,0.0,0.0,0.0,0.0,0.0,0.0,0.0,0.0,0.0,0.0,0.0,0.0,0.0,0.0,0.0,0.0,0.0,0.0,0.0,0.0,0.00057708,0.0,0.0,0.0,0.0,0.0,0.0,0.0,0.0,0.0,0.0,0.0,0.0,0.0
ERR1513735,0.000329786,0.0,0.0,0.0,0.0,0.0,0.0,0.0,0.0,0.0,0.0,0.0,0.0,0.0,0.0,0.0,0.0,0.0,0.0,0.014840377,0.0,0.0,0.0,0.0,0.0,0.0,0.000439715,0.0,0.0,0.0,0.0,0.0,0.0,0.0,0.0,0.0,0.0,0.0,0.0,0.0,0.0,0.0,0.0,0.0,0.0,0.0,0.0,0.0,0.0,0.0,0.0,0.0,0.0,0.0,0.002583325,0.0,0.0,0.0,0.0,0.0,0.0,0.0,0.0,0.0,0.0,0.0,0.0,0.0,0.0,0.0,0.0,0.0,0.0,0.0,0.0,0.0,0.0,0.0,0.0,0.0,0.0,0.0,0.0,0.002968075,0.0,0.0,0.0,0.0,0.0,0.0,0.0,0.0,0.0,0.00214361,0.0,0.0,0.0,0.0,0.0,0.0,0.0,0.0,0.0,0.0,0.0,0.001978717,0.0,0.0,0.032813722,0.0,0.0,0.0,0.0,0.0,0.0,0.0,0.0,0.00857444,0.0,0.0,0.0,0.0,0.0,0.0,0.0,0.0,0.0,0.0,0.0,0.002968075,0.0,0.01008596,0.0,0.0,0.0,0.0,0.0,0.001026001,0.001978717,0.0,0.085414613,0.0,0.0,0.000989358,0.0,0.005135242,0.0,0.002473396,0.0,0.0,0.016819094,0.0,0.0,0.0,0.049204094,0.0,0.0,0.0,0.0,0.0,0.0,0.003462755,0.400360388,0.00857444,0.0,0.0,0.00214361,0.000824465,0.003297862,0.0,0.001154252,0.0,0.0,0.0,0.0,0.0,0.001648931,0.0,0.0,0.0,0.001813824,0.0,0.03821397,0.013521232,0.00161895,0.0,0.0,0.000948135,0.0,0.040893483,0.0,0.0,0.0,0.0,0.00012367,0.0,0.0,0.0,0.0,0.0,0.0,0.0,0.0,0.004781899,0.0,0.0,0.000329786,7.33e-05,0.0,0.0,0.000476358,0.0,0.001071805,0.0,0.0,0.0,0.0,0.0,0.0,0.0,0.005826222,0.0,0.0,0.0,0.0,0.0,0.0,0.004836864,0.0,0.000659572,0.0,0.0,0.0,0.0,0.0,0.0,0.0,0.0,0.0,0.0,0.0,0.0,0.0,0.0,0.0,0.0,0.0,0.0,0.0,0.0,0.0,0.0,0.0,0.0,0.0,0.0,0.0,0.0,0.0,0.003297862,0.0,0.0,0.0,0.0,0.0,0.0,0.0,0.0,0.0,0.0,0.0,0.199355729,0.0
ERR1513744,0.0,0.0,0.0,0.0,0.0,0.0,0.0,0.0,0.0,0.0,0.0,0.0,0.0,0.0,0.0,0.0,0.0,0.0,0.0,0.005500531,0.0,0.0,0.0,0.0,0.0,0.0,0.0,0.0,0.0,0.0,0.0,0.0,0.0,0.0,0.0,0.0,0.00056902,0.0,0.01899896,0.0,0.0,0.0,0.0,0.0,0.012139102,0.0,0.0,0.075774554,0.0,0.0,0.018360392,0.0,0.0,0.0,0.0,0.0,0.0,0.0,0.0,0.018967348,0.0,0.0,0.084404697,0.0,0.0,0.0,0.001612225,0.002086408,0.0,0.000189673,0.0,0.0,0.0,0.0,0.0,0.0,0.0,0.0,0.0,0.0,0.0,0.0,0.0,0.0,0.0,0.0,0.0,0.0,0.0,0.0,0.0,0.0,0.0,0.0,0.0,0.0,0.0,0.0,0.0,0.0,0.0,0.0,0.0,0.0,0.0,0.0,0.0,0.0,0.001422551,0.0,0.0,0.0,0.0,0.0,0.0,0.0,0.0,0.013182307,0.0,0.0,0.0,0.0,0.0,0.0,0.0,0.0,0.0,0.0,0.0,0.002465755,0.0,0.004615388,0.0,0.0,0.0,0.0,0.0,0.000526871,0.0,0.0,0.007397266,0.0,0.0,0.0,0.0,0.002980583,0.003414123,0.0,0.000341412,0.0,0.018588001,0.0,0.0,0.0,0.012366711,0.0,0.0,0.0,0.0,0.0,0.0,0.008630143,0.493340711,0.032623838,0.0,0.0,0.001659643,0.0,0.0,0.0,0.0,0.0,0.0,0.0,0.0,0.0,0.0,0.0,0.0,0.0,0.0,0.0,0.027407817,0.022507919,0.002396783,0.0,0.0,0.000497893,0.0,0.0,0.0,0.0,0.0,0.0,0.0,0.0,0.0,0.0,0.016786103,0.0,0.0,0.0,0.0,0.00407798,0.0,0.0,0.0,0.0,0.0,0.0,0.0,0.0,0.0,0.0,0.0,0.0,0.0,0.0,0.0,0.002655429,0.0,0.0,0.0,0.0,0.0,0.0,0.0,0.000252898,0.0,0.0,0.0,0.0,0.0,0.0,0.0,0.0,0.0,0.0,0.0,0.0,0.0,0.0,0.0,0.0,0.0,0.0,0.0,0.0,0.0,0.0,0.0,0.0,0.0,0.0,0.0,0.0,0.0,0.006828245,0.0,0.010052694,0.0,0.0,0.0,0.0,0.0,0.0,0.0,0.0,0.0,0.0,0.0,0.019536368,0.0
ERR1513749,0.0,0.0,0.0,0.0,0.0,0.0,0.0,0.0,0.0,0.0,0.0,0.0,0.0,0.0,0.0,0.0,0.0,0.0,0.0,0.0049368,0.0,0.0,0.0,0.0,0.0,0.0,0.0,0.0,0.0,0.0,0.0,0.0,0.0,0.0,0.0,0.0,0.0,0.0,0.021000991,0.0,0.0,0.124125261,0.0,0.0,0.038554058,0.0,0.0,0.080869488,0.0,0.0,0.018618789,0.063316421,0.0,0.0,0.0,0.0,0.0,0.0,0.0,0.024448915,0.0,0.0,0.0,0.0,0.0,0.0,0.0,0.001410514,0.0,0.0,0.0,0.0,0.0,0.0,0.0,0.0,0.0,0.0,0.0,0.0,0.0,0.0,0.0,0.0,0.0,0.0,0.0,0.0,0.0,0.0,0.0,0.0,0.0,0.0,0.0,0.0,0.0,0.0,0.0,0.0,0.0,0.0,0.0,0.0,0.0,0.0,0.0,0.0,0.0032912,0.0,0.0,0.0,0.0,0.0,0.0,0.0,0.0,0.0,0.0,0.0,0.0,0.0,0.0,0.0,0.0,0.0,0.0,0.0,0.0,0.014105143,0.0,0.002977752,0.0,0.0,0.0,0.0,0.0,0.00203741,0.0,0.0,0.015045486,0.0,0.003134476,0.001880686,0.0,0.003156865,0.0,0.0,0.023508572,0.0,0.015515658,0.0,0.0,0.0,0.037425647,0.0,0.0,0.0,0.0,0.0,0.0,0.052541659,0.098736003,0.179605492,0.0,0.0,0.001057886,0.001723962,0.0,0.0,0.0,0.0,0.0,0.0,0.0,0.0,0.000705257,0.0,0.0,0.0,0.0,0.0,0.045724173,0.002350857,0.005620686,0.0032912,0.0,0.000528943,0.0,0.024919087,0.0,0.0,0.0,0.0,0.0,0.0,0.0,0.0,0.011989372,0.0,0.0,0.0,0.0,0.014340229,0.0,0.0,0.0,0.0,0.0,0.0,0.0,0.0,0.0,0.0,0.0,0.0,0.0,0.0,0.0,0.0,0.0,0.0,0.0,0.0,0.0,0.0,0.0,0.0,0.0,0.0,0.0,0.0,0.0,0.0,0.0,0.0,0.0,0.0,0.0,0.0,0.0,0.0,0.0,0.0,0.0,0.0,0.0,0.0,0.0,0.0,0.0,0.0,0.0,0.0,0.0,0.0,0.0,0.0,0.003761372,0.012694629,0.0,0.0,0.0,0.0,0.0,0.0,0.0,0.0,0.0,0.0,0.0,0.015280572,0.0
ERR1513752,0.0,0.0,0.0,0.0,0.0,0.0,0.0,0.0,0.0,0.0,0.0,0.0,0.0,0.0,0.0,0.0,0.0,0.0,0.0,0.03212391,0.0,0.0,0.0,0.0,0.0,0.0,0.0,0.0,0.0,0.0,0.0,0.0,0.0,0.0,0.0,0.0,0.0,0.0,0.040226274,0.0,0.0,0.0,0.0,0.0,0.003212391,0.0,0.0,0.156122202,0.0,0.0,0.025013818,0.0,0.0,0.0,0.000464012,0.0,0.0,0.0,0.0,0.137704494,0.0,0.0,0.033408866,0.0,0.0,0.0,0.00353363,0.000428319,0.0,0.0,0.0,0.0,0.0,0.0,0.0,0.0,0.0,0.0,0.0,0.0,0.0,0.0,0.0,0.001284956,0.0,0.0,0.0,0.0,0.0,0.0,0.0,0.0,0.0,0.0,0.0,0.0,0.0,0.0,0.0,0.0,0.001392036,0.0,0.0,0.0,0.0,0.0,0.0,0.0,0.002784072,0.0,0.0,0.0,0.0,0.0,0.0,0.0,0.0,0.0,0.0,0.0,0.0,0.0,0.0,0.0,0.0,0.0,0.0,0.0,0.0,0.001927435,0.0,0.002980385,0.0,0.0,0.0,0.0,0.0,0.000333137,0.0,0.0,0.010065492,0.0,0.0,0.0,0.0,0.004895072,0.0,0.0,0.003126727,0.0,0.0,0.0,0.0,0.0,0.008052393,0.0,0.0,0.0,0.0,0.0,0.0,0.0,0.334088664,0.0,0.0,0.0,0.000481859,0.000214159,0.006424782,0.0,0.0,0.0,0.0,0.0,0.0,0.0,0.000963717,0.0,0.0,0.0,0.0,0.0,0.025966827,0.006210623,0.00090531,0.006638941,0.0,0.001418806,0.0,0.042403561,0.008780535,0.0,0.0,0.0,0.0,0.0,0.0,0.0,0.035229221,0.0,0.0,0.0,0.0,0.0,0.0,0.0,0.0,0.0,0.0,0.0,0.0,0.0,0.0,0.0,0.0,0.0,0.0,0.0,0.0,0.002784072,0.0,0.0,0.0,0.0,0.0,0.011421835,0.0,0.0,0.0,0.0,0.0,0.0,0.0,0.0,0.0,0.0,0.0,0.0,0.0,0.0,0.0,0.0,0.0,0.0,0.0,0.0,0.0,0.0,0.0,0.0,0.0,0.0,0.0,0.0,0.0,0.0,0.0,0.0,0.0,0.000856638,0.0,0.0,0.0,0.0,0.0,0.0,0.0,0.0,0.0,0.0,0.0,0.007602659,0.0
ERR1513753,0.0,0.0,0.0,0.0,0.0,0.0,0.0,0.0,0.0,0.0,0.0,0.0,0.0,0.0,0.0,0.0,0.0,0.0,0.0,0.001464338,0.0,0.0,0.0,0.0,0.0,0.0,0.0,0.0,0.0,0.0,0.0,0.0,0.0,0.0,0.0,0.0,0.0,0.0,0.015798584,0.0,0.0,0.0,0.0,0.0,0.0,0.0,0.0,0.019524511,0.0,0.0,0.007497412,0.032866261,0.0,0.0,0.0,0.116092744,0.0,0.0,0.0,0.0,0.0,0.0,0.013276668,0.0,0.0,0.0,0.002953082,0.003045824,0.0,0.0,0.0,0.0,0.0,0.0,0.0,0.0,0.0,0.0,0.0,0.0,0.0,0.0,0.0,0.0,0.0,0.0,0.0,0.0,0.0,0.0,0.0,0.0,0.0,0.0,0.0,0.0,0.0,0.0,0.0,0.0,0.0,0.0,0.0,0.0,0.0,0.0,0.0,0.0,0.0,0.0,0.0,0.0,0.0,0.0,0.0,0.0,0.0,0.0,0.0,0.0,0.0,0.0,0.0,0.0,0.0,0.0,0.0,0.0,0.0,0.0,0.0,0.004295392,0.0,0.0,0.0,0.0,0.0,0.016400589,0.00078098,0.0,0.0,0.0,0.0,0.000976226,0.0,0.00633152,0.005662108,0.0,0.000195245,0.0,0.005076373,0.0,0.0,0.0,0.0,0.0,0.0,0.0,0.0,0.0,0.0,0.002538186,0.343631399,0.014448138,0.0,0.0,0.001561961,0.0,0.018938776,0.000325409,0.0,0.0,0.0,0.0,0.0,0.0,0.000488113,0.0,0.0,0.0,0.0,0.0,0.000414896,0.001496879,0.000488113,0.0,0.0,0.000244056,0.0,0.00266835,0.0,0.0,0.0,0.0,0.000732169,0.0,0.0,0.0,0.105627606,0.0,0.0,0.0,0.0,0.0,0.0,0.0,0.0,0.0,0.0,0.0,0.0,0.0,0.0,0.0,0.0,0.0,0.0,0.0,0.0,0.0,0.001431797,0.0,0.0,0.0,0.0,0.0,0.0,0.0,0.0,0.0,0.0,0.0,0.0,0.0,0.0,0.0,0.0,0.0,0.0,0.0,0.0,0.0,0.0,0.0,0.0,0.0,0.0,0.0,0.0,0.0,0.0,0.0,0.0,0.0,0.0,0.0,0.0,0.0,0.0,0.0,0.0,0.0,0.0,0.0,0.0,0.0,0.0,0.0,0.0,0.00039049,0.0,0.211743325,0.0
ERR1513760,0.0,0.0,0.0,0.0,0.0,0.0,0.0,0.0,0.0,0.0,0.0,0.0,0.0,0.0,0.0,0.0,0.0,0.0,0.0,0.006473212,0.0,0.0,0.0,0.0,0.0,0.0,0.0,0.0,0.0,0.0,0.0,0.0,0.0,0.0,0.0,0.0,0.0,0.0,0.101259534,0.0,0.0,0.268175935,0.0,0.0,0.175701475,0.0,0.0,0.024659856,0.0,0.0,0.012083329,0.098844923,0.0,0.0,0.0,0.0,0.0,0.0,0.0,0.0,0.0,0.0,0.0,0.0,0.0,0.0,0.0,0.000986394,0.0,0.0,0.0,0.0,0.0,0.0,0.0,0.0,0.0,0.0,0.0,0.0,0.0,0.0,0.0,0.0,0.0,0.0,0.0,0.0,0.0,0.0,0.0,0.0,0.0,0.0,0.0,0.0,0.0,0.0,0.0,0.0,0.0,0.0,0.0,0.0,0.0,0.001232993,0.0,0.0,0.003698978,0.0,0.0,0.0,0.0,0.0,0.0,0.0,0.0,0.007552081,0.0,0.0,0.0,0.0,0.0,0.0,0.0,0.0,0.0,0.0,0.0,0.004007227,0.0,0.005702592,0.0,0.001849489,0.0,0.0,0.0,0.004589473,0.001232993,0.0,0.018494892,0.0,0.0,0.005548468,0.0,0.005108113,0.0,0.0,0.002835883,0.0,0.0,0.0,0.0,0.0,0.0,0.0,0.0,0.0,0.0,0.0,0.0,0.004623723,0.034523799,0.005548468,0.0,0.0,0.001078869,0.001130243,0.0,0.0,0.000770621,0.0,0.0,0.0,0.0,0.0,0.0,0.0,0.0,0.0,0.0,0.0,0.016414217,0.0,0.001036835,0.0,0.0,0.000462372,0.0,0.003698978,0.0,0.0,0.0,0.0,0.0,0.0,0.0,0.0,0.010480439,0.0,0.0,0.0,0.0,0.000616496,0.0,0.0,0.0,0.0,0.0,0.0,0.0,0.0,0.0,0.0,0.0,0.0,0.0,0.0,0.0,0.002465986,0.0,0.0,0.0,0.0,0.0,0.0,0.0,0.0,0.0,0.0,0.0,0.0,0.0,0.0,0.0,0.0,0.0,0.0,0.0,0.0,0.0,0.0,0.0,0.0,0.0,0.0,0.0,0.0,0.0,0.0,0.0,0.0,0.0,0.0,0.0,0.0,0.0,0.0,0.0,0.0,0.0,0.0,0.0,0.0,0.0,0.0,0.0,0.0,0.0,0.0,0.0,0.075829057,0.0
ERR1513761,0.0,0.0,0.0,0.0,0.0,0.0,0.0,0.0,0.0,0.0,0.0,0.0,0.0,0.0,0.0,0.0,0.0,0.0,0.0,0.002075878,0.0,0.0,0.0,0.0,0.0,0.0,0.0,0.0,0.0,0.0,0.0,0.0,0.0,0.0,0.0,0.0,0.0,0.0,0.0147618,0.0,0.0,0.016145719,0.0,0.0,0.01845225,0.0,0.0,0.022373353,0.0,0.0,0.021681394,0.012762806,0.0,0.0,0.002921606,0.0,0.0,0.0,0.0,0.0,0.0,0.0,0.125936607,0.0,0.0,0.0,0.0,0.002029748,0.0,0.0,0.0,0.0,0.0,0.0,0.0,0.0,0.0,0.0,0.0,0.0,0.0,0.0,0.0,0.0,0.0,0.0,0.0,0.0,0.0,0.0,0.0,0.0,0.0,0.0,0.0,0.0,0.0,0.0,0.0,0.0,0.004151756,0.0,0.0,0.0,0.0,0.0,0.0,0.0,0.004382409,0.0,0.0,0.0,0.0,0.0,0.0,0.0,0.0,0.001037939,0.0,0.0,0.0,0.0,0.0,0.0,0.0,0.0,0.0,0.0,0.0,0.0,0.0,0.001998994,0.0,0.0,0.0,0.0,0.0,0.0,0.0,0.0,0.009687431,0.0,0.0,0.002998491,0.0,0.0,0.002767838,0.0,0.0,0.0,0.004613063,0.0,0.0,0.0,0.016883809,0.0,0.0,0.0,0.0,0.0,0.0,0.016261045,0.320607845,0.238495332,0.0,0.0,0.001960552,0.0,0.0,0.0,0.0,0.0,0.0,0.0,0.0,0.0,0.0,0.0,0.0,0.0,0.0,0.0,0.032752744,0.00369045,0.002683964,0.0,0.0,0.000461306,0.0,0.009072356,0.0,0.0,0.0,0.0,0.0,0.0,0.0,0.0,0.031599478,0.0,0.0,0.0,0.0,0.0,0.0,0.0,0.0,0.000102513,0.0,0.0,0.0,0.0,0.0,0.0,0.0,0.0,0.0,0.0,0.0,0.001383919,0.0,0.0,0.0,0.0,0.0,0.0,0.0,0.0,0.0,0.0,0.0,0.0,0.0,0.0,0.0,0.0,0.0,0.0,0.0,0.0,0.0,0.0,0.0,0.0,0.0,0.0,0.0,0.0,0.0,0.0,0.0,0.0,0.0,0.0,0.0,0.0,0.0,0.0,0.0,0.024449231,0.0,0.0,0.0,0.0,0.0,0.0,0.0,0.0,0.0,0.0,0.0,0.017990944,0.0
ERR1513763,0.0,0.0,0.0,0.0,0.0,0.0,0.0,0.0,0.0,0.0,0.0,0.0,0.0,0.0,0.0,0.0,0.0,0.0,0.0,0.002337859,0.0,0.0,0.0,0.0,0.0,0.0,0.0,0.0,0.0,0.0,0.0,0.0,0.0,0.0,0.0,0.0,0.0,0.0,0.073500874,0.0,0.0,0.0,0.0,0.0,0.0,0.0,0.0,0.150260581,0.0,0.0,0.009776502,0.047749001,0.0,0.0,0.01898625,0.0,0.0,0.0,0.0,0.0,0.0,0.0,0.069710708,0.0,0.0,0.0,0.0,0.0,0.0,0.0,0.0,0.0,0.0,0.0,0.0,0.0,0.0,0.0,0.0,0.0,0.0,0.0,0.0,0.0,0.0,0.0,0.0,0.0,0.0,0.0,0.0,0.0,0.0,0.0,0.0,0.0,0.0,0.0,0.0,0.0,0.0,0.0,0.0,0.0,0.0,0.0,0.0,0.0,0.005313316,0.0,0.0,0.0,0.0,0.0,0.0,0.0,0.0,0.0,0.0,0.0,0.0,0.0,0.0,0.0,0.0,0.0,0.0,0.0,0.0,0.0,0.0,0.0067302,0.0,0.0,0.0,0.0,0.0,0.000377836,0.001487729,0.0,0.008076241,0.0,0.0,0.0,0.0,0.004736442,0.003825588,0.0,0.002040313,0.0,0.04335666,0.0,0.0,0.0,0.003570548,0.0,0.0,0.0,0.0,0.0,0.0,0.011476763,0.198505492,0.016577546,0.0,0.0,0.004781985,0.00403812,0.211682516,0.0,0.0,0.0,0.0,0.0,0.0,0.0,0.002125326,0.0,0.0,0.0,0.0,0.0,0.025078852,0.00991819,0.002994778,0.0,0.0,0.00201906,0.0,0.005809226,0.0,0.0,0.0,0.0,0.001700261,0.0,0.0,0.0,0.0,0.0,0.0,0.0,0.0,0.0,0.0,0.0,0.007863708,0.000377836,0.0,0.0,0.001464114,0.0,0.0,0.0,0.0,0.0,0.0,0.0,0.0,0.0,0.0,0.001275196,0.0,0.0,0.0,0.0,0.0,0.001558573,0.0,0.0,0.0,0.0,0.0,0.0,0.0,0.0,0.0,0.0,0.0,0.0,0.0,0.0,0.0,0.0,0.0,0.0,0.0,0.0,0.0,0.0,0.0,0.0,0.0,0.0,0.0,0.0,0.0,0.0,0.0,0.0,0.0,0.0,0.0,0.0,0.0,0.0,0.0,0.0,0.0,0.0,0.0,0.000850131,0.0
ERR1513766,0.0,0.0,0.0,0.0,0.0,0.0,0.0,0.0,0.0,0.0,0.0,0.0,0.0,0.0,0.0,0.0,0.0,0.0,0.0,0.0,0.0,0.0,0.0,0.0,0.0,0.0,0.0,0.0,0.0,0.0,0.0,0.0,0.0,0.0,0.0,0.0,0.0,0.0,0.005127255,0.0,0.0,0.0,0.065741248,0.105775982,0.0,0.0,0.0,0.044838902,0.0,0.0,0.012642548,0.0,0.0,0.0,0.0,0.0,0.0,0.0,0.0,0.0,0.0,0.0,0.0,0.0,0.0,0.0,0.0,0.00185424,0.0,0.0,0.0,0.0,0.0,0.0,0.0,0.0,0.0,0.0,0.0,0.0,0.0,0.0,0.0,0.0,0.0,0.0,0.0,0.0,0.0,0.0,0.0,0.0,0.0,0.0,0.0,0.0,0.0,0.0,0.0,0.0,0.0,0.0,0.0,0.0,0.0,0.0,0.0,0.0,0.007754096,0.0,0.0,0.0,0.0,0.0,0.0,0.0,0.0,0.0,0.0,0.0,0.0,0.0,0.0,0.0,0.0,0.0,0.0,0.0,0.0,0.001095687,0.0,0.004129899,0.0,0.0,0.0,0.0,0.0,0.000224756,0.0,0.0,0.000842837,0.0,0.0,0.001348538,0.0,0.00045754,0.0,0.0,0.00185424,0.0,0.012305413,0.0,0.0,0.0,0.003371346,0.0,0.0,0.0,0.0,0.0,0.0,0.008006947,0.040287585,0.00252851,0.0,0.0,0.003244921,0.000589986,0.041130422,0.0,0.0,0.0,0.0,0.0,0.0,0.0,0.0,0.0,0.0,0.0,0.0,0.0,0.003898119,0.00123616,0.000658945,0.0,0.0,0.004003473,0.0,0.0,0.0,0.0,0.0,0.0,0.0,0.0,0.0,0.0,0.0,0.0,0.0,0.0,0.0,0.0,0.0,0.0,0.0,0.0,0.0,0.0,0.0,0.0,0.0,0.0,0.000337135,0.0,0.0,0.0,0.0,0.0,0.000786647,0.0,0.0,0.0,0.0,0.0,0.0,0.0,0.0,0.0,0.0,0.0,0.0,0.0,0.0,0.0,0.0,0.0,0.0,0.0,0.0,0.0,0.0,0.0,0.0,0.0,0.0,0.0,0.0,0.0,0.0,0.0,0.0,0.0,0.0,0.0,0.0,0.0,0.0,0.0,0.0,0.0,0.0,0.0,0.0,0.0,0.0,0.0,0.0,0.0,0.0,0.0,0.0
ERR1513769,0.0,0.0,0.0,0.0,0.0,0.0,0.005455529,0.0,0.0,0.0,0.0,0.0,0.0,0.0,0.0,0.0,0.0,0.0,0.0,0.0,0.0,0.0,0.0,0.0,0.0,0.0,0.0,0.0,0.0,0.0,0.0,0.0,0.0,0.0,0.0,0.0,0.0,0.0,0.379264189,0.0,0.0,0.0,0.0,0.0,0.0,0.0,0.0,0.0,0.0,0.0,0.0,0.0,0.0,0.0,0.0,0.0,0.0,0.0,0.0,0.0,0.0,0.0,0.0,0.0,0.0,0.0,0.0,0.0,0.0,0.0,0.0,0.0,0.0,0.0,0.0,0.0,0.0,0.0,0.0,0.0,0.0,0.0,0.0,0.0,0.0,0.0,0.0,0.0,0.0,0.0,0.0,0.0,0.0,0.0,0.0,0.0,0.0,0.0,0.0,0.0,0.0,0.0,0.0,0.0,0.0,0.0,0.0,0.0,0.0,0.0,0.0,0.0,0.0,0.0,0.0,0.0,0.0,0.0,0.0,0.0,0.0,0.0,0.0,0.0,0.0,0.0,0.0,0.0,0.0,0.0,0.0,0.009966832,0.0,0.011330714,0.0,0.0,0.0,0.024200168,0.028326786,0.0,0.0,0.0,0.005455529,0.0,0.0,0.0,0.0,0.0,0.0,0.0,0.0,0.006294841,0.0,0.0,0.003021524,0.0,0.0,0.0,0.0,0.0,0.0,0.0,0.410423653,0.0,0.0,0.0,0.0,0.018884524,0.0,0.0,0.0,0.0,0.0,0.0,0.0,0.0,0.0,0.0,0.0,0.0,0.0,0.0,0.0,0.0,0.000801162,0.0,0.0,0.001416339,0.0,0.0,0.0,0.0,0.0,0.0,0.0,0.0,0.0,0.0,0.0,0.0,0.0,0.0,0.0,0.004406389,0.0,0.0,0.0,0.0,0.0,0.0,0.0,0.0,0.0,0.0,0.0,0.0,0.0,0.018884524,0.0,0.0,0.0,0.0,0.003776905,0.0,0.0,0.0,0.0,0.012589683,0.0,0.0,0.0,0.0,0.0,0.0,0.0,0.0,0.0,0.0,0.0,0.0,0.0,0.0,0.0,0.0,0.0,0.0,0.0,0.0,0.0,0.0,0.0,0.016996072,0.0,0.0,0.0,0.0,0.0,0.0,0.0,0.0,0.0,0.0,0.0,0.0,0.0,0.0,0.0,0.0,0.0,0.0,0.0,0.0,0.0
ERR1513771,0.0,0.00117524,0.0,0.0,0.0,0.0,0.0,0.0,0.0,0.001343132,0.0,0.0,0.0,0.0,0.0,0.0,0.0,0.0,0.0,0.002182589,0.0,0.0,0.0,0.0,0.0,0.0,0.000279819,0.0,0.0,0.0,0.0,0.0,0.0,0.0,0.0,0.0,0.0,0.0,0.015781799,0.0,0.0,0.069842855,0.0,0.0,0.0,0.0,0.0,0.055907862,0.0,0.0,0.049158625,0.0,0.0,0.0,0.002714246,0.0,0.0,0.0,0.0,0.043987567,0.0,0.0,0.163358409,0.0,0.0,0.0,0.0,0.00275342,0.0,0.038782932,0.0,0.0,0.0,0.0,0.0,0.0,0.0,0.0,0.0,0.0,0.0,0.0,0.0,0.0,0.0,0.0,0.0,0.0,0.0,0.0,0.0,0.0,0.0,0.000167891,0.0,0.0,0.0,0.0,0.0,0.0,0.0,0.0,0.0,0.0,0.0,0.0,0.0,0.0,0.000839457,0.0,0.0,0.0,0.0,0.0,0.0,0.0,0.0,0.0,0.0,0.0,0.0,0.0,0.0,0.0,0.0,0.0,0.0,0.0,0.0,0.001594969,0.0,0.009150086,0.0,0.0,0.0,0.0,0.0,0.000223855,0.0,0.0,0.026526854,0.0,0.0,0.0,0.0,0.003381814,0.002518372,0.0,0.000906614,0.0,0.009737706,0.0,0.0,0.0,0.035055741,0.0,0.0,0.0,0.0,0.0,0.0,0.026568827,0.149927091,0.075719057,0.0,0.0,0.003441775,0.001007349,0.002854155,0.0,0.0,0.0,0.0,0.0,0.0,0.0,0.0,0.0,0.0,0.0,0.0,0.0,0.01542503,0.000615602,0.000595252,0.0,0.0,0.007471171,0.0,0.0,0.0,0.0,0.0,0.0,0.000146905,0.0,0.0,0.0,0.007135388,0.0,0.0,0.0,0.0,0.0,0.0,0.0,0.000839457,0.0,0.0,0.0,0.001026003,0.0,0.000461702,0.0,0.0,0.0,0.0,0.0,0.0,0.002854155,0.000391747,0.0,0.000503674,0.0,0.0,0.0,0.0,0.001790842,0.0,0.0,0.0,0.0,0.0,0.0,0.0,0.0,0.0,0.0,0.0,0.0,0.0,0.0,0.0,0.0,0.0,0.0,0.0,0.0,0.0,0.0,0.0,0.004784907,0.000335783,0.0,0.0,0.0,0.0,0.0,0.0,0.0,0.0,0.0,0.0,0.0,0.0,0.0,0.0,0.0,0.0,0.0,0.0,0.088814592,0.0
ERR1513772,0.0,0.0,0.0,0.0,0.0,0.0,0.0,0.0,0.0,0.0,0.0,0.0,0.0,0.0,0.0,0.0,0.0,0.000967273,0.0,0.002418182,0.0,0.0,0.0,0.0,0.0,0.0,0.0,0.0,0.000967273,0.0,0.0,0.0,0.0,0.0,0.0,0.0,0.0,0.0,0.079773137,0.0,0.0,0.0,0.0,0.0,0.018055759,0.0,0.0,0.314847293,0.0,0.0,0.01115588,0.064807277,0.0,0.0,0.0,0.0,0.0,0.0,0.0,0.0,0.0,0.0,0.026761214,0.0,0.0,0.0,0.0,0.003804606,0.0,0.0,0.0,0.0,0.0,0.0,0.0,0.0,0.0,0.0,0.0,0.0,0.0,0.0,0.0,0.0,0.0,0.0,0.0,0.0,0.0,0.0,0.000859798,0.0,0.0,0.0,0.0,0.0,0.0,0.0,0.0,0.0,0.0,0.0,0.0,0.0,0.0,0.0,0.0,0.0,0.036111518,0.0,0.0,0.0,0.0,0.0,0.0,0.0,0.0,0.0,0.0,0.0,0.0,0.0,0.0,0.0,0.0,0.0,0.0,0.0,0.0,0.0,0.0,0.018700607,0.0,0.0,0.0,0.0,0.0,0.001074748,0.00225697,0.0,0.043204851,0.0,0.000752323,0.0,0.0,0.002855758,0.0,0.0,0.001934546,0.0,0.010962425,0.0,0.0,0.0,0.007544728,0.0,0.0,0.0,0.0,0.0,0.0,0.005561819,0.062872731,0.145413343,0.0,0.0,0.003869091,0.000537374,0.0,0.0,0.0,0.0,0.0,0.0,0.0,0.0,0.0,0.0,0.0,0.0,0.0,0.0,0.069442126,0.0,0.001450909,0.0,0.0,0.004755758,0.0,0.0,0.0,0.0,0.0,0.0,0.0,0.0,0.0,0.0,0.038046063,0.0,0.0,0.0,0.0,0.001773333,0.0,0.0,0.000322424,0.0,0.0,0.0,0.000107475,0.0,0.0,0.0,0.0,0.0,0.0,0.0,0.0,0.003869091,0.0,0.0,0.002095758,0.0,0.0,0.0,0.0,0.000537374,0.0,0.0,0.0,0.0,0.0,0.0,0.0,0.0,0.0,0.0,0.0,0.0,0.0,0.0,0.0,0.0,0.0,0.0,0.0,0.0,0.0,0.0,0.0,0.0,0.0,0.0,0.0,0.0,0.0,0.0,0.0,0.000967273,0.0,0.0,0.0,0.0,0.0,0.0,0.0,0.0,0.0,0.0,0.0,0.0,0.0
ERR1513773,0.0,0.0,0.0,0.0,0.0,0.0,0.0,0.0,0.0,0.0,0.0,0.0,0.0,0.0,0.0,0.0,0.0,0.0,0.0,0.001093977,0.0,0.0,0.0,0.0,0.0,0.0,0.0,0.0,0.0,0.0,0.0,0.0,0.0,0.0,0.0,0.0,0.0,0.0,0.038471541,0.0,0.0,0.039656684,0.0,0.0,0.007110854,0.0,0.0,0.063997683,0.0,0.0,0.008861218,0.069741065,0.003373097,0.0,0.019873924,0.242534808,0.0,0.0,0.0,0.05442538,0.0,0.0,0.037742223,0.0,0.0,0.0,0.000512802,0.029592091,0.0,0.0,0.0,0.0,0.0,0.0,0.0,0.0,0.0,0.0,0.0,0.0,0.0,0.0,0.0,0.003281932,0.0,0.0,0.0,0.0,0.0,0.0,0.0,0.0,0.0,0.0,0.0,0.0,0.0,0.0,0.0,0.0,0.0,0.0,0.0,0.0,0.0,0.0,0.0,0.0,0.001777713,0.0,0.0,0.0,0.0,0.0,0.0,0.0,0.0,0.0,0.0,0.0,0.0,0.0,0.0,0.0,0.0,0.0,0.0,0.0,0.0,0.0,0.0,0.003190768,0.0,0.0,0.0,0.0,0.0,0.000425436,0.0,0.0,0.011486764,0.0,0.0,0.0,0.0,0.030279734,0.002734944,0.003008438,0.002680245,0.0,0.018871112,0.0,0.0,0.0,0.020457379,0.0,0.0,0.0,0.0,0.0,0.0,0.012922609,0.130456815,0.012854235,0.0,0.0,0.002529823,0.0,0.006290371,0.0,0.0,0.0,0.0,0.0,0.0,0.0,0.001504219,0.0,0.0,0.0,0.000319077,0.0,0.020922319,0.015498014,0.000497262,0.0,0.0,0.000273494,0.0,0.004740569,0.0,0.0,0.0,0.0,0.012717488,0.0,0.0,0.0,0.0,0.0,0.0,0.0,0.0,0.0,0.0,0.0,0.0,0.0,0.0,0.0,0.0,0.0,0.0,0.0,0.0,0.0,0.0,0.0,0.0,0.0,0.0,0.0,0.0,0.0,0.0,0.0,0.0,0.000273494,0.0,0.0,0.0,0.0,0.0,0.0,0.0,0.0,0.0,0.0,0.0,0.0,0.0,0.0,0.0,0.002370285,0.0,0.0,0.0,0.0,0.0,0.0,0.0,0.0,0.0,0.0,0.0,0.0,0.0,0.0,0.0,0.000546989,0.0,0.0,0.0,0.0,0.0,0.0,0.0,0.0,0.0,0.000820483,0.0,0.006837359,0.0
ERR1513775,0.0,0.0,0.0,0.0,0.0,0.0,0.0,0.0,0.0,0.0,0.0,0.0,0.0,0.0,0.0,0.0,0.0,0.0,0.0,0.001461086,0.0,0.0,0.0,0.0,0.0,0.0,0.0,0.0,0.0,0.0,0.0,0.0,0.0,0.0,0.0,0.0,0.0,0.0,0.032955608,0.0,0.0,0.040261038,0.0,0.152927008,0.0,0.0,0.0,0.023052691,0.0,0.0,0.00798727,0.032360351,0.0,0.0,0.0,0.0,0.0,0.0,0.0,0.0,0.0,0.0,0.01006526,0.0,0.0,0.0,0.0,0.002077989,0.0,0.053573156,0.0,0.0,0.0,0.0,0.0,0.0,0.0,0.0,0.0,0.0,0.0,0.0,0.0,0.0,0.0,0.0,0.0,0.0,0.0,0.0,0.0,0.0,0.0,0.0,0.0,0.0,0.0,0.0,0.0,0.0,0.0,0.0,0.0,0.0,0.0,0.0,0.0,0.0,0.0,0.0,0.0,0.0,0.0,0.0,0.0,0.0,0.0,0.0,0.0,0.0,0.0,0.0,0.0,0.0,0.0,0.0,0.0,0.0,0.0,0.0,0.0,0.005763173,0.0,0.001948115,0.0,0.0,0.0,0.031747055,0.008441831,0.0,0.0,0.0,0.001623429,0.011364003,0.0,0.0,0.0,0.0,0.001038995,0.0,0.0,0.0,0.0,0.0,0.0,0.0,0.0,0.0,0.0,0.0,0.0,0.0,0.0,0.0,0.0,0.0,0.0,0.026245435,0.119809057,0.0,0.00503263,0.0,0.0,0.0,0.0,0.0,0.000487029,0.0,0.0,0.0,0.0,0.0,0.0,0.0,0.000162343,0.0,0.0,0.001664015,0.0,0.0,0.0,0.0,0.0,0.0,0.0,0.0,0.0,0.0,0.060066871,0.0,0.0,0.0,0.0,0.0,0.0,0.0,0.001948115,0.0,0.0,0.0,0.0,0.0,0.0,0.0,0.0,0.0,0.0,0.0,0.0,0.0,0.0,0.0,0.001379915,0.0,0.000974057,0.0,0.0,0.007900688,0.0,0.0,0.0,0.0,0.0,0.0,0.0,0.0,0.0,0.0,0.0,0.013961489,0.0,0.0,0.0,0.0,0.0,0.0,0.0,0.0,0.0,0.0,0.0,0.0,0.0,0.0,0.0,0.0,0.0,0.0,0.0,0.0,0.0,0.0,0.0,0.0,0.0,0.0,0.0,0.0,0.0,0.0,0.0,0.341244767,0.0
ERR1513779,0.0,0.0,0.0,0.0,0.0,0.0,0.001390428,0.0,0.0,0.0,0.0,0.0,0.0,0.0,0.0,0.0,0.0,0.0,0.0,0.057007552,0.0,0.0,0.0,0.0,0.0,0.0,0.0,0.0,0.0,0.0,0.0,0.0,0.0,0.0,0.0,0.0,0.0,0.0,0.104282108,0.0,0.0,0.0,0.0,0.023637278,0.0,0.0,0.0,0.040322415,0.0,0.0,0.056173295,0.0,0.0,0.0,0.007879093,0.0,0.0,0.0,0.0,0.0,0.0,0.0,0.0,0.0,0.0,0.0,0.0,0.001112342,0.0,0.0,0.0,0.0,0.0,0.0,0.0,0.0,0.0,0.0,0.0,0.0,0.0,0.0,0.0,0.047274556,0.0,0.0,0.0,0.0,0.0,0.0,0.0,0.0,0.0,0.0,0.0,0.0,0.0,0.0,0.0,0.0,0.0,0.0,0.0,0.0,0.0,0.0,0.0,0.0,0.0,0.0,0.0,0.0,0.0,0.0,0.0,0.0,0.0,0.0,0.0,0.0,0.0,0.0,0.0,0.0,0.0,0.0,0.0,0.0,0.0,0.0,0.0,0.0,0.0,0.008342569,0.0,0.0,0.0,0.002162888,0.0,0.0,0.0,0.0,0.136261954,0.0,0.0,0.010328894,0.0,0.0,0.0,0.0,0.055617124,0.0,0.0,0.0,0.0,0.0,0.0,0.0,0.0,0.0,0.0,0.0,0.047274556,0.0,0.0,0.0,0.0,0.016685137,0.141823667,0.0,0.0,0.0,0.0,0.0,0.0,0.0,0.026418134,0.0,0.0,0.0,0.0,0.0,0.0,0.0,0.001769636,0.0,0.0,0.007994962,0.0,0.0,0.0,0.0,0.0,0.0,0.0,0.0,0.0,0.0,0.015294709,0.0,0.0,0.0,0.0,0.0,0.0,0.0,0.0,0.0,0.0,0.0,0.000926952,0.0,0.001390428,0.0,0.0,0.0,0.0,0.0,0.0,0.0,0.0,0.005561712,0.0,0.0,0.0,0.0,0.0,0.124211577,0.0,0.0,0.0,0.0,0.0,0.0,0.0,0.0,0.0,0.0,0.0,0.0,0.0,0.0,0.0,0.0,0.0,0.0,0.0,0.0,0.0,0.0,0.0,0.004171284,0.0,0.0,0.0,0.0,0.0,0.0,0.0,0.0,0.0,0.0,0.0,0.0,0.0,0.0,0.0,0.0,0.0,0.0,0.0,0.0,0.0
ERR1513781,0.0,0.0,0.0,0.0,0.0,0.0,0.0,0.0,0.0,0.0,0.0,0.0,0.0,0.0,0.0,0.0,0.0,0.0,0.0,0.004295524,0.0,0.0,0.0,0.0,0.0,0.0,0.0,0.0,0.0,0.0,0.0,0.0,0.0,0.0,0.0,0.0,0.0,0.0,0.003600059,0.0,0.0,0.025773147,0.0,0.006013734,0.0,0.0,0.0,0.030068671,0.0,0.0,0.011340185,0.0,0.0,0.0,0.000818195,0.0,0.0,0.0,0.0,0.002454585,0.0,0.0,0.0,0.0,0.0,0.0,0.001165928,0.002110943,0.0,0.0,0.0,0.0,0.0,0.0,0.0,0.0,0.0,0.0,0.0,0.0,0.0,0.0,0.0,0.0,0.0,0.0,0.0,0.0,0.0,0.0,0.0,0.0,0.0,0.0,0.0,0.0,0.0,0.0,0.0,0.0,0.0,0.0,0.0,0.0,0.0,0.0,0.0,0.0,0.000859105,0.0,0.0,0.0,0.0,0.0,0.0,0.0,0.0,0.0,0.0,0.0,0.0,0.0,0.0,0.0,0.0,0.0,0.0,0.0,0.0,0.0,0.0,0.00163639,0.0,0.0,0.0,0.0,0.0,0.004145522,0.0,0.03534603,0.002945503,0.0,0.011045634,0.001227293,0.0,0.000420786,0.012518386,0.0,0.0,0.0,0.03534603,0.0,0.0,0.0,0.00029455,0.0,0.0,0.0,0.0,0.0,0.0,0.0,0.002454585,0.071673894,0.0,0.0,0.0,0.001922759,0.658810728,0.0,0.0,0.0,0.0,0.0,0.0,0.0,0.00675011,0.0,0.0,0.0,0.0,0.0,0.001840939,0.023073103,0.000490917,0.0,0.0,0.0,0.0,0.007363756,0.0,0.0,0.0,0.0,0.0,0.0,0.0,0.0,0.0,0.0,0.0,0.0,0.0,0.0,0.0,0.0,0.001227293,0.0,0.0,0.0,8.18e-05,0.0,0.000184094,0.0,0.0,0.0,0.0,0.0,0.0,0.0,0.0,0.0,0.0,0.0,0.0,0.001063654,0.0,0.016363903,0.001963668,0.0,0.0,0.0,0.0,0.0,0.0,0.0,0.0,0.0,0.0,0.0,0.0,0.0,0.0,0.0,0.0,0.0,0.0,0.0,0.0,0.0,0.0,0.002945503,0.0,0.0,0.0,0.0,0.0,0.000490917,0.0,0.0,0.0,0.0,0.0,0.0,0.0,0.0,0.0,0.0,0.0,0.0,0.0,0.0,0.0
ERR1513782,0.0,0.0,0.0,0.0,0.0,0.0,0.0,0.0,0.0,0.0,0.0,0.0,0.0,0.0,0.0,0.0,0.0,0.0,0.0,0.00714135,0.0,0.0,0.0,0.0,0.0,0.0,0.000420079,0.0,0.0,0.0,0.0,0.0,0.0,0.0,0.0,0.0,0.0,0.0,0.00714135,0.0,0.0,0.0,0.0,0.0,0.033606354,0.0,0.0,0.581599958,0.0,0.0,0.008233557,0.047048895,0.0,0.0,0.0,0.0,0.0,0.0,0.0,0.0,0.0,0.0,0.0,0.0,0.0,0.0,0.0,0.001848349,0.0,0.036686936,0.0,0.0,0.0,0.0,0.0,0.0,0.0,0.0,0.0,0.0,0.0,0.0,0.0,0.0,0.0,0.0,0.0,0.0,0.0,0.0,0.000560106,0.0,0.0,0.0,0.0,0.0,0.0,0.0,0.0,0.0,0.0,0.0,0.0,0.0,0.0,0.0,0.0,0.0,0.002940556,0.0,0.0,0.0,0.0,0.0,0.0,0.0,0.0,0.003675695,0.0,0.0,0.0,0.0,0.0,0.0,0.0,0.0,0.0,0.0,0.0,0.0,0.0,0.004585867,0.0,0.0,0.0,0.0,0.0,0.00144694,0.001050199,0.0,0.0,0.0,0.000980185,0.0,0.0,0.0,0.0,0.0,0.0,0.0,0.0,0.0,0.0,0.0,0.001512286,0.0,0.0,0.0,0.0,0.0,0.0,0.0,0.080655249,0.0,0.0,0.0,0.0,0.003570675,0.0,0.0,0.0,0.0,0.0,0.0,0.0,0.0,0.0,0.0,0.0,0.0,0.0,0.0,0.0,0.0,0.000286418,0.0,0.0,0.0,0.0,0.008401588,0.0,0.0,0.0,0.0,0.0,0.0,0.0,0.0,0.0,0.0,0.0,0.0,0.0,0.0,0.0,0.0,0.0,9.34e-05,0.0,0.0,0.0,0.0,0.0,0.0,0.0,0.0,0.0,0.0,0.0,0.0,0.0,0.0,0.0,0.0,0.0,0.0,0.0,0.000700132,0.0,0.0,0.0,0.0,0.0,0.0,0.0,0.0,0.0,0.0,0.0,0.0,0.0,0.0,0.0,0.0,0.0,0.0,0.0,0.0,0.0,0.0,0.0,0.0,0.0,0.0,0.0,0.0,0.0,0.0,0.0,0.0,0.0,0.0,0.0,0.0,0.0,0.0,0.0,0.0,0.0,0.0,0.0,0.156899664,0.0
ERR1513789,0.0,0.0,0.0,0.0,0.0,0.0,0.0,0.0,0.0,0.0,0.0,0.0,0.0,0.0,0.0,0.0,0.0,0.0,0.0,0.052252295,0.0,0.0,0.0,0.0,0.0,0.0,0.0,0.0,0.0,0.0,0.0,0.0,0.0,0.0,0.0,0.0,0.0,0.0,0.070930989,0.0,0.0,0.023063082,0.0,0.0,0.229189376,0.0,0.0,0.072432491,0.0,0.0,0.071063121,0.075195256,0.0,0.0,0.000600601,0.0,0.0,0.0,0.0,0.0,0.0,0.0,0.0,0.0,0.0,0.0,0.001081082,0.0,0.0,0.0,0.0,0.0,0.0,0.0,0.0,0.0,0.0,0.0,0.0,0.0,0.0,0.0,0.0,0.0,0.0,0.0,0.0,0.0,0.0,0.0,0.0,0.0,0.0,0.0,0.0,0.0,0.0,0.0,0.0,0.0,0.007207213,0.007927934,0.0,0.0,0.0,0.0,0.0,0.0,0.003243246,0.0,0.0,0.0,0.0,0.0,0.0,0.0,0.0,0.0,0.0,0.0,0.0,0.0,0.0,0.0,0.0,0.0,0.0,0.0,0.002522525,0.0,0.0,0.0,0.0,0.0,0.0,0.0,0.0,0.001041042,0.0,0.007207213,0.0,0.0,0.013453464,0.0,0.0,0.0,0.002162164,0.0,0.004036039,0.0,0.0,0.0,0.0,0.0,0.002450452,0.0,0.0,0.0,0.0,0.0,0.0,0.0,0.0,0.00576577,0.0,0.0,0.0,0.004444448,0.018018033,0.0,0.0,0.0,0.0,0.0,0.0,0.0,0.000720721,0.0,0.0,0.0,0.0,0.0,0.004324328,0.0,0.0,0.0,0.0,0.001081082,0.0,0.0,0.0,0.0,0.0,0.0,0.0,0.0,0.0,0.0,0.0,0.0,0.0,0.0,0.0,0.118558655,0.069189245,0.0,0.0,0.0,0.0,0.0,0.0,0.0,0.0,0.0,0.0,0.0,0.0,0.0,0.0,0.0,0.001681683,0.0,0.0,0.0,0.0,0.0,0.0,0.0,0.0,0.0,0.0,0.0,0.0,0.0,0.0,0.0,0.0,0.0,0.0,0.0,0.0,0.0,0.0,0.0,0.0,0.0,0.0,0.0,0.0,0.0,0.0,0.0,0.0,0.0,0.0,0.004324328,0.0,0.011531541,0.0,0.0,0.0,0.0,0.0,0.0,0.0,0.0,0.0,0.0,0.0,0.0,0.0,0.0,0.0
ERR1513793,0.0,0.0,0.0,0.0,0.0,0.0,0.0,0.0,0.0,0.0,0.0,0.0,0.0,0.0,0.0,0.0,0.0,0.0,0.0,0.143838295,0.0,0.0,0.009205651,0.0,0.0,0.0,0.0,0.0,0.0,0.0,0.0,0.0,0.0,0.0,0.0,0.0,0.0,0.0,0.009733058,0.0,0.0,0.072494501,0.0,0.0,0.027616953,0.0,0.0,0.163400303,0.0,0.0,0.0,0.053316061,0.0,0.0,0.0,0.0,0.0,0.0,0.0,0.019562008,0.0,0.0,0.027616953,0.0,0.0,0.0,0.0,0.000345212,0.0,0.0,0.0,0.0,0.0,0.0,0.0,0.001150706,0.0,0.0,0.0,0.0,0.0,0.0,0.0,0.0,0.0,0.0,0.0,0.0,0.0,0.0,0.0,0.0,0.0,0.0,0.0,0.0,0.0,0.0,0.0,0.0,0.0,0.0,0.0,0.0,0.0,0.0,0.0,0.0,0.0,0.0,0.0,0.0,0.0,0.0,0.0,0.0,0.0,0.002301413,0.0,0.0,0.0,0.00172606,0.0,0.0,0.0,0.0,0.0,0.0,0.0,0.0,0.0,0.003404173,0.0,0.0,0.0,0.0,0.0,0.0,0.0,0.0,0.100686807,0.0,0.0,0.0,0.0,0.0012329,0.008054945,0.0,0.00184113,0.0,0.016685242,0.0,0.0,0.0,0.011967346,0.0,0.0,0.0,0.0,0.0,0.0,0.004315149,0.084576918,0.015534536,0.0,0.0,0.002301413,0.000767138,0.0,0.0,0.0,0.0,0.0,0.0,0.0,0.0,0.001438383,0.0,0.0,0.0,0.001342491,0.0,0.018698978,0.005753532,0.00086303,0.0,0.0,0.057966833,0.0,0.0,0.0,0.0,0.0,0.0,0.0,0.0,0.0,0.0,0.008054945,0.0,0.0,0.0,0.0,0.0,0.0,0.0,0.0,0.0,0.0,0.0,0.0,0.0,0.0,0.0,0.0,0.0,0.0,0.0,0.0,0.00172606,0.0,0.006904238,0.0,0.0,0.0,0.0,0.0,0.0,0.0,0.0,0.0,0.0,0.0,0.0,0.0,0.0,0.0,0.0,0.0,0.0,0.0,0.0,0.0,0.0,0.0,0.0,0.0,0.0,0.0,0.0,0.0,0.0,0.0,0.0,0.0,0.0,0.0,0.0,0.0,0.0,0.0,0.0,0.0,0.0,0.0,0.0,0.0,0.0,0.0,0.0,0.0,0.05063108,0.0
ERR1513799,0.0,0.0,0.0,0.0,0.0,0.0,0.0,0.0,0.0,0.0,0.0,0.0,0.0,0.0,0.0,0.0,0.0,0.0,0.0,0.011904357,0.0,0.0,0.0,0.0,0.0,0.0,0.0,0.0,0.0,0.0,0.0,0.0,0.0,0.0,0.0,0.0,0.0,0.0,0.003198441,0.0,0.0,0.153935649,0.0,0.0,0.0,0.0,0.0,0.045667576,0.0,0.0,0.028365209,0.00773099,0.0,0.0,0.000547327,0.0,0.0,0.0,0.0,0.0,0.0,0.0,0.024013961,0.0,0.0,0.0,0.000359183,0.002052475,0.0,0.0,0.0,0.0,0.0,0.0,0.0,0.0,0.0,0.0,0.0,0.0,0.0,0.0,0.0,0.0,0.0,0.0,0.0,0.0,0.0,0.0,0.0,0.0,0.0,0.0,0.0,0.0,0.0,0.0,0.0,0.0,0.0,0.0,0.0,0.0,0.0,0.0,0.0,0.0,0.000718366,0.0,0.0,0.0,0.0,0.0,0.0,0.0,0.0,0.004258886,0.0,0.0,0.0,0.0,0.0,0.0,0.0,0.0,0.0,0.0,0.0,0.0,0.0,0.004977253,0.0,0.0,0.0,0.0,0.0,0.000182442,0.0,0.0,0.003489208,0.0,0.0,0.0,0.0,0.0,0.003489208,0.0,0.000574693,0.0,0.023808714,0.0,0.0,0.0,0.001806178,0.0,0.0,0.0,0.0,0.0,0.0,0.000872302,0.52563893,0.0,0.0,0.0,0.0,0.000478911,0.086409211,0.0,0.0,0.0,0.0,0.0,0.0,0.0,0.005541683,0.0,0.0,0.0,0.0,0.0,0.009492698,0.001847228,0.00098892,0.0,0.0,0.002180755,0.0,0.0,0.0,0.0,0.0,0.0,0.0,0.0,0.0,0.0,0.000307871,0.0,0.0,0.0,0.0,0.0,0.0,0.0,0.0,0.0,0.0,0.0,4.56e-05,0.0,0.0,0.0,0.0,0.0,0.0,0.0,0.0,0.0,0.0,0.0,0.000153936,0.0,0.0,0.0,0.0,0.0,0.0,0.0,0.0,0.0,0.0,0.0,0.0,0.0,0.0,0.0,0.0,0.0,0.0,0.0,0.0,0.0,0.0,0.0,0.0,0.0,0.0,0.0,0.0,0.0,0.0,0.0,0.0,0.0,0.0,0.0,0.001026238,0.0,0.0,0.0,0.0,0.0,0.0,0.0,0.0,0.0,0.0,0.0,0.0,0.0,0.0
ERR1513801,0.0,0.0,0.0,0.0,0.0,0.0,0.0,0.0,0.0,0.0,0.0,0.0,0.0,0.0,0.0,0.0,0.0,0.0,0.0,0.058719449,0.0,0.0,0.0,0.0,0.0,0.0,0.000508394,0.0,0.0,0.0,0.0,0.0,0.018302166,0.0,0.0,0.0,0.0,0.0,0.024580826,0.0,0.0,0.098831697,0.0,0.025317996,0.0,0.0,0.0,0.245096507,0.0,0.0,0.07418478,0.100763592,0.0,0.0,0.0,0.0,0.0,0.0,0.0,0.007930939,0.0,0.0,0.13848639,0.0,0.0,0.0,0.003851081,0.001647195,0.0,0.0,0.0,0.0,0.0,0.0,0.0,0.0,0.0,0.0,0.0,0.0,0.0,0.0,0.0,0.0,0.0,0.0,0.0,0.0,0.0,0.0,0.0,0.0,0.0,0.0,0.0,0.0,0.0,0.0,0.0,0.0,0.002592807,0.0,0.0,0.0,0.0,0.005185614,0.0,0.0,0.003355397,0.0,0.0,0.0,0.0,0.0,0.0,0.0,0.0,0.000228777,0.0,0.0,0.005185614,0.0,0.0,0.0,0.0,0.0,0.0,0.0,0.0,0.004423023,0.0,0.002491128,0.0,0.0,0.0,0.0,0.0,0.000338929,0.0,0.0,0.014031661,0.0,0.001931895,0.0,0.0,0.001089415,0.0,0.0,0.001281152,0.0,0.0,0.0,0.0,0.0,0.000488058,0.0,0.0,0.0,0.0,0.0,0.0,0.002058994,0.008235975,0.0,0.0,0.0,0.00236403,0.000660912,0.036299296,0.0,0.0,0.0,0.0,0.0,0.0,0.0,0.000457554,0.0,0.0,0.0,0.002643646,0.0,0.001792087,0.0,0.002939439,0.0,0.0,0.004651801,0.0,0.008541011,0.0,0.0,0.0,0.0,0.0,0.0,0.0,0.0,0.0,0.0,0.0,0.0,0.0,0.0,0.0,0.0,0.0,0.0,0.0,0.0,0.0,0.0,0.0,0.0,0.0,0.0,0.0,0.0,0.0,0.0,0.0,0.000915108,0.0,0.0,0.0,0.000915108,0.0,0.000610072,0.000915108,0.0,0.0,0.0,0.013116552,0.0,0.0,0.0,0.0,0.0,0.0,0.0,0.0,0.0,0.0,0.0,0.0,0.0,0.0,0.0,0.0,0.0,0.0,0.0,0.0,0.0,0.0,0.0,0.0,0.0,0.0,0.0,0.0,0.0,0.0,0.0,0.0,0.0,0.0,0.0,0.0,0.0,0.00549065,0.0,0.0
ERR1513802,0.0,0.003796911,0.002531274,0.0,0.0,0.0,0.0,0.0,0.0,0.0,0.0,0.0,0.0,0.0,0.0,0.0,0.0,0.0,0.0,0.063914664,0.0,0.0,0.0,0.0,0.0,0.0,0.0,0.0,0.0,0.0,0.0,0.0,0.0,0.0,0.0,0.0,0.0,0.0,0.020693164,0.0,0.0,0.47486697,0.0,0.0,0.011390732,0.0,0.0,0.004429729,0.0,0.0,0.0,0.008437579,0.0,0.0,0.006032869,0.0,0.0,0.0,0.0,0.00582193,0.0,0.0,0.0,0.0,0.0,0.0,0.0,0.000607506,0.0,0.0,0.0,0.0,0.0,0.0,0.0,0.0,0.0,0.0,0.0,0.0,0.0,0.0,0.0,0.0,0.0,0.0,0.0,0.0,0.0,0.0,0.0,0.0,0.0,0.0,0.0,0.0,0.0,0.0,0.0,0.0,0.0,0.0,0.0,0.0,0.0,0.0,0.0,0.0,0.003164092,0.0,0.0,0.0,0.0,0.0,0.001518764,0.0,0.0,0.0,0.0,0.0,0.0,0.0,0.0,0.0,0.0,0.0,0.0,0.0,0.0,0.0,0.0,0.000232033,0.0,0.000506255,0.0,0.0,0.0,0.001321887,0.000506255,0.0,0.0,0.0,0.117197978,0.0,0.0,0.0,0.0,0.0,0.002025019,0.0,0.0,0.0,0.0,0.0,0.0,0.0,0.0,0.0,0.0,0.0,0.0,0.000632818,0.0,0.07543196,0.0,0.0,0.0,0.001518764,0.053409878,0.0,0.0,0.0,0.0,0.0,0.0,0.0,0.0,0.0,0.0,0.0,0.0,0.0,0.0,0.009281337,9.2e-05,0.0,0.0,0.000284768,0.0,0.000421879,0.0,0.0,0.0,0.0,0.0,0.0,0.0,0.0,0.0,0.0,0.0,0.0,0.0,0.0,0.0,0.0,0.000885946,0.000562505,0.0,0.0,0.000984384,0.0,0.001139073,0.0,0.000759382,0.0,0.0,0.0,0.0,0.0,0.0,0.112388558,0.0,0.0,0.0,0.0,0.0,0.009618841,0.0,0.0,0.0,0.0,0.0,0.0,0.0,0.0,0.0,0.0,0.0,0.0,0.0,0.0,0.0,0.0,0.0,0.0,0.0,0.0,0.0,0.0,0.0,0.000379691,0.0,0.0,0.0,0.0,0.0,0.0,0.0,0.0,0.0,0.0,0.0,0.0,0.0,0.0,0.0,0.0,0.0,0.0,0.0,0.0,0.0
ERR1513806,0.0,0.0,0.0,0.0,0.0,0.0,0.0,0.0,0.0,0.0,0.0,0.0,0.0,0.0,0.0,0.0,0.0,0.0,0.0,0.002796786,0.0,0.0,0.0,0.0,0.0,0.0,0.001243016,0.0,0.0,0.0,0.0,0.0,0.0,0.0,0.0,0.0,0.0,0.0,0.163301251,0.0,0.0,0.0,0.0,0.0,0.0,0.0,0.0,0.19779495,0.0,0.0,0.057427348,0.014191101,0.0,0.0,0.000155377,0.0,0.0,0.0,0.0,0.08297133,0.0,0.0,0.0,0.0,0.0,0.0,0.0,0.006525835,0.0,0.0,0.0,0.0,0.0,0.0,0.0,0.0,0.0,0.0,0.0,0.0,0.0,0.0,0.0,0.0,0.0,0.0,0.0,0.0,0.0,0.0,0.0,0.0,0.0,0.0,0.0,0.0,0.0,0.0,0.0,0.0,0.0,0.0,0.0,0.0,0.0,0.0,0.0,0.0,0.052672811,0.0,0.0,0.0,0.0,0.0,0.0,0.0,0.0,0.0,0.0,0.0,0.0,0.0,0.0,0.0,0.0,0.0,0.000388443,0.0,0.0,0.0,0.0,0.01636638,0.0,0.005593573,0.0,0.0,0.0,0.006974702,0.008701113,0.0,0.0,0.0,0.028796542,0.022218914,0.0,0.0,0.0,0.0,0.0,0.0,0.0,0.0,0.0,0.0,0.0,0.004350557,0.0,0.0,0.0,0.0,0.0,0.00155377,0.0,0.0,0.0,0.0,0.0,0.026932017,0.058111007,0.0,0.0,0.0,0.0,0.0,0.0,0.0,0.017868358,0.0,0.0,0.0,0.00176094,0.0,0.005088597,0.0,0.002189404,0.0,0.0,0.00155377,0.0,0.0,0.0,0.0,0.0,0.0,0.0,0.0,0.0,0.0,0.050186778,0.0,0.0,0.0,0.0,0.0,0.0,0.0,0.0,0.0,0.0,0.0,0.0,0.0,0.0,0.0,0.0,0.0,0.0,0.0,0.0,0.002486032,0.0,0.0,0.004505934,0.0,0.0,0.0,0.0,0.007250928,0.0,0.0,0.0,0.0,0.0,0.0,0.0,0.0,0.0,0.0,0.0,0.0,0.0,0.0,0.0,0.0,0.0,0.0,0.0,0.0,0.0,0.0,0.0,0.0,0.0,0.0,0.0,0.0,0.0,0.0,0.0,0.0,0.0,0.0,0.0,0.0,0.0,0.0,0.0,0.0,0.0,0.002486032,0.0,0.067744382,0.0
ERR1513810,0.002189169,0.011332171,0.011074622,0.0,0.0,0.0,0.000686798,0.0,0.0,0.0,0.0,0.0,0.0,0.0,0.0,0.0,0.0,0.0,0.0,0.011976044,0.0,0.0,0.0,0.0,0.0,0.0,0.0,0.0,0.002446719,0.0,0.0,0.0,0.0,0.0,0.0,0.0,0.0,0.0,0.00096581,0.0,0.0,0.119245345,0.0,0.0,0.116669852,0.0,0.0,0.012104819,0.0,0.0,0.006129674,0.014594463,0.0,0.0,0.124868506,0.0,0.0,0.0,0.0,0.0,0.0,0.0,0.009786875,0.0,0.0,0.0,0.0,0.000721138,0.0,0.0,0.0,0.0,0.0,0.0,0.0,0.0,0.0,0.0,0.0,0.0,0.0,0.0,0.0,0.004378339,0.0,0.0,0.0,0.0,0.0,0.0,0.0,0.0,0.0,0.0,0.0,0.0,0.0,0.0,0.0,0.0,0.0,0.0,0.0,0.0,0.0,0.0,0.0,0.0,0.010044424,0.0,0.0,0.0,0.0,0.0,0.0,0.0,0.0,0.0,0.0,0.0,0.0,0.0,0.0,0.0,0.0,0.0,0.0,0.0,0.0,0.0,0.0,0.002618418,0.0,0.0,0.0,0.0,0.0,0.001001581,0.0,0.0,0.010044424,0.0,0.001802845,0.0,0.0,0.000993405,0.0,0.0,0.0,0.0,0.012619918,0.0,0.0,0.0,0.000463589,0.0,0.0,0.010430748,0.0,0.0,0.0,0.001287747,0.140106842,0.004893437,0.0,0.0,0.0,0.003047667,0.028845526,0.003691541,0.0,0.0,0.0,0.0,0.0,0.0,0.0,0.0,0.0,0.0,0.0,0.0,0.0,0.0,0.000234136,0.0,0.0,0.000772648,0.0,0.0,0.0,0.0,0.0,0.0,0.024789124,0.0,0.000643873,0.0,0.003605691,0.0,0.0,0.0,0.0,0.0,0.0,0.0,0.146803125,0.015252644,0.0,0.0,0.047074296,0.0,0.002768655,0.0,0.0,0.0,0.0,0.000772648,0.0,0.0,0.0,0.005150987,0.0,0.0,0.0,0.0,0.0,0.001287747,0.0,0.0,0.0,0.0,0.0,0.0,0.0,0.0,0.0,0.0,0.0,0.0,0.0,0.0,0.0,0.0,0.0,0.0,0.001030197,0.0,0.0,0.0,0.0,0.023308215,0.001802845,0.0,0.0,0.0,0.0,0.0,0.0,0.0,0.0,0.0,0.0,0.0,0.0,0.0,0.0,0.0,0.0,0.0,0.0,0.0,0.0
ERR1513811,0.0,0.0,0.0,0.0,0.0,0.0,0.0,0.0,0.0,0.0,0.0,0.0,0.0,0.0,0.0,0.0,0.0,0.0,0.0,0.126865662,0.0,0.0,0.0,0.0,0.0,0.0,0.0,0.0,0.0,0.0,0.0,0.0,0.0,0.0,0.0,0.0,0.0,0.0,0.020352228,0.0,0.0,0.095459179,0.0,0.0,0.0,0.0,0.0,0.219018895,0.0,0.0,0.003801837,0.123697464,0.0,0.0,0.0,0.0,0.0,0.0,0.0,0.021075403,0.0,0.0,0.0,0.0,0.0,0.0,0.0,0.000909135,0.0,0.0,0.0,0.0,0.0,0.0,0.0,0.0,0.0,0.0,0.0,0.0,0.0,0.0,0.0,0.0,0.0,0.0,0.0,0.0,0.0,0.0,0.0,0.0,0.0,0.0,0.0,0.0,0.0,0.0,0.0,0.0,0.0,0.003719189,0.0,0.0,0.0,0.0,0.0,0.0,0.0,0.0,0.0,0.0,0.0,0.0,0.0,0.0,0.0,0.0,0.0,0.0,0.0,0.0,0.0,0.0,0.0,0.0,0.0,0.0,0.0,0.0,0.0,0.0,0.0,0.0,0.0,0.0,0.0,0.0,0.0,0.0,0.0,0.0,0.0,0.0,0.0,0.0,0.0,0.0,0.001157081,0.0,0.0,0.0,0.0,0.0,0.0,0.0,0.0,0.0,0.0,0.0,0.0,0.0,0.002479459,0.0,0.0,0.0,0.0,0.001033108,0.004958918,0.0,0.0,0.0,0.0,0.0,0.0,0.0,0.0,0.0,0.0,0.0,0.0,0.0,0.011054256,0.006474143,0.0,0.0,0.0,0.000361588,0.0,0.0,0.0,0.0,0.0,0.0,0.000568209,0.0,0.0,0.0,0.006818513,0.0,0.0,0.0,0.0,0.009711215,0.01157081,0.0,0.0,0.0,0.0,0.0,0.0,0.0,0.0,0.0,0.0,0.0,0.0,0.0,0.0,0.0,0.0,0.0,0.0,0.0,0.0,0.0,0.0,0.0,0.0,0.0,0.0,0.0,0.0,0.0,0.0,0.0,0.0,0.0,0.0,0.0,0.0,0.0,0.0,0.0,0.0,0.0,0.005372162,0.0,0.0,0.0,0.0,0.0,0.0,0.0,0.0,0.267781592,0.0,0.0,0.0,0.0,0.0,0.0,0.0,0.0,0.0,0.0,0.0,0.0,0.0,0.0,0.0,0.002066216,0.0
ERR1513813,0.0,0.000897052,0.0,0.0,0.0,0.0,0.00093443,0.0,0.0,0.0,0.0,0.0,0.0,0.0,0.0,0.0,0.0,0.0,0.0,0.004821657,0.0,0.0,0.0,0.0,0.0,0.0,0.0,0.0,0.0,0.0,0.0,0.0,0.000897052,0.0,0.0,0.0,0.001345579,0.0,0.031060441,0.0,0.0,0.117065346,0.0,0.0,0.0,0.0,0.0,0.079949801,0.0,0.0,0.004709525,0.104282348,0.005905595,0.0,0.00119607,0.0,0.027472232,0.0,0.0,0.0,0.0,0.0,0.013231524,0.0,0.0,0.0,0.001289513,0.003722768,0.0,0.003737719,0.0,0.0,0.0,0.0,0.0,0.0,0.0,0.0,0.0,0.0,0.0,0.0,0.0,0.0,0.0,0.0,0.0,0.0,0.0,0.0,0.0,0.0,0.0,0.0,0.0,0.0,0.0,0.0,0.0,0.0,0.0,0.0,0.0,0.0,0.0,0.0,0.0,0.0,0.001345579,0.0,0.0,0.0,0.0,0.0,0.0,0.0,0.0,0.0,0.0,0.0,0.0,0.0,0.0,0.0,0.0,0.000897052,0.0,0.0,0.0,0.0,0.0,0.005195429,0.0,0.0,0.0,0.0,0.0,0.001146234,0.0,0.0,0.025790258,0.0,0.00239214,0.00145771,0.0,0.003363947,0.004485262,0.000224263,0.001480137,0.0,0.0,0.0,0.0,0.0,0.025431437,0.0,0.0,0.0,0.0,0.0,0.0,0.007344617,0.178289176,0.014128576,0.0,0.0,0.006952157,0.000784921,0.025341732,0.0,0.000168197,0.0,0.0,0.0,0.0,0.0,0.006167236,0.0,0.0,0.0,0.000112132,0.0,0.021613358,0.003064929,0.00329259,0.0,0.0,0.00086902,0.0,0.0,0.0,0.0,0.0,0.0,0.000140164,0.0,0.0,0.0,0.062233014,0.0,0.0,0.0,0.0,0.0,0.0,0.0,0.001009184,0.000249181,0.0,0.0,0.0,0.0,0.0,0.0,0.0,0.0,0.0,0.0,0.0,0.0,0.0,0.0,0.001177381,0.0,0.0,0.0,0.0,0.0,0.0,0.0,0.0,0.0,0.0,0.0,0.0,0.0,0.0,0.0,0.0,0.0,0.0,0.0,0.0,0.0,0.0,0.0,0.0,0.0,0.0,0.0,0.0,0.007624946,0.0,0.0,0.0,0.0,0.0,0.0,0.0,0.0,0.0,0.0,0.0,0.0,0.0,0.0,0.0,0.0,0.0,0.0,0.0,0.041376545,0.0
ERR1513814,0.0,0.0,0.0,0.0,0.0,0.0,0.0,0.0,0.0,0.0,0.0,0.0,0.0,0.0,0.0,0.0,0.0,0.0,0.0,1.0,0.0,0.0,0.0,0.0,0.0,0.0,0.0,0.0,0.0,0.0,0.0,0.0,0.0,0.0,0.0,0.0,0.0,0.0,0.0,0.0,0.0,0.0,0.0,0.0,0.0,0.0,0.0,0.0,0.0,0.0,0.0,0.0,0.0,0.0,0.0,0.0,0.0,0.0,0.0,0.0,0.0,0.0,0.0,0.0,0.0,0.0,0.0,0.0,0.0,0.0,0.0,0.0,0.0,0.0,0.0,0.0,0.0,0.0,0.0,0.0,0.0,0.0,0.0,0.0,0.0,0.0,0.0,0.0,0.0,0.0,0.0,0.0,0.0,0.0,0.0,0.0,0.0,0.0,0.0,0.0,0.0,0.0,0.0,0.0,0.0,0.0,0.0,0.0,0.0,0.0,0.0,0.0,0.0,0.0,0.0,0.0,0.0,0.0,0.0,0.0,0.0,0.0,0.0,0.0,0.0,0.0,0.0,0.0,0.0,0.0,0.0,0.0,0.0,0.0,0.0,0.0,0.0,0.0,0.0,0.0,0.0,0.0,0.0,0.0,0.0,0.0,0.0,0.0,0.0,0.0,0.0,0.0,0.0,0.0,0.0,0.0,0.0,0.0,0.0,0.0,0.0,0.0,0.0,0.0,0.0,0.0,0.0,0.0,0.0,0.0,0.0,0.0,0.0,0.0,0.0,0.0,0.0,0.0,0.0,0.0,0.0,0.0,0.0,0.0,0.0,0.0,0.0,0.0,0.0,0.0,0.0,0.0,0.0,0.0,0.0,0.0,0.0,0.0,0.0,0.0,0.0,0.0,0.0,0.0,0.0,0.0,0.0,0.0,0.0,0.0,0.0,0.0,0.0,0.0,0.0,0.0,0.0,0.0,0.0,0.0,0.0,0.0,0.0,0.0,0.0,0.0,0.0,0.0,0.0,0.0,0.0,0.0,0.0,0.0,0.0,0.0,0.0,0.0,0.0,0.0,0.0,0.0,0.0,0.0,0.0,0.0,0.0,0.0,0.0,0.0,0.0,0.0,0.0,0.0,0.0,0.0,0.0,0.0,0.0,0.0,0.0,0.0,0.0,0.0,0.0,0.0,0.0,0.0,0.0,0.0,0.0,0.0,0.0
ERR1513822,0.0,0.0,0.0,0.0,0.0,0.0,0.0,0.0,0.0,0.0,0.0,0.0,0.0,0.0,0.0,0.0,0.0,0.0,0.0,0.001555042,0.0,0.0,0.0,0.0,0.0,0.0,0.0,0.0,0.0,0.0,0.0,0.0,0.0,0.0,0.0,0.0,0.0,0.0,0.110667152,0.0,0.0,0.0,0.0,0.0,0.089414912,0.0,0.0,0.147728985,0.0,0.0,0.026513465,0.0,0.001555042,0.0,0.0,0.0,0.0,0.0,0.0,0.064534241,0.0,0.0,0.0,0.0,0.0,0.0,0.0,0.002721323,0.0,0.0,0.0,0.0,0.0,0.0,0.0,0.0,0.0,0.0,0.0,0.0,0.0,0.0,0.0,0.0,0.0,0.0,0.0,0.0,0.0,0.0,0.007386449,0.0,0.0,0.0,0.0,0.0,0.0,0.0,0.0,0.0,0.0,0.0,0.0,0.0,0.0,0.0,0.0,0.0,0.077168956,0.0,0.0,0.0,0.0,0.0,0.0,0.0,0.0,0.0,0.0,0.0,0.0,0.0,0.0,0.0,0.0,0.0,0.0,0.0,0.0,0.0,0.0,0.011144467,0.0,0.000907108,0.0,0.0,0.0,0.003412453,0.003498844,0.0,0.0,0.0,0.001295868,0.002526943,0.0,0.012051575,0.0,0.0,0.005598151,0.0,0.0,0.0,0.0,0.0,0.0,0.0,0.0,0.0,0.0,0.0,0.0,0.0,0.37632015,0.0,0.0,0.0,0.0,0.017623809,0.012051575,0.0,0.0,0.0,0.0,0.0,0.0,0.0,0.0,0.0,0.0,0.0,0.0,0.0,0.0,0.0,0.00265064,0.0,0.0,0.002672728,0.0,0.0,0.0,0.0,0.0,0.0,0.001117686,0.0,0.0,0.0,0.0,0.0,0.0,0.0,0.0,0.0,0.0,0.0,0.005442647,0.000302369,0.0,0.0,0.001252673,0.0,0.0,0.0,0.0,0.0,0.0,0.0,0.0,0.0,0.001684629,0.001166281,0.0,0.0,0.0,0.0,0.0,0.004146779,0.0,0.0,0.0,0.0,0.0,0.0,0.0,0.0,0.0,0.0,0.0,0.0,0.0,0.0,0.0,0.0,0.0,0.0,0.0,0.0,0.0,0.0,0.0,0.0,0.0,0.0,0.0,0.0,0.0,0.0,0.0,0.0,0.0,0.0,0.0,0.0,0.0,0.0,0.0,0.0,0.0,0.0,0.0,0.0,0.0
ERR1513823,0.0,0.0,0.0,0.0,0.0,0.0,0.001173386,0.0,0.0,0.0,0.0,0.0,0.0,0.0,0.0,0.0,0.0,0.0,0.0,0.047614755,0.0,0.0,0.0,0.0,0.0,0.0,0.0,0.0,0.0,0.0,0.0,0.0,0.0,0.0,0.0,0.0,0.0,0.0,0.002254136,0.0,0.0,0.011486828,0.07299694,0.034460484,0.0,0.0,0.0,0.07299694,0.0,0.0,0.016155668,0.015192256,0.002840828,0.0,0.0,0.0,0.0,0.0,0.0,0.0,0.0,0.0,0.046688398,0.0,0.0,0.0,0.00064845,0.001333954,0.0,0.0,0.0,0.0,0.0,0.0,0.001482171,0.0,0.0,0.0,0.0,0.0,0.0,0.0,0.0,0.006299228,0.0,0.0,0.0,0.0,0.0,0.0,0.0,0.0,0.0,0.0,0.0,0.0,0.0,0.0,0.0,0.0,0.0,0.0,0.0,0.0,0.0,0.0,0.0,0.0,0.0,0.0,0.0,0.0,0.0,0.0,0.0,0.0,0.0,0.0,0.0,0.0,0.0,0.0,0.0,0.0,0.0,0.0,0.000277907,0.0,0.0,0.0,0.0,0.005125843,0.0,0.0,0.0,0.0,0.0,0.001235143,0.0,0.0,0.020750399,0.0,0.0,0.0,0.0,0.002117388,0.002223257,0.0,0.006595663,0.0,0.028531799,0.0,0.0,0.0,0.002445583,0.0,0.0,0.0,0.0,0.0,0.0,0.004261243,0.363873069,0.041871341,0.0,0.0,0.00194535,0.0,0.0,0.0,0.0,0.0,0.0,0.0,0.0,0.0,0.0,0.0,0.0,0.0,0.000308786,0.0,0.073599072,0.019638771,0.001482171,0.0051876,0.0,0.0,0.0,0.013463057,0.0,0.0,0.0,0.0,0.000694768,0.0,0.0,0.0,0.016674428,0.0,0.0,0.0,0.0,0.0,0.0,0.0,0.0,0.0,0.0,0.0,0.0,0.0,0.0,0.0,0.0,0.0,0.0,0.0,0.0,0.0,0.0,0.0,0.0,0.0,0.0,0.0,0.0,0.0,0.002964343,0.0,0.0,0.0,0.0,0.0,0.0,0.0,0.0,0.0,0.0,0.0,0.0,0.0,0.0,0.0,0.0,0.0,0.0,0.0,0.0,0.0,0.0,0.0,0.0,0.0,0.0,0.0,0.0,0.0,0.0,0.0,0.0,0.0,0.0,0.0,0.0,0.0,0.0,0.0,0.0,0.0,0.0,0.008893028,0.0
ERR1513824,0.0,0.0,0.0,0.0,0.0,0.0,0.0,0.0,0.0,0.0,0.0,0.0,0.0,0.0,0.0,0.0,0.0,0.0,0.0,0.043158404,0.0,0.0,0.0,0.0,0.0,0.0,0.0,0.0,0.0,0.0,0.0,0.0,0.0,0.0,0.0,0.0,0.0,0.0,0.053192861,0.0,0.0,0.0,0.0,0.140533593,0.0,0.0,0.0,0.082016326,0.0,0.0,0.0,0.121539799,0.043516777,0.0,0.0,0.0,0.0,0.0,0.0,0.0,0.0,0.0,0.0,0.0,0.0,0.0,0.0,0.001105838,0.0,0.009829672,0.0,0.0,0.0,0.0,0.0,0.0,0.0,0.0,0.0,0.0,0.0,0.0,0.0,0.0,0.0,0.0,0.0,0.0,0.0,0.0,0.0,0.0,0.0,0.0,0.0,0.0,0.0,0.0,0.0,0.0,0.030256959,0.0,0.0,0.0,0.0,0.0,0.0,0.0,0.01121197,0.0,0.0,0.0,0.0,0.0,0.0,0.0,0.0,0.0,0.0,0.0,0.0,0.0,0.0,0.0,0.0,0.0,0.0,0.0,0.0,0.0,0.0,0.0,0.0,0.0,0.0,0.0,0.0,0.0,0.0,0.0,0.0,0.0,0.0,0.0,0.0,0.0,0.0,0.0,0.003747562,0.0,0.0,0.0,0.0,0.0,0.0,0.0,0.0,0.0,0.0,0.0,0.0,0.0,0.0,0.0,0.0,0.0,0.0,0.123536451,0.073415363,0.0,0.0,0.0,0.0,0.0,0.0,0.0,0.0,0.0,0.0,0.0,0.0,0.0,0.0,0.0,0.0,0.0,0.0,0.000307177,0.0,0.0,0.0,0.0,0.0,0.0,0.0,0.0,0.0,0.0,0.0,0.0,0.0,0.0,0.0,0.01674116,0.0,0.0,0.0,0.0,0.0,0.0,0.0,0.0,0.0,0.0,0.0,0.0,0.0,0.0,0.0,0.0,0.0,0.0,0.000307177,0.0,0.0,0.0,0.0,0.0,0.0,0.0,0.0,0.0,0.0,0.0,0.0,0.0,0.0,0.0,0.0,0.0,0.0,0.0,0.0,0.0,0.0,0.0,0.0,0.0,0.0,0.0,0.0,0.0,0.0,0.0,0.0,0.052220133,0.0,0.0,0.0,0.0,0.0,0.0,0.0,0.0,0.0,0.0,0.0,0.0,0.0,0.0,0.0,0.01228709,0.0
ERR1513827,0.0,0.0,0.0,0.0,0.0,0.0,0.0,0.0,0.0,0.0,0.0,0.0,0.0,0.0,0.0,0.0,0.0,0.0,0.0,0.11742253,0.0,0.0,0.0,0.0,0.0,0.0,0.000351039,0.0,0.0,0.0,0.0,0.0,0.0,0.0,0.0,0.0,0.0,0.0,0.00333487,0.0,0.0,0.105311686,0.0,0.0,0.0,0.0,0.0,0.050023051,0.0,0.0,0.027802285,0.02000922,0.0,0.0,0.000351039,0.0,0.0,0.0,0.0,0.259066748,0.0,0.0,0.007371818,0.0,0.0,0.0,0.010860268,0.006318701,0.0,0.0,0.0,0.0,0.0,0.0,0.0,0.0,0.0,0.0,0.0,0.0,0.0,0.0,0.0,0.0,0.0,0.0,0.0,0.0,0.0,0.0,0.0,0.0,0.0,0.0,0.0,0.0,0.0,0.0,0.0,0.0,0.0,0.0,0.0,0.0,0.0,0.0,0.0,0.0,0.0,0.0,0.0,0.0,0.0,0.0,0.0,0.0,0.0,0.001316396,0.0,0.0,0.0,0.0,0.0,0.0,0.0,0.0,0.0,0.0,0.0,0.0,0.0,0.003773669,0.0,0.0,0.0,0.0,0.0,0.0,0.0,0.0,0.0,0.0,0.004212467,0.0,0.0,0.0,0.0,0.0,0.0,0.0,0.005265584,0.0,0.0,0.0,0.0,0.0,0.0,0.0,0.0,0.0,0.0,0.0,0.055288635,0.0,0.0,0.0,0.001711315,0.0,0.0,0.0,0.0,0.0,0.0,0.0,0.0,0.0,0.003159351,0.0,0.0,0.0,0.000263279,0.0,0.0,0.004739026,0.004834764,0.0,0.0,0.000263279,0.0,0.069505713,0.002106234,0.0,0.0,0.0,0.0,0.0,0.0,0.0,0.042914512,0.0,0.0,0.0,0.0,0.0,0.0,0.0,0.0,0.0,0.0,0.0,0.0,0.0,0.0,0.0,0.0,0.0,0.0,0.0,0.0,0.0,0.0,0.0,0.0,0.0,0.0,0.005792143,0.0,0.0,0.0,0.0,0.0,0.0,0.0,0.0,0.0,0.0,0.0,0.0,0.0,0.0,0.0,0.0,0.0,0.0,0.0,0.0,0.0,0.0,0.0,0.0,0.0,0.0,0.0,0.0,0.0,0.0,0.0,0.0,0.0,0.0,0.0,0.0,0.0,0.0,0.0,0.0,0.0,0.0,0.0,0.0,0.0,0.173501003,0.0
ERR1513829,0.0,0.0,0.0,0.0,0.0,0.0,0.0,0.0,0.0,0.0,0.0,0.0,0.0,0.0,0.0,0.0,0.0,0.0,0.0,0.211863396,0.0,0.0,0.011402103,0.0,0.0,0.0,0.000308165,0.0,0.0,0.0,0.0,0.0,0.000924495,0.0,0.0,0.0,0.003852062,0.0,0.008808381,0.0,0.0,0.042372679,0.0,0.0,0.0,0.0,0.0,0.023805742,0.0,0.0,0.018489896,0.004776557,0.0,0.0,0.012018433,0.000246532,0.0,0.0,0.0,0.0,0.0,0.0,0.006163299,0.0,0.0,0.0,0.000231124,0.000215715,0.0,0.0,0.0,0.0,0.0,0.0,0.0,0.0,0.0,0.0,0.0,0.0,0.0,0.0,0.0,0.0,0.0,0.0,0.0,0.0,0.0,0.0,0.003800701,0.0,0.0,0.0,0.0,0.0,0.0,0.0,0.0,0.0,0.000539289,0.0,0.0,0.0,0.0,0.0,0.0,0.0,0.149537037,0.0,0.0,0.0,0.0,0.0,0.0,0.0,0.0,0.0,0.0,0.0,0.0,0.0,0.0,0.0,0.0,0.0,0.0,0.00061633,0.000385206,0.0,0.0,0.00937335,0.0,0.0,0.0,0.0,0.0,0.002362598,0.0,0.0,0.009861278,0.0,0.000462247,0.0,0.0,0.001760943,0.0,0.0,0.0,0.0,0.008166371,0.0,0.0,0.0,0.001201843,0.0,0.0,0.0,0.0,0.0,0.0,0.0,0.032511401,0.056702349,0.0,0.0,0.0,0.000385206,0.017411319,0.000359526,0.0,0.0,0.0,0.0,0.0,0.0,0.001463783,0.0,0.0,0.0,0.0,0.0,0.028659339,0.0,0.002808503,0.0,0.0,0.000808933,0.0,0.02367734,0.0,0.0,0.0,0.0,0.000442987,0.0,0.0,0.0,0.0,0.0,0.0,0.0,0.0,0.0,0.0,0.0,0.0,0.000119842,0.0,0.0,0.000222564,0.0,0.0,0.0,0.0,0.0,0.27133923,0.0,0.0,0.00184899,0.0,0.004468392,0.0,0.0,0.0,0.00123266,0.0,0.000308165,0.0,0.0,0.0,0.0,0.0,0.0,0.0,0.0,0.0,0.0,0.0,0.0,0.0,0.0,0.0,0.000924495,0.0,0.0,0.0,0.0,0.0,0.0,0.0,0.00123266,0.0,0.0,0.0,0.0,0.0,0.0,0.0,0.0,0.0,0.0,0.0,0.0,0.0,0.0,0.0,0.0,0.0,0.0,0.0,0.0,0.0
ERR1513830,0.0,0.0,0.0,0.0,0.0,0.0,0.0,0.0,0.0,0.0,0.0,0.0,0.0,0.0,0.0,0.0,0.0,0.0,0.0,0.008765567,0.0,0.0,0.0,0.0,0.0,0.0,0.000377014,0.0,0.0,0.0,0.0,0.0,0.0,0.0,0.0,0.0,0.0,0.0,0.005608078,0.0,0.0,0.0,0.0,0.039020912,0.0,0.0,0.0,0.177007905,0.0,0.0,0.067523143,0.002827602,0.0,0.0,0.0,0.0,0.0,0.0,0.0,0.0,0.0,0.0,0.0,0.0,0.0,0.0,0.0,0.000678625,0.0,0.0,0.0,0.0,0.0,0.0,0.0,0.0,0.0,0.0,0.0,0.0,0.0,0.0,0.0,0.0,0.0,0.0,0.0,0.0,0.0,0.0,0.0,0.0,0.0,0.0,0.0,0.0,0.0,0.0,0.0,0.0,0.0,0.0,0.0,0.0,0.0,0.0,0.0,0.0,0.01159317,0.0,0.0,0.0,0.0,0.0,0.0,0.0,0.0,0.001696561,0.0,0.0,0.0,0.0,0.0,0.0,0.0,0.0,0.0,0.0,0.0,0.0,0.0,0.005560951,0.0,0.0,0.0,0.0,0.0,0.001885068,0.026013941,0.0,0.0,0.0,0.165697496,0.0,0.0,0.000727098,0.039586432,0.0,0.001357249,0.0,0.006220725,0.0,0.0,0.0,0.000791729,0.0,0.0,0.0,0.0,0.0,0.0,0.002120702,0.0,0.0,0.0,0.0,0.001131041,0.000754027,0.208677051,0.0,0.0,0.0,0.0,0.0,0.0,0.0,0.005655205,0.0,0.0,0.0,0.0,0.0,0.001767251,0.004712671,0.005012568,0.0,0.0,0.006574175,0.0,0.020547244,0.0,0.0,0.0,0.0,0.0,0.0,0.0,0.0,0.003110363,0.0,0.0,0.0,0.0,0.0,0.0,0.0,0.0,0.0,0.0,0.0,0.0,0.0,0.0,0.0,0.0,0.0,0.006220725,0.0,0.0,0.0,0.00056552,0.018096655,0.0,0.0,0.0,0.0,0.0,0.147035321,0.0,0.0,0.0,0.0,0.0,0.0,0.0,0.0,0.0,0.0,0.0,0.0,0.0,0.0,0.0,0.0,0.0,0.0,0.0,0.0,0.0,0.0,0.0,0.0,0.001131041,0.0,0.0,0.0,0.0,0.0,0.0,0.0,0.0,0.0,0.0,0.0,0.0,0.0,0.0,0.0,0.0,0.0,0.0,0.0,0.0
ERR1513832,0.0,0.001227327,0.0,0.0,0.0,0.0,0.000204555,0.0,0.0,0.0,0.0,0.0,0.0,0.0,0.0,0.0,0.0,0.0,0.0,0.0,0.0,0.0,0.0,0.0,0.0,0.0,0.000163644,0.0,0.0,0.0,0.0,0.0,0.0,0.0,0.0,0.0,0.0,0.0,0.02477155,0.0,0.0,0.041974584,0.0,0.0,0.0,0.0,0.0,0.171948514,0.0,0.0,0.0,0.015955251,0.0,0.0,0.001227327,0.0,0.0,0.0,0.0,0.109232104,0.0,0.0,0.004172912,0.0,0.0,0.0,0.002086456,0.002209189,0.0,0.013091488,0.0,0.0,0.0,0.0,0.0,0.0,0.0,0.0,0.0,0.0,0.0,0.0,0.0,0.0,0.0,0.0,0.0,0.0,0.0,0.0,0.0,0.0,0.0,0.002331921,0.0,0.0,0.0,0.0,0.0,0.0,0.0,0.0,0.0,0.0,0.0,0.000736396,0.0,0.0,0.0,0.0,0.0,0.0,0.0,0.0,0.0,0.0,0.0,0.0,0.0,0.0,0.0,0.0,0.0,0.0,0.0,0.0,0.0,0.0,0.0,0.00454111,0.0,0.014666558,0.0,0.0,0.0,0.0,0.0,0.000436383,0.0,0.0,0.037556207,0.0,0.0,0.0,0.0,0.004769042,0.010309547,0.0,0.001080048,0.0,0.022091886,0.0,0.0,0.0,0.033334202,0.0,0.0,0.0,0.0,0.0,0.0,0.012457369,0.203490819,0.037801672,0.0,0.0,0.010616379,0.00045002,0.00319105,0.000409109,0.0,0.0,0.0,0.0,0.0,0.0,0.000490931,0.0,0.0,0.0,0.0,0.0,0.025528402,0.007854893,0.002588544,0.0,0.0,0.01497339,0.0,0.0,0.0,0.0,0.0,0.0,0.000184099,0.0,0.0,0.0,0.01227327,0.0,0.0,0.0,0.0,0.004418377,0.0,0.0,0.000490931,0.000436383,0.0,0.0,5.45e-05,0.0,0.0,0.0,0.0,0.0,0.0,0.0,0.0,0.0,0.0,0.0,0.0,0.0,0.0,0.0,0.0,0.001718258,0.0,0.0,0.0,0.0,0.00319105,0.0,0.0,0.0,0.0,0.0,0.0,0.0,0.0,0.0,0.0,0.0,0.0,0.0,0.0,0.0,0.0,0.0,0.0,0.0,0.001227327,0.0,0.0,0.0,0.0,0.0,0.0,0.0,0.0,0.0,0.0,0.0,0.0,0.0,0.0,0.0,0.0,0.0,0.0,0.030192245,0.0
ERR1513836,0.0,0.000466349,0.001165872,0.0,0.0,0.0,0.0,0.0,0.0,0.0,0.0,0.0,0.0,0.0,0.0,0.0,0.0,0.0,0.0,0.004080553,0.0,0.0,0.0,0.0,0.0,0.0,0.0,0.0,0.0,0.0,0.0,0.0,0.0,0.0,0.0,0.0,0.0,0.0,0.039328761,0.0,0.0,0.53420272,0.0,0.0,0.0,0.0,0.0,0.003497617,0.0,0.0,0.0,0.032411252,0.0,0.0,7.77e-05,0.0,0.0,0.0,0.0,0.011891898,0.0,0.0,0.025182843,0.0,0.0,0.0,0.0,0.0,0.0,0.0,0.0,0.0,0.0,0.0,0.0,0.0,0.0,0.0,0.0,0.0,0.0,0.0,0.0,0.0,0.0,0.0,0.0,0.0,0.0,0.0,0.0,0.0,0.0,0.0,0.0,0.0,0.0,0.0,0.0,0.0,0.0,0.0,0.0,0.0,0.0,0.0,0.0,0.0,0.0,0.0,0.0,0.0,0.0,0.0,0.0,0.0,0.0,0.0,0.0,0.0,0.0,0.0,0.0,0.0,0.0,0.0,0.0,0.0,0.0,0.0,0.0,0.0,0.0,0.0,0.0,0.0,0.0,0.005155747,0.003031268,0.0,0.0,0.0,0.014534542,0.0,0.0,0.0,0.0,0.0,0.0,0.0,0.0,0.0,0.0,0.0,0.0,0.0,0.0,0.0,0.0,0.0,0.0,0.0,0.0,0.023550622,0.0,0.0,0.000524643,0.0,0.004197141,0.0,0.0,0.0,0.0,0.0,0.0,0.0,0.007927932,0.0,0.0,0.0,0.000194312,0.0,0.0,0.0,0.000190779,0.0,0.0,0.004459462,0.0,0.0,0.0,0.0,0.0,0.0,0.000320615,0.0,0.0,0.0,0.001515634,0.0,0.0,0.0,0.0,0.0,0.0,0.0,0.006062536,0.0,0.0,0.0,0.000544074,0.0,0.000116587,0.0,0.0,0.0,0.0,0.0,0.0,0.0,0.0,0.014689992,0.000233174,0.0,0.0,0.0,0.0,0.002720369,0.0,0.0,0.0,0.0,0.0,0.0,0.0,0.0,0.0,0.0,0.0,0.0,0.0,0.0,0.0,0.0,0.0,0.0,0.0,0.0,0.0,0.0,0.0,0.0,0.000699523,0.0,0.0,0.0,0.0,0.0,0.0,0.0,0.0,0.0,0.0,0.0,0.0,0.0,0.0,0.0,0.0,0.0,0.0,0.254976287,0.0
ERR1513838,0.0,0.0,0.0,0.0,0.0,0.0,0.0,0.0,0.0,0.0,0.0,0.0,0.0,0.0,0.0,0.0,0.0,0.0,0.0,0.019177869,0.0,0.0,0.0,0.0,0.0,0.0,0.0,0.0,0.0,0.0,0.0,0.0,0.0,0.0,0.0,0.0,0.0,0.0,0.002218927,0.0,0.0,0.0,0.0,0.0,0.104606559,0.0,0.0,0.302725041,0.0,0.0,0.030494397,0.01225693,0.0,0.0,0.000739642,0.0,0.0,0.0,0.0,0.021555291,0.0,0.0,0.077979435,0.0,0.0,0.0,0.0,0.002852906,0.0,0.0,0.0,0.0,0.0,0.0,0.011094635,0.0,0.0,0.0,0.0,0.0,0.0,0.0,0.0,0.002218927,0.0,0.0,0.0,0.0,0.0,0.0,0.015321163,0.0,0.0,0.0,0.0,0.0,0.0,0.0,0.0,0.0,0.0,0.0,0.0,0.0,0.0,0.0,0.0,0.0,0.001426453,0.0,0.0,0.0,0.0,0.0,0.000950969,0.0,0.0,0.0015057,0.0,0.0,0.0,0.0,0.0,0.0,0.0,0.0,0.0,0.0,0.0,0.0,0.0,0.002905738,0.0,0.0,0.0,0.0,0.0,0.0,0.0,0.0,0.004437854,0.0,0.0,0.0,0.0,0.001358527,0.0,0.0,0.0,0.0,0.0,0.0,0.0,0.0,0.007671148,0.0,0.0,0.0,0.0,0.0,0.0,0.001188711,0.012996572,0.0,0.0,0.0,0.0,0.000369821,0.012679583,0.0,0.0,0.0,0.0,0.0,0.0,0.0,0.001584948,0.0,0.0,0.0,0.000845306,0.0,0.015572113,0.0,0.00031699,0.0,0.0,0.000277366,0.0,0.087277796,0.0,0.0,0.0,0.0,0.0,0.0,0.0,0.0,0.010460656,0.0,0.0,0.0,0.0,0.0,0.0,0.0,0.000950969,7.04e-05,0.0,0.0,0.0,0.0,0.0,0.0,0.0,0.0,0.0,0.0,0.0,0.0,0.000422653,0.0,0.0,0.0,0.0,0.0,0.0,0.000211326,0.0,0.0,0.0,0.0,0.0,0.0,0.0,0.0,0.0,0.0,0.0,0.0,0.0,0.0,0.0,0.0,0.0,0.0,0.0,0.0,0.0,0.0,0.0,0.0,0.0,0.0,0.0,0.0,0.0,0.0,0.0,0.0,0.0,0.0,0.0,0.0,0.0,0.0,0.0,0.0,0.0,0.0,0.0,0.22950045,0.0
ERR1513845,0.0,0.0,0.0,0.0,0.0,0.0,0.0,0.0,0.0,0.0,0.0,0.0,0.0,0.0,0.0,0.0,0.0,0.0,0.0,0.001580907,0.0,0.0,0.0,0.0,0.0,0.0,0.000526969,0.0,0.0,0.0,0.0,0.0,0.0,0.0,0.0,0.0,0.0,0.0,0.014667306,0.0,0.024240577,0.0,0.065344164,0.0,0.0,0.0,0.0,0.142281648,0.0,0.0,0.018022342,0.0,0.0,0.0,0.023274467,0.0,0.0,0.0,0.0,0.020551794,0.0,0.0,0.0,0.0,0.0,0.0,0.0,0.003267208,0.0,0.038995711,0.0,0.0,0.0,0.0,0.0,0.0,0.0,0.0,0.0,0.0,0.0,0.0,0.0,0.0,0.0,0.0,0.0,0.0,0.0,0.0,0.0,0.0,0.0,0.0,0.0,0.0,0.0,0.0,0.0,0.0,0.0,0.0,0.0,0.0,0.0,0.0,0.0,0.0,0.000790454,0.0,0.0,0.0,0.0,0.0,0.0,0.0,0.0,0.0,0.0,0.0,0.0,0.0,0.0,0.0,0.0,0.0,0.000263485,0.0,0.0,0.000526969,0.0,0.019629598,0.0,0.0,0.0,0.0,0.0,0.000468417,0.0,0.0,0.024767546,0.0,0.0,0.0,0.0,0.004140471,0.0,0.0,0.0,0.0,0.037941773,0.0,0.0,0.0,0.007799142,0.0,0.0,0.0,0.0,0.0,0.0,0.020156567,0.200248245,0.076410515,0.0,0.0,0.006718856,0.0,0.128580452,0.0,0.0,0.0,0.0,0.0,0.0,0.0,0.0,0.0,0.0,0.0,0.0,0.0,0.014821005,0.027402391,0.00411994,0.0,0.0,0.0,0.0,0.0,0.0,0.0,0.0,0.0,0.000988067,0.0,0.0,0.0,0.0,0.0,0.0,0.0,0.0,0.0,0.0,0.0,0.001053938,0.0,0.0,0.0,0.0,0.0,0.0,0.0,0.0,0.0,0.0,0.0,0.0,0.0,0.0,0.0,0.0,0.0,0.0,0.0,0.0,0.000526969,0.0,0.0,0.0,0.0,0.0,0.0,0.0,0.0,0.0,0.0,0.0,0.0,0.0,0.0,0.0,0.0,0.0,0.0,0.0,0.0,0.0,0.0,0.0,0.0,0.0,0.0,0.0,0.0,0.0,0.0,0.0,0.0,0.0,0.0,0.0,0.0,0.0,0.0,0.0,0.0,0.0,0.0,0.0,0.003425299,0.0
ERR1513848,0.0,0.0,0.0,0.0,0.0,0.0,0.0,0.0,0.0,0.0,0.0,0.0,0.0,0.0,0.0,0.0,0.0,0.0,0.0,1.0,0.0,0.0,0.0,0.0,0.0,0.0,0.0,0.0,0.0,0.0,0.0,0.0,0.0,0.0,0.0,0.0,0.0,0.0,0.0,0.0,0.0,0.0,0.0,0.0,0.0,0.0,0.0,0.0,0.0,0.0,0.0,0.0,0.0,0.0,0.0,0.0,0.0,0.0,0.0,0.0,0.0,0.0,0.0,0.0,0.0,0.0,0.0,0.0,0.0,0.0,0.0,0.0,0.0,0.0,0.0,0.0,0.0,0.0,0.0,0.0,0.0,0.0,0.0,0.0,0.0,0.0,0.0,0.0,0.0,0.0,0.0,0.0,0.0,0.0,0.0,0.0,0.0,0.0,0.0,0.0,0.0,0.0,0.0,0.0,0.0,0.0,0.0,0.0,0.0,0.0,0.0,0.0,0.0,0.0,0.0,0.0,0.0,0.0,0.0,0.0,0.0,0.0,0.0,0.0,0.0,0.0,0.0,0.0,0.0,0.0,0.0,0.0,0.0,0.0,0.0,0.0,0.0,0.0,0.0,0.0,0.0,0.0,0.0,0.0,0.0,0.0,0.0,0.0,0.0,0.0,0.0,0.0,0.0,0.0,0.0,0.0,0.0,0.0,0.0,0.0,0.0,0.0,0.0,0.0,0.0,0.0,0.0,0.0,0.0,0.0,0.0,0.0,0.0,0.0,0.0,0.0,0.0,0.0,0.0,0.0,0.0,0.0,0.0,0.0,0.0,0.0,0.0,0.0,0.0,0.0,0.0,0.0,0.0,0.0,0.0,0.0,0.0,0.0,0.0,0.0,0.0,0.0,0.0,0.0,0.0,0.0,0.0,0.0,0.0,0.0,0.0,0.0,0.0,0.0,0.0,0.0,0.0,0.0,0.0,0.0,0.0,0.0,0.0,0.0,0.0,0.0,0.0,0.0,0.0,0.0,0.0,0.0,0.0,0.0,0.0,0.0,0.0,0.0,0.0,0.0,0.0,0.0,0.0,0.0,0.0,0.0,0.0,0.0,0.0,0.0,0.0,0.0,0.0,0.0,0.0,0.0,0.0,0.0,0.0,0.0,0.0,0.0,0.0,0.0,0.0,0.0,0.0,0.0,0.0,0.0,0.0,0.0,0.0
ERR1513863,0.0,0.0,0.0,0.0,0.0,0.0,0.0,0.0,0.0,0.0,0.0,0.0,0.0,0.0,0.0,0.0,0.0,0.0,0.0,0.006895595,0.0,0.0,0.0,0.0,0.0,0.0,0.000999362,0.0,0.0,0.0,0.0,0.0,0.0,0.0,0.0,0.0,0.0,0.0,0.0,0.0,0.0,0.0,0.0,0.0,0.0,0.0,0.0,0.102834308,0.0,0.0,0.039574719,0.022985317,0.0,0.0,0.0,0.0,0.0,0.0,0.0,0.061160929,0.0,0.0,0.02758238,0.0,0.0,0.0,0.0,0.0,0.0,0.0,0.0,0.0,0.0,0.0,0.0,0.0,0.0,0.0,0.0,0.0,0.0,0.0,0.0,0.0,0.0,0.0,0.0,0.0,0.0,0.0,0.0,0.0,0.0,0.0,0.0,0.0,0.0,0.0,0.0,0.0,0.0,0.0,0.0,0.0,0.0,0.0,0.0,0.0,0.002098659,0.0,0.0,0.0,0.0,0.0,0.0,0.0,0.0,0.001499042,0.0,0.0,0.0,0.0,0.0,0.0,0.0,0.0,0.0,0.0,0.0,0.00599617,0.0,0.007495212,0.0,0.0,0.0,0.0,0.0,0.0,0.0,0.0,0.028781614,0.0,0.0,0.0,0.0,0.002998085,0.002398468,0.0,0.000599617,0.0,0.012591956,0.0,0.0,0.0,0.016189658,0.0,0.0,0.0,0.0,0.0,0.0,0.0,0.498281688,0.039574719,0.0,0.0,0.001499042,0.001199234,0.0,0.0,0.0,0.0,0.0,0.0,0.0,0.0,0.0,0.0,0.0,0.0,0.0,0.0,0.019712407,0.005396553,0.003952021,0.0,0.0,0.0,0.0,0.034178166,0.0,0.0,0.0,0.0,0.0,0.0,0.0,0.0,0.010793105,0.0,0.0,0.0,0.0,0.004796936,0.0,0.0,0.0,0.0,0.0,0.0,0.0,0.0,0.0,0.0,0.0,0.0,0.0,0.0,0.0,0.0,0.0,0.0,0.0,0.0,0.0,0.0,0.0,0.0,0.0,0.0,0.0,0.0,0.0,0.0,0.0,0.0,0.0,0.0,0.0,0.0,0.0,0.0,0.0,0.0,0.0,0.0,0.0,0.0,0.0,0.0,0.0,0.0,0.0,0.0,0.0,0.0,0.0,0.0,0.0,0.016789275,0.0,0.0,0.0,0.0,0.0,0.0,0.0,0.0,0.0,0.0,0.0,0.000899425,0.0
ERR1513866,0.0,0.0,0.0,0.0,0.0,0.0,0.0,0.0,0.0,0.0,0.0,0.0,0.0,0.0,0.0,0.0,0.0,0.0,0.0,0.00604953,0.0,0.0,0.0,0.0,0.0,0.0,0.0,0.0,0.0,0.0,0.0,0.0,0.0,0.0,0.0,0.0,0.0,0.0,0.065738229,0.0,0.0,0.0,0.0,0.0,0.32748124,0.0,0.0,0.0,0.0,0.0,0.0,0.0,0.0,0.0,0.0,0.0,0.0,0.0,0.0,0.0,0.0,0.0,0.147608539,0.0,0.0,0.0,0.0,0.0,0.0,0.0,0.0,0.0,0.0,0.0,0.0,0.0,0.0,0.0,0.0,0.0,0.0,0.0,0.0,0.0,0.0,0.0,0.0,0.0,0.0,0.0,0.0,0.0,0.0,0.0,0.0,0.0,0.0,0.0,0.0,0.0,0.0,0.0,0.0,0.0,0.0,0.0,0.0,0.0,0.0,0.0,0.0,0.0,0.0,0.0,0.0,0.0,0.0,0.0,0.0,0.0,0.0,0.0,0.0,0.0,0.0,0.0,0.000403302,0.0,0.0,0.0,0.0,0.012300712,0.0,0.001075472,0.0,0.0,0.0,0.005556606,0.0,0.0,0.08388682,0.0,0.0,0.0,0.0,0.035721036,0.0,0.0,0.005000945,0.0,0.0,0.0,0.0,0.0,0.001290566,0.0,0.0,0.0,0.0,0.0,0.0,0.006452832,0.010485853,0.0,0.0,0.0,0.0,0.0,0.006452832,0.0,0.0,0.0,0.0,0.0,0.0,0.0,0.007662738,0.0,0.0,0.0,0.000806604,0.0,0.0,0.025273593,0.001136578,0.0,0.0,0.015527128,0.0,0.0,0.0,0.0,0.0,0.0,0.0,0.0,0.0,0.0,0.0,0.0,0.0,0.0,0.0,0.0,0.0,0.0,0.0,0.0,0.0,0.0,0.0,0.0,0.0,0.0,0.0,0.0,0.0,0.0,0.0,0.0,0.0,0.0,0.0,0.0,0.0,0.0,0.0,0.003226416,0.026617933,0.0,0.0,0.0,0.0,0.0,0.0,0.0,0.0,0.0,0.0,0.0,0.0,0.0,0.0,0.0,0.0,0.0,0.0,0.0,0.0,0.0,0.0,0.0,0.0,0.0,0.0,0.0,0.0,0.0,0.0,0.0,0.0,0.0,0.0,0.0,0.0,0.0,0.0,0.0,0.0,0.0,0.057268887,0.0,0.0
ERR1513876,0.000166946,0.0,0.0,0.0,0.0,0.0,0.0,0.0,0.0,0.0,0.0,0.0,0.0,0.0,0.0,0.0,0.0,0.0,0.0,0.0,0.0,0.0,0.0,0.0,0.0,0.0,0.0043777,0.0,0.0,0.0,0.0,0.0,0.0,0.0,0.0,0.0,0.0,0.0,0.033481987,0.0,0.0,0.0,0.0,0.0,0.0,0.0,0.0,0.101058098,0.0,0.0,0.0,0.0,0.0,0.0,0.000222595,0.0,0.0,0.0,0.0,0.129105059,0.0,0.0,0.0,0.0,0.0,0.0,0.000556487,0.004585456,0.0,0.0,0.0,0.0,0.0,0.0,0.0,0.0,0.0,0.0,0.0,0.0,0.0,0.0,0.0,0.0,0.0,0.0,0.0,0.0,0.0,0.0,0.0,0.0,0.0,0.0,0.0,0.0,0.0,0.0,0.0,0.0,0.0,0.0,0.0,0.0,0.0,0.000667785,0.0,0.0,0.001001677,0.0,0.0,0.0,0.0,0.0,0.0,0.0,0.0,0.0,0.0,0.0,0.0,0.0,0.0,0.0,0.0,0.0,0.0,0.0,0.000556487,0.0,0.0,0.003858312,0.0,0.010165168,0.0,0.0,0.0,0.000346259,0.003005032,0.0,0.008236012,0.0,0.0,0.002448544,0.0,0.00130377,0.0,0.0,0.008903797,0.0,0.03160848,0.0,0.0,0.0,0.0,0.0,0.0,0.0,0.0,0.0,0.0,0.006399604,0.290486383,0.0,0.0,0.0,0.011964477,0.009497384,0.106400376,0.000816181,0.0,0.0,0.0,0.0,0.0,0.0,0.001892057,0.0,0.0,0.0,0.0,0.0,0.0,0.007642426,0.004826263,0.0,0.0,0.005620522,0.0,0.053051792,0.0,0.0,0.0,0.0,0.0,0.0,0.0,0.0,0.094157655,0.0,0.0,0.0,0.0,0.0,0.0,0.0,0.0,0.0,0.0,0.0,0.0,0.0,0.0,0.0,0.0,0.0,0.0,0.0,0.0,0.001558165,0.000222595,0.0,0.0,0.0,0.0,0.008681202,0.0,0.0,0.0,0.0,0.0,0.0,0.0,0.0,0.0,0.0,0.0,0.0,0.0,0.0,0.0,0.0,0.0,0.0,0.0,0.0,0.0,0.0,0.0,0.0,0.0,0.0,0.0,0.0,0.0,0.0,0.0,0.0,0.0,0.0,0.0,0.0,0.0,0.0,0.0,0.0,0.0,0.0,0.0,0.0,0.0,0.016583322,0.0
ERR1513878,6.4e-05,0.0,0.0,0.0,0.0,0.0,8.53e-05,0.0,0.0,0.0,0.0,0.0,0.0,0.0,0.0,0.0,0.0,0.0,0.0,0.002110606,0.0,0.0,0.0,0.0,0.0,0.0,0.0,0.0,0.0,0.0,0.0,0.0,0.0,0.0,0.0,0.0,0.0,0.0,0.011576354,0.0,0.0,0.0,0.0,0.0,0.0,0.0,0.0,0.329894122,0.0,0.0,0.052829109,0.072059075,0.001534986,0.0,0.0,0.0,0.0,0.0,0.0,0.036328007,0.0,0.0,0.016501102,0.0,0.0,0.0,0.001758838,0.002762975,0.0,0.014582369,0.0,0.0,0.0,0.0,0.0,0.0,0.0,0.0,0.0,0.0,0.0,0.0,0.0,0.0,0.0,0.0,0.0,0.0,0.0,0.0,0.0,0.0,0.0,0.0,0.0,0.0,0.0,0.0,0.0,0.0,0.0,0.0,0.0,0.0,0.0,0.0,0.0,0.0,0.0,0.0,0.0,0.0,0.0,0.0,0.0,0.0,0.0,0.0,0.0,0.0,0.0,0.0,0.0,0.0,0.0,0.0,0.0,0.0,0.0,0.0,0.0,0.007845485,0.0,0.001065963,0.0,0.0,0.0,0.005130834,0.001343113,0.0,0.020594398,0.0,0.002515672,0.00115124,0.0,0.0,0.0,0.0,0.0,0.0,0.0,0.0,0.0,0.0,0.000511662,0.001790817,0.0,0.0,0.0,0.0,0.0,0.0,0.321707528,0.0,0.0,0.0,0.0,0.009209917,0.069202295,0.0,0.0,0.0,0.0,0.0,0.0,0.0,0.000255831,0.0,0.0,0.0,0.000341108,0.0,0.0,0.0,0.003069972,0.0,0.0,9.59e-05,0.0,0.0,0.0,0.0,0.0,0.0,0.0,0.0,0.0,0.0,0.0,0.0,0.0,0.0,0.0,0.0,0.0,0.0,0.0,0.0,0.0,0.0,0.0,0.0,0.0,0.0,0.0,0.0,0.0,0.0,0.0,0.00115124,0.006054668,0.0,0.0,0.0,0.0,0.0,0.0,0.001918733,0.0,0.0,0.0,0.0,0.0,0.0,0.0,0.0,0.0,0.0,0.0,0.0,0.0,0.0,0.0,0.0,0.0,0.0,0.0,0.0,0.0,0.0,0.0,0.0,0.0,0.0,0.0,0.0,0.0,0.0,0.0,0.0,0.0,0.0,0.0,0.0,0.0,0.0,0.0,0.0,0.0,0.0,0.0,0.000895409,0.0
ERR1513880,0.0,0.0,0.0,0.0,0.0,0.0,0.0,0.0,0.0,0.0,0.0,0.0,0.0,0.0,0.0,0.0,0.0,0.0,0.0,0.00061142,0.0,0.0,0.0,0.0,0.0,0.0,0.0,0.0,0.0,0.0,0.0,0.0,0.0,0.0,0.0,0.0,0.0,0.0,0.000118887,0.0,0.0,0.008152272,0.0,0.0,0.0,0.0,0.0,0.0,0.0,0.0,0.006277249,0.052446282,0.0,0.0,0.0,0.0,0.0,0.0,0.0,0.014266476,0.0,0.0,0.429624724,0.0,0.0,0.0,0.0,0.0,0.0,0.0,0.0,0.0,0.0,0.0,0.0,0.0,0.0,0.0,0.0,0.0,0.0,0.0,0.0,0.0,0.0,0.0,0.0,0.0,0.0,0.0,0.0,0.0,0.0,0.0,0.0,0.0,0.0,0.0,0.0,0.0,0.0,0.0,0.0,0.0,0.0,0.0,0.0,0.0,0.0,0.0,0.0,0.0,0.0,0.0,0.0,0.0,0.0,0.0,0.0,0.0,0.0,0.0,0.0,0.0,0.0,0.0,0.0,0.0,0.0,0.0,0.0,0.0,0.0,0.00108697,0.0,0.0,0.0,0.013451248,0.007948465,0.0,0.0,0.0,0.000951098,0.0,0.0,0.0,0.0,0.0,0.0,0.0,0.0,0.0,0.0,0.0,0.0,0.0,0.0,0.0,0.0,0.0,0.0,0.001273792,0.0,0.0,0.0,0.0,0.0,0.001970132,0.0,0.0,0.0,0.0,0.0,0.0,0.0,0.0,0.000713324,0.0,0.0,0.0,0.0,0.0,0.0,0.0,0.000194543,0.0,0.0,0.010368671,0.0,0.0,0.0,0.0,0.0,0.0,0.0,0.0,0.0,0.0,0.0,0.0,0.0,0.0,0.0,0.0,0.0,0.0,0.0,0.0,0.0,0.0,0.0,0.0,0.0,0.0,0.0,0.0,0.0,0.0,0.0,0.0,0.0,0.0,0.0,0.0,0.0,0.0,0.0,0.003328844,0.0,0.0,0.0,0.0,0.0,0.0,0.0,0.0,0.0,0.0,0.0,0.0,0.0,0.0,0.0,0.0,0.0,0.0,0.0,0.0,0.0,0.0,0.0,0.0,0.0,0.0,0.0,0.0,0.0,0.0,0.0,0.0,0.0,0.0,0.0,0.0,0.0,0.0,0.0,0.0,0.0,0.0,0.0,0.442668359,0.0
ERR1513885,0.0,0.0,0.0,0.0,0.0,0.0,0.000290386,0.0,0.0,0.0,0.0,0.0,0.0,0.0,0.0,0.0,0.0,0.0,0.0,0.001960106,0.0,0.0,0.0,0.0,0.0,0.0,0.0,0.0,0.0,0.0,0.0,0.0,0.0,0.0,0.0,0.0,0.0,0.0,0.001234141,0.0,0.0,0.676018902,0.014374113,0.0,0.0,0.0,0.0,0.022432328,0.0,0.0,0.006882151,0.048784869,0.0,0.0,0.000290386,0.008276005,0.0,0.0,0.0,0.013502955,0.0,0.0,0.011760638,0.0,0.0,0.0,0.0,0.002003664,0.0,0.0,0.0,0.0,0.0,0.0,0.0,0.0,0.0,0.0,0.0,0.0,0.0,0.0,0.0,0.0,0.0,0.0,0.0,0.0,0.0,0.0,0.015390465,0.0,0.0,0.0,0.0,0.0,0.0,0.0,0.0,0.0,0.0,0.0,0.0,0.0,0.0,0.0,0.0,0.0,0.008929373,0.0,0.0,0.0,0.0,0.0,0.0,0.0,0.0,0.0,0.0,0.0,0.0,0.0,0.0,0.0,0.0,0.0,0.0,0.0,0.0,0.0,0.0,0.000980053,0.0,0.0,0.0,0.0,0.0,0.000483977,0.030272754,0.0,0.002613475,0.0,0.021052994,0.0,0.0,0.00056003,0.003484634,0.0,0.0,0.0,0.001742317,0.0,0.0,0.0,0.000696927,0.0,0.0,0.0,0.0,0.0,0.0,0.0,0.008711584,0.004355792,0.0,0.0,0.001197843,0.0,0.014374113,0.0,0.0,0.0,0.0,0.0,0.0,0.0,0.0,0.0,0.0,0.0,0.0,0.0,0.005009161,0.00188751,0.00063357,0.0,0.0,0.000108895,0.0,0.001016351,0.000653369,0.0,0.0,0.0,0.003539081,0.0,0.0,0.0,0.001960106,0.0,0.0,0.0,0.0,0.0,0.0,0.0,0.0,0.0,0.0,0.0,9.68e-05,0.0,0.0,0.0,0.0,0.0,0.006098109,0.0,0.0,0.0,0.0,0.014809692,0.0,0.0,0.0,0.011179866,0.0,0.00377502,0.0,0.0,0.0,0.0,0.0,0.0,0.0,0.0,0.0,0.0,0.0,0.0,0.0,0.0,0.0,0.0,0.0,0.0,0.0,0.0,0.0,0.0,0.0,0.0,0.0,0.0,0.0,0.0,0.0,0.0,0.0,0.0,0.0,0.0,0.0,0.0,0.0,0.0,0.0,0.0,0.0,0.001742317,0.0,0.0,0.0
ERR1513887,0.0,0.0,0.0,0.0,0.006554014,0.0,0.024951247,0.0,0.0,0.0,0.0,0.0,0.0,0.0,0.0,0.0,0.0,0.0,0.0,0.01276308,0.0,0.0,0.0,0.0,0.0,0.0,0.000804879,0.0,0.000517422,0.0,0.0,0.0,0.0,0.0,0.0,0.0,0.0,0.0,0.014142872,0.0,0.0,0.007588858,0.00724391,0.0,0.0,0.0,0.0,0.027423375,0.0,0.0,0.00545018,0.014257855,0.0,0.0,0.005289204,0.0,0.0,0.0,0.0,0.0,0.0,0.0,0.0,0.0,0.0,0.0,0.001379792,0.0,0.0,0.0,0.0,0.0,0.0,0.0,0.0,0.0,0.0,0.0,0.0,0.0,0.0,0.0,0.0,0.0,0.0,0.0,0.0,0.0,0.0,0.0,0.0,0.0,0.0,0.0,0.0,0.0,0.0,0.0,0.0,0.0,0.0,0.0,0.0,0.0,0.0,0.0,0.0,0.0,0.001552266,0.0,0.0,0.0,0.0,0.0,0.0,0.0,0.0,0.0,0.0,0.0,0.0,0.0,0.0,0.0,0.0,0.0,0.0,0.0,0.0,0.00724391,0.0,0.016873712,0.0,0.0,0.0,0.0,0.0,0.001188155,0.0,0.0,0.0,0.0,0.0,0.001897215,0.0,0.003942264,0.010693391,0.0,0.002966554,0.0,0.037944292,0.0,0.0,0.0,0.01283207,0.0,0.0,0.0,0.0,0.0,0.0,0.002155926,0.421871538,0.0,0.0,0.0,0.001897215,0.001954706,0.0,0.0,0.0,0.0,0.0,0.0,0.0,0.0,0.000517422,0.0,0.0,0.0,0.0,0.0,0.069808874,0.017822319,0.008388511,0.0,0.0,0.001207318,0.0,0.0,0.0,0.0,0.0,0.0,0.000603659,0.0,0.0,0.0,0.041566247,0.0,0.0,0.0,0.0,0.0,0.0,0.0,0.003621955,0.0,0.0,0.0,0.000459931,0.0,0.0,0.0,0.0,0.0,0.016902457,0.0,0.0,0.010003495,0.0,0.0,0.0,0.0,0.0,0.11015343,0.0,0.000344948,0.0,0.0,0.0,0.0,0.0,0.0,0.0,0.0,0.0,0.0,0.0,0.0,0.0,0.0,0.0,0.000689896,0.0,0.0,0.0,0.0,0.0,0.0,0.0,0.0,0.001034844,0.0,0.0,0.0,0.0,0.0,0.0,0.0,0.0,0.0,0.0,0.0,0.0,0.0,0.0,0.0,0.0,0.0,0.0,0.049672528,0.0
ERR1513889,0.0,0.0,0.0,0.0,0.0,0.0,0.0,0.0,0.0,0.0,0.0,0.0,0.0,0.0,0.0,0.0,0.0,0.0,0.0,0.100404032,0.0,0.0,0.008133998,0.0,0.0,0.0,0.000508375,0.0,0.0,0.0,0.0,0.0,0.001270937,0.0,0.0,0.0,0.0,0.0,0.000423646,0.0,0.0,0.154037579,0.0,0.0,0.0,0.0,0.0,0.01677637,0.0,0.0,0.04021245,0.041771467,0.0,0.0,0.0,0.0,0.0,0.0,0.0,0.06710548,0.0,0.0,0.0,0.0,0.0,0.0,0.0,0.0,0.0,0.0,0.0,0.0,0.0,0.0,0.0,0.0,0.0,0.0,0.0,0.0,0.0,0.0,0.0,0.0,0.0,0.0,0.0,0.0,0.0,0.0,0.00101675,0.0,0.0,0.0,0.0,0.006354686,0.0,0.0,0.0,0.0,0.0,0.0,0.0,0.0,0.0,0.0,0.0,0.0,0.000889656,0.0,0.0,0.0,0.0,0.0,0.0,0.0,0.0,0.007434982,0.0,0.0,0.0,0.0,0.0,0.0,0.0,0.0,0.0,0.0,0.0,0.010675872,0.0,0.008917742,0.0,0.0,0.0,0.0,0.0,0.000451889,0.0,0.0,0.028977366,0.0,0.001355666,0.001398031,0.0,0.006064186,0.0,0.0,0.0,0.0,0.010930059,0.0,0.0,0.0,0.029892441,0.0,0.0,0.0,0.0,0.0,0.0,0.001779312,0.173864198,0.016013808,0.0,0.0,0.000826109,0.001440395,0.011438434,0.0,0.0,0.0,0.0,0.0,0.0,0.0,0.0,0.0,0.0,0.0,0.0,0.0,0.03596752,0.004999019,0.00078567,0.014997058,0.0,0.000857883,0.0,0.120569568,0.0,0.0,0.0,0.0,0.0,0.0,0.0,0.0,0.0,0.0,0.0,0.0,0.0,0.0,0.0,0.0,0.000254187,0.000112972,0.0,0.0,0.0,0.0,0.0,0.0,0.0,0.0,0.0,0.0,0.0,0.005592123,0.0,0.0,0.001143843,0.0,0.0,0.0,0.0,0.000677833,0.0,0.0,0.0,0.0,0.0,0.0,0.0,0.0,0.0,0.0,0.0,0.0,0.0,0.0,0.0,0.0,0.0,0.0,0.0,0.0,0.0,0.0,0.0,0.0,0.0,0.0,0.0,0.0,0.0,0.0,0.0,0.0,0.0,0.0,0.0,0.0,0.0,0.0,0.0,0.0,0.0,0.0,0.0,0.033679834,0.0
ERR1513896,0.001351317,0.0,0.005405268,0.0,0.0,0.0,0.000368541,0.0,0.0,0.0,0.0,0.0,0.0,0.0,0.0,0.0,0.0,0.0,0.0,0.148030642,0.0,0.0,0.0,0.0,0.0,0.0,0.0,0.0,0.000491388,0.0,0.0,0.0,0.0,0.0,0.0,0.0,0.0,0.0,0.014086457,0.0,0.0,0.0,0.0,0.0,0.0,0.0,0.0,0.021375379,0.0,0.0,0.0,0.000737082,0.0,0.0,0.00368541,0.0,0.0,0.0,0.0,0.0,0.0,0.0,0.140291281,0.0,0.0,0.0,0.0,0.0,0.0,0.0,0.0,0.0,0.0,0.0,0.0,0.0,0.0,0.0,0.0,0.0,0.0,0.0,0.0,0.0,0.0,0.0,0.0,0.0,0.0,0.0,0.0,0.0,0.0,0.0,0.0,0.0,0.0,0.0,0.0,0.0,0.0,0.0,0.0,0.0,0.0,0.0,0.0,0.0,0.00245694,0.0,0.0,0.0,0.0,0.0,0.0,0.0,0.0,0.0,0.0,0.0,0.0,0.0,0.0,0.0,0.0,0.0,0.0,0.0,0.0,0.0,0.0,0.036854102,0.0,0.009909658,0.0,0.0,0.0,0.002183947,0.0,0.0,0.055281153,0.0,0.001801756,0.0,0.0,0.01477674,0.0,0.0,0.003587133,0.0,0.178373852,0.0,0.0,0.0,0.022014183,0.0,0.0,0.0,0.0,0.001965552,0.0,0.0,0.0,0.0,0.0,0.0,0.0,0.036198918,0.062160585,0.000163796,0.0,0.0,0.0,0.0,0.0,0.0,0.000982776,0.0,0.0,0.0,0.000368541,0.0,0.000214982,0.03325059,0.002870153,0.0,0.0,0.000921353,0.0,0.0,0.0,0.0,0.0,0.0,0.001289894,0.0,0.0,0.0,0.0,0.0,0.0,0.0,0.0,0.0,0.0,0.0,0.059580798,0.001501463,0.0,0.0,0.004722785,0.0,0.001535588,0.0,0.000982776,0.0,0.0,0.0,0.0,0.0,0.0,0.001474164,0.0,0.0,0.0,0.074854776,0.0,0.005405268,0.002211246,0.0,0.0,0.0,0.0,0.0,0.0,0.0,0.0,0.0,0.0,0.0,0.0,0.0,0.0,0.0,0.0,0.0,0.0,0.0,0.0,0.0,0.0,0.0,0.00122847,0.0,0.0,0.0,0.0,0.0,0.0,0.0,0.0,0.0,0.0,0.0,0.0,0.0,0.0,0.0,0.0,0.0,0.0,0.0,0.0
ERR1513899,0.0,0.0,0.0,0.0,0.0,0.0,0.0,0.0,0.0,0.0,0.0,0.0,0.0,0.0,0.0,0.0,0.0,0.0,0.0,0.120913225,0.0,0.0,0.0,0.0,0.0,0.0,0.0,0.0,0.0,0.0,0.0,0.0,0.005403943,0.0,0.0,0.0,0.0,0.0,0.014297933,0.0,0.0,0.0,0.0,0.117535761,0.0,0.0,0.0,0.363415169,0.0,0.0,0.026209124,0.050436802,0.018463472,0.0,0.0,0.0,0.0,0.0,0.0,0.0,0.0,0.0,0.0,0.0,0.0,0.0,0.0,0.006214534,0.0,0.0,0.0,0.0,0.0,0.0,0.0,0.0,0.0,0.0,0.0,0.0,0.0,0.0,0.0,0.0,0.0,0.0,0.0,0.0,0.0,0.0,0.002251643,0.0,0.0,0.0,0.0,0.0,0.0,0.0,0.0,0.0,0.0,0.0,0.0,0.0,0.0,0.0,0.0,0.0,0.010132393,0.0,0.0,0.0,0.0,0.0,0.0,0.0,0.0,0.0,0.0,0.0,0.0,0.0,0.0,0.0,0.0,0.0,0.0,0.0,0.0,0.0,0.0,0.001913896,0.0,0.0031523,0.0,0.0,0.0,0.002101533,0.0,0.0,0.0,0.0,0.009907229,0.0,0.0,0.000578994,0.0094569,0.0,0.0,0.0,0.0,0.0,0.0,0.0,0.011888675,0.0,0.0,0.0,0.0,0.0,0.0,0.0,0.018913801,0.0,0.0,0.0,0.0,0.0,0.0,0.0,0.0,0.0,0.0,0.0,0.0,0.0,0.0,0.0,0.0,0.0,0.0,0.0,0.0,0.017562815,0.000307042,0.0,0.0,0.001350986,0.0,0.0,0.0,0.0,0.0,0.0,0.001182113,0.0,0.0,0.0,0.001350986,0.0,0.0,0.0,0.0,0.0,0.0,0.0,0.0,0.000300219,0.0,0.0,0.0,0.0,0.0,0.0,0.0,0.0,0.0,0.0,0.0,0.0,0.0,0.0,0.0,0.0,0.0,0.0,0.0,0.0,0.0,0.0,0.0,0.0,0.0,0.0,0.0,0.0,0.0,0.0,0.0,0.0,0.0,0.0,0.0,0.0,0.0,0.0,0.0,0.0,0.0,0.0,0.0,0.0,0.0,0.0,0.0,0.0,0.0,0.0,0.0,0.0,0.0,0.0,0.0,0.0,0.0,0.0,0.0,0.0,0.0,0.0,0.0,0.0,0.0
ERR1513902,0.0,0.0,0.0,0.0,0.0,0.0,0.0,0.0,0.0,0.0,0.0,0.0,0.0,0.0,0.0,0.0,0.0,0.0,0.0,0.017602518,0.0,0.0,0.0,0.0,0.0,0.0,0.0,0.0,0.0,0.0,0.0,0.0,0.0,0.0,0.0,0.0,0.0,0.0,0.155698463,0.0,0.0,0.0,0.0,0.0,0.0,0.0,0.0,0.534362154,0.0,0.0,0.0,0.0,0.0,0.0,0.0,0.0,0.0,0.0,0.0,0.0,0.0,0.0,0.0,0.0,0.0,0.0,0.0,0.0,0.0,0.090527235,0.0,0.0,0.0,0.0,0.0,0.0,0.0,0.0,0.0,0.0,0.0,0.0,0.0,0.0,0.0,0.0,0.0,0.0,0.0,0.0,0.0,0.0,0.0,0.0,0.0,0.0,0.0,0.0,0.0,0.0,0.0,0.0,0.0,0.0,0.0,0.0,0.0,0.0,0.0,0.0,0.0,0.0,0.0,0.0,0.0,0.0,0.0,0.0,0.0,0.0,0.0,0.0,0.0,0.0,0.0,0.0,0.0,0.0,0.007543936,0.0,0.0,0.020117163,0.0,0.0,0.0,0.0,0.0,0.003911671,0.0,0.0,0.012573227,0.0,0.0,0.0,0.0,0.0,0.0,0.0,0.0,0.0,0.040234327,0.0,0.0,0.0,0.0,0.0,0.0,0.0,0.0,0.0,0.0,0.0,0.0,0.0,0.0,0.0,0.0,0.0,0.012573227,0.0,0.0,0.0,0.0,0.0,0.0,0.0,0.0,0.0,0.0,0.0,0.0,0.0,0.009744251,0.0,0.002971854,0.0,0.0,0.001571653,0.0,0.0,0.0,0.0,0.0,0.0,0.0,0.0,0.0,0.0,0.061608813,0.0,0.0,0.0,0.0,0.0,0.0,0.0,0.0,0.0,0.0,0.0,0.0,0.0,0.0,0.0,0.0,0.0,0.0,0.0,0.0,0.0,0.0,0.0,0.0,0.0,0.0,0.0,0.0,0.003352861,0.0,0.0,0.0,0.0,0.0,0.0,0.0,0.0,0.0,0.0,0.0,0.0,0.0,0.0,0.0,0.0,0.0,0.0,0.0,0.0,0.0,0.0,0.0,0.0,0.0,0.0,0.0,0.0,0.0,0.0,0.0,0.0,0.0,0.0,0.0,0.0,0.0,0.0,0.0,0.0,0.0,0.0,0.0,0.0,0.0
ERR1513903,0.00031133,0.0,0.0,0.0,0.0,0.0,0.0,0.0,0.0,0.0,0.0,0.0,0.0,0.0,0.0,0.0,0.0,0.0,0.0,0.007160589,0.0,0.0,0.0,0.0,0.0,0.0,0.001141543,0.0,0.0,0.0,0.0,0.0,0.0,0.0,0.0,0.0,0.0,0.0,0.0,0.0,0.0,0.0,0.0,0.0,0.0,0.0,0.0,0.204076781,0.0,0.0,0.000124532,0.0,0.0,0.0,0.000985878,0.0,0.0,0.0,0.0,0.0,0.0,0.0,0.561950557,0.0,0.0,0.0,0.0,0.001494384,0.0,0.0,0.0,0.0,0.0,0.0,0.0,0.0,0.0,0.0,0.0,0.0,0.0,0.0,0.0,0.0,0.0,0.0,0.0,0.0,0.0,0.0,0.0,0.0,0.0,0.0,0.0,0.0,0.0,0.0,0.0,0.0,0.0,0.0,0.0,0.0,0.0,0.0,0.0,0.0,0.003735959,0.0,0.0,0.0,0.0,0.0,0.0,0.0,0.0,0.0,0.0,0.0,0.0,0.00093399,0.0,0.0,0.0,0.0,0.0,0.0,0.0,0.0,0.0,0.002698193,0.0,0.001037766,0.0,0.0,0.0,0.000449699,0.0,0.0,0.0,0.0,0.0,0.0,0.0,0.007738773,0.004047289,0.0,0.0,0.0,0.0,0.0,0.0,0.0,0.000435862,0.0,0.0,0.0,0.0,0.0,0.0,0.002023645,0.021793096,0.005603939,0.0,0.0,0.0,0.000466995,0.014632508,0.0,0.00093399,0.0,0.0,0.0,0.0,0.0,0.0,0.0,0.0,0.0,0.0,0.0,0.0,0.0,0.001938736,0.0,0.0,0.02144285,0.0,0.029783898,0.0,0.0,0.0,0.0,0.0,0.0,0.0,0.0,0.024283736,0.0,0.0,0.0,0.0,0.0,0.0,0.0,0.0,0.000103777,0.0,0.0,6.92e-05,0.0,0.000155665,0.0,0.0,0.0,0.0,0.0,0.0,0.0,0.0,0.0,0.000544827,0.0,0.0,0.0,0.0,0.00124532,0.0,0.0,0.0,0.0,0.0,0.0,0.0,0.0,0.0,0.0,0.0,0.0,0.0,0.0,0.0,0.0,0.0,0.0,0.0,0.0,0.0,0.0,0.0,0.0,0.0,0.0,0.0,0.0,0.0,0.0,0.0,0.0,0.0,0.0,0.0,0.0,0.0,0.0,0.038916244,0.0,0.0,0.0,0.0,0.0,0.0
ERR1513907,0.0,0.0,0.0,0.0,0.0,0.0,0.0,0.0,0.0,0.0,0.0,0.0,0.0,0.0,0.0,0.0,0.0,0.0,0.0,0.028004939,0.0,0.0,0.084258339,0.0,0.0,0.0,0.00194817,0.0,0.0,0.0,0.0,0.0,0.0,0.0,0.0,0.0,0.0,0.0,0.03551351,0.0,0.0,0.115429054,0.0,0.0,0.0,0.0,0.0,0.070134109,0.0,0.0,0.037210041,0.066724812,0.0,0.0,0.0,0.001753353,0.0,0.0,0.0,0.083771296,0.0,0.0,0.088154678,0.0,0.0,0.0,0.001217606,0.003117071,0.0,0.0,0.0,0.0,0.0,0.0,0.0,0.0,0.0,0.0,0.0,0.0,0.0,0.0,0.0,0.0,0.0,0.0,0.0,0.0,0.0,0.0,0.000487042,0.0,0.0,0.0,0.0,0.0,0.0,0.0,0.0,0.0,0.0,0.0,0.0,0.0,0.0,0.0,0.0,0.0,0.000974085,0.0,0.0,0.0,0.0,0.0,0.0,0.0,0.0,0.0,0.0,0.0,0.0,0.0,0.0,0.0,0.0,0.0,0.0,0.0,0.00194817,0.0,0.0,0.004708077,0.0,0.0,0.0,0.0,0.0,0.003733992,0.0,0.01412423,0.0,0.0,0.0,0.011445497,0.0,0.0,0.0,0.0,0.0,0.0,0.0,0.0,0.0,0.0,0.0,0.0,0.0,0.0,0.0,0.0,0.0,0.0,0.0,0.037015224,0.0,0.0,0.007670918,0.000974085,0.009253806,0.0,0.0,0.0,0.0,0.0,0.0,0.0,0.008523242,0.0,0.0,0.0,0.0,0.0,0.047547516,0.011689018,0.007150668,0.0,0.0,0.0,0.0,0.0,0.0,0.0,0.0,0.0,0.000121761,0.0,0.0,0.0,0.088154678,0.0,0.0,0.0,0.0,0.0,0.0,0.0,0.0,0.0,0.0,0.0,0.000162347,0.0,0.0,0.0,0.0,0.0,0.0,0.0,0.0,0.000974085,0.0,0.0,0.0,0.0,0.0,0.030521325,0.0,0.000974085,0.0,0.0,0.0,0.0,0.0,0.0,0.0,0.0,0.0,0.0,0.0,0.0,0.0,0.0,0.0,0.0,0.0,0.0,0.0,0.0,0.0,0.0,0.0,0.0,0.0,0.0,0.0,0.0,0.0,0.0,0.0,0.0,0.0,0.0,0.0,0.0,0.0,0.0,0.0,0.0,0.0,0.0,0.0,0.0,0.0
ERR1513909,0.0,0.0,0.0,0.0,0.0,0.0,0.0,0.0,0.0,0.0,0.0,0.0,0.0,0.0,0.0,0.0,0.0,0.0,0.0,0.000674269,0.0,0.0,0.0,0.0,0.0,0.0,0.0,0.0,0.0,0.0,0.0,0.0,0.0,0.0,0.0,0.0,0.0,0.0,0.013283103,0.0,0.0,0.0,0.0,0.0,0.0,0.0,0.0,0.0,0.0,0.0,0.020713549,0.0,0.0,0.0,0.0,0.0,0.0,0.0,0.0,0.005933569,0.0,0.0,0.098173592,0.0,0.0,0.0,0.0,0.001132772,0.0,0.0,0.0,0.0,0.0,0.0,0.0,0.0,0.0,0.0,0.0,0.0,0.0,0.0,0.0,0.0,0.0,0.0,0.0,0.0,0.0,0.0,0.0,0.0,0.0,0.0,0.0,0.0,0.0,0.0,0.0,0.0,0.0,0.0,0.0,0.0,0.0,0.0,0.0,0.0,0.0,0.0,0.0,0.0,0.0,0.0,0.0,0.0,0.0,0.0,0.0,0.0,0.0,0.0,0.0,0.0,0.0,0.0,0.0,0.0,0.0,0.0,0.0,0.013125773,0.0,0.0,0.0,0.0,0.0,0.0,0.0,0.0,0.003775907,0.0,0.0,0.0,0.0,0.000847653,0.0,0.0,0.000970948,0.0,0.0,0.0,0.0,0.0,0.003236492,0.0,0.0,0.0,0.0,0.0,0.0,0.00087655,0.220081459,0.016991583,0.0,0.0,0.000404562,0.000134854,0.001348538,0.0,0.000741696,0.0,0.0,0.0,0.0,0.0,0.0,0.0,0.0,0.0,0.0,0.0,0.006978686,0.007192205,0.000576194,0.0,0.0,0.003000498,0.0,0.0,0.0,0.0,0.0,0.0,0.0,0.0,0.0,0.0,0.0,0.0,0.0,0.0,0.0,0.0,0.0,0.0,0.0,0.0,0.0,0.0,0.0,0.0,0.0,0.0,0.0,0.0,0.0,0.0,0.0,0.0,0.0,0.0,0.0,0.0,0.0,0.0,0.0,0.0,0.0,0.0,0.0,0.0,0.0,0.0,0.0,0.0,0.0,0.0,0.0,0.0,0.0,0.0,0.0,0.0,0.0,0.0,0.0,0.0,0.0,0.0,0.0,0.0,0.0,0.0,0.0,0.0,0.0,0.0,0.0,0.003236492,0.0,0.0,0.0,0.0,0.0,0.0,0.009619574,0.0,0.0,0.0,0.0,0.023464567,0.0
ERR1513910,0.0,0.0,0.0,0.0,0.0,0.0,0.00062373,0.0,0.0,0.0,0.0,0.0,0.0,0.0,0.0,0.0,0.0,0.0,0.0,0.008019381,0.0,0.0,0.0,0.0,0.0,0.0,0.0,0.0,0.0,0.0,0.0,0.0,0.0,0.0,0.0,0.0,0.0,0.0,0.035418932,0.0,0.0,0.0,0.0,0.053195226,0.0,0.0,0.0,0.026196644,0.0,0.0,0.012082534,0.013543843,0.0,0.0,0.000712834,0.0,0.0,0.0,0.0,0.037423777,0.0,0.0,0.0,0.0,0.0,0.0,0.0,0.000534625,0.0,0.0,0.0,0.0,0.0,0.0,0.0,0.0,0.0,0.0,0.0,0.0,0.0,0.0,0.0,0.0,0.0,0.0,0.0,0.0,0.0,0.0,0.0,0.0,0.0,0.0,0.0,0.0,0.0,0.0,0.0,0.0,0.0,0.0,0.0,0.0,0.0,0.0,0.0,0.0,0.005880879,0.0,0.0,0.0,0.0,0.0,0.0,0.0,0.0,0.000400969,0.0,0.0,0.0,0.0,0.0,0.0,0.0,0.0,0.0,0.0,0.0,0.0,0.0,0.005435358,0.0,0.0,0.0,0.0,0.0,0.002019696,0.0,0.0,0.0,0.0,0.006771922,0.002138502,0.0,0.00664463,0.006415505,0.0,0.002352352,0.0,0.0,0.0,0.0,0.0,0.002352352,0.0,0.0,0.0,0.0,0.0,0.0,0.002806783,0.014969511,0.082866935,0.0,0.0,0.0,0.0,0.381187901,0.0,0.0,0.0,0.0,0.0,0.0,0.0,0.002405814,0.0,0.0,0.0,0.0,0.0,0.0,0.020493973,0.004787327,0.0,0.0,0.003408237,0.0,0.012474592,0.0,0.0,0.0,0.0,0.0,0.0,0.0,0.0,0.034216025,0.0,0.0,0.0,0.0,0.0,0.0,0.0,0.0,0.000178208,0.0,0.0,0.0,0.0,0.0,0.0,0.0,0.0,0.0,0.0,0.0,0.0,0.000356417,0.0,0.0,0.0,0.0,0.0,0.0,0.0,0.0,0.0,0.0,0.0,0.0,0.0,0.0,0.0,0.0,0.0,0.0,0.0,0.0,0.0,0.0,0.0,0.0,0.0,0.0,0.0,0.0,0.0,0.0,0.0,0.0,0.0,0.0,0.0,0.0,0.0,0.0,0.0,0.0,0.0,0.0,0.0,0.0,0.0,0.0,0.0,0.0,0.0,0.0,0.168139684,0.0
ERR1513912,0.0,0.0,0.0,0.0,0.0,0.0,0.0,0.0,0.0,0.0,0.0,0.0,0.0,0.0,0.0,0.0,0.0,0.0,0.0,0.047316624,0.0,0.0,0.0,0.0,0.0,0.0,0.000125425,0.0,0.0,0.0,0.0,0.0,0.0,0.0,0.0,0.0,0.0,0.0,0.013044212,0.0,0.0,0.062085431,0.0,0.0,0.007337369,0.0,0.0,0.089835737,0.0,0.0,0.005117345,0.017935791,0.0,0.0,0.0,0.0,0.0,0.0,0.0,0.01617984,0.0,0.0,0.055876888,0.0,0.0,0.0,0.0,0.00030102,0.0,0.0,0.0,0.0,0.0,0.0,0.0,0.0,0.0,0.0,0.0,0.0,0.0,0.0,0.0,0.0,0.0,0.0,0.0,0.0,0.0,0.0,0.0,0.0,0.0,0.0,0.0,0.0,0.0,0.0,0.0,0.0,0.0,0.0,0.0,0.0,0.0,0.000376275,0.0,0.0,0.002727996,0.0,0.0,0.0,0.0,0.0,0.0,0.0,0.0,0.000141103,0.0,0.0,0.0,0.0,0.0,0.0,0.0,0.0,0.000282207,0.0,0.0,0.00084662,0.0,0.001724595,0.0,0.0,0.0,0.0,0.0,0.000606221,0.0,0.0,0.001693239,0.0,0.000438988,0.001316964,0.0,0.000537536,0.0,0.0,0.0,0.0,0.003762753,0.0,0.0,0.0,0.000677296,0.0,0.0,0.0,0.0,0.0,0.0,0.020507006,0.347490276,0.140162564,0.0,0.0,0.0,0.001160182,0.015803564,0.0,0.00042331,0.0,0.0,0.0,0.0,0.0,0.0,0.0,0.0,0.0,0.000125425,0.0,0.015968185,0.004703442,0.001830066,0.0,0.0,0.0224119,0.0,0.015740852,0.0,0.0,0.0,0.0,0.0,0.0,0.0,0.0,0.0,0.0,0.0,0.0,0.0,0.0,0.0,0.0,0.0,0.0,0.0,0.0,0.0,0.0,0.0,0.0,0.0,0.0,0.0,0.0,0.0,0.0,0.000376275,0.0,0.00042331,0.0,0.0,0.0,0.0,0.0,0.0,0.0,0.0,0.0,0.0,0.0,0.0,0.0,0.0,0.0,0.0,0.0,0.0,0.0,0.0,0.0,0.0,0.0,0.0,0.0,0.0,0.0,0.0,0.0,0.0,0.0,0.0,0.0,0.0,0.0,0.0,0.0,0.0,0.0,0.0,0.0,0.0,0.0,0.0,0.0,0.0,0.0,0.0,0.0,0.0
ERR1513913,0.0,0.0,0.000688582,0.0,0.0,0.0,0.0,0.0,0.0,0.0,0.0,0.0,0.0,0.0,0.0,0.0,0.0,0.000516436,0.0,0.009941396,0.0,0.0,0.0,0.0,0.0,0.0,5.74e-05,0.0,0.0,0.0,0.0,0.0,0.0,0.0,0.0,0.0,0.0,0.0,0.00447578,0.0,0.0,0.009209779,0.0,0.0,0.004647926,0.0,0.0,0.075270573,0.0,0.0,0.017438328,0.009955742,0.0,0.0,0.00129109,0.0,0.0,0.0,0.0,0.033654424,0.0,0.0,0.0,0.0,0.0,0.0,0.000645545,0.0009468,0.0,0.0,0.0,0.0,0.0,0.0,0.0,0.0,0.0,0.0,0.0,0.0,0.0,0.0,0.0,0.0,0.0,0.0,0.0,0.0,0.0,0.0,0.0,0.0,0.0,0.0,0.0,0.0,0.0,0.0,0.0,0.0,0.0,0.0,0.0,0.0,0.0,0.0,0.0,0.0,0.000301254,0.0,0.0,0.0,0.0,0.0,0.0,0.0,0.0,0.000150627,0.0,0.0,0.0,0.0,0.0,0.0,0.0,0.0,0.0,0.0,0.0,0.0,0.0,0.002991026,0.0,0.0,0.0,0.569629107,0.0,0.000114764,0.0,0.0,0.00895156,0.0,0.0,0.0,0.0,0.000368883,0.002840399,0.0,0.000499222,0.0,0.004131489,0.0,0.0,0.0,0.005543082,0.0,0.0,0.000516436,0.0,0.0,0.0,0.021927019,0.089773823,0.025477518,0.0,0.0,0.001377163,0.000301254,0.003012544,0.0,0.0,0.0,0.0,0.0,0.0,0.0,0.0,0.0,0.0,0.0,0.000186491,0.0,0.019430911,0.004447089,0.00120893,0.0,0.0,0.0,0.0,0.012337087,0.00176449,0.0,0.0,0.0,0.0,0.0,0.0,0.0,0.0,0.0,0.0,0.0,0.0,0.0,0.0,0.0,0.000172145,0.0,0.0,0.0,5.74e-05,0.0,0.0,0.0,0.0,0.0,0.0,0.0,0.0,0.000774654,0.0,0.000258218,0.0,0.0,0.0,0.0,0.0,0.0,0.0,0.0,0.0,0.007402252,0.000774654,0.0,0.0,0.0,0.0,0.0,0.0,0.0,0.0,0.0,0.0,0.0,0.0,0.0,0.0,0.0,0.0,0.0,0.0,8.61e-05,0.000602509,0.0,0.0,0.0,0.0,0.0,0.0,0.0,0.0,0.0,0.0,0.0,0.0,0.0,0.0,0.0,0.0,0.0,0.000516436,0.001893599,0.0
ERR1513916,0.0,0.000505484,0.0,0.0,0.0,0.0,0.0,0.0,0.0,0.0,0.0,0.0,0.0,0.0,0.0,0.0,0.0,0.0,0.0,0.005223332,0.0,0.0,0.0,0.0,0.0,0.0,0.0,0.0,0.0,0.0,0.0,0.0,0.001516451,0.0,0.0,0.0,0.0,0.0,0.008059658,0.0,0.0,0.007413762,0.0,0.0,0.0,0.0,0.0,0.010699406,0.0,0.0,0.046807795,0.151532795,0.01005351,0.0,0.000477401,0.15737394,0.0,0.0,0.0,0.0,0.0,0.0,0.009098707,0.0,0.292001112,0.0,0.0,0.005762515,0.0,0.0,0.087280194,0.0,0.0,0.0,0.0,0.005560321,0.0,0.0,0.0,0.0,0.0,0.0,0.0,0.0,0.0,0.0,0.0,0.0,0.0,0.0,0.0,0.0,0.0,0.0,0.0,0.0,0.0,0.0,0.0,0.0,0.0,0.0,0.0,0.0,0.0,0.0,0.0,0.0,0.009435697,0.0,0.0,0.0,0.0,0.0,0.0,0.0,0.0,0.0,0.0,0.0,0.0,0.000505484,0.0,0.0,0.0,0.0,0.001432204,0.0,0.0,0.0,0.0,0.004254488,0.0,0.0,0.0,0.0,0.0,0.001684946,0.0,0.0,0.035720852,0.0,0.0,0.0,0.0,0.003490245,0.0,0.0,0.0,0.0,0.013311072,0.0,0.0,0.0,0.003302494,0.0,0.0,0.0,0.0,0.0,0.0,0.000716102,0.008593224,0.001010967,0.0,0.0,0.002064059,0.0,0.0,0.0,0.0,0.0,0.0,0.0,0.0,0.0,0.000673978,0.0,0.0,0.0,0.000617813,0.0,0.005918372,0.001684946,0.000490166,0.0,0.0,0.000315927,0.0,0.019489207,0.0,0.0,0.0,0.0,0.0,0.0,0.0,0.0,0.0,0.0,0.0,0.0,0.0,0.000336989,0.0,0.0,0.000336989,0.0,0.0,0.0,0.0,0.0,0.0,0.0,0.0,0.0,0.0,0.0,0.0,0.0,0.0,0.0,0.0,0.0,0.0,0.0,0.020893328,0.0,0.001347957,0.0,0.0,0.0,0.0,0.0,0.0,0.0,0.0,0.0,0.0,0.0,0.0,0.0,0.0,0.0,0.0,0.0,0.0,0.0,0.0,0.0,0.0,0.0,0.0,0.0,0.0,0.0,0.0,0.0,0.0,0.0,0.0,0.0,0.0,0.0,0.0,0.0,0.0,0.0,0.0,0.006739783,0.0,0.010952148,0.0
ERR1513919,0.0,0.0,0.0,0.0,0.0,0.0,0.008299926,0.0,0.0,0.0,0.0,0.0,0.0,0.0,0.0,0.0,0.0,0.0,0.0,0.197307102,0.0,0.0,0.0,0.0,0.0,0.0,0.0,0.0,0.0,0.0,0.0,0.0,0.0,0.0,0.0,0.0,0.0,0.0,0.011819515,0.0,0.0,0.0,0.0,0.0,0.006934115,0.0,0.0,0.283668357,0.0,0.0,0.006808041,0.070391777,0.0,0.0,0.00178606,0.0,0.0,0.0,0.0,0.047908434,0.0,0.0,0.247737032,0.0,0.0,0.0,0.0,0.0,0.0,0.0,0.0,0.0,0.0,0.0,0.0,0.0,0.0,0.0,0.0,0.0,0.0,0.0,0.0,0.0,0.0,0.0,0.0,0.0,0.0,0.0,0.0,0.0,0.0,0.0,0.0,0.0,0.0,0.0,0.0,0.0,0.005042993,0.0,0.0,0.0,0.0,0.0,0.0,0.0,0.000945561,0.0,0.0,0.0,0.0,0.0,0.0,0.0,0.0,0.000630374,0.0,0.0,0.0,0.0,0.0,0.0,0.0,0.0,0.0,0.0,0.0,0.0,0.0,0.001838591,0.0,0.0,0.0,0.0,0.0,0.0,0.0,0.0,0.0,0.0,0.0,0.0,0.0,0.0,0.0,0.0,0.0,0.0,0.017020101,0.0,0.0,0.0,0.00025215,0.0,0.0,0.0,0.0,0.0,0.0,0.0,0.0,0.0,0.0,0.0,0.0,0.0,0.062407039,0.0,0.0,0.0,0.0,0.0,0.0,0.0,0.0,0.0,0.0,0.0,0.0,0.0,0.0,0.006934115,0.000659027,0.0,0.0,0.000472781,0.0,0.0,0.0,0.0,0.0,0.0,0.0,0.0,0.0,0.0,0.014183418,0.0,0.0,0.0,0.0,0.0,0.0,0.0,0.0,0.0,0.0,0.0,0.0,0.0,0.0,0.0,0.0,0.0,0.0,0.0,0.0,0.0,0.0,0.0,0.0,0.0,0.0,0.0,0.0,0.0,0.0,0.0,0.0,0.0,0.0,0.0,0.0,0.0,0.0,0.0,0.0,0.0,0.0,0.0,0.0,0.0,0.0,0.0,0.0,0.0,0.0,0.0,0.0,0.0,0.0,0.0,0.0,0.0,0.0,0.0,0.0,0.0,0.0,0.0,0.0,0.0,0.0,0.0,0.0,0.0,0.0,0.004412619,0.0,0.0,0.0
ERR1513920,0.0,0.0,0.0,0.0,0.0,0.0,0.0,0.0,0.0,0.0,0.0,0.0,0.0,0.0,0.0,0.0,0.0,0.0,0.0,0.107259188,0.0,0.0,0.0,0.0,0.0,0.0,0.0,0.0,0.0,0.0,0.0,0.0,0.0,0.0,0.0,0.0,0.0,0.0,0.045103864,0.0,0.0,0.038503298,0.0,0.0,0.0,0.0,0.0,0.102308764,0.0,0.0,0.004180358,0.027135658,0.004767075,0.0,0.0,0.0,0.0,0.0,0.0,0.0,0.0,0.0,0.018701602,0.0,0.0,0.0,0.001787653,0.0,0.0,0.003300283,0.0,0.0,0.0,0.0,0.0,0.0,0.0,0.0,0.0,0.0,0.0,0.0,0.0,0.0,0.0,0.0,0.0,0.0,0.0,0.0,0.0,0.0,0.0,0.0,0.0,0.0,0.0,0.0,0.0,0.0,0.0,0.0,0.0,0.0,0.0,0.0,0.0,0.0,0.0,0.0,0.0,0.0,0.0,0.0,0.0,0.0,0.0,0.0,0.0,0.0,0.0,0.0,0.0,0.0,0.0,0.0,0.0,0.0,0.0,0.0,0.0,0.000366698,0.0,0.0,0.0,0.0,0.0,0.002322421,0.002200188,0.0,0.0,0.0,0.0,0.0,0.0,0.001414407,0.005500471,0.0,0.001100094,0.0,0.0,0.0,0.0,0.0,0.0,0.0,0.0,0.0,0.0,0.0,0.0,0.0,0.019801696,0.0,0.0,0.0,0.0,0.0,0.009900848,0.0,0.0,0.0,0.0,0.0,0.0,0.0,0.0,0.0,0.0,0.0,0.0,0.0,0.002750236,0.0,0.000600051,0.0,0.0,0.0,0.0,0.0,0.0,0.0,0.0,0.0,0.0,0.0,0.0,0.0,0.00385033,0.0,0.0,0.0,0.0,0.0,0.0,0.0,0.0,0.0,0.0,0.0,0.0,0.0,0.0,0.0,0.0,0.0,0.0,0.0,0.0,0.0,0.0,0.017601508,0.0,0.0,0.0,0.0,0.0,0.005500471,0.0,0.0,0.0,0.0,0.0,0.0,0.0,0.0,0.0,0.0,0.0,0.0,0.0,0.0,0.0,0.0,0.0,0.0,0.0,0.0,0.0,0.0,0.0,0.0,0.0,0.0,0.0,0.0,0.0,0.0,0.0,0.0,0.0,0.0,0.0,0.0,0.0,0.0,0.0,0.0,0.0,0.014301225,0.0,0.394383785,0.0
ERR1513923,0.0,0.0,0.0,0.0,0.0,0.0,0.0,0.0,0.0,0.0,0.0,0.0,0.0,0.0,0.0,0.0,0.0,0.0,0.0,0.0,0.0,0.0,0.0,0.0,0.0,0.0,0.0,0.0,0.0,0.0,0.0,0.0,0.0,0.0,0.0,0.0,0.0,0.0,0.001526532,0.0,0.0,0.0,0.0,0.0,0.0,0.0,0.0,0.0,0.0,0.0,0.0,0.0,0.0,0.0,0.0,0.0,0.0,0.0,0.0,0.009991843,0.0,0.0,0.0,0.0,0.0,0.0,0.0,0.0,0.0,0.0,0.0,0.0,0.0,0.0,0.0,0.0,0.0,0.0,0.0,0.0,0.0,0.0,0.0,0.0,0.0,0.0,0.0,0.0,0.0,0.0,0.0,0.0,0.0,0.0,0.0,0.0,0.0,0.0,0.0,0.0,0.0,0.0,0.0,0.0,0.0,0.0,0.0,0.0,0.0,0.0,0.0,0.0,0.0,0.0,0.0,0.0,0.0,0.0,0.0,0.0,0.0,0.0,0.0,0.0,0.0,0.0,0.0,0.0,0.0,0.0,0.0,0.001942858,0.0,0.0,0.0,0.0,0.0,0.045888463,0.0,0.0,0.0,0.0,0.026089812,0.0,0.0,0.002854812,0.0,0.0,0.0,0.0,0.0,0.01165715,0.0,0.0,0.014321641,0.0,0.0,0.0,0.0,0.0,0.0,0.0,0.01165715,0.0,0.0,0.0,0.0,0.012489803,0.239804225,0.0,0.0,0.0,0.0,0.0,0.0,0.0,0.001665307,0.0,0.0,0.0,0.0,0.0,0.0,0.0,0.006055662,0.0,0.0,0.007285719,0.0,0.148212334,0.0,0.0,0.0,0.0,0.0,0.0,0.0,0.0,0.001665307,0.0,0.0,0.0,0.0,0.0,0.0,0.0,0.001665307,0.0,0.0,0.0,0.0,0.0,0.0,0.0,0.0,0.0,0.0,0.0,0.0,0.0,0.0,0.0,0.0,0.0,0.0,0.0,0.0,0.007216331,0.0,0.0,0.0,0.0,0.0,0.0,0.0,0.0,0.0,0.0,0.0,0.0,0.0,0.0,0.0,0.0,0.0,0.0,0.0,0.0,0.0,0.0,0.0,0.0,0.0,0.0,0.0,0.0,0.0,0.0,0.0,0.0,0.0,0.0,0.0,0.0,0.0,0.0,0.0,0.0,0.0,0.0,0.0,0.42798393,0.0
ERR1513928,0.0,0.0,0.0,0.0,0.0,0.0,0.000975288,0.0,0.0,0.0,0.0,0.0,0.0,0.0,0.0,0.0,0.0,0.0,0.0,0.018926686,0.0,0.0,0.0,0.0,0.0,0.0,0.0,0.0,0.0,0.0,0.0,0.0,0.0,0.0,0.0,0.0,0.0,0.0,0.037777178,0.0,0.0,0.187438197,0.0,0.08256424,0.0,0.0,0.0,0.013257824,0.0,0.0,0.009984513,0.014385501,0.012191102,0.0,0.0,0.0,0.0,0.0,0.0,0.016640855,0.0,0.0,0.216331109,0.0,0.0,0.0,0.004571663,0.003767051,0.0,0.0,0.0,0.0,0.0,0.0,0.0,0.0,0.0,0.0,0.0,0.0,0.0,0.0,0.0,0.0,0.0,0.0,0.0,0.0,0.0,0.0,0.000365733,0.0,0.0,0.0,0.0,0.0,0.0,0.0,0.0,0.0,0.0,0.0,0.0,0.0,0.0,0.0,0.0,0.0,0.003017298,0.0,0.0,0.0,0.0,0.0,0.0,0.0,0.0,0.0,0.0,0.0,0.0,0.0,0.0,0.0,0.0,0.0,0.000594316,0.0,0.0,0.0,0.0,0.002377265,0.0,0.0,0.0,0.0,0.0,0.000386052,0.0,0.0,0.006766062,0.0,0.0,0.0,0.0,0.002742998,0.0,0.0,0.00032916,0.0,0.0,0.0,0.0,0.0,0.017299174,0.0,0.0,0.0,0.0,0.0,0.0,0.004114497,0.005485996,0.012069191,0.0,0.0,0.0,0.000213344,0.012069191,0.0,0.000320016,0.0,0.0,0.0,0.0,0.0,0.003474464,0.0,0.0,0.0,0.002834431,0.0,0.019978169,0.001523888,0.001155384,0.0,0.0,0.001165774,0.0,0.043644146,0.0,0.0,0.0,0.0,0.0,0.0,0.0,0.0,0.014629323,0.0,0.0,0.0,0.0,0.0,0.0,0.0,0.0,8.13e-05,0.0,0.0,4.06e-05,0.0,0.0,0.0,0.0,0.0,0.0,0.0,0.0,0.001280066,0.0,0.0,0.000457166,0.0,0.0,0.0,0.0,0.000365733,0.0,0.0,0.0,0.0,0.0,0.0,0.0,0.0,0.0,0.0,0.0,0.0,0.0,0.0,0.0,0.0,0.0,0.0,0.0,0.0,0.0,0.0,0.0,0.0,0.0,0.0,0.0,0.0,0.0,0.0,0.0,0.0,0.0,0.137515633,0.0,0.0,0.0,0.0,0.0,0.0,0.0,0.0,0.0,0.063363254,0.0
ERR1513929,0.0,0.0,0.0,0.0,0.0,0.0,0.0,0.0,0.0,0.0,0.0,0.0,0.0,0.0,0.0,0.0,0.0,0.0,0.0,0.0,0.0,0.0,0.0,0.0,0.0,0.0,0.0,0.0,0.0,0.0,0.0,0.0,0.0,0.0,0.0,0.0,0.0,0.0,0.010782596,0.0,0.0,0.0,0.0,0.015115789,0.0,0.0,0.0,0.03083621,0.0,0.0,0.013301895,0.031037754,0.0,0.0,0.0,0.0,0.0,0.0,0.0,0.072555789,0.0,0.0,0.160831998,0.0,0.0,0.0,0.0,0.016687831,0.0,0.0,0.0,0.0,0.0,0.0,0.0,0.002418526,0.0,0.0,0.0,0.0,0.0,0.0,0.0,0.0,0.0,0.0,0.0,0.0,0.0,0.0,0.0,0.0,0.0,0.0,0.0,0.0,0.0,0.0,0.0,0.0,0.0,0.0,0.0,0.0,0.0,0.0,0.0,0.0,0.0,0.0,0.0,0.0,0.0,0.0,0.0,0.0,0.0,0.0,0.0,0.0,0.0,0.0,0.0,0.0,0.0,0.0,0.0,0.0,0.0,0.0,0.0,0.014309614,0.0,0.0,0.0,0.0,0.0,0.0,0.0,0.0,0.012092631,0.0,0.0,0.0,0.0,0.008637594,0.006046316,0.0,0.002176674,0.0,0.007255579,0.0,0.0,0.0,0.0,0.0,0.0,0.0,0.0,0.0,0.0,0.0,0.255154524,0.010883368,0.0,0.0,0.005744,0.001007719,0.022976,0.0,0.0,0.0,0.0,0.0,0.0,0.0,0.0,0.0,0.0,0.0,0.0,0.0,0.021464421,0.0,0.003023158,0.0,0.0,0.000604632,0.0,0.024185263,0.0,0.0,0.0,0.0,0.0,0.0,0.0,0.0,0.013906526,0.0,0.0,0.0,0.0,0.0,0.0,0.0,0.0,0.0,0.0,0.0,0.0,0.0,0.0,0.0,0.0,0.0,0.0,0.0,0.0,0.0,0.0,0.0,0.0,0.0,0.0,0.0,0.0,0.0,0.0,0.0,0.0,0.0,0.0,0.0,0.0,0.0,0.0,0.0,0.0,0.0,0.0,0.0,0.0,0.0,0.0,0.0,0.0,0.0,0.0,0.0,0.0,0.0,0.0,0.0,0.0,0.0,0.0,0.0,0.0,0.0,0.0,0.0,0.0,0.0,0.0,0.0,0.0,0.0,0.0,0.0,0.0,0.021766737,0.0
ERR1513934,0.0,0.0,0.0,0.0,0.0,0.0,0.0,0.0,0.0,0.0,0.0,0.0,0.0,0.0,0.0,0.0,0.0,0.0,0.0,0.0,0.0,0.0,0.0,0.0,0.0,0.0,0.0,0.0,0.0,0.0,0.0,0.0,0.0,0.0,0.0,0.0,0.0,0.0,0.048420988,0.0,0.0,0.316640617,0.0,0.018886517,0.025648356,0.0,0.0,0.096764253,0.0,0.0,0.0,0.037928478,0.0,0.0,0.0,0.0,0.0,0.0,0.0,0.065753059,0.0,0.0,0.098862755,0.0,0.0,0.0,0.002856294,0.005316205,0.0,0.000466334,0.0,0.0,0.0,0.0,0.0,0.0,0.0,0.0,0.0,0.0,0.0,0.0,0.0,0.0,0.0,0.0,0.0,0.0,0.0,0.0,0.0,0.0,0.0,0.0,0.0,0.0,0.0,0.0,0.0,0.0,0.0,0.0,0.0,0.0,0.0,0.0,0.0,0.0,0.0,0.0,0.0,0.0,0.0,0.0,0.0,0.0,0.0,0.000816084,0.0,0.0,0.0,0.0,0.0,0.0,0.0,0.0,0.0,0.0,0.000932668,0.0,0.0,0.000932668,0.0,0.0,0.0,0.0,0.0,0.000932668,0.0,0.0,0.01865335,0.0,0.011502899,0.0,0.0,0.000999287,0.042902705,0.0,0.002145135,0.0,0.0,0.0,0.0,0.0,0.0,0.0,0.0,0.0,0.0,0.0,0.0,0.0,0.0,0.0,0.0,0.0,0.0,0.007383618,0.139433791,0.0,0.0,0.0,0.0,0.0,0.0,0.0,0.000932668,0.0,0.0,0.0,0.001321279,0.0,0.008102549,0.000777223,0.000932668,0.0,0.0,0.000874376,0.0,0.004197004,0.0,0.0,0.0,0.0,0.0,0.0,0.0,0.0,0.0,0.0,0.0,0.0,0.0,0.0,0.0,0.0,0.0,0.0,0.0,0.0,0.0,0.0,0.0,0.0,0.0,0.0,0.0,0.0,0.0,0.0,0.0,0.0,0.0,0.0,0.0,0.0,0.0,0.025492912,0.0,0.0,0.0,0.0,0.0,0.0,0.0,0.0,0.0,0.0,0.0,0.0,0.0,0.0,0.0,0.0,0.0,0.0,0.0,0.0,0.0,0.0,0.0,0.0,0.0,0.0,0.0,0.0,0.0,0.0,0.0,0.0,0.0,0.0,0.0,0.0,0.0,0.0,0.0,0.0,0.0,0.0,0.0,0.0,0.0
ERR1513938,0.0,0.0,0.0,0.0,0.0,0.0,0.0,0.0,0.0,0.0,0.0,0.0,0.0,0.0,0.0,0.0,0.0,0.001071022,0.0,0.024633497,0.0,0.0,0.0,0.0,0.0,0.0,0.0,0.0,0.0,0.0,0.0,0.0,0.0,0.0,0.0,0.0,0.0,0.0,0.000595012,0.0,0.0,0.230983664,0.0,0.0,0.117098364,0.0,0.0,0.028917584,0.0,0.0,0.003784276,0.004879099,0.0,0.0,0.0,0.0,0.0,0.0,0.0,0.0,0.0,0.0,0.0,0.0,0.003570072,0.0,0.003123813,0.001142423,0.0,0.0,0.0,0.0,0.0,0.0,0.0,0.0,0.0,0.0,0.0,0.0,0.0,0.0,0.0,0.0,0.0,0.0,0.0,0.0,0.0,0.0,0.0,0.0,0.0,0.0,0.0,0.0,0.0,0.0,0.0,0.0,0.0,0.0,0.0,0.0,0.0,0.0,0.0,0.0,0.0,0.0,0.0,0.0,0.0,0.0,0.0,0.0,0.0,0.0,0.0,0.0,0.0,0.0,0.0,0.0,0.0,0.0,0.0,0.0,0.0,0.001428029,0.0,8.93e-05,0.0,0.0,0.0,0.0,0.0,0.0,0.0,0.0,0.0,0.0,0.0,0.0,0.0,0.0,0.0,0.0,0.0,0.0,0.0,0.0,0.0,0.0,0.0,0.0,0.0,0.0,0.0,0.0,0.0,0.0,0.0,0.043554879,0.0,0.0,0.0,0.0,0.00642613,0.0,0.0,0.0,0.0,0.0,0.0,0.0,0.0,0.0,0.0,0.0,0.0,0.0,0.0,0.0,0.0,0.0,0.0,0.00022313,0.0,0.001547031,0.0,0.0,0.0,0.0,0.000401633,0.0,0.0,0.0,0.0,0.0,0.0,0.0,0.0,0.0,0.0,0.0,0.0,0.0,0.0,0.0,0.0,0.0,0.0,0.0,0.0,0.0,0.0,0.0,0.0,0.0,0.0,0.0,0.0,0.0,0.0,0.000595012,0.0,0.0,0.0,0.0,0.0,0.0,0.0,0.0,0.0,0.0,0.0,0.0,0.0,0.0,0.0,0.0,0.0,0.000714014,0.0,0.0,0.001428029,0.0,0.0,0.0,0.0,0.0,0.0,0.0,0.0,0.0,0.0,0.0,0.0,0.0,0.0,0.0,0.0,0.0,0.0,0.0,0.0,0.0,0.0,0.0,0.0,0.503737171,0.0
ERR1513942,0.0,0.0,0.0,0.0,0.0,0.0,0.0,0.0,0.0,0.0,0.0,0.0,0.0,0.0,0.0,0.0,0.0,0.0,0.0,0.003899446,0.0,0.0,0.0,0.0,0.0,0.0,0.0,0.0,0.0,0.0,0.0,0.0,0.0,0.0,0.0,0.0,0.000467934,0.0,0.000376946,0.0,0.0,0.003899446,0.003587491,0.0,0.0,0.0,0.0,0.0,0.0,0.0,0.000343151,0.001143838,0.0,0.0,0.0,0.000155978,0.0,0.0,0.0,0.0,0.0,0.0,0.005771181,0.0,0.0,0.0,7.8e-05,0.000405542,0.0,0.0,0.0,0.0,0.0,0.0,0.000311956,0.0,0.0,0.0,0.0,0.0,0.0,0.0,0.0,0.0,0.0,0.0,0.0,0.0,0.0,0.0,0.0,0.0,0.0,0.0,0.0,0.0,0.0,0.0,0.0,0.0,0.0,0.0,0.0,0.0,0.0,0.0,0.0,0.0,0.0,0.0,0.0,0.0,0.0,0.0,0.0,0.0,0.0,0.00035095,0.0,0.0,0.0,0.0,0.0,0.0,0.0,0.0,0.0,0.0,0.0,0.0,0.0,0.000428939,0.0,0.0,0.0,0.0,0.0,0.0,0.0,0.0,0.0,0.0,0.0,0.0,0.0,0.000668477,0.001403801,0.006707048,0.0,0.0,0.0,0.0,0.0,0.0,0.00084228,0.0,0.0,0.0,0.0,0.0,0.0,0.0,0.009670627,0.0,0.0,0.0,0.0,0.0,0.0,0.0,0.0,0.0,0.0,0.0,0.0,0.0,0.0,0.0,0.0,0.0,0.0,0.0,0.001169834,0.001559779,0.0,0.0,0.0,5.85e-05,0.0,0.00317155,0.0,0.0,0.0,0.0,0.0,0.0,0.0,0.0,0.001949723,0.0,0.0,0.0,0.0,0.0,0.0,0.0,0.0,0.0,0.0,0.0,0.0,0.0,0.0,0.0,0.0,0.0,0.0,0.0,0.0,0.0,0.0,0.0,0.0,0.0,0.0,0.0,0.0,0.0,0.0,0.0,0.0,0.0,0.0,0.0,0.0,0.0,0.0,0.0,0.0,0.0,0.0,0.0,0.0,0.000311956,0.0,0.0,0.0,0.0,0.0,0.0,0.0,0.0,0.0,0.0,0.0,0.0,0.0,0.0,0.0,0.000311956,0.0,0.0,0.0,0.0,0.0,0.0,0.004419372,0.0,0.0,0.0,0.0,0.010606494,0.0
ERR1513943,0.0,0.0,0.0,0.0,0.0,0.0,0.0,0.0,0.0,0.0,0.0,0.0,0.0,0.0,0.0,0.0,0.0,0.0,0.0,0.025026865,0.0,0.0,0.0,0.0,0.0,0.00151678,0.0,0.0,0.0,0.0,0.0,0.0,0.0,0.0,0.0,0.0,0.0,0.0,0.025974852,0.0,0.0,0.0,0.0,0.0,0.303355939,0.0,0.0,0.0,0.0,0.0,0.0,0.152941953,0.0,0.0,0.0,0.0,0.0,0.0,0.0,0.0,0.0,0.0,0.0,0.0,0.0,0.0,0.0,0.004095305,0.0,0.0,0.0,0.0,0.0,0.0,0.0,0.0,0.0,0.0,0.0,0.0,0.0,0.0,0.0,0.027302035,0.0,0.0,0.0,0.0,0.0,0.0,0.015420594,0.0,0.00227517,0.0,0.0,0.0,0.0,0.0,0.0,0.0,0.0,0.0,0.0,0.0,0.0,0.0,0.0,0.0,0.034506738,0.0,0.0,0.0,0.0,0.0,0.0,0.0,0.0,0.0,0.0,0.0,0.0,0.0,0.0,0.0,0.0,0.0,0.0,0.0,0.0,0.0,0.0,0.011628644,0.0,0.00151678,0.0,0.0,0.0,0.013482486,0.020097331,0.0,0.023510085,0.0,0.003791949,0.014788602,0.0,0.004225315,0.0,0.0,0.0,0.0,0.0,0.0,0.0,0.0,0.01122417,0.0,0.0,0.0,0.0,0.0,0.0,0.01118625,0.0,0.0,0.0,0.0,0.012323835,0.00227517,0.0,0.0,0.0,0.0,0.0,0.0,0.0,0.0,0.0,0.0,0.0,0.0,0.0,0.0,0.054983264,0.0,0.003723005,0.0,0.0,0.0,0.0,0.0,0.0,0.0,0.0,0.0,0.0,0.0,0.0,0.0,0.0,0.0,0.0,0.0,0.0,0.006446314,0.0,0.0,0.00075839,0.0,0.0,0.0,0.0,0.0,0.0,0.0,0.0,0.0,0.0,0.0,0.0,0.009100678,0.000505593,0.0,0.002464767,0.0,0.0,0.0,0.0,0.0,0.0,0.0,0.0,0.0,0.0,0.0,0.0,0.0,0.0,0.0,0.0,0.0,0.0,0.0,0.0,0.0,0.0,0.0,0.0,0.0,0.0,0.0,0.0,0.0,0.0,0.0,0.0,0.0,0.0,0.0,0.0,0.0,0.0,0.0,0.0,0.0,0.0,0.0,0.0,0.0,0.0,0.0,0.0,0.037161103,0.0
ERR1513947,0.0,0.0,0.0,0.0,0.0,0.0,0.002062301,0.0,0.0,0.0,0.0,0.0,0.0,0.0,0.0,0.0,0.0,0.0,0.0,0.003093451,0.0,0.0,0.0,0.0,0.0,0.0,0.0,0.0,0.0,0.0,0.0,0.0,0.0,0.0,0.0,0.0,0.0,0.0,0.09914511,0.0,0.0,0.055682121,0.0,0.045164387,0.055682121,0.0,0.0,0.095896986,0.0,0.0,0.011260162,0.042277166,0.008249203,0.0,0.0,0.0,0.0,0.0,0.0,0.029697131,0.0,0.0,0.018560707,0.0,0.0,0.0,0.002010743,0.026232466,0.0,0.0,0.0,0.0,0.0,0.0,0.0,0.003093451,0.0,0.0,0.0,0.0,0.0,0.0,0.0,0.0,0.0,0.0,0.0,0.0,0.0,0.0,0.0,0.0,0.0,0.0,0.0,0.0,0.0,0.0,0.0,0.0,0.0,0.0,0.0,0.0,0.0,0.0,0.0,0.0,0.001546726,0.0,0.0,0.0,0.0,0.0,0.0,0.0,0.0,0.003248124,0.0,0.0,0.0,0.0,0.0,0.0,0.0,0.0,0.000464018,0.0,0.0,0.005877557,0.0,0.019282512,0.0,0.0,0.0,0.0,0.0,0.000481204,0.0,0.0,0.05320736,0.0,0.0,0.0,0.0,0.003446988,0.004949522,0.0,0.003340927,0.0,0.0,0.0,0.0,0.0,0.041699722,0.0,0.0,0.0,0.0,0.0,0.0,0.005258867,0.043308316,0.040214865,0.0,0.0,0.004485504,0.0,0.0,0.0,0.0,0.0,0.0,0.0,0.0,0.0,0.000928035,0.0,0.0,0.0,0.00041246,0.0,0.024128919,0.0,0.000871791,0.0,0.0,0.0,0.0,0.02763483,0.0,0.0,0.0,0.0,0.0,0.0,0.0,0.0,0.005877557,0.0,0.0,0.0,0.0,0.0,0.0,0.0,0.0,0.0,0.0,0.0,0.0,0.0,0.0,0.0,0.0,0.0,0.0,0.0,0.0,0.0,0.00041246,0.0,0.0,0.0,0.0,0.0,0.0,0.0,0.0,0.0,0.0,0.0,0.0,0.0,0.0,0.0,0.0,0.0,0.0,0.0,0.0,0.0,0.0,0.002474761,0.0,0.0,0.0,0.0,0.0,0.0,0.0,0.0,0.0,0.0,0.0,0.0,0.0,0.0,0.0,0.0,0.0,0.0,0.0,0.0,0.0,0.0,0.0,0.0,0.0,0.001856071,0.0,0.016704636,0.0
ERR1513950,0.0,0.0,0.0,0.0,0.0,0.0,0.0,0.0,0.0,0.0,0.0,0.0,0.0,0.0,0.0,0.0,0.0,0.0,0.0,0.020037183,0.0,0.0,0.002896942,0.0,0.0,0.0,0.0,0.0,0.0,0.0,0.0,0.0,0.0,0.0,0.0,0.0,0.0,0.0,0.065422608,0.0,0.0,0.0,0.0,0.0,0.0,0.0,0.0,0.0,0.0,0.0,0.0,0.024060713,0.035728952,0.0,0.0,0.0,0.0,0.0,0.0,0.007242355,0.0,0.0,0.042488483,0.0,0.0,0.0,0.0,0.000675953,0.0,0.0,0.0,0.0,0.0,0.0,0.0,0.0,0.0,0.0,0.0,0.0,0.0,0.0,0.0,0.0,0.0,0.0,0.0,0.0,0.0,0.0,0.0,0.0,0.0,0.0,0.0,0.0,0.0,0.0,0.0,0.0,0.0,0.0,0.0,0.0,0.0,0.0,0.0,0.0,0.0,0.0,0.0,0.0,0.0,0.0,0.0,0.0,0.0,0.018045535,0.0,0.0,0.0,0.0,0.0,0.0,0.0,0.0,0.0,0.0,0.000241412,0.001569177,0.0,0.000120706,0.0,0.0,0.0,0.0,0.0,0.001394824,0.0,0.007725179,0.0,0.0,0.001207059,0.002172707,0.0,0.0,0.0,0.0,0.001979577,0.0,0.007725179,0.0,0.0,0.0,0.0,0.0,0.0,0.0,0.0,0.0,0.0,0.0,0.016174593,0.0,0.0,0.0,0.001026,0.000563294,0.029935068,0.0,0.0,0.0,0.0,0.0,0.0,0.0,0.002172707,0.0,0.0,0.0,0.000160941,0.0,0.002474471,0.007081414,0.000713262,0.0,0.0,0.000211235,0.0,0.0,0.0,0.0,0.0,0.0,0.0,0.0,0.0,0.0,0.0,0.0,0.0,0.0,0.0,0.0,0.0,0.0,0.0,0.0,0.0,0.0,0.000187765,0.0,0.0,0.0,0.0,0.0,0.0,0.0,0.0,0.0,0.000885177,0.205924298,0.0,0.0,0.0,0.0,0.0,0.003218825,0.0,0.0,0.0,0.0,0.0,0.0,0.0,0.0,0.0,0.0,0.0,0.0,0.0,0.0,0.0,0.0,0.0,0.0,0.0,0.0,0.0,0.0,0.0,0.0,0.000482824,0.0,0.0,0.0,0.0,0.0,0.0,0.0,0.0,0.0,0.0,0.0,0.0,0.0,0.0,0.0,0.0,0.0,0.0,0.479564616,0.0
ERR1513952,0.0,0.0,0.0,0.0,0.0,0.0,0.0,0.0,0.0,0.0,0.0,0.0,0.0,0.0,0.0,0.0,0.0,0.0,0.0,0.00366156,0.0,0.0,0.0,0.0,0.0,0.0,0.0,0.0,0.0,0.0,0.0,0.0,0.0,0.0,0.0,0.0,0.0,0.0,0.0,0.0,0.0,0.151693217,0.0,0.0,0.0,0.0,0.0,0.131031555,0.0,0.0,0.029920179,0.144370096,0.0,0.0,0.00078462,0.0,0.0,0.0,0.0,0.0,0.0,0.0,0.0,0.0,0.0,0.0,0.0,0.0,0.0,0.0,0.0,0.0,0.0,0.0,0.0,0.0,0.0,0.0,0.0,0.0,0.0,0.0,0.0,0.0,0.0,0.0,0.0,0.0,0.0,0.0,0.0,0.0,0.0,0.0,0.0,0.0,0.0,0.0,0.0,0.0,0.0,0.0,0.0,0.0,0.0,0.0,0.0,0.0,0.015430862,0.0,0.0,0.0,0.0,0.0,0.0,0.0,0.0,0.0,0.0,0.0,0.0,0.0,0.0,0.0,0.0,0.0,0.0,0.0,0.0,0.0,0.0,0.016389842,0.0,0.0,0.0,0.0,0.0,0.010752201,0.00340002,0.0,0.018830882,0.0,0.00244104,0.005492341,0.0,0.002540675,0.0,0.0,0.0,0.0,0.0,0.0,0.0,0.0,0.012449305,0.0,0.0,0.0,0.0,0.0,0.0,0.00326925,0.233293706,0.00366156,0.0,0.0,0.009938521,0.00278976,0.0,0.0,0.0,0.0,0.0,0.0,0.0,0.0,0.00287694,0.0,0.0,0.0,0.0,0.0,0.022427058,0.0,0.000285316,0.0,0.0,0.0,0.0,0.021097562,0.017261642,0.0,0.0,0.0,0.0,0.0,0.0,0.0,0.076108149,0.0,0.0,0.0,0.0,0.010200061,0.0,0.0,0.00340002,0.0,0.0,0.0,0.00011624,0.0,0.0,0.0,0.0,0.0,0.0,0.0,0.0,0.0,0.0,0.0,0.0,0.0,0.0,0.0,0.0,0.0,0.0,0.0,0.0,0.0,0.0,0.0,0.0,0.0,0.0,0.0,0.0,0.0,0.0,0.0,0.0,0.0,0.0,0.0,0.0,0.0,0.0,0.0,0.0,0.0,0.0,0.0,0.0,0.0,0.0,0.0,0.0,0.008892361,0.0,0.0,0.0,0.0,0.0,0.0,0.0,0.0,0.0,0.0,0.0,0.0,0.0
ERR1513956,0.0,0.0,0.0,0.0,0.0,0.0,0.0,0.0,0.0,0.0,0.0,0.0,0.0,0.0,0.0,0.0,0.0,0.0,0.0,0.003311327,0.0,0.0,0.0,0.0,0.0,0.0,0.0,0.0,0.0,0.0,0.0,0.0,0.0,0.0,0.0,0.0,0.0,0.0,0.006144351,0.0,0.0,0.035320822,0.0,0.0,0.0,0.0,0.0,0.030684964,0.0,0.0,0.010419642,0.008094355,0.0,0.0,0.00029434,0.241064607,0.0,0.0,0.0,0.007064164,0.0,0.0,0.007064164,0.0,0.0,0.0,0.000331133,0.001236229,0.0,0.0,0.0,0.0,0.0,0.0,0.0,0.0,0.0,0.0,0.0,0.0,0.0,0.0,0.0,0.0,0.0,0.0,0.0,0.0,0.0,0.0,0.006475484,0.0,0.0,0.0,0.0,0.0,0.0,0.0,0.0,0.0,0.0,0.0,0.0,0.0,0.0,0.0,0.0,0.0,0.002869817,0.0,0.0,0.0,0.0,0.0,0.0,0.0,0.0,0.003532082,0.0,0.0,0.0,0.0,0.0,0.0,0.0,0.0,0.0,0.0,0.0,0.008830205,0.0,0.001950004,0.0,0.0,0.0,0.0,0.0,0.001226417,0.0,0.0,0.006181144,0.0,0.0,0.0,0.0,0.015515932,0.007947185,0.0,0.0,0.0,0.06534352,0.0,0.0,0.0,0.000618114,0.0,0.0,0.0,0.0,0.0,0.0,0.0,0.474182029,0.008830205,0.0,0.0,0.0,0.0,0.0,0.0,0.0,0.0,0.0,0.0,0.0,0.0,0.0,0.0,0.0,0.0,0.0,0.0,0.013797196,0.006769824,0.003311327,0.0,0.0,0.000165566,0.0,0.013686818,0.0,0.0,0.0,0.0,0.0,0.0,0.0,0.0,0.0,0.0,0.0,0.0,0.0,0.0,0.0,0.0,0.0,0.0,0.0,0.0,0.0,0.0,0.0,0.0,0.0,0.0,0.0,0.0,0.0,0.000883021,0.0,0.0,0.0,0.0,0.0,0.0,0.0,0.0,0.0,0.0,0.0,0.0,0.0,0.0,0.0,0.0,0.0,0.0,0.0,0.0,0.0,0.0,0.0,0.0,0.0,0.0,0.0,0.0,0.0,0.0,0.0,0.0,0.0,0.0,0.0,0.0,0.0,0.0,0.0,0.0,0.0,0.0,0.0,0.0,0.0,0.0,0.0,0.0,0.0,0.0,0.0,0.0,0.0
ERR1513961,0.0,0.0,0.0,0.0,0.0,0.0,0.00076909,0.0,0.0,0.0,0.0,0.0,0.0,0.0,0.0,0.0,0.0,0.0,0.0,0.017016126,0.0,0.0,0.0,0.0,0.0,0.0,0.0,0.0,0.0,0.0,0.0,0.0,0.0,0.0,0.0,0.0,0.0,0.0,0.038262249,0.0,0.0,0.0,0.0,0.0,0.0,0.0,0.0,0.03172498,0.0,0.0,0.0,0.003076362,0.0,0.0,0.000961363,0.0,0.0,0.0,0.0,0.213422593,0.0,0.0,0.0,0.0,0.0,0.0,0.0,0.0,0.0,0.0,0.0,0.0,0.0,0.0,0.0,0.0,0.0,0.0,0.0,0.0,0.0,0.0,0.0,0.0,0.0,0.0,0.0,0.0,0.0,0.0,0.0,0.0,0.0,0.0,0.0,0.0,0.0,0.0,0.0,0.0,0.0,0.0,0.0,0.0,0.0,0.01326681,0.0,0.0,0.004614543,0.0,0.0,0.0,0.0,0.0,0.0,0.0,0.0,0.0,0.0,0.0,0.0,0.0,0.0,0.0,0.0,0.0,0.0,0.0,0.000576818,0.0,0.0,0.022928508,0.0,0.000961363,0.0,0.0,0.0,0.0,0.0,0.0,0.034609069,0.0,0.0,0.0,0.0,0.003543309,0.0,0.0,0.0,0.0,0.046145425,0.0,0.0,0.0,0.0,0.0,0.0,0.0,0.0,0.0,0.0,0.0,0.231303945,0.0,0.0,0.0,0.010382721,0.001538181,0.007498632,0.0,0.0,0.0,0.0,0.0,0.0,0.0,0.005768178,0.0,0.0,0.0,0.0,0.0,0.024442655,0.024034076,0.0,0.0,0.0,0.001009431,0.0,0.174583526,0.0,0.0,0.0,0.0,0.0,0.0,0.0,0.0,0.0,0.0,0.0,0.0,0.0,0.0,0.0,0.0,0.0,0.0,0.0,0.0,0.0,0.0,0.0,0.0,0.0,0.0,0.0,0.0,0.0,0.0,0.0,0.008652267,0.000432613,0.0,0.0,0.0,0.0,0.00076909,0.0,0.0,0.0,0.0,0.0,0.0,0.0,0.0,0.0,0.0,0.0,0.0,0.0,0.0,0.0,0.0,0.0,0.0,0.0,0.0,0.0,0.0,0.0,0.0,0.0,0.0,0.0,0.0,0.0,0.0,0.0,0.005768178,0.0,0.0,0.0,0.0,0.0,0.0,0.0,0.0,0.0,0.0,0.0,0.0,0.0
ERR1513962,0.0,0.0,0.0,0.0,0.0,0.0,0.004139397,0.0,0.0,0.0,0.0,0.0,0.0,0.0,0.0,0.0,0.0,0.0,0.0,0.015398555,0.0,0.0,0.018875648,0.0,0.0,0.0,0.0,0.0,0.0,0.0,0.0,0.0,0.0,0.0,0.0,0.0,0.0,0.0,0.003891033,0.0,0.0,0.0,0.0,0.0,0.010928007,0.0,0.0,0.006954186,0.0,0.0,0.009934552,0.010265703,0.0,0.0,0.000827879,0.192134229,0.0,0.0,0.0,0.027816745,0.0,0.0,0.0,0.0,0.0,0.0,0.0,0.001192146,0.0,0.0,0.0,0.0,0.0,0.0,0.0,0.0,0.0,0.0,0.0,0.0,0.0,0.0,0.0,0.0,0.0,0.0,0.0,0.0,0.0,0.0,0.0,0.0,0.0,0.0,0.0,0.0,0.0,0.0,0.0,0.0,0.0,0.0,0.0,0.0,0.0,0.0,0.0,0.0,0.004470548,0.0,0.0,0.0,0.0,0.0,0.0,0.0,0.0,0.007947641,0.0,0.0,0.0,0.0,0.0,0.0,0.0,0.0,0.0,0.0,0.0,0.0,0.0,0.024256864,0.0,0.0,0.0,0.0,0.0,0.0,0.0,0.0,0.02682329,0.0,0.0,0.0,0.0,0.008799174,0.0,0.0,0.009338479,0.0,0.045698938,0.0,0.0,0.0,0.01152408,0.0,0.0,0.0,0.0,0.0,0.0,0.007699278,0.241409606,0.027816745,0.0,0.0,0.010431279,0.0,0.0,0.0,0.000745091,0.0,0.0,0.0,0.0,0.0,0.0,0.0,0.0,0.0,0.0,0.0,0.023222015,0.054640034,0.004876962,0.0,0.0,0.000496728,0.0,0.012252614,0.0,0.0,0.0,0.0,0.0,0.0,0.0,0.0,0.005464003,0.0,0.0,0.0,0.0,0.0,0.0,0.0,0.0,0.004746508,0.0,0.0,0.002980366,0.0,0.001738547,0.0,0.0,0.0,0.067554951,0.0,0.0,0.0,0.0,0.0,0.0,0.0,0.0,0.020862559,0.0,0.0,0.0,0.0,0.0,0.0,0.0,0.0,0.0,0.0,0.0,0.0,0.0,0.0,0.0,0.0,0.0,0.0,0.0,0.0,0.0,0.0,0.0,0.0,0.0,0.0,0.0,0.0,0.0,0.0,0.0,0.0,0.0,0.0,0.0,0.0,0.0,0.0,0.0,0.0,0.0,0.0,0.0,0.0,0.0,0.018875648,0.0
ERR1513964,0.0,0.0,0.0,0.0,0.0,0.0,0.0,0.0,0.0,0.0,0.0,0.0,0.0,0.0,0.0,0.0,0.0,0.0,0.0,0.002060621,0.0,0.0,0.0,0.0,0.0,0.0,0.0,0.0,0.0,0.0,0.0,0.0,0.0,0.0,0.0,0.0,0.0,0.0,0.016890847,0.0,0.0,0.0,0.0,0.0,0.067063845,0.0,0.0,0.041399748,0.0,0.0,0.010040844,0.013612587,0.0,0.0,0.0,0.0,0.0,0.0,0.0,0.060694653,0.0,0.0,0.102656388,0.0,0.0,0.0,0.0,0.009741117,0.0,0.0,0.0,0.0,0.0,0.0,0.0,0.0,0.0,0.0,0.0,0.0,0.0,0.0,0.0,0.0,0.0,0.0,0.0,0.0,0.0,0.0,0.0,0.0,0.0,0.0,0.0,0.0,0.0,0.0,0.0,0.0,0.0,0.0,0.0,0.0,0.0,0.0,0.0,0.0,0.00224795,0.0,0.0,0.0,0.0,0.0,0.0,0.0,0.0,0.0089918,0.0,0.0,0.0,0.0,0.0,0.0,0.0,0.0,0.000374658,0.0,0.0,0.000561988,0.0,0.016641075,0.0,0.0,0.0,0.367539842,0.0,0.000790945,0.0,0.0,0.073058378,0.0,0.0,0.0,0.0,0.001605679,0.0,0.0,0.0,0.0,0.007867825,0.0,0.0,0.0,0.006444124,0.0,0.0,0.0,0.0,0.0,0.0,0.027256395,0.0,0.0,0.0,0.0,0.003933913,0.0,0.0,0.001748406,0.000374658,0.0,0.0,0.0,0.0,0.0,0.0,0.0,0.0,0.0,0.000749317,0.0,0.025804594,0.030721985,0.002826968,0.0,0.0,0.006650186,0.0,0.0,0.0,0.0,0.0,0.0,0.0,0.0,0.0,0.0,0.0,0.0,0.0,0.0,0.0,0.0,0.0,0.0,0.0,0.0,0.0,0.0,0.0,0.0,0.0,0.0,0.0,0.0,0.0,0.0,0.0,0.000749317,0.0,0.0,0.0,0.0,0.0,0.0,0.0,0.0,0.008242484,0.0,0.0,0.0,0.0,0.0,0.0,0.0,0.0,0.0,0.0,0.0,0.0,0.0,0.0,0.0,0.0,0.0,0.0,0.0,0.0,0.0,0.0,0.0,0.0,0.0,0.0,0.0,0.0,0.0,0.0,0.002622608,0.0,0.0,0.0,0.0,0.0,0.0,0.0,0.0,0.0,0.0,0.0,0.004870559,0.0
ERR1513967,0.0,0.001656834,0.0,0.0,0.006627335,0.0,0.001380695,0.0,0.0,0.0,0.0,0.0,0.0,0.0,0.0,0.0,0.0,0.0,0.0,0.1420735,0.0,0.0,0.0,0.0,0.0,0.0,0.0,0.0,0.0,0.0,0.0,0.0,0.0,0.0,0.0,0.0,0.0,0.0,0.003106563,0.0,0.0,0.111836283,0.0,0.0,0.0,0.0,0.0,0.012426254,0.0,0.0,0.018059489,0.055503933,0.0,0.0,0.006075057,0.0,0.0,0.0,0.0,0.039764012,0.0,0.0,0.083670108,0.0,0.0,0.0,0.0,0.0,0.0,0.0,0.0,0.0,0.0,0.0,0.0,0.0,0.0,0.0,0.0,0.0,0.0,0.0,0.0,0.0,0.0,0.0,0.0,0.0,0.0,0.0,0.0,0.0,0.0,0.0,0.0,0.0,0.0,0.0,0.0,0.0,0.0,0.0,0.0,0.0,0.0,0.0,0.0,0.0,0.0,0.0,0.0,0.0,0.0,0.0,0.0,0.0,0.0,0.0,0.0,0.0,0.0,0.0,0.0,0.0,0.0,0.0,0.000828417,0.0,0.0,0.014911504,0.0,0.009388725,0.0,0.0,0.0,0.0,0.0,0.0,0.0,0.0,0.085326942,0.0,0.0,0.0,0.0,0.004615466,0.0,0.0,0.000828417,0.0,0.005798918,0.0,0.0,0.0,0.001159784,0.0,0.0,0.0,0.0,0.0,0.0,0.0,0.113493116,0.0,0.0,0.0,0.003313668,0.0,0.009941003,0.0,0.0,0.0,0.0,0.0,0.0,0.0,0.0,0.0,0.0,0.0,0.000690347,0.0,0.055814589,0.03479351,0.0035396,0.0,0.0,0.000828417,0.0,0.0,0.0,0.0,0.0,0.0,0.003727876,0.0,0.0,0.0,0.042663471,0.0,0.0,0.0,0.0,0.0,0.0,0.0,0.006627335,0.0,0.0,0.0,0.0,0.0,0.004763397,0.0,0.0,0.0,0.0,0.0,0.0,0.0,0.0,0.0,0.0,0.0,0.0,0.000828417,0.0,0.0,0.0,0.0,0.0,0.0,0.0,0.0,0.0,0.0,0.0,0.0,0.0,0.0,0.0,0.0,0.0,0.0,0.0,0.0,0.0,0.0,0.0,0.0,0.0,0.002071042,0.0,0.0,0.0,0.055503933,0.0,0.0,0.0,0.0,0.0,0.0,0.0,0.0,0.0,0.0,0.0,0.0,0.0,0.0,0.0,0.0,0.0
ERR1513673,0.000156262,0.0,0.000312524,0.0,0.0,0.0,0.0,0.0,0.0,0.0,0.0,0.0,0.0,0.0,0.0,0.0,0.0,0.0,0.0,0.007422433,0.0,0.0,0.0,0.0,0.0,0.0,0.0,0.0,0.0,0.0,0.0,0.0,0.0,0.0,0.0,0.0,0.0,0.0,0.000169284,0.0,0.0,0.0,0.0,0.0,0.0,0.0,0.0,0.001328225,0.0,0.0,0.000375028,0.008802746,0.002500188,0.0,0.0,0.0,0.0,0.0,0.0,0.00265645,0.0,0.0,0.001562618,0.0,0.0,0.0,0.0,0.0,0.0,0.029168861,0.0,0.0,0.0,0.0,0.0,0.0,0.0,0.0,0.0,0.0,0.0,0.0,0.0,0.0,0.0,0.0,0.0,0.0,0.0,0.0,0.0,0.0,0.0,0.0,0.0,0.0,0.0,0.0,0.0,0.0,0.0,0.0,0.0,0.0,0.0,0.0,0.0,0.0,0.000312524,0.0,0.0,0.0,0.0,0.0,0.0,0.0,0.0,0.0,0.0,0.0,0.0,0.0,0.0,0.0,0.0,0.0,0.0,0.000468785,0.0,0.0,0.0,0.01270929,0.0,0.0,0.0,0.0,0.0,0.007205403,0.0,0.0,0.0,0.0,0.001823054,0.001250094,0.0,0.003214528,0.0,0.000156262,0.004031553,0.0,0.0,0.0,0.0,0.0,0.003562768,0.0,0.0,0.0,0.0,0.0,0.0,0.001757945,0.553791666,0.0,0.0,0.0,0.0,0.001536574,0.018438887,0.0,0.0,0.0,0.0,0.0,0.0,0.0,0.0,0.0,0.0,0.0,0.0,0.0,0.000507851,0.0,0.000319626,0.0,0.0,0.000390654,0.0,0.062140092,0.0,0.0,0.0,0.0,0.0,0.0,0.0,0.0,0.034768241,0.0,0.0,0.0,0.0,0.0,0.0,0.0,0.000546916,0.000225711,0.0,0.0,0.001319544,0.0,0.000117196,0.0,0.0,0.0,0.0,0.0,0.0,0.0,0.0,0.0,0.001093832,0.0,0.0,0.0,0.0,0.000520873,0.0,0.0,0.0,0.0,0.0,0.0,0.0,0.0,0.0,0.0,0.0,0.0,0.0,0.0,0.0,0.0,0.0,0.0,0.0,0.0,0.0,0.0,0.0,0.0,0.0,0.0,0.0,0.224391883,0.0,0.0,0.0,0.0,0.0,0.0,0.0,0.0,0.0,0.0,0.0,0.0,0.0,0.0,0.0,0.0,0.0
ERR1513978,0.0,0.0,0.0,0.0,0.0,0.0,0.0,0.0,0.0,0.0,0.0,0.0,0.0,0.0,0.0,0.0,0.0,0.0,0.0,0.03986047,0.0,0.0,0.0,0.0,0.0,0.0,0.0,0.0,0.0,0.0,0.0,0.0,0.0,0.0,0.0,0.0,0.0,0.0,0.01389077,0.0,0.0,0.0,0.0,0.0,0.0,0.0,0.0,0.175295476,0.0,0.0,0.004982559,0.052694333,0.0,0.0,0.0,0.0,0.0,0.0,0.0,0.0,0.0,0.0,0.026271673,0.0,0.0,0.0,0.0,0.004529599,0.0,0.0,0.0,0.0,0.0,0.0,0.0,0.0,0.0,0.0,0.0,0.0,0.0,0.0,0.0,0.0,0.0,0.0,0.0,0.0,0.0,0.0,0.0,0.0,0.0,0.0,0.0,0.0,0.0,0.0,0.0,0.0,0.0,0.0,0.0,0.0,0.0,0.0,0.0,0.0,0.0011324,0.0,0.0,0.0,0.0,0.0,0.0,0.0,0.0,0.0,0.0,0.0,0.0,0.0,0.0,0.0,0.0,0.0,0.0,0.0,0.00135888,0.0,0.0,0.026837873,0.0,0.0,0.0,0.0,0.0,0.001006578,0.0,0.0,0.0,0.0,0.0,0.0,0.0,0.0,0.0,0.0,0.0,0.0,0.0,0.0,0.0,0.0,0.0,0.0,0.0,0.0,0.0,0.0,0.0,0.0,0.0,0.0,0.0,0.0,0.004869319,0.001283386,0.020836155,0.0,0.0,0.0,0.0,0.0,0.0,0.0,0.0,0.0,0.0,0.0,0.0,0.0,0.048863048,0.0,0.001688305,0.0,0.0,0.00062282,0.0,0.018722342,0.0,0.0,0.0,0.0,0.003453819,0.0,0.0,0.0,0.0,0.0,0.0,0.0,0.0,0.0,0.0,0.0,0.0,0.0,0.0,0.0,0.0,0.0,0.0,0.0,0.0,0.0,0.0,0.0,0.0,0.0,0.0,0.0,0.00045296,0.0,0.0,0.0,0.0,0.0,0.0,0.0,0.0,0.0,0.0,0.0,0.0,0.0,0.0,0.0,0.0,0.0,0.0,0.0,0.0,0.0,0.0,0.0,0.0,0.0,0.0,0.0,0.0,0.0,0.0,0.0,0.0,0.0,0.0,0.0,0.0,0.0,0.0,0.0,0.0,0.0,0.0,0.0,0.0,0.0,0.0,0.0,0.0,0.0,0.0
ERR1513674,0.0,0.0,0.0,0.0,0.0,0.0,0.000476736,0.0,0.0,0.0,0.0,0.0,0.0,0.0,0.0,0.0,0.0,0.0,0.0,0.006864997,0.0,0.0,0.0,0.0,0.0,0.0,0.0,0.0,0.0,0.0,0.0,0.0,0.0,0.0,0.0,0.0,0.0,0.0,0.009248676,0.0,0.0,0.199084905,0.0,0.0,0.0,0.0,0.0,0.036613316,0.0,0.0,0.004233415,0.040999286,0.006292914,0.0,0.0,0.0,0.0,0.0,0.0,0.02059499,0.0,0.0,0.052631641,0.0,0.0,0.0,0.003217967,0.003089249,0.0,0.0,0.0,0.0,0.0,0.0,0.0,0.0,0.0,0.0,0.0,0.0,0.0,0.0,0.0,0.0,0.0,0.0,0.0,0.0,0.0,0.0,0.0,0.0,0.0,0.0,0.0,0.0,0.0,0.0,0.0,0.0,0.0,0.0,0.0,0.0,0.0,0.001144166,0.0,0.0,0.0,0.0,0.0,0.0,0.0,0.0,0.0,0.0,0.0,0.0,0.0,0.0,0.0,0.0,0.0,0.0,0.0,0.0,0.0,0.0,0.0,0.0,0.0,0.002288332,0.0,0.0,0.0,0.0,0.0,0.000635648,0.0,0.0,0.00743708,0.0,0.0,0.0,0.0,0.000898988,0.002288332,0.001430208,0.001487416,0.0,0.008581246,0.0,0.0,0.0,0.005263164,0.0,0.0,0.0,0.0,0.0,0.0,0.01487416,0.026887904,0.204233652,0.0,0.0,0.006006872,0.0,0.0,0.001716249,0.0,0.0,0.0,0.0,0.0,0.0,0.001144166,0.0,0.0,0.0,0.0,0.0,0.002073801,0.0,0.001352196,0.0,0.0,0.0,0.0,0.001144166,0.0,0.0,0.0,0.0,0.0,0.0,0.0,0.0,0.0,0.0,0.0,0.0,0.0,0.0,0.0,0.0,0.0,0.0,0.0,0.0,0.0,0.0,0.0,0.0,0.0,0.0,0.0,0.0,0.0,0.0,0.0,0.0,0.000858125,0.0,0.0,0.0,0.0,0.0,0.0,0.0,0.0,0.0,0.0,0.0,0.0,0.0,0.0,0.0,0.0,0.0,0.0,0.0,0.0,0.0,0.0,0.0,0.0,0.0,0.0,0.0,0.0,0.0,0.0,0.0,0.0,0.0,0.0,0.0,0.0,0.0,0.0,0.0,0.0,0.0,0.0,0.0,0.03108318,0.0,0.0,0.004004581,0.0,0.004004581,0.0
ERR1513982,0.0,0.0,0.0,0.0,0.0,0.0,0.0,0.0,0.0,0.0,0.0,0.0,0.0,0.0,0.0,0.0,0.0,0.0,0.0,0.005584512,0.0,0.0,0.0,0.0,0.0,0.0,0.001063717,0.0,0.0,0.0,0.0,0.0,0.0,0.0,0.0,0.0,0.0,0.0,0.003900294,0.0,0.0,0.016487608,0.0,0.043346454,0.0,0.0,0.0,0.051856187,0.0,0.0,0.004361238,0.014182889,0.0,0.0,0.0,0.024465483,0.0,0.0,0.0,0.0,0.0,0.0,0.0,0.0,0.0,0.0,0.000731305,0.00063823,0.0,0.003545722,0.0,0.0,0.0,0.0,0.002659292,0.0,0.0,0.0,0.0,0.0,0.001063717,0.0,0.0,0.0,0.0,0.0,0.0,0.0,0.0,0.0,0.0,0.0,0.0,0.0,0.0,0.0,0.0,0.0,0.0,0.0,0.0,0.0,0.0,0.0,0.0,0.0,0.0,0.0,0.0,0.0,0.0,0.0,0.0,0.0,0.0,0.0,0.0,0.022736944,0.0,0.0,0.0,0.0,0.0,0.0,0.0,0.0,0.0,0.0,0.0,0.003723008,0.0,0.005761799,0.0,0.0,0.0,0.107967241,0.0,0.000827335,0.0,0.0,0.023401767,0.0,0.0,0.0,0.0,0.007901895,0.005318583,0.000797787,0.0,0.0,0.008509733,0.001063717,0.0,0.0,0.007126902,0.0,0.0,0.0,0.0,0.0,0.0,0.005584512,0.092011491,0.01595575,0.0,0.0,0.0,0.0,0.0,0.0,0.0,0.0,0.0,0.0,0.0,0.0,0.0,0.0,0.0,0.0,0.0,0.0,0.024598448,0.025883772,0.002320836,0.0,0.0,0.000265929,0.003723008,0.021806192,0.003457079,0.0,0.0,0.0,0.0,0.0,0.0,0.0,0.002393362,0.0,0.0,0.0,0.0,0.0,0.0,0.0,0.0,0.0,0.0,0.0,0.0,0.0,0.0,0.0,0.0,0.0,0.0,0.0,0.0,0.0,0.0,0.0,0.000398894,0.0,0.0,0.030847783,0.0,0.0,0.0,0.0,0.0,0.0,0.0,0.0,0.0,0.0,0.0,0.0,0.0,0.0,0.0,0.0,0.0,0.0,0.0,0.0,0.0,0.0,0.0,0.0,0.0,0.0,0.0,0.0,0.0,0.0,0.0,0.0,0.0,0.014892033,0.0,0.0,0.0,0.0,0.0,0.0,0.0,0.0,0.0,0.0,0.0,0.037496012,0.0
ERR1513678,0.0,0.0,0.0,0.0,0.0,0.0,0.0,0.0,0.0,0.0,0.0,0.0,0.0,0.0,0.0,0.0,0.0,0.0,0.0,0.061598715,0.0,0.0,0.0,0.0,0.0,0.0,0.0,0.0,0.0,0.0,0.0,0.0,0.0,0.0,0.0,0.0,0.0,0.0,0.022990016,0.0,0.0,0.046535553,0.0,0.0,0.001410168,0.0,0.0,0.019870553,0.0,0.0,0.006973923,0.01764847,0.0,0.0,0.000235028,0.0,0.0,0.0,0.0,0.015511851,0.0,0.0,0.001666563,0.0,0.0,0.0,0.0,0.000512788,0.0,0.0,0.0,0.0,0.0,0.0,0.0,0.0,0.0,0.0,0.0,0.0,0.0,0.0,0.0,0.0,0.0,0.0,0.0,0.0,0.0,0.0,0.0,0.0,0.0,0.0,0.0,0.0,0.0,0.0,0.0,0.0,0.0,0.0,0.0,0.0,0.0,0.0,0.0,0.0,0.014101683,0.0,0.0,0.0,0.0,0.0,0.0,0.0,0.0,0.0,0.0,0.0,0.0,0.0,0.0,0.0,0.0,0.0,0.0,0.0,0.000128197,0.00711494,0.0,0.003845914,0.0,0.0,0.0,0.0,0.0,0.000270638,0.0,0.0,0.039228318,0.0,0.0,0.0,0.0,0.00113546,0.0,0.0,0.004512539,0.0,0.01243512,0.0,0.0,0.0,0.000974298,0.0,0.0,0.0,0.0,0.0,0.0,0.002852386,0.573682099,0.030382717,0.0,0.0,0.006313708,0.0,0.0,0.0,0.000288444,0.0,0.0,0.0,0.0,0.0,0.0,0.0,0.0,0.0,0.0,0.0,0.014454225,0.003333125,0.00012237,0.0,0.0,0.000224345,0.0,0.010383966,0.002179351,0.0,0.0,0.0,0.0,0.0,0.0,0.0,0.013652993,0.0,0.0,0.0,0.0,0.00621756,0.0,0.0,0.0,0.0,0.0,0.0,0.0,0.0,9.61e-05,0.0,0.0,0.0,0.0,0.0,0.0,0.0,0.0,0.0,0.0,0.0,0.0,0.0,0.0,0.0,0.000512788,0.0,0.0,0.0,0.0,0.0,0.0,0.0,0.0,0.0,0.0,0.0,0.0,0.0,0.0,0.0,0.0,0.0,0.0,0.0,0.0,0.0,0.0,0.0,0.00179476,0.0,0.0,0.0,0.0,0.0,0.0,0.047304736,0.0,0.0,0.0,0.0,0.0,0.0,0.0,0.0,0.0,0.0,0.0,0.000576887,0.0
ERR1513984,0.0,0.0,0.0,0.0,0.0,0.0,0.0,0.0,0.0,0.0,0.0,0.0,0.0,0.0,0.0,0.0,0.0,0.0,0.0,0.0,0.0,0.0,0.0,0.0,0.0,0.0,0.0,0.0,0.0,0.0,0.0,0.0,0.0,0.0,0.0,0.0,0.0,0.0,0.021682595,0.0,0.0,0.046796967,0.0,0.0,0.0,0.0,0.0,0.266742714,0.0,0.0,0.034442568,0.0,0.0,0.0,0.0,0.0,0.0,0.0,0.0,0.04258524,0.0,0.0,0.0,0.0,0.0,0.0,0.0,0.002807818,0.0,0.0,0.0,0.0,0.0,0.0,0.0,0.0,0.0,0.0,0.0,0.0,0.0,0.0,0.0,0.0,0.0,0.0,0.0,0.0,0.0,0.0,0.0,0.0,0.0,0.0,0.0,0.0,0.0,0.0,0.0,0.0,0.0,0.0,0.0,0.0,0.0,0.0,0.0,0.0,0.001403909,0.0,0.0,0.0,0.0,0.0,0.0,0.0,0.0,0.000935939,0.0,0.0,0.0,0.0,0.0,0.0,0.0,0.0,0.00046797,0.0,0.0,0.0,0.0,0.011972224,0.0,0.0,0.0,0.0,0.0,0.001455906,0.0,0.0,0.04305321,0.0,0.0,0.0,0.0,0.002674112,0.0,0.0,0.0,0.0,0.0,0.0,0.0,0.0,0.02068426,0.0,0.0,0.0,0.0,0.0,0.0,0.0,0.25831926,0.006083606,0.0,0.0,0.001637894,0.0,0.0,0.0,0.001286917,0.0,0.0,0.0,0.0,0.0,0.001403909,0.0,0.0,0.0,0.00046797,0.0,0.027200737,0.0,0.013103151,0.0,0.0,0.037262085,0.0,0.040869351,0.0,0.0,0.0,0.0,0.0,0.0,0.0,0.0,0.020122696,0.0,0.0,0.0,0.0,0.0,0.0,0.0,0.0,0.00015599,0.0,0.0,0.000103993,0.0,0.0,0.0,0.0,0.0,0.0,0.0,0.0,0.0,0.0,0.0,0.0,0.0,0.0,0.0,0.0,0.001403909,0.013103151,0.0,0.0,0.0,0.0,0.0,0.0,0.0,0.0,0.0,0.0,0.0,0.0,0.0,0.0,0.0,0.0,0.0,0.0,0.0,0.0,0.0,0.0,0.0,0.0,0.0,0.0,0.0,0.0,0.0,0.0,0.0,0.0,0.0,0.0,0.0,0.0,0.0,0.0,0.0,0.0,0.0,0.0,0.0,0.0
ERR1513686,0.000120504,0.0,0.0,0.0,0.0,0.0,0.000281175,0.0,0.0,0.0,0.0,0.0,0.0,0.0,0.0,0.0,0.0,0.0,0.0,0.01421942,0.0,0.0,0.0033741,0.0,0.0,0.0,0.0,0.0,0.0,0.0,0.0,0.0,0.0,0.0,0.0,0.0,0.0,0.0,0.002349819,0.0,0.0,0.054226602,0.0,0.0,0.011086328,0.0,0.0,0.013375895,0.0,0.0,0.004916545,0.028519176,0.0,0.0,0.000441846,0.0,0.0,0.0,0.0,0.0,0.0,0.0,0.0,0.0,0.0,0.0,0.0,0.000192806,0.0,0.0,0.0,0.0,0.0,0.0,0.0,0.0,0.0,0.0,0.0,0.0,0.0,0.0,0.0,0.0,0.0,0.0,0.0,0.0,0.0,0.0,0.015504791,0.0,0.0,0.0,0.0,0.0,0.0,0.0,0.0,0.0,0.0,0.045309339,0.0,0.0,0.0,0.001205036,0.0,0.0,0.002530575,0.0,0.0,0.0,0.0,0.0,0.0,0.0,0.0,0.000723021,0.0,0.0,0.0,0.0,0.0,0.0,0.0,0.0,0.0,0.000482014,0.0,0.00373561,0.0,0.004338128,0.0,0.0,0.0,0.0,0.0,0.001338928,0.0,0.0,0.006989206,0.0,0.0,0.0,0.0,0.001962487,0.0,0.0,0.0,0.0,0.038802146,0.0,0.0,0.0,0.007471221,0.0,0.0,0.0,0.0,0.0,0.0,0.005784171,0.49117251,0.016870498,0.0,0.0,0.0,0.0,0.0,0.0,0.0,0.0,0.0,0.0,0.0,0.0,0.0,0.0,0.0,0.0,0.0,0.0,0.041091714,0.008274578,0.000153368,0.0,0.0,0.000150629,0.0,0.021369298,0.0,0.0,0.0,0.0,0.012050356,0.0,0.0,0.0,0.0,0.0,0.0,0.0,0.0,0.023739201,0.0,0.0,0.001325539,0.000241007,0.0,0.0,0.000669464,0.0,0.000361511,0.0,0.0,0.0,0.02506474,0.0,0.0,0.000964028,0.000321343,0.0,0.0,0.0,0.0,0.0,0.0,0.0,0.0,0.0,0.0,0.0,0.0,0.0,0.0,0.0,0.0,0.0,0.0,0.0,0.0,0.0,0.0,0.0,0.0,0.0,0.0,0.0,0.0,0.0,0.0,0.0,0.000482014,0.0,0.0,0.0,0.0,0.0,0.0,0.002169064,0.0,0.0,0.0,0.0,0.0,0.0,0.0,0.0,0.0,0.0,0.0,0.0,0.0
ERR1513985,0.0,0.0,0.0,0.0,0.0,0.0,0.0,0.0,0.0,0.0,0.0,0.0,0.0,0.0,0.0,0.0,0.0,0.0,0.0,0.0,0.0,0.0,0.0,0.0,0.0,0.0,0.000636085,0.0,0.0,0.0,0.0,0.0,0.00699693,0.0,0.0,0.0,0.0,0.0,0.056929568,0.0,0.0,0.0,0.0,0.0,0.048978511,0.0,0.0,0.070287344,0.0,0.0,0.0,0.082903021,0.040709412,0.0,0.0,0.0,0.0,0.0,0.0,0.0,0.0,0.0,0.0,0.0,0.0,0.0,0.001669722,0.0,0.0,0.0,0.0,0.0,0.0,0.0,0.0,0.0,0.0,0.0,0.0,0.0,0.0,0.0,0.0,0.0,0.0,0.0,0.0,0.0,0.0,0.0,0.001060141,0.0,0.0,0.004770634,0.0,0.0,0.0,0.0,0.0,0.0,0.0,0.0,0.0,0.0,0.0,0.0,0.0,0.0,0.109406544,0.0,0.0,0.0,0.0,0.0,0.0,0.0,0.0,0.0,0.0,0.0,0.0,0.0,0.0,0.0,0.0,0.0,0.0,0.0,0.001908254,0.0,0.0,0.013410783,0.0,0.005936789,0.0,0.0,0.0,0.001342845,0.0,0.0,0.040073327,0.0,0.0,0.0,0.0,0.0,0.0,0.0,0.0,0.0,0.0,0.0,0.0,0.0,0.002289904,0.0,0.0,0.0,0.0,0.0,0.0,0.0,0.147571617,0.013357776,0.0,0.0,0.010654416,0.0,0.178739761,0.0,0.0,0.0,0.0,0.0,0.0,0.0,0.0,0.0,0.0,0.0,0.0,0.0,0.017889878,0.108558431,0.001040866,0.0,0.0,0.007712525,0.0,0.0,0.0,0.0,0.0,0.0,0.0,0.0,0.0,0.0,0.0,0.0,0.0,0.0,0.0,0.0,0.0,0.0,0.0,0.0,0.0,0.0,0.0,0.0,0.0,0.0,0.0,0.0,0.0,0.0,0.0,0.0,0.001696225,0.0,0.00143119,0.0,0.0,0.0,0.0,0.005300705,0.0,0.0,0.0,0.0,0.0,0.0,0.0,0.0,0.0,0.0,0.0,0.0,0.0,0.0,0.0,0.0,0.0,0.0,0.0,0.0,0.0,0.0,0.0,0.0,0.0,0.0,0.0,0.0,0.0,0.0,0.0,0.003816507,0.0,0.0,0.0,0.0,0.0,0.0,0.0,0.0,0.0,0.0,0.0,0.0,0.0
ERR1513688,0.0,0.001374323,0.01291864,0.0,0.0,0.0,0.0,0.0,0.0,0.0,0.0,0.0,0.0,0.0,0.0,0.0,0.0,0.0,0.0,0.047963888,0.0,0.0,0.0,0.0,0.0,0.0,0.0,0.0,0.0,0.0,0.0,0.0,0.0,0.0,0.0,0.0,0.0,0.0,0.002107296,0.0,0.0,0.0,0.0,0.0,0.133859102,0.0,0.0,0.002748647,0.0,0.0,0.003683187,0.042695648,0.0,0.0,0.006321888,0.0,0.0,0.0,0.0,0.002198917,0.0,0.0,0.007146482,0.0,0.0,0.0,0.0,0.0,0.0,0.0,0.0,0.0,0.0,0.0,0.0,0.0,0.0,0.0,0.0,0.0,0.0,0.0,0.0,0.0,0.0,0.0,0.0,0.0,0.0,0.0,0.0,0.0,0.0,0.0,0.0,0.0,0.0,0.0,0.0,0.0,0.0,0.0,0.0,0.0,0.0,0.0,0.0,0.0,0.000549729,0.0,0.009620264,0.0,0.0,0.0,0.0,0.0,0.0,0.0,0.0,0.0,0.0,0.0,0.0,0.0,0.0,0.0,0.0,0.0,0.002473782,0.0,0.0,0.0,0.0,0.001465945,0.0,0.0,0.0,0.001649188,0.000824594,0.0,0.0,0.0,0.020065122,0.0,0.0,0.000274865,0.0,0.0,0.000494756,0.0,0.0,0.0,0.0,0.0,0.0,0.0,0.0,0.0,0.0,0.0,0.0,0.0,0.0,0.0,0.0,0.0,0.0,0.060653474,0.486510495,0.000366486,0.0,0.0,0.0,0.0,0.0,0.0,0.003298376,0.0,0.0,0.0,0.001878242,0.0,0.0,0.0,0.000574717,0.0,0.0,0.000652804,0.0,0.0,0.0,0.0,0.0,0.0,0.000584087,0.0,0.0,0.0,0.003848106,0.0,0.0,0.0,0.0,0.0,0.0,0.0,0.008520805,0.000397027,0.0,0.0,0.005436213,0.0,0.00089331,0.0,0.0,0.0,0.0,0.0,0.0,0.0,0.0,0.09675237,0.000343581,0.0,0.0,0.0,0.0,0.007787833,0.0,0.0,0.0,0.0,0.0,0.0,0.0,0.0,0.0,0.0,0.0,0.0,0.0,0.0,0.0,0.0,0.0,0.0,0.0,0.0,0.0,0.0,0.0,0.0,0.003573241,0.0,0.0,0.0,0.0,0.0,0.0,0.0,0.0,0.0,0.0,0.0,0.0,0.0,0.0,0.0,0.0,0.0,0.0,0.0,0.0
ERR1513986,0.0,0.0,0.003787902,0.0,0.0,0.0,0.0,0.0,0.0,0.0,0.0,0.0,0.0,0.0,0.0,0.0,0.0,0.0,0.0,0.005767942,0.0,0.0,0.0,0.0,0.0,0.0,0.0,0.0,0.0,0.0,0.0,0.0,0.006370563,0.0,0.0,0.0,0.0,0.0,0.011966328,0.0,0.0,0.484162776,0.0,0.0,0.0,0.0,0.0,0.0,0.0,0.0,0.000860887,0.207990268,0.0,0.0,0.001893951,0.0,0.0,0.0,0.0,0.004648789,0.0,0.0,0.0,0.0,0.0,0.0,0.0,0.0,0.0,0.0,0.0,0.0,0.0,0.0,0.0,0.0,0.0,0.0,0.0,0.0,0.0,0.0,0.0,0.0,0.0,0.0,0.0,0.0,0.0,0.0,0.0,0.0,0.0,0.0,0.0,0.0,0.0,0.0,0.0,0.0,0.0,0.0,0.0,0.0,0.0,0.00327137,0.0,0.0,0.004046168,0.0,0.0,0.0,0.0,0.0,0.0,0.0,0.0,0.000387399,0.0,0.0,0.0,0.0,0.0,0.0,0.002238306,0.0,0.0,0.000688709,0.0,0.000774798,0.0,0.003587029,0.0,0.003673117,0.0,0.0,0.0,0.000726971,0.002927015,0.0,0.021349994,0.0,0.015266394,0.0,0.0,0.001082258,0.0,0.0,0.002341612,0.0,0.0,0.0,0.0,0.0,0.002272741,0.0,0.0,0.001463508,0.0,0.0,0.0,0.0,0.0,0.001893951,0.0,0.0,0.0,0.000172177,0.078857237,0.0,0.0,0.0,0.0,0.0,0.0,0.0,0.013688101,0.0,0.0,0.0,0.0,0.0,0.001893951,0.007633197,0.00116611,0.0,0.0,0.007123839,0.0,0.0,0.0,0.0,0.0,0.0,0.0,0.0,0.0,0.0,0.016098584,0.0,0.0,0.0,0.0,0.0,0.0,0.0,0.000258266,0.000325224,0.0,0.0,0.00047827,0.0,0.000688709,0.0,0.002582661,0.0,0.0,0.0,0.0,0.012224594,0.003673117,0.0,0.0,0.0,0.0,0.0,0.0,0.035927679,0.0,0.0,0.0,0.009641933,0.0,0.0,0.0,0.0,0.0,0.0,0.0,0.0,0.0,0.0,0.0,0.0,0.0,0.0,0.0,0.0,0.0,0.0,0.0,0.002152217,0.0,0.0,0.0,0.0,0.0,0.0,0.0,0.0,0.0,0.0,0.0,0.0,0.0,0.0,0.0,0.0,0.0,0.0,0.0,0.0,0.0
ERR1513690,0.0,0.0,0.0,0.0,0.0,0.0,0.0,0.0,0.0,0.0,0.0,0.0,0.0,0.0,0.0,0.0,0.0,0.0,0.0,0.006887488,0.0,0.0,0.0,0.0,0.0,0.0,0.0,0.0,0.0,0.0,0.0,0.0,0.0,0.0,0.0,0.0,0.0,0.0,0.016730855,0.0,0.0,0.005337803,0.0,0.003960305,0.318029739,0.0,0.0,0.021781679,0.0,0.0,0.002031809,0.005796969,0.003041974,0.0,0.0,0.0,0.0,0.0,0.0,0.001894059,0.0,0.0,0.015496847,0.0,0.0,0.0,0.000602655,0.0,0.0,0.001664476,0.0,0.000516562,0.0,0.0,0.0,0.0,0.0,0.0,0.0,0.0,0.0,0.0,0.0,0.0,0.0,0.0,0.0,0.0,0.0,0.0,0.0,0.0,0.0,0.0,0.0,0.0,0.0,0.0,0.0,0.0,0.0,0.0,0.0,0.0,0.0,0.0,0.0,0.0,0.000344374,0.0,0.0,0.0,0.0,0.0,0.0,0.0,0.0,0.000344374,0.0,0.0,0.0,0.0,0.0,0.0,0.0,0.0,0.0,0.0,0.0,0.0,0.0,0.000100443,0.0,0.0,0.0,0.0,0.0,0.0,0.000430468,0.0,0.0,0.0,0.0,0.0,0.0,0.0,0.0,0.0,0.0,0.0,0.0,0.0,0.0,0.0,0.000964248,0.0,0.0,0.0,0.0,0.0,0.0,0.0,0.0,0.0,0.0,0.0,0.0,0.007432747,0.0,0.0,0.0,0.0,0.0,0.0,0.0,0.0,0.000258281,0.0,0.0,0.0,0.0,0.0,0.000107617,0.000229583,0.000610482,0.0,0.0,0.002023199,0.0,0.007748424,0.0,0.0,0.0,0.0,0.0,0.0,0.0,0.0,0.005337803,0.0,0.0,0.0,0.0,0.0,0.0,0.0,0.0,0.0,0.0,0.0,0.0,0.0,0.0,0.0,0.0,0.0,0.0,0.0,0.0,0.0,0.0,0.0,0.0,0.0,0.0,0.0,0.0,0.0,0.0,0.0,0.0,0.0,0.0,0.0,0.0,0.0,0.0,0.0,0.0,0.0,0.0,0.0,0.0,0.000573957,0.0,0.0,0.0,0.0,0.0,0.0,0.0,0.000172187,0.0,0.0,0.0,0.0,0.0,0.0,0.0,0.0,0.0,0.0,0.0,0.0,0.0,0.0,0.015956013,0.0,0.0,0.00120531,0.0,0.021781679,0.0
ERR1513989,0.0,0.0,0.001356351,0.0,0.0,0.0,0.001017263,0.0,0.0,0.0,0.0,0.0,0.0,0.0,0.0,0.0,0.0,0.0,0.0,0.005086316,0.0,0.0,0.0,0.0,0.0,0.0,0.0,0.0,0.0,0.0,0.0,0.0,0.0,0.0,0.0,0.0,0.002034527,0.0,0.007799018,0.0,0.0,0.073242955,0.0,0.0,0.0,0.0,0.0,0.054254041,0.0,0.0,0.008951917,0.047698344,0.0,0.0,0.024414318,0.0,0.0,0.0,0.0,0.0,0.0,0.0,0.0,0.0,0.0,0.0,0.00567972,0.010850808,0.0,0.0,0.0,0.0,0.0,0.0,0.0,0.008138106,0.0,0.0,0.0,0.0,0.0,0.0,0.0,0.0,0.0,0.0,0.0,0.0,0.0,0.0,0.0,0.0,0.0,0.0,0.0,0.0,0.0,0.0,0.0,0.0,0.0,0.0,0.0,0.0,0.0,0.0,0.0,0.0,0.002373614,0.0,0.0,0.0,0.0,0.0,0.0,0.0,0.0,0.002373614,0.0,0.0,0.0,0.0,0.0,0.0,0.0,0.0,0.0,0.0,0.0,0.0,0.0,0.013450481,0.0,0.0,0.0,0.134956927,0.0,0.001130293,0.0,0.0,0.064426674,0.0,0.0,0.0,0.0,0.002906466,0.0,0.0,0.0,0.0,0.00610358,0.0,0.0,0.0,0.007053025,0.0,0.0,0.0,0.0,0.0,0.0,0.005764492,0.107829906,0.021023441,0.0,0.0,0.0,0.000565146,0.0,0.0,0.0,0.0,0.0,0.0,0.0,0.0,0.0,0.0,0.0,0.0,0.0,0.0,0.038232144,0.00904234,0.004099879,0.0,0.0,0.0,0.0,0.006329638,0.0,0.0,0.0,0.0,0.001780211,0.0,0.0,0.0,0.0,0.0,0.0,0.0,0.0,0.0,0.0,0.0,0.0,0.0,0.0,0.0,0.00052747,0.0,0.001186807,0.0,0.0,0.0,0.0,0.0,0.0,0.0,0.0,0.0,0.0,0.0,0.0,0.0,0.0,0.0,0.003390878,0.0,0.0,0.0,0.0,0.0,0.0,0.0,0.0,0.0,0.0,0.0,0.0,0.0,0.0,0.0,0.0,0.0,0.0,0.0,0.0,0.0,0.0,0.002712702,0.0,0.0,0.0,0.0,0.0,0.0,0.0,0.0,0.0,0.0,0.0,0.0,0.0,0.0,0.0,0.0,0.0,0.0,0.0,0.08612829,0.0
ERR1513693,0.0,0.002256141,0.006768422,0.0,0.0,0.0,0.019703629,0.0,0.0,0.0,0.0,0.0,0.0,0.0,0.0,0.0,0.0,0.0,0.0,0.043317902,0.0,0.0,0.0,0.0,0.0,0.0,0.000300819,0.0,0.0,0.0,0.0,0.0,0.0,0.0,0.0,0.0,0.0,0.0,0.059900536,0.0,0.0,0.070391591,0.0,0.0,0.0,0.0,0.0,0.114611949,0.0,0.0,0.026171233,0.005865966,0.0,0.0,0.001729708,0.0,0.0,0.0,0.0,0.023463864,0.0,0.0,0.009927019,0.0,0.0,0.0,0.0,0.000631719,0.0,0.0,0.0,0.0,0.0,0.0,0.0,0.0,0.0,0.0,0.0,0.0,0.0,0.0,0.0,0.0,0.0,0.0,0.0,0.0,0.0,0.0,0.0,0.0,0.0,0.0,0.0,0.0,0.0,0.0,0.0,0.0,0.0,0.0,0.0,0.0,0.0,0.0,0.0,0.0,0.0,0.0,0.0,0.0,0.0,0.0,0.0,0.0,0.0,0.000676842,0.0,0.0,0.0,0.0,0.0,0.0,0.0,0.0,0.001353684,0.0,0.0,0.009250177,0.0,0.009062165,0.0,0.0,0.0,0.0,0.0,0.0,0.0,0.0,0.021658951,0.0,0.0,0.0,0.0,0.005801505,0.006317194,0.0,0.0,0.0,0.013536844,0.0,0.0,0.0,0.009656282,0.0,0.0,0.0,0.0,0.0,0.0,0.0,0.084830892,0.0,0.0,0.0,0.008460528,0.0,0.0,0.0,0.000564035,0.0,0.0,0.0,0.0,0.0,0.0,0.0,0.0,0.0,0.0,0.0,0.049635096,0.051740827,0.00057429,0.0,0.0,0.001015263,0.0,0.05595229,0.0,0.0,0.0,0.0,0.0,0.0,0.0,0.0,0.015341757,0.0,0.0,0.0,0.0,0.0,0.0,0.0,0.01940281,0.001453957,0.0,0.0,0.002707369,0.0,0.001466491,0.0,0.0,0.0,0.0,0.0,0.0,0.0,0.0,0.0,0.0,0.0,0.0,0.0,0.0,0.0,0.0,0.0,0.0,0.0,0.0,0.0,0.0,0.0,0.0,0.0,0.0,0.0,0.0,0.0,0.0,0.005715557,0.0,0.0,0.0,0.0,0.0,0.0,0.0,0.001353684,0.003609825,0.0,0.0,0.0,0.0,0.0,0.0,0.0,0.0,0.0,0.0,0.0,0.0,0.0,0.0,0.0,0.0,0.0,0.0,0.02323825,0.0
ERR1513990,0.0,0.0,0.0,0.0,0.0,0.0,0.0,0.0,0.0,0.0,0.0,0.0,0.0,0.0,0.0,0.0,0.0,0.0,0.0,0.005337144,0.0,0.0,0.0,0.0,0.0,0.0,0.000569295,0.0,0.0,0.0,0.0,0.0,0.0,0.0,0.0,0.0,0.0,0.0,0.04052671,0.0,0.0,0.0,0.0,0.0,0.0,0.0,0.0,0.206654201,0.0,0.0,0.0,0.05650256,0.0,0.0,0.000142324,0.0,0.0,0.0,0.0,0.138765734,0.0,0.0,0.011955202,0.0,0.0,0.0,0.0,0.0,0.0,0.0,0.0,0.0,0.0,0.0,0.0,0.0,0.0,0.0,0.0,0.0,0.0,0.0,0.0,0.0,0.0,0.0,0.0,0.0,0.0,0.0,0.0,0.0,0.0,0.0,0.0,0.0,0.0,0.0,0.0,0.0,0.0,0.0,0.0,0.0,0.0,0.0,0.0,0.0,0.01302263,0.0,0.0,0.0,0.0,0.0,0.0,0.0,0.0,0.0,0.0,0.0,0.0,0.0,0.0,0.0,0.0,0.0,0.0,0.0,0.0,0.0,0.0,0.006084344,0.0,0.0,0.0,0.0,0.0,0.000237206,0.0,0.0,0.144316363,0.0,0.0,0.0,0.0,0.000670955,0.003415772,0.0,0.003501166,0.0,0.006831544,0.0,0.0,0.0,0.000768549,0.0,0.0,0.0,0.0,0.0,0.0,0.013236116,0.22928369,0.042270177,0.0,0.0,0.0,0.000640457,0.002134857,0.0,0.0,0.0,0.0,0.0,0.0,0.0,0.0,0.0,0.0,0.0,0.0,0.0,0.010087201,0.012809145,0.002348343,0.0,0.0,0.000320229,0.0,0.031168919,0.0,0.0,0.0,0.0,0.0,0.0,0.0,0.0,0.012168687,0.0,0.0,0.0,0.0,0.0,0.0,0.0,0.0,0.0,0.0,0.0,0.0,0.0,0.0,0.0,0.0,0.0,0.0,0.0,0.0,0.0,0.000853943,0.0,0.0,0.0,0.0,0.0,0.0,0.0,0.0,0.0,0.0,0.0,0.0,0.0,0.0,0.0,0.0,0.0,0.0,0.0,0.0,0.0,0.0,0.0,0.0,0.0,0.0,0.0,0.0,0.0,0.0,0.0,0.0,0.0,0.0,0.0,0.0,0.0,0.0,0.0,0.0,0.0,0.0,0.0,0.0,0.0,0.0,0.0,0.0,0.0,0.0,0.0,0.0
ERR1513695,0.0,0.0,0.0,0.0,0.0,0.0,0.001621315,0.0,0.0,0.0,0.0,0.0,0.0,0.0,0.0,0.0,0.0,0.0,0.0,0.310771283,0.0,0.0,0.0,0.0,0.0,0.0,0.0,0.0,0.0,0.0,0.0,0.0,0.0,0.0,0.0,0.0,0.0,0.0,0.064476211,0.0,0.0,0.022582597,0.0,0.0,0.0,0.0,0.0,0.056630206,0.0,0.0,0.003404761,0.03011013,0.0,0.0,0.000868561,0.0,0.0,0.0,0.0,0.005558793,0.0,0.0,0.0,0.0,0.0,0.0,0.0,0.000555879,0.0,0.013549558,0.0,0.0,0.0,0.0,0.0,0.0,0.0,0.0,0.0,0.0,0.0,0.0,0.0,0.0,0.0,0.0,0.0,0.0,0.0,0.0,0.0,0.0,0.0,0.0,0.0,0.0,0.0,0.0,0.0,0.0,0.0,0.117776931,0.0,0.0,0.0,0.0,0.0,0.0,0.018760927,0.0,0.0,0.0,0.0,0.0,0.0,0.0,0.0,0.0,0.0,0.0,0.0,0.0,0.0,0.0,0.0,0.0,0.0,0.0,0.0,0.0,0.0,0.000463233,0.0,0.000463233,0.0,0.0,0.0,0.00042463,0.0,0.0,0.002084547,0.0,0.0,0.0,0.0,0.00094301,0.058367329,0.0,0.0,0.0,0.022235173,0.0,0.0,0.0,0.003543731,0.0,0.0,0.0,0.0,0.0,0.0,0.0,0.005906218,0.01598153,0.0,0.0,0.003995383,0.007817053,0.014244408,0.0,0.0,0.0,0.0,0.0,0.0,0.0,0.0,0.0,0.0,0.0,0.0,0.0,0.008642186,0.000463233,0.0,0.0,0.0,0.000260568,0.0,0.0,0.0,0.0,0.0,0.0,0.006774779,0.0,0.0,0.0,0.0,0.0,0.0,0.0,0.0,0.003474246,0.0,0.0,0.000694849,0.0,0.0,0.0,7.72e-05,0.0,0.0,0.0,0.0,0.0,0.0,0.0,0.0,0.0,0.0,0.0,0.0,0.0,0.0,0.0,0.0,0.0,0.0,0.0,0.0,0.0,0.0,0.0,0.0,0.0,0.0,0.0,0.0,0.0,0.0,0.0,0.0,0.0,0.0,0.0,0.0,0.0,0.0,0.0,0.0,0.0,0.0,0.0,0.0,0.0,0.0,0.0,0.0,0.0,0.0,0.0,0.0,0.0,0.0,0.0,0.0,0.0,0.0,0.0,0.0,0.0,0.0
ERR1513991,0.0,0.0,0.0,0.0,0.0,0.0,0.0,0.0,0.0,0.0,0.0,0.0,0.0,0.0,0.0,0.0,0.0,0.0,0.0,0.001161947,0.0,0.0,0.0,0.0,0.0,0.0,0.000492947,0.0,0.0,0.0,0.0,0.0,0.0,0.0,0.0,0.0,0.0,0.0,0.017217945,0.0,0.0,0.0,0.0,0.0,0.0,0.0,0.0,0.232495075,0.0,0.0,0.001521095,0.00880263,0.0,0.0,0.0,0.0,0.0,0.0,0.0,0.018591155,0.0,0.0,0.004013999,0.0,0.0,0.0,0.0,0.000338021,0.0,0.0,0.0,0.0,0.0,0.0,0.0,0.0,0.0,0.0,0.0,0.0,0.0,0.0,0.0,0.0,0.0,0.0,0.0,0.0,0.0,0.0,0.0,0.0,0.0,0.0,0.0,0.0,0.0,0.0,0.0,0.0,0.0,0.0,0.0,0.0,0.0,0.0,0.0,0.0,0.001478842,0.0,0.0,0.0,0.0,0.0,0.000845053,0.0,0.0,0.0,0.0,0.0,0.0,0.0,0.0,0.0,0.0,0.0,0.00036971,0.0,0.0,0.004647789,0.0,0.00438371,0.0,0.0,0.0,0.0,0.0,0.0,0.0,0.0,0.012464525,0.0,0.0,0.001795737,0.0,0.002414436,0.001267579,0.0,0.001816863,0.0,0.014999682,0.0,0.0,0.0,0.001943621,0.0,0.0,0.0,0.0,0.0,0.0,0.002007,0.205559026,0.001267579,0.0,0.0,0.003274579,0.002922473,0.0,0.0,0.0,0.0,0.0,0.0,0.0,0.0,0.001161947,0.0,0.0,0.0,0.000598579,0.0,0.005677697,0.027252944,0.001795737,0.0,0.0,0.0,0.0,0.058379045,0.0,0.0,0.0,0.0,0.0,0.0,0.0,0.0,0.022499523,0.0,0.0,0.0,0.0,0.0,0.0,0.0,0.0,0.0,0.0,0.0,0.0,0.0,0.0,0.0,0.0,0.0,0.051759467,0.0,0.0,0.0,0.0,0.0,0.0,0.0,0.0,0.01823905,0.0,0.0,0.0,0.0,0.0,0.0,0.0,0.0,0.0,0.0,0.0,0.0,0.0,0.0,0.0,0.0,0.0,0.000845053,0.0,0.0,0.0,0.0,0.0,0.0,0.0,0.0,0.0,0.0,0.0,0.0,0.0,0.0,0.0,0.0,0.0,0.0,0.0,0.0,0.0,0.0,0.0,0.0,0.0,0.0,0.0,0.042358258,0.0
ERR1513703,0.0,0.0,0.0,0.0,0.0,0.0,0.0,0.0,0.0,0.0,0.0,0.0,0.0,0.0,0.0,0.0,0.0,0.0,0.0,0.012121344,0.0,0.0,0.0,0.0,0.0,0.0,0.0,0.0,0.0,0.0,0.0,0.0,0.0,0.0,0.0,0.0,0.0,0.0,0.117360917,0.0,0.0,0.0,0.0,0.0,0.0,0.0,0.0,0.014376477,0.0,0.0,0.0,0.0,0.0,0.0,0.0,0.0,0.0,0.0,0.0,0.0,0.0,0.0,0.0,0.0,0.0,0.0,0.0,0.0,0.0,0.0,0.0,0.0,0.0,0.0,0.0,0.0,0.0,0.0,0.0,0.0,0.0,0.0,0.0,0.0,0.0,0.0,0.0,0.0,0.0,0.0,0.0,0.0,0.0,0.0,0.0,0.0,0.0,0.0,0.0,0.0,0.001409459,0.0,0.0,0.0,0.0,0.0,0.0,0.0,0.001127567,0.0,0.0,0.0,0.0,0.0,0.0,0.0,0.0,0.057787801,0.0,0.0,0.0,0.0,0.0,0.0,0.0,0.0,0.0,0.0,0.0,0.0,0.0,0.044679837,0.0,0.003382701,0.0,0.0,0.0,0.003382701,0.004228376,0.0,0.0,0.0,0.008832607,0.004792159,0.0,0.0,0.0,0.0,0.0,0.0,0.0,0.0,0.0,0.0,0.005074051,0.0,0.0,0.0,0.0,0.003382701,0.0,0.0,0.016349719,0.005637834,0.0,0.0,0.0,0.0,0.007892968,0.0,0.0,0.0,0.0,0.0,0.0,0.0,0.003946484,0.0,0.0,0.0,0.000939639,0.0,0.010570939,0.0,0.011455054,0.0,0.0,0.0,0.0,0.0,0.0,0.0,0.0,0.0,0.0,0.0,0.0,0.0,0.000563783,0.0,0.0,0.0,0.0,0.007047293,0.0,0.00169135,0.0,0.0,0.0,0.0,0.0,0.0,0.0,0.0,0.0,0.0,0.0,0.0,0.0,0.014094586,0.0,0.0,0.0,0.0,0.0,0.0,0.0,0.0,0.0,0.0,0.0,0.0,0.0,0.0,0.0,0.0,0.0,0.0,0.0,0.0,0.0,0.0,0.0,0.0,0.0,0.0,0.0,0.0,0.0,0.0,0.0,0.0,0.0,0.0,0.0,0.0,0.0,0.0,0.0,0.0,0.0,0.0,0.0,0.0,0.0,0.0,0.0,0.0,0.0,0.0,0.0,0.0,0.0
ERR1513993,0.0,0.0,0.0,0.0,0.0,0.0,0.0,0.0,0.0,0.0,0.0,0.0,0.0,0.0,0.0,0.0,0.0,0.0,0.0,0.002943152,0.0,0.0,0.0,0.0,0.0,0.0,0.0,0.0,0.0,0.0,0.0,0.0,0.0,0.0,0.0,0.0,0.0,0.0,0.005348309,0.0,0.0,0.014051178,0.0,0.0,0.003227973,0.0,0.0,0.024779443,0.0,0.0,0.010101658,0.007595232,0.0,0.0,0.0,0.000113928,0.0,0.0,0.0,0.0,0.0,0.0,0.004177377,0.0,0.211717081,0.0,0.001020609,0.000151905,0.0,0.008671223,0.0,0.0,0.0,0.0,0.0,0.0,0.0,0.0,0.0,0.0,0.0,0.0,0.0,0.0,0.0,0.0,0.0,0.0,0.0,0.0,0.0,0.0,0.0,0.0,0.0,0.0,0.0,0.0,0.0,0.0,0.0,0.0,0.0,0.0,0.0,0.0,0.0,0.0,0.0,0.0,0.0,0.0,0.0,0.0,0.0,0.0,0.0,0.00246845,0.0,0.0,0.0,0.0,0.0,0.0,0.0,0.0,0.0,0.0,0.0,0.0,0.0,0.004082437,0.0,0.0,0.0,0.397610374,0.0,0.000189881,0.0,0.0,0.00474702,0.0,0.0,0.0,0.0,0.010904583,0.001519046,0.0,0.0,0.0,0.00246845,0.0,0.0,0.0,0.003076069,0.0,0.0,0.0,0.0,0.0,0.0,0.0,0.118865375,0.003987497,0.0,0.0,0.0,0.00069623,0.0,0.0,0.0,0.0,0.0,0.0,0.0,0.0,0.0,0.0,0.0,0.0,0.000189881,0.018988079,0.018252291,0.006012892,0.000440178,0.0,0.0,0.0,0.0,0.012975187,0.0,0.0,0.0,0.0,0.0,0.0,0.0,0.0,0.000189881,0.0,0.0,0.0,0.0,0.001139285,0.0,0.0,0.0,0.0,0.0,0.0,0.0,0.0,0.0,0.0,0.0,0.0,0.0,0.0,0.0,0.0,0.0,0.0,0.0,0.0,0.0,0.002151982,0.0,0.0,0.0,0.0,0.0,0.0,0.0,0.0,0.0,0.0,0.0,0.0,0.0,0.0,0.0,0.0,0.0,0.00069623,0.0,0.0,0.0,0.0,0.0,0.0,0.0,0.0,0.0,0.0,0.0,0.0,0.0,0.0,0.0,0.0,0.0,0.0,0.0,0.0,0.0,0.0,0.0,0.0,0.0,0.0,0.0,0.0,0.0
ERR1513705,0.0,0.0,0.0,0.0,0.0,0.0,0.0,0.0,0.0,0.0,0.0,0.0,0.0,0.0,0.0,0.0,0.0,0.0,0.0,0.037861053,0.0,0.0,0.0,0.0,0.0,0.0,0.0,0.0,0.0,0.0,0.0,0.0,0.0,0.0,0.0,0.0,0.0,0.0,0.049692632,0.0,0.0,0.030066131,0.0,0.0,0.0,0.0,0.0,0.236631583,0.0,0.0,0.016146626,0.169446773,0.0,0.0,0.002505511,0.0,0.0,0.0,0.0,0.007794923,0.0,0.0,0.054564459,0.0,0.0,0.0,0.007238143,0.0,0.0,0.0,0.0,0.0,0.0,0.0,0.0,0.0,0.0,0.0,0.0,0.0,0.0,0.0,0.0,0.0,0.0,0.0,0.0,0.0,0.0,0.0,0.0,0.0,0.016703406,0.0,0.0,0.0,0.0,0.0,0.0,0.0,0.0,0.0,0.0,0.0,0.0,0.002783901,0.0,0.0,0.00139195,0.0,0.0,0.0,0.0,0.0,0.0,0.0,0.0,0.0,0.0,0.0,0.0,0.0,0.0,0.0,0.0,0.0,0.0,0.0,0.0,0.002227121,0.0,0.001159959,0.0,0.0,0.0,0.0,0.0,0.0,0.0,0.0,0.002783901,0.0,0.0,0.0,0.0,0.00103402,0.004454242,0.0,0.002338477,0.0,0.0,0.0,0.0,0.0,0.00111356,0.0,0.0,0.0,0.0,0.0,0.0,0.0,0.0,0.033406812,0.0,0.0,0.003479876,0.001670341,0.019487307,0.0,0.0,0.0,0.0,0.0,0.0,0.0,0.0,0.0,0.0,0.0,0.0,0.0,0.008908483,0.00055678,0.000303698,0.0,0.0,0.0,0.0,0.021714428,0.0,0.0,0.0,0.0,0.0,0.0,0.0,0.0,0.082681859,0.0,0.0,0.0,0.0,0.0,0.0,0.0,0.003340681,0.0,0.0,0.0,0.0,0.0,0.0,0.0,0.0,0.0,0.0,0.0,0.0,0.0,0.0,0.0,0.0,0.0,0.0,0.0,0.0,0.000371187,0.0,0.0,0.0,0.0,0.0,0.0,0.0,0.0,0.0,0.0,0.0,0.0,0.0,0.0,0.0,0.0,0.0,0.0,0.0,0.0,0.0,0.0,0.0,0.00139195,0.0,0.0,0.0,0.024498329,0.0,0.0,0.0,0.0,0.0,0.0,0.0,0.0,0.0,0.0,0.0,0.0,0.0,0.0,0.0,0.134462417,0.0
ERR1513996,0.0,0.0,0.0,0.0,0.0,0.0,0.0,0.0,0.0,0.0,0.0,0.0,0.0,0.0,0.0,0.0,0.0,0.0,0.0,0.0,0.0,0.0,0.0,0.0,0.0,0.0,0.0,0.0,0.0,0.0,0.0,0.0,0.0,0.0,0.0,0.0,0.0,0.0,0.03045286,0.0,0.0,0.0,0.0,0.0,0.014493146,0.0,0.0,0.037009283,0.0,0.0,0.020600972,0.0,0.0,0.0,0.0,0.0,0.0,0.0,0.0,0.0,0.0,0.0,0.007246573,0.0,0.0,0.0,0.0,0.0,0.0,0.0,0.0,0.0,0.0,0.0,0.0,0.0,0.0,0.0,0.0,0.0,0.0,0.0,0.0,0.0,0.0,0.0,0.0,0.0,0.0,0.0,0.0,0.0,0.0,0.0,0.0,0.0,0.0,0.0,0.0,0.0,0.0,0.0,0.0,0.0,0.0,0.001552837,0.0,0.0,0.006470154,0.0,0.0,0.0,0.0,0.0,0.0,0.0,0.0,0.002329256,0.0,0.0,0.0,0.0,0.0,0.0,0.0,0.0,0.0,0.0,0.0,0.002846868,0.0,0.002588062,0.0,0.00069015,0.0,0.0,0.0,0.0,0.0,0.0,0.006728961,0.0,0.0,0.0,0.0,0.0,0.0,0.0,0.0,0.0,0.008281798,0.0,0.0,0.0,0.007350095,0.0,0.0,0.0,0.0,0.0,0.0,0.011775681,0.658402916,0.083335589,0.0,0.0,0.0,0.0,0.002588062,0.0,0.0,0.0,0.0,0.0,0.0,0.0,0.0,0.0,0.0,0.0,0.000172537,0.0,0.03183316,0.0,0.004258538,0.0,0.0,0.000323508,0.0,0.003968361,0.0,0.0,0.0,0.0,0.0,0.0,0.0,0.0,0.01759882,0.0,0.0,0.0,0.0,0.000776419,0.0,0.0,0.0,0.0,0.0,0.0,0.0,0.0,0.0,0.0,0.0,0.0,0.0,0.0,0.0,0.0,0.0,0.0,0.0,0.0,0.0,0.0,0.0,0.0,0.0,0.0,0.0,0.0,0.0,0.0,0.0,0.0,0.0,0.0,0.0,0.0,0.0,0.0,0.0,0.0,0.0,0.0,0.0,0.0,0.0,0.0,0.0,0.0,0.0,0.0,0.0,0.0,0.0,0.0,0.0,0.0,0.0,0.004399705,0.0,0.0,0.0,0.0,0.0,0.0,0.0,0.0,0.0,0.0,0.0
ERR1513706,0.0003805,0.00272358,0.023470852,0.0,0.0,0.0,0.000587439,0.0,0.000240316,0.0,0.0,0.0,0.0,0.0,0.0,0.0,0.0,0.002643475,0.0,0.0,0.0,0.0,0.0,0.0,0.0,0.000160211,0.0,0.0,0.0,0.0,0.0,0.0,0.0,0.0,0.0,0.0,0.0,0.0,0.002162843,0.0,0.0,0.755152632,0.0,0.0,0.0,0.0,0.0,0.0,0.0,0.0,0.001586085,0.041788263,0.0,0.0,0.028157012,0.0,0.0,0.0,0.0,0.0,0.0,0.0,0.001121474,0.0,0.0,0.0,0.0,0.000352463,0.0,0.0,0.0,0.0,0.0,0.0,0.0,0.0,0.0,0.0,0.0,0.0,0.0,0.0,0.0,0.0,0.0,0.000881158,0.0,0.0,0.0,0.0,0.0,0.0,0.0,0.0,0.0,0.0,0.0,0.0,0.0,0.0,0.0,0.0,0.0,0.0,0.0,0.0,0.0,0.0,0.000320421,0.0,0.000801053,0.0,0.0,0.0,0.0,0.0,0.0,0.0,0.0,0.0,0.0,0.0,0.0,0.0,0.0,0.0,0.0,0.0,0.0,0.0,0.0,0.0,0.0,0.0,0.0,0.0,0.0,0.000320421,0.0,0.0,0.0,0.0,0.021040991,0.0,0.0,0.0,0.0,0.0,0.0,0.0,0.0,0.0,0.0,0.0,0.0,0.0,0.0,0.0,0.0,0.0,0.0,0.0,0.0,0.0,0.0,0.0,0.000460605,0.000560737,0.064324553,0.00136179,0.0,0.0,0.0,0.0,0.0,0.0,0.000440579,0.0,0.0,0.0,0.0,0.0,0.0,0.0,2.55e-05,0.0,0.0,0.002413172,0.0,0.0,0.0,0.0,0.0,0.0,0.001151514,0.0,0.0,0.0,0.000560737,0.0,0.0,0.0,0.0,0.0,0.0,0.0,0.018424218,0.002287451,0.0,0.001762317,0.004468095,0.0,0.004525949,0.0,0.000720948,0.0,0.0,0.0,0.0,0.0,0.0,0.005527265,0.0,0.0,0.0,0.0,0.0,0.003417826,0.0,0.000120158,0.0,0.0,0.0,0.0,0.0,0.0,0.0,0.0,0.0,0.0,0.0,0.0,0.0,0.0,0.0,0.0,0.0,0.0,0.0,0.0,0.0,0.0,0.0,0.0,0.0,0.0,0.0,0.0,0.0,0.0,0.0,0.0,0.0,0.0,0.0,0.0,0.0,0.0,0.0,0.0,0.0,0.0,0.0
ERR1514001,0.0,0.0,0.0,0.0,0.0,0.0,0.000137617,0.0,0.0,0.0,0.0,0.0,0.0,0.0,0.0,0.0,0.0,0.0,0.0,0.001376166,0.0,0.0,0.0,0.0,0.0,0.0,0.0,0.0,0.0,0.0,0.0,0.0,0.0008257,0.0,0.0,0.0,0.0,0.0,0.040918011,0.0,0.0,0.0,0.0,0.0,0.0,0.0,0.0,0.030000425,0.0,0.0,0.009192791,0.009082697,0.0,0.0,0.0,0.0,0.0,0.0,0.0,0.038257422,0.0,0.0,0.145873625,0.0,0.0,0.0,0.001926633,0.001100933,0.0,0.0,0.0,0.0,0.0,0.0,0.0,0.0,0.0,0.0,0.0,0.0,0.0,0.0,0.0,0.0,0.0,0.0,0.0,0.0,0.0,0.0,0.0,0.0,0.0,0.00041285,0.0,0.0,0.0,0.0,0.0,0.0,0.0,0.0,0.0,0.0,0.0,0.0,0.0,0.0,0.005091815,0.0,0.0,0.0,0.0,0.0,0.0,0.0,0.0,0.0,0.0,0.0,0.0,0.0,0.0,0.0,0.0,0.0,0.0,0.0,0.0,0.004678965,0.0,0.005527601,0.0,0.001192677,0.0,0.0,0.0,0.00103977,0.0,0.0,0.01183503,0.0,0.0,0.0,0.0,0.001494123,0.0,0.0,0.001871586,0.0,0.0,0.0,0.0,0.0,0.000605513,0.0,0.0,0.0,0.0,0.0,0.0,0.0,0.487713329,0.0,0.0,0.0,0.0,0.002110122,0.003302799,0.0,0.0,0.0,0.0,0.0,0.0,0.0,0.0,0.0,0.0,0.0,0.0,0.0,0.0,0.007614787,0.002552163,0.0,0.0,0.000481658,0.0,0.010367119,0.0,0.0,0.0,0.0,0.0,0.0,0.0,0.0,0.070322097,0.0,0.0,0.0,0.0,0.0,0.0,0.0,0.0,0.0,0.0,0.0,0.0,0.0,0.0,0.0,0.0,0.0,0.0,0.0,0.0,0.001100933,0.0,0.0,0.0,0.0,0.0,0.0,0.0,0.0,0.0,0.0,0.0,0.0,0.0,0.0,0.0,0.0,0.0,0.0,0.0,0.040184055,0.0,0.0,0.0,0.0,0.0,0.0,0.0,0.0,0.0,0.0,0.0,0.0,0.0,0.0,0.0,0.0,0.0,0.0,0.0,0.0,0.0,0.0,0.0,0.0,0.0,0.0,0.0,0.0,0.0,0.0,0.0,0.02284436,0.0
ERR1513710,0.0,0.0,0.0,0.0,0.0,0.0,0.000723034,0.0,0.0,0.0,0.0,0.0,0.0,0.0,0.0,0.0,0.0,0.0,0.0,0.0,0.0,0.0,0.0,0.0,0.0,0.0,0.0,0.0,0.0,0.0,0.0,0.0,0.0,0.0,0.0,0.0,0.0,0.0,0.02772557,0.0,0.0,0.090434857,0.0,0.0,0.0,0.0,0.0,0.094439353,0.0,0.0,0.034505403,0.03047866,0.0,0.0,0.00389326,0.0,0.085596092,0.0,0.0,0.008008991,0.0,0.0,0.006674159,0.0,0.0,0.0,0.0,0.003270338,0.0,0.006340451,0.0,0.0,0.0,0.0,0.0,0.0,0.0,0.0,0.0,0.0,0.0,0.0,0.0,0.0,0.0,0.0,0.0,0.0,0.0,0.0,0.0,0.0,0.0,0.0,0.0,0.0,0.0,0.0,0.0,0.0,0.0,0.0,0.0,0.0,0.0,0.0,0.0,0.0,0.0,0.0,0.0,0.0,0.0,0.0,0.0,0.0,0.0,0.0,0.0,0.0,0.0,0.0,0.0,0.0,0.0,0.0,0.0,0.0,0.0,0.0,0.0,0.003809833,0.0,0.0,0.0,0.0,0.0,0.0,0.0,0.0,0.012680902,0.0,0.0,0.0,0.0,0.008771752,0.002669664,0.0,0.001468315,0.0,0.034705628,0.0,0.0,0.0,0.00921034,0.0,0.0,0.0,0.0,0.0,0.0,0.062737096,0.069411256,0.153171954,0.0,0.0,0.004588484,0.001724158,0.021357309,0.0,0.003253653,0.0,0.0,0.0,0.0,0.0,0.000500562,0.0,0.0,0.0,0.0,0.0,0.013515172,0.004338203,0.003397754,0.0,0.0,0.000208567,0.0,0.043270799,0.0,0.0,0.0,0.0,0.000208567,0.0,0.0,0.0,0.091269127,0.0,0.0,0.0,0.0,0.0,0.0,0.0,0.005673035,0.000111236,0.0,0.0,0.0,0.0,0.001001124,0.0,0.0,0.0,0.0,0.0,0.0,0.001334832,0.0,0.001001124,0.000667416,0.0,0.0,0.0,0.0,0.0,0.0,0.0,0.0,0.0,0.0,0.0,0.0,0.0,0.0,0.0,0.0,0.0,0.0,0.0,0.0,0.0,0.0,0.0,0.000889888,0.0,0.0,0.0,0.0,0.001334832,0.0,0.0,0.0,0.0,0.0,0.0,0.0,0.0,0.0,0.0,0.0,0.0,0.0,0.0,0.0,0.0,0.0,0.0,0.0,0.000500562,0.0
ERR1514010,0.0,0.0,0.0,0.0,0.0,0.0,0.0,0.0,0.0,0.0,0.0,0.0,0.0,0.0,0.0,0.0,0.0,0.0,0.0,0.002023165,0.0,0.0,0.0,0.0,0.0,0.0,0.000207504,0.0,0.0,0.0,0.0,0.0,0.0,0.0,0.0,0.0,0.0,0.0,0.007625776,0.0,0.0,0.072211428,0.0,0.036728226,0.0,0.0,0.0,0.213054838,0.0,0.0,0.001556281,0.067646338,0.0,0.0,0.0,0.0,0.0,0.0,0.0,0.035483202,0.0,0.0,0.0,0.0,0.0,0.0,0.00182863,0.003112562,0.0,0.0,0.0,0.0,0.0,0.0,0.0,0.0,0.0,0.0,0.0,0.0,0.0,0.0,0.0,0.0,0.0,0.0,0.0,0.0,0.0,0.0,0.004668842,0.0,0.0,0.0,0.0,0.0,0.0,0.0,0.0,0.0,0.0,0.0,0.0,0.0,0.0,0.0,0.0,0.0,0.0,0.0,0.0,0.0,0.0,0.0,0.0,0.0,0.0,0.0,0.0,0.0,0.0,0.0,0.0,0.0,0.0,0.0,0.0,0.0,0.0,0.0,0.0,0.005109789,0.0,0.00051876,0.0,0.0,0.0,0.001521697,0.0,0.0,0.012450246,0.0,0.0,0.002334421,0.0,0.002134328,0.0,0.0,0.0,0.0,0.015251552,0.0,0.0,0.0,0.002365547,0.0,0.0,0.0,0.0,0.0,0.0,0.028946822,0.316858765,0.003423818,0.0,0.0,0.0,0.0,0.0,0.0,0.0,0.0,0.0,0.0,0.0,0.0,0.001867537,0.0,0.0,0.0,0.0,0.0,0.011983362,0.0,0.003353078,0.0,0.0,0.005213541,0.0,0.022410443,0.0,0.0,0.0,0.0,0.0,0.0,0.0,0.0,0.0,0.0,0.0,0.0,0.0,0.0,0.0,0.0,0.00077814,0.0,0.0,0.0,0.0,0.0,0.0,0.0,0.000933768,0.0,0.0,0.0,0.0,0.0,0.0,0.0,0.0,0.0,0.0,0.054054819,0.0,0.0,0.019609138,0.0,0.0,0.0,0.0,0.0,0.0,0.0,0.0,0.0,0.0,0.0,0.0,0.0,0.0,0.0,0.0,0.0,0.0,0.0,0.0,0.0,0.0,0.0,0.0,0.0,0.0,0.0,0.0,0.0,0.0,0.0,0.0,0.0,0.0,0.0,0.0,0.0,0.0,0.0,0.0,0.0,0.0,0.002956933,0.0
ERR1513711,0.0,0.040723727,0.030873584,0.0,0.0,0.0,0.000612571,0.0,0.0,0.0,0.0,0.0,0.0,0.0,0.0,0.0,0.0,0.0,0.0,0.002058239,0.0,0.0,0.0,0.0,0.0,0.0,0.0,0.0,0.0,0.0,0.0,0.0,0.0,0.0,0.0,0.0,0.0,0.0,0.001666193,0.0,0.0,0.634231626,0.0,0.0,0.0,0.0,0.0,0.0,0.0,0.0,0.005939489,0.011222303,0.0,0.0,0.105337728,0.0,0.0,0.0,0.0,0.007203836,0.0,0.0,0.015583809,0.0,0.0,0.0,0.001010742,0.001058523,0.0,0.0,0.0,0.0,0.0,0.0,0.0,0.0,0.0,0.0,0.0,0.0,0.0,0.0,0.0,0.002352273,0.0,0.0,0.0,0.0,0.0,0.0,0.0,0.0,0.0,0.0,0.0,0.0,0.0,0.0,0.0,0.0,0.0,0.0,0.0,0.0,0.0,0.0,0.0,0.0,0.0,0.0,0.004557529,0.0,0.0,0.0,0.0,0.0,0.0,0.0,0.0,0.0,0.0,0.0,0.0,0.0,0.0,0.0,0.0,0.0,0.0,0.0,0.0,0.0,0.0,0.0,0.0,0.0,0.0,0.004851563,0.004189986,0.0,0.0,0.0,0.02989347,0.0,0.0,0.000126015,0.0,0.0,0.0,0.0,0.0,0.0,0.0,0.0,0.0,0.0,0.0,0.0,0.0,0.0,0.0,0.0,0.001176137,0.0,0.0,0.0,0.0,0.0,0.004557529,0.0,0.0,0.0,0.0,0.0,0.0,0.0,0.000588068,0.0,0.0,0.0,0.0,0.0,0.0,0.0,0.000100239,0.0,0.0,0.000532937,0.0,0.001764205,0.0,0.0,0.0,0.0,0.01589622,0.0,0.0,0.0,0.000955611,0.0,0.0,0.0,0.0,0.0,0.0,0.0,0.009556109,0.007154831,0.0,0.007938922,0.005161933,0.0,0.0,0.0,0.0,0.0,0.0,0.0,0.0,0.0,0.0,0.004263495,0.0,0.0,0.0060277,0.0,0.0,0.00215625,0.0,0.0,0.0,0.0,0.0,0.0,0.0,0.0,0.0,0.0,0.0,0.0,0.0,0.0,0.0,0.0,0.0,0.0,0.0,0.0,0.0,0.0,0.0,0.0,0.0,0.0,0.0,0.0,0.0,0.0,0.0,0.0,0.0,0.0,0.0,0.0,0.0,0.0,0.0,0.0,0.0,0.0,0.00301385,0.009556109,0.0
ERR1514013,0.0,0.0,0.0,0.0,0.0,0.0,0.0,0.0,0.0,0.0,0.0,0.0,0.0,0.0,0.0,0.0,0.0,0.0,0.0,0.0,0.0,0.0,0.0,0.0,0.0,0.0,0.0,0.0,0.0,0.0,0.0,0.0,0.0,0.0,0.0,0.0,0.0,0.0,0.039301637,0.0,0.0,0.03077518,0.0,0.0,0.013589041,0.0,0.0,0.14398388,0.0,0.0,0.014508299,0.009392425,0.0,0.0,0.0,0.0,0.0,0.0,0.0,0.070143431,0.0,0.0,0.010191781,0.0,0.0,0.0,0.0,0.000399678,0.0,0.0,0.0,0.0,0.0,0.0,0.0,0.0,0.0,0.0,0.0,0.0,0.0,0.0,0.0,0.0,0.0,0.0,0.0,0.0,0.0,0.0,0.0,0.0,0.0,0.0,0.0,0.0,0.0,0.0,0.0,0.0,0.0,0.0,0.0,0.0,0.0,0.0,0.0,0.0,0.000899275,0.0,0.0,0.0,0.0,0.0,0.0,0.0,0.0,0.009292506,0.0,0.0,0.0,0.0,0.0,0.0,0.0,0.0,0.0,0.0,0.0,0.001298952,0.0,0.002448026,0.0,0.0,0.0,0.0,0.0,0.000377473,0.0,0.0,0.004196616,0.0,0.0,0.0,0.0,0.000970646,0.001398872,0.012290088,0.000479613,0.0,0.00679452,0.0,0.0,0.0,0.003677035,0.0,0.0,0.0,0.0,0.0,0.0,0.015187751,0.24839967,0.039767928,0.0,0.0,0.000399678,0.0,0.0,0.0,0.000349718,0.0,0.0,0.0,0.0,0.0,0.0,0.0,0.0,0.0,0.000166532,0.0,0.013913779,0.115107168,0.000654018,0.006394843,0.0,9.99e-05,0.0,0.014455009,0.003097502,0.0,0.0,0.0,0.0,0.0,0.0,0.0,0.0,0.0,0.0,0.0,0.0,0.0,0.0,0.0,0.0,0.0,0.0,0.0,0.0,0.0,0.0,0.0,0.0,0.0,0.0,0.0,0.0,0.001398872,0.0,0.0,0.000349718,0.0,0.0,0.0,0.0,0.000732742,0.0,0.0,0.0,0.0,0.0,0.0,0.0,0.0,0.0,0.0,0.0,0.0,0.0,0.0,0.0,0.0,0.0,0.0,0.0,0.0,0.0,0.0,0.0,0.000199839,0.0,0.0,0.0,0.0,0.0,0.0,0.0,0.0,0.0,0.0,0.0,0.0,0.0,0.0,0.0,0.0,0.0,0.0,0.0,0.0,0.0
ERR1513713,0.000543559,0.0,0.009421684,0.0,0.0,0.0,0.00736824,0.0,0.0,0.0,0.0,0.0,0.0,0.0,0.0,0.0,0.0,0.0,0.0,0.005073214,0.0,0.0,0.0,0.0,0.0,0.0,0.0,0.0,0.0,0.0,0.0,0.0,0.0,0.0,0.0,0.0,0.0,0.0,0.066676533,0.0,0.0,0.0,0.0,0.0,0.0,0.0,0.0,0.302943376,0.0,0.0,0.053921022,0.013528572,0.0,0.0,0.011595919,0.000869694,0.0,0.0,0.0,0.0,0.0,0.0,0.079721941,0.0,0.0,0.0,0.0,0.010581276,0.0,0.0,0.0,0.0,0.0,0.0,0.0,0.0,0.0,0.0,0.0,0.0,0.0,0.0,0.0,0.0,0.0,0.0,0.0,0.0,0.0,0.0,0.005797959,0.0,0.0,0.007609822,0.0,0.0,0.0,0.0,0.0,0.0,0.0,0.0,0.0,0.0,0.0,0.0,0.0,0.0,0.02645319,0.0,0.0,0.0,0.0,0.0,0.0,0.0,0.0,0.003623725,0.0,0.0,0.0,0.0,0.0,0.0,0.0,0.0,0.0,0.0,0.0,0.0,0.0,0.004408865,0.0,0.000966327,0.0,0.0,0.0,0.003382143,0.0,0.0,0.022467093,0.0,0.021017603,0.0,0.0,0.00041414,0.013770153,0.0,0.000724745,0.0,0.0,0.0,0.0,0.0,0.006957551,0.0,0.0,0.0,0.0,0.0,0.0,0.0,0.021017603,0.0,0.0,0.0,0.0,0.0,0.0,0.0,0.0,0.0,0.0,0.0,0.0,0.0,0.001087117,0.0,0.0,0.0,0.000966327,0.0,0.027721493,0.048799491,0.002174235,0.0,0.0,0.0,0.0,0.062569645,0.0,0.0,0.0,0.0,0.012139477,0.0,0.0,0.0,0.0,0.0,0.0,0.0,0.0,0.0,0.0,0.0,0.0,0.002657398,0.0,0.0,0.002576871,0.0,0.003080166,0.0,0.0,0.0,0.0,0.0,0.0,0.0,0.0,0.015219643,0.0,0.0,0.0,0.0,0.0,0.017152296,0.005073214,0.0,0.0,0.0,0.0,0.0,0.0,0.0,0.0,0.0,0.0,0.0,0.0,0.0,0.0,0.0,0.0,0.0,0.0,0.0,0.0,0.0,0.0,0.0,0.0,0.0,0.0,0.0,0.0,0.0,0.0,0.0,0.0,0.0,0.0,0.0,0.0,0.0,0.0,0.0,0.0,0.0,0.0,0.0,0.0
ERR1513717,0.0,0.0,0.001723525,0.0,0.0,0.0,0.013836079,0.0,0.0,0.0,0.0,0.0,0.0,0.0,0.0,0.0,0.0,0.0,0.0,0.094506642,0.0,0.0,0.0,0.0,0.0,0.0,0.000191503,0.0,0.0,0.0,0.0,0.0,0.0,0.0,0.0,0.0,0.0,0.0,0.025852881,0.0,0.0,0.037630304,0.0,0.0,0.0,0.0,0.0,0.121364912,0.0,0.0,0.0,0.0,0.0,0.0,0.009000633,0.0,0.0,0.0,0.0,0.0,0.0,0.0,0.016086237,0.0,0.0,0.0,0.000538602,0.001149017,0.0,0.016086237,0.0,0.0,0.0,0.0,0.0,0.0,0.0,0.0,0.0,0.0,0.0,0.0,0.0,0.015224474,0.0,0.0,0.0,0.0,0.0,0.0,0.0,0.0,0.0,0.0,0.0,0.0,0.0,0.0,0.0,0.0,0.000430881,0.0,0.0,0.0,0.0,0.0,0.0,0.0,0.0,0.0,0.0,0.0,0.0,0.0,0.0,0.0,0.0,0.0,0.0,0.0,0.0,0.0,0.0,0.0,0.0,0.0,0.000143627,0.0,0.0,0.00545783,0.0,0.003949746,0.0,0.0,0.0,0.0,0.0,0.001212851,0.0,0.0,0.013500949,0.0,0.0,0.002298034,0.0,0.006319593,0.008330373,0.00947939,0.010685857,0.0,0.016948,0.0,0.0,0.0,0.027806209,0.0,0.0,0.0,0.0,0.0,0.0,0.031526152,0.095655659,0.028438169,0.0,0.0,0.005673271,0.0,0.006606847,0.0,0.000933576,0.0,0.0,0.0,0.0,0.0,0.000861763,0.0,0.0,0.0,0.0,0.0,0.112567751,0.02374635,0.005849541,0.0,0.0,0.000610415,0.0,0.034757762,0.0,0.0,0.0,0.0,0.0,0.0,0.0,0.0,0.037630304,0.0,0.0,0.0,0.0,0.0,0.0,0.0,0.008761254,0.0,0.0,0.0,0.001085183,0.0,0.000143627,0.0,0.0,0.0,0.0,0.0,0.0,0.0,0.0,0.0,0.0,0.0,0.0,0.0,0.0,0.0,0.0,0.0,0.0,0.0,0.0,0.0,0.0,0.0,0.0,0.0,0.0,0.0,0.0,0.0,0.0,0.002106531,0.0,0.0,0.0,0.0,0.0,0.0,0.0,0.0,0.0,0.0,0.0,0.0,0.0,0.0,0.0,0.0,0.0,0.0,0.0,0.0,0.0,0.0,0.0,0.0,0.0,0.0,0.0,0.027001898,0.0
ERR1513718,0.0,0.0,0.002831221,0.0,0.0,0.0,0.000283122,0.0,0.0,0.0,0.0,0.0,0.0,0.0,0.0,0.0,0.0,0.0,0.0,0.034824019,0.0,0.0,0.0,0.0,0.0,0.0,0.0,0.0,0.0,0.0,0.0,0.0,0.0,0.0,0.0,0.0,0.0,0.0,0.014675163,0.0,0.0,0.054359445,0.0,0.0,0.0,0.0,0.0,0.07389487,0.0,0.0,0.051188477,0.0,0.0,0.0,0.003397465,0.0,0.0,0.0,0.0,0.0,0.0,0.0,0.031143432,0.0,0.0,0.0,0.0,0.0,0.0,0.0,0.0,0.0,0.0,0.0,0.0,0.0,0.0,0.0,0.0,0.0,0.0,0.0,0.0,0.0,0.0,0.0,0.0,0.0,0.0,0.0,0.0,0.0,0.0,0.0,0.0,0.0,0.0,0.0,0.0,0.0,0.0,0.0,0.0,0.0,0.0,0.0,0.0,0.0,0.018686059,0.0,0.0,0.0,0.0,0.0,0.0,0.0,0.0,0.0,0.0,0.0,0.0,0.0,0.0,0.0,0.0,0.0,0.0,0.001132488,0.0,0.004813076,0.0,0.010711453,0.0,0.001698733,0.0,0.0,0.0,0.001509985,0.0,0.0,0.114381332,0.0,0.0,0.0,0.0,0.008412771,0.0,0.0,0.0,0.0,0.075876725,0.0,0.0,0.0,0.032049423,0.0,0.0,0.0,0.0,0.0,0.0,0.0,0.167608289,0.14099481,0.0,0.0,0.00396371,0.002831221,0.005662442,0.0,0.0,0.0,0.0,0.0,0.0,0.0,0.0,0.0,0.0,0.0,0.0,0.0,0.029798602,0.002642473,0.00205907,0.0,0.0,0.0,0.0,0.0,0.0,0.0,0.0,0.0,0.015925619,0.0,0.0,0.0,0.019818548,0.0,0.0,0.0,0.0,0.0,0.0,0.0,0.008776785,0.001069572,0.0,0.0,0.005410778,0.0,0.000283122,0.0,0.0,0.0,0.0,0.0,0.0,0.002264977,0.00094374,0.0,0.000566244,0.0,0.0,0.0,0.0,0.000377496,0.0,0.0,0.0,0.0,0.0,0.0,0.0,0.0,0.0,0.0,0.0,0.0,0.0,0.0,0.0,0.0,0.0,0.0,0.0,0.0,0.0,0.0,0.0,0.005945564,0.0,0.0,0.0,0.0,0.0,0.0,0.0,0.029444699,0.0,0.0,0.0,0.0,0.0,0.0,0.0,0.0,0.0,0.0,0.0,0.0,0.0
ERR1513719,0.0,0.0,0.0,0.0,0.0,0.0,0.0,0.0,0.0,0.0,0.0,0.0,0.0,0.0,0.0,0.0,0.0,0.0,0.0,0.016976204,0.0,0.0,0.0,0.0,0.0,0.0,0.000279444,0.0,0.0,0.0,0.0,0.0,0.0,0.0,0.0,0.0,0.0,0.0,0.068009607,0.0,0.0,0.0,0.0,0.0,0.016347456,0.0,0.0,0.17583994,0.0,0.0,0.0,0.02501021,0.0,0.0,0.0,0.0,0.0,0.0,0.0,0.030179918,0.0,0.0,0.0,0.0,0.0,0.0,0.0,0.000838331,0.0,0.0,0.0,0.0,0.0,0.0,0.0,0.0,0.0,0.0,0.0,0.0,0.0,0.0,0.0,0.0,0.0,0.0,0.0,0.0,0.0,0.0,0.0,0.0,0.0,0.0,0.0,0.0,0.0,0.0,0.0,0.0,0.0,0.0,0.0,0.0,0.0,0.0,0.0,0.0,0.001467079,0.0,0.0,0.0,0.0,0.0,0.000838331,0.0,0.0,0.001991036,0.0,0.0,0.0,0.0,0.0,0.0,0.0,0.0,0.0,0.0,0.0,0.0,0.0,0.004506029,0.0,0.0,0.0,0.0,0.0,0.0,0.0,0.0,0.010898304,0.0,0.0,0.0,0.0,0.001257497,0.0,0.0,0.003101825,0.0,0.088024762,0.0,0.0,0.0,0.005868317,0.0,0.0,0.0,0.0,0.0,0.0,0.0,0.394015599,0.0,0.0,0.0,0.001257497,0.001606801,0.050719029,0.0,0.0,0.0,0.0,0.0,0.0,0.0,0.00230541,0.0,0.0,0.0,0.0,0.0,0.020958277,0.041916553,0.001524238,0.0,0.0,0.00073354,0.0,0.02347327,0.0,0.0,0.0,0.0,0.0,0.0,0.0,0.0,0.005239569,0.0,0.0,0.0,0.0,0.0,0.0,0.0,0.0,0.0,0.0,0.0,0.0,0.0,0.0,0.0,0.0,0.0,0.0,0.0,0.0,0.0,0.000698609,0.0,0.0,0.0,0.0,0.0,0.0,0.0,0.0,0.0,0.0,0.0,0.0,0.0,0.0,0.0,0.0,0.0,0.0,0.0,0.0,0.0,0.0,0.0,0.0,0.0,0.0,0.0,0.0,0.0,0.0,0.0,0.0,0.0,0.0,0.0,0.0,0.0,0.0,0.001257497,0.0,0.0,0.0,0.0,0.0,0.0,0.0,0.0,0.0,0.0,0.0,0.0,0.0
ERR1513723,0.00019709,0.0,0.0,0.0,0.0,0.0,0.0,0.0,0.0,0.0,0.0,0.0,0.0,0.0,0.0,0.0,0.0,0.0,0.0,0.006109805,0.0,0.0,0.0,0.0,0.0,0.0,0.0,0.0,0.0,0.0,0.0,0.0,0.0,0.0,0.0,0.0,0.0,0.0,0.012186761,0.0,0.0,0.160825825,0.0,0.0,0.159446192,0.0,0.0,0.042768633,0.0,0.0,0.007410602,0.017015477,0.0,0.0,0.0,0.0,0.0,0.0,0.0,0.0,0.0,0.0,0.003941809,0.0,0.0,0.0,0.001330361,0.001813232,0.0,0.003547629,0.0,0.0,0.0,0.0,0.0,0.0,0.0,0.0,0.0,0.0,0.0,0.0,0.0,0.0,0.0,0.0,0.0,0.0,0.0,0.0,0.0,0.0,0.0,0.0,0.0,0.0,0.0,0.0,0.0,0.0,0.0,0.0,0.0,0.0,0.0,0.0,0.0,0.0,0.000689817,0.0,0.0,0.0,0.0,0.0,0.0,0.0,0.0,0.0,0.0,0.0,0.0,0.0,0.0,0.0,0.0,0.0,0.0,0.0,0.0,0.0,0.0,0.006996712,0.0,0.000394181,0.0,0.0,0.0,0.001335835,0.000492726,0.0,0.002562176,0.0,0.000722665,0.0,0.0,0.005574845,0.0,0.0,0.001379633,0.0,0.0,0.0,0.0,0.0,0.000709526,0.0,0.0,0.0,0.0,0.0,0.0,0.0,0.172454163,0.0,0.0,0.0,0.001083998,0.002562176,0.018526504,0.0,0.0,0.0,0.0,0.0,0.0,0.0,0.0,0.0,0.0,0.0,0.0,0.0,0.001182543,0.0,0.000636065,0.0,0.0,0.000837635,0.0,0.0,0.0,0.0,0.0,0.0,0.0,0.0,0.0,0.0,0.019807592,0.0,0.0,0.0,0.0,0.0,0.0,0.0,0.0,0.0,0.0,0.0,0.0,0.0,0.0,0.0,0.0,0.0,0.0,0.0,0.0,0.0,0.0,0.0,0.0,0.0,0.0,0.0,0.0,0.0,0.0,0.0,0.0,0.0,0.0,0.0,0.0,0.0,0.0,0.0,0.0,0.0,0.0,0.0,0.0,0.000591271,0.0,0.0,0.0,0.0,0.0,0.0,0.0,0.0,0.0,0.0,0.0,0.0,0.0,0.0,0.0,0.0,0.0,0.0,0.0,0.0,0.0,0.0,0.0,0.0,0.0,0.0,0.0,0.00226654,0.0
ERR1513725,0.0,0.0,0.0,0.0,0.0,0.0,0.0,0.0,0.0,0.0,0.0,0.0,0.0,0.0,0.0,0.0,0.0,0.0,0.0,0.0,0.0,0.0,0.0,0.0,0.0,0.0,0.0,0.0,0.0,0.0,0.0,0.0,0.0,0.0,0.0,0.0,0.0,0.0,0.045524615,0.0,0.0,0.0,0.0,0.0,0.0,0.0,0.0,0.154564674,0.0,0.0,0.057320341,0.024404949,0.0,0.0,0.001773009,0.025030716,0.004693259,0.0,0.0,0.0,0.0,0.0,0.085104436,0.0,0.0,0.0,0.000234663,0.0,0.0,0.0,0.0,0.0,0.0,0.0,0.0,0.0,0.0,0.0,0.0,0.0,0.0,0.0,0.0,0.0,0.0,0.0,0.0,0.0,0.0,0.0,0.0,0.0,0.0,0.0,0.0,0.0,0.0,0.0,0.0,0.0,0.0,0.0,0.0,0.0,0.0,0.0,0.0,0.0,0.0,0.0,0.0,0.0,0.0,0.0,0.0,0.0,0.0,0.0,0.0,0.0,0.0,0.0,0.0,0.0,0.0,0.0,0.0,0.0,0.0,0.002503072,0.0,0.008082836,0.0,0.0,0.0,0.0,0.0,0.000278119,0.0,0.0,0.008760751,0.0,0.005006143,0.0,0.0,0.002771258,0.0,0.0,0.0,0.0,0.0,0.0,0.0,0.0,0.000750921,0.0,0.0,0.0,0.0,0.0,0.0,0.0,0.12890819,0.020024573,0.0,0.0,0.001877304,0.0,0.048809897,0.0,0.00078221,0.0,0.0,0.0,0.0,0.0,0.001251536,0.0,0.0,0.0,0.000625768,0.0,0.005397248,0.002503072,0.00270218,0.0,0.0,0.005006143,0.0,0.008760751,0.0,0.0,0.0,0.0,0.000703989,0.0,0.0,0.0,0.037233191,0.0,0.0,0.0,0.0,0.0,0.0,0.0,0.0,0.0,0.0,0.0,0.0,0.0,0.0,0.0,0.0,0.0,0.0,0.0,0.0,0.0,0.0,0.0,0.000469326,0.0,0.0,0.0,0.0,0.0,0.0,0.0,0.0,0.0,0.0,0.0,0.0,0.0,0.0,0.0,0.0,0.0,0.0,0.0,0.0,0.0,0.0,0.0,0.0,0.0,0.0,0.0,0.0,0.003441724,0.0,0.0,0.0,0.0,0.0,0.0,0.0,0.0,0.0,0.0,0.0,0.0,0.0,0.0,0.0,0.0,0.0,0.001251536,0.0,0.09730691,0.0
ERR1513732,0.0,0.0,0.0,0.0,0.0,0.0,0.0,0.0,0.0,0.0,0.0,0.0,0.0,0.0,0.0,0.0,0.0,0.0,0.0,0.015794711,0.0,0.0,0.0,0.0,0.0,0.0,0.0,0.0,0.0,0.0,0.0,0.0,0.0,0.0,0.0,0.0,0.0,0.0,0.085603436,0.0,0.0,0.0,0.0,0.0,0.310044336,0.0,0.0,0.0,0.0,0.0,0.0,0.0,0.0,0.0,0.0,0.0,0.0,0.0,0.0,0.0,0.0,0.0,0.0,0.0,0.0,0.0,0.0,0.0,0.0,0.0,0.0,0.0,0.0,0.0,0.0,0.0,0.0,0.0,0.0,0.0,0.0,0.0,0.0,0.0,0.0,0.0,0.0,0.0,0.0,0.0,0.0,0.0,0.0,0.0,0.0,0.0,0.0,0.0,0.0,0.0,0.0,0.0,0.0,0.0,0.0,0.004679915,0.0,0.0,0.058498931,0.0,0.0,0.0,0.0,0.0,0.0,0.0,0.0,0.0,0.0,0.0,0.0,0.0,0.0,0.0,0.0,0.0,0.0,0.0,0.0,0.0,0.0,0.054014013,0.0,0.003899929,0.0,0.0,0.0,0.113227932,0.046214156,0.0,0.0,0.0,0.0,0.0,0.0,0.0,0.0,0.0,0.027845491,0.0,0.0,0.0,0.0,0.0,0.0,0.0,0.0,0.0,0.0,0.0,0.0,0.0,0.0,0.0,0.0,0.0,0.0,0.078583564,0.0,0.0,0.0,0.0,0.0,0.0,0.0,0.0,0.0,0.0,0.0,0.0,0.0,0.0,0.000731237,0.0,0.0,0.0,0.0,0.000438742,0.0,0.0,0.0,0.0,0.0,0.0,0.0,0.0,0.0,0.0,0.0,0.0,0.0,0.0,0.0,0.094183279,0.0,0.0,0.0,0.0,0.0,0.0,0.0,0.0,0.0,0.0,0.0,0.0,0.0,0.0,0.0,0.0,0.0,0.0,0.0,0.0,0.0,0.0,0.0,0.010919801,0.0,0.0,0.0,0.0,0.0,0.0,0.0,0.0,0.0,0.0,0.0,0.0,0.0,0.0,0.0,0.0,0.0,0.0,0.0,0.0,0.0,0.0,0.0,0.0,0.0,0.0,0.0,0.0,0.0,0.0,0.0,0.0,0.0,0.0,0.0,0.0,0.0,0.0,0.0,0.0,0.0,0.0,0.0,0.0,0.0
ERR1513736,0.0,0.0,0.0,0.0,0.0,0.0,0.0,0.0,0.0,0.0,0.0,0.0,0.0,0.0,0.0,0.0,0.0,0.0,0.0,0.019833779,0.0,0.0,0.0,0.0,0.0,0.0,0.0,0.0,0.0,0.0,0.0,0.0,0.0,0.0,0.0,0.0,0.0,0.0,0.004126491,0.0,0.0,0.144560298,0.0,0.0,0.0,0.0,0.0,0.257572907,0.0,0.0,0.046589415,0.019168216,0.0,0.0,8.87e-05,0.0,0.0,0.0,0.0,0.065757631,0.0,0.0,0.0,0.0,0.0,0.0,0.0,0.000958411,0.0,0.0,0.0,0.0,0.0,0.0,0.0,0.0,0.0,0.0,0.0,0.0,0.0,0.0,0.0,0.0,0.0,0.0,0.0,0.0,0.0,0.0,0.0,0.0,0.0,0.0,0.0,0.0,0.0,0.0,0.0,0.0,0.0,0.0,0.0,0.0,0.0,0.0,0.0,0.0,0.00053245,0.0,0.0,0.0,0.0,0.0,0.0,0.0,0.0,0.00053245,0.0,0.0,0.0,0.0,0.0,0.0,0.0,0.0,0.0,0.0,0.0,0.003194703,0.0,0.011980135,0.0,0.000621192,0.0,0.0,0.0,0.000118322,0.0,0.002396027,0.027421198,0.0,0.0,0.0,0.0,0.010991299,0.0,0.0,0.001011656,0.0,0.0,0.0,0.0,0.0,0.001384371,0.0,0.0,0.0,0.0,0.0,0.0,0.023494376,0.150683478,0.013843712,0.0,0.0,0.0,0.000798676,0.001863577,0.0,0.0,0.0,0.0,0.0,0.0,0.0,0.0,0.0,0.0,0.0,0.0,0.0,0.0,0.0,0.001972487,0.0,0.0,0.0,0.0,0.0,0.0,0.0,0.0,0.0,0.0,0.0,0.0,0.0,0.030482788,0.0,0.0,0.0,0.0,0.00053245,0.0,0.0,0.000399338,0.0,0.0,0.0,5.92e-05,0.0,0.0,0.0,0.0,0.0,0.0,0.0,0.0,0.003460928,0.0,0.0,0.000931788,0.0,0.0,0.019966892,0.0,0.0,0.0,0.0,0.0,0.0,0.0,0.0,0.0,0.0,0.0,0.0,0.0,0.0,0.0,0.0,0.0,0.0,0.0,0.0,0.0,0.0,0.0,0.0,0.0,0.0,0.0,0.0,0.0,0.003727153,0.0,0.0,0.0,0.0,0.0,0.0,0.0,0.0,0.0,0.0,0.0,0.0,0.0,0.0,0.0,0.126057645,0.0
ERR1513737,0.0,0.0,0.0,0.0,0.0,0.0,0.0,0.0,0.0,0.0,0.0,0.0,0.0,0.0,0.0,0.0,0.0,0.0,0.0,0.002370917,0.0,0.0,0.0,0.0,0.0,0.0,0.0,0.0,0.0,0.0,0.0,0.0,0.0,0.0,0.0,0.0,0.0,0.0,0.120371085,0.0,0.0,0.0,0.0,0.0,0.180415502,0.0,0.0,0.229414455,0.0,0.0,0.0,0.310627774,0.0,0.0,0.000112901,0.0,0.0,0.0,0.0,0.0,0.0,0.0,0.0,0.0,0.0,0.0,0.0,0.0,0.0,0.0,0.0,0.0,0.0,0.0,0.0,0.0,0.0,0.0,0.0,0.0,0.0,0.0,0.0,0.0,0.0,0.0,0.0,0.0,0.0,0.0,0.0,0.0,0.0,0.0,0.0,0.0,0.0,0.0,0.0,0.0,0.0,0.0,0.0,0.0,0.0,0.0,0.0,0.0,0.001580611,0.0,0.0,0.0,0.0,0.0,0.0,0.0,0.0,0.0,0.0,0.0,0.0,0.0,0.0,0.0,0.0,0.0,0.0,0.0,0.0,0.0,0.0,0.009314317,0.0,0.002483818,0.0,0.0,0.0,0.004490944,0.001580611,0.0,0.0,0.0,0.0,0.001693512,0.0,0.0,0.0,0.000338702,0.0,0.0,0.0,0.0,0.0,0.0,0.0,0.0,0.0,0.0,0.0,0.0,0.0,0.084393359,0.0,0.0,0.0,0.0,0.0,0.002483818,0.0,0.0,0.0,0.0,0.0,0.0,0.0,0.0,0.001693512,0.0,0.0,0.0,0.000564504,0.0,0.0,0.0,0.000328439,0.0,0.0,0.0,0.0,0.0,0.0,0.0,0.0,0.0,0.0,0.0,0.0,0.0,0.0,0.0,0.0,0.0,0.0,0.0,0.0,0.0,0.0,0.0,0.0,0.0,0.0,0.0,0.0,0.0,0.0,0.0,0.0,0.0,0.0,0.003387024,0.021375888,0.0,0.000959657,0.0,0.0,0.0,0.0,0.014225503,0.0,0.0,0.0,0.0,0.0,0.0,0.0,0.0,0.0,0.0,0.0,0.0,0.0,0.0,0.0,0.0,0.0,0.0,0.0,0.0,0.0,0.0,0.0,0.0,0.0,0.0,0.0,0.0,0.0,0.0,0.0,0.0,0.0,0.0,0.0,0.0,0.0,0.0,0.0,0.0,0.0,0.0,0.0,0.0,0.0
ERR1513738,0.0,0.0,0.0,0.0,0.0,0.0,0.0,0.0,0.0,0.0,0.0,0.0,0.0,0.0,0.0,0.0,0.0,0.0,0.0,0.0,0.0,0.0,0.0,0.0,0.0,0.0,0.0,0.0,0.0,0.0,0.0,0.0,0.0,0.0,0.0,0.0,0.0,0.0,0.099653212,0.0,0.0,0.0,0.0,0.0,0.0,0.0,0.0,0.085247896,0.0,0.0,0.036467156,0.0,0.0,0.0,0.0,0.0,0.0,0.0,0.0,0.05998926,0.0,0.0,0.0,0.0,0.0,0.0,0.004242662,0.0,0.0,0.0,0.0,0.0,0.0,0.0,0.0,0.0,0.0,0.0,0.0,0.0,0.0,0.0,0.0,0.0,0.0,0.0,0.0,0.0,0.0,0.0,0.0,0.0,0.0,0.0,0.0,0.0,0.0,0.0,0.0,0.0,0.0,0.0,0.0,0.0,0.0,0.0,0.0,0.0,0.0,0.0,0.0,0.0,0.0,0.0,0.0,0.0,0.0,0.0,0.0,0.0,0.0,0.0,0.0,0.0,0.0,0.0,0.0,0.0,0.002762663,0.0,0.0,0.015918203,0.0,0.003946662,0.0,0.0,0.0,0.029468409,0.039466619,0.0,0.0,0.0,0.008156435,0.042623948,0.0,0.0,0.0,0.0,0.0,0.0,0.0,0.0,0.0,0.0,0.0,0.0,0.0,0.0,0.0,0.0,0.0,0.080709235,0.0,0.0,0.0,0.0,0.0,0.003683551,0.029205298,0.0,0.0,0.0,0.0,0.0,0.0,0.0,0.001578665,0.0,0.0,0.0,0.0,0.0,0.027231967,0.0,0.00143515,0.0,0.0,0.000394666,0.0,0.0,0.0,0.0,0.0,0.0,0.000197333,0.0,0.0,0.0,0.188255771,0.0,0.0,0.0,0.0,0.0,0.0,0.0,0.001183999,0.000701629,0.0,0.0,0.000701629,0.0,0.0,0.0,0.0,0.0,0.0,0.0,0.0,0.0,0.0,0.004735994,0.0,0.0,0.0,0.0,0.0,0.0,0.0,0.0,0.0,0.0,0.0,0.0,0.0,0.0,0.0,0.0,0.0,0.0,0.0,0.0,0.0,0.0,0.0,0.0,0.0,0.0,0.0,0.0,0.0,0.0,0.0,0.0,0.0,0.0,0.0,0.0,0.0,0.0,0.0,0.0,0.0,0.0,0.0,0.0,0.0,0.0,0.0,0.0,0.0,0.192991766,0.0
ERR1513740,0.0,0.0,0.007154044,0.0,0.0,0.0,0.0,0.0,0.0,0.0,0.0,0.0,0.0,0.0,0.0,0.0,0.0,0.0,0.0,0.00260147,0.0,0.0,0.0,0.0,0.0,0.0,0.0,0.0,0.0,0.0,0.0,0.0,0.0,0.0,0.0,0.0,0.0,0.0,0.110743151,0.0,0.0,0.0,0.0,0.0,0.0,0.0,0.0,0.114031121,0.0,0.0,0.035596787,0.0,0.0,0.0,0.002998917,0.0,0.0,0.0,0.0,0.0,0.0,0.0,0.0,0.0,0.0,0.0,0.0,0.0,0.0,0.0,0.0,0.0,0.0,0.0,0.0,0.0,0.0,0.0,0.0,0.0,0.0,0.0,0.0,0.0,0.0,0.0,0.0,0.0,0.0,0.0,0.0,0.0,0.0,0.0,0.0,0.0,0.0,0.0,0.0,0.0,0.0,0.0,0.0,0.0,0.0,0.0,0.0,0.0,0.000758762,0.0,0.001734314,0.0,0.0,0.0,0.0,0.0,0.0,0.0,0.0,0.0,0.0,0.0,0.0,0.0,0.0,0.0,0.0,0.0,0.0,0.001300735,0.0,0.002276287,0.0,0.0,0.0,0.0,0.0,0.004865713,0.0,0.0,0.008454779,0.0,0.015681086,0.0,0.0,0.00269438,0.016042401,0.0,0.002428039,0.0,0.014741666,0.0,0.0,0.0,0.0,0.0,0.0,0.0,0.0,0.0,0.0,0.001354933,0.068722177,0.046392889,0.0,0.0,0.000921354,0.0,0.13592683,0.0,0.0,0.0,0.0,0.0,0.0,0.0,0.000433578,0.0,0.0,0.0,0.0,0.0,0.0,0.0,0.000285768,0.022329288,0.0,0.006368183,0.0,0.0,0.0,0.0,0.0,0.0,0.000704565,0.0,0.0,0.0,0.011598222,0.0,0.0,0.0,0.0,0.0,0.0,0.0,0.003360233,0.000578105,0.0,0.0,4.82e-05,0.0,0.0,0.0,0.0,0.0,0.0,0.0,0.0,0.0,0.0,0.007370833,0.0,0.0,0.0,0.0,0.0,0.000578105,0.0,0.0,0.0,0.0,0.0,0.0,0.0,0.0,0.0,0.0,0.0,0.0,0.0,0.0,0.0,0.0,0.0,0.0,0.0,0.0,0.0,0.0,0.0,0.0,0.005853308,0.0,0.0,0.0,0.0,0.0,0.0,0.0,0.0,0.0,0.0,0.0,0.0,0.0,0.0,0.0,0.0,0.0,0.0,0.291256294,0.0
ERR1513741,0.0,0.0,0.0,0.0,0.0,0.0,0.0,0.0,0.0,0.0,0.0,0.0,0.0,0.0,0.0,0.0,0.0,0.0,0.0,0.053269593,0.0,0.0,0.0,0.0,0.0,0.0,0.0,0.0,0.0,0.0,0.0,0.0,0.004261567,0.0,0.0,0.0,0.0,0.0,0.006856753,0.0,0.0,0.027536282,0.0,0.0,0.0,0.0,0.0,0.118504356,0.0,0.0,0.008195322,0.0,0.0,0.0,0.0,0.0,0.0,0.0,0.0,0.033436914,0.0,0.0,0.0,0.0,0.0,0.0,0.0,0.001507939,0.0,0.0,0.0,0.0,0.0,0.0,0.0,0.0,0.0,0.0,0.0,0.0,0.0,0.0,0.0,0.0,0.0,0.0,0.0,0.0,0.0,0.0,0.0,0.0,0.0,0.0,0.0,0.0,0.0,0.0,0.0,0.0,0.0,0.0,0.0,0.0,0.0,0.0,0.0,0.0,0.000655626,0.0,0.0,0.0,0.0,0.0,0.0,0.0,0.0,0.004179614,0.0,0.0,0.0,0.0,0.0,0.0,0.0,0.0,0.0,0.0,0.0,0.00458938,0.0,0.007785556,0.0,0.0,0.0,0.0,0.0,0.000692049,0.0,0.0,0.06031757,0.0,0.0,0.0,0.0,0.015173053,0.005900632,0.0,0.002884753,0.0,0.06261226,0.0,0.0,0.0,0.002360253,0.0,0.0,0.0,0.0,0.0,0.0,0.0,0.447792393,0.016390644,0.0,0.0,0.00483524,0.000764897,0.0,0.0,0.0,0.0,0.0,0.0,0.0,0.0,0.0,0.0,0.0,0.0,0.000218542,0.0,0.005040123,0.002076148,0.001594363,0.0,0.0,0.000286836,0.0,0.034311081,0.0,0.0,0.0,0.0,0.0,0.0,0.0,0.0,0.006556258,0.0,0.0,0.0,0.0,0.0,0.0,0.0,0.0,0.0,0.0,0.0,0.0,0.0,0.0,0.0,0.0,0.0,0.0,0.0,0.0,0.011145638,0.0,0.0,0.0,0.0,0.0,0.0,0.0,0.0,0.0,0.0,0.0,0.0,0.0,0.0,0.0,0.0,0.0,0.0,0.0,0.0,0.0,0.0,0.0,0.0,0.0,0.0,0.0,0.0,0.0,0.0,0.0,0.0,0.0,0.0,0.0,0.0,0.0,0.0,0.0,0.0,0.0,0.0,0.0,0.0,0.0,0.0,0.0,0.0,0.0,0.0,0.0,0.014423767,0.0
ERR1513743,0.0,0.0,0.0,0.0,0.0,0.0,0.0,0.0,0.0,0.0,0.0,0.0,0.0,0.0,0.0,0.0,0.0,0.0,0.0,0.001060596,0.0,0.0,0.0,0.0,0.0,0.0,0.0,0.0,0.0,0.0,0.0,0.0,0.0,0.0,0.0,0.0,0.0,0.0,0.051321082,0.0,0.0,0.0,0.0,0.137524003,0.062221657,0.0,0.0,0.161210656,0.0,0.0,0.011030203,0.0,0.0,0.0,0.0,0.0,0.0,0.0,0.0,0.01484835,0.0,0.0,0.231917084,0.0,0.0,0.0,0.0,0.004242386,0.0,0.0,0.0,0.0,0.0,0.0,0.0,0.0,0.0,0.0,0.0,0.0,0.0,0.0,0.0,0.0,0.0,0.0,0.0,0.0,0.0,0.0,0.0,0.0,0.0,0.0,0.0,0.0,0.0,0.0,0.0,0.0,0.0,0.0,0.0,0.0,0.0,0.0,0.0,0.0,0.0,0.0,0.0,0.0,0.0,0.0,0.0,0.0,0.0,0.0,0.0,0.0,0.0,0.0,0.0,0.0,0.0,0.0,0.000530298,0.0,0.0,0.0,0.0,0.00930968,0.0,0.0,0.0,0.0,0.0,0.0,0.0,0.0,0.019090736,0.0,0.0,0.0,0.0,0.006767615,0.0,0.0,0.0,0.0,0.0,0.0,0.0,0.0,0.00395956,0.0,0.0,0.0,0.0,0.0,0.0,0.020151332,0.093332485,0.053029821,0.0,0.0,0.003888854,0.00117844,0.00494945,0.0,0.0,0.0,0.0,0.0,0.0,0.0,0.0,0.0,0.0,0.0,0.0,0.0,0.03667896,0.006834955,0.0,0.0,0.0,0.00583328,0.0,0.010134588,0.0,0.0,0.0,0.0,0.0,0.0,0.0,0.0,0.013080689,0.0,0.0,0.0,0.0,0.0,0.0,0.0,0.0,0.0,0.0,0.0,0.0,0.0,0.0,0.0,0.0,0.0,0.0,0.0,0.0,0.002828257,0.0,0.001414129,0.000353532,0.0,0.002121193,0.0,0.0,0.0,0.0,0.0,0.0,0.0,0.0,0.0,0.0,0.0,0.0,0.0,0.0,0.0,0.0,0.0,0.0,0.0,0.0,0.0,0.0,0.0,0.0,0.0,0.0,0.0,0.0,0.0,0.0,0.0,0.0,0.0,0.0,0.0,0.0,0.0,0.0,0.0,0.0,0.0,0.0,0.0,0.0,0.0,0.0,0.0,0.0
ERR1513745,0.0,0.0,0.000629605,0.0,0.0,0.0,0.0,0.0,0.0,0.0,0.0,0.0,0.0,0.0,0.0,0.0,0.0,0.0,0.0,0.002833222,0.0,0.0,0.0,0.0,0.0,0.0,0.0,0.0,0.0,0.0,0.0,0.0,0.0,0.0,0.0,0.0,0.0,0.0,0.030614538,0.0,0.0,0.0,0.0,0.134892851,0.0,0.0,0.0,0.108292043,0.0,0.0,0.0,0.045541421,0.0,0.0,0.0,0.0,0.0,0.0,0.0,0.0,0.0,0.0,0.0,0.0,0.0,0.0,0.005902546,0.0,0.0,0.0,0.0,0.0,0.0,0.0,0.0,0.0,0.0,0.0,0.0,0.0,0.0,0.0,0.0,0.0,0.0,0.0,0.0,0.0,0.0,0.0,0.0,0.0,0.0,0.0,0.0,0.0,0.0,0.0,0.0,0.0,0.0,0.0,0.0,0.0,0.0,0.0,0.0,0.0,0.0,0.0,0.0,0.0,0.0,0.0,0.0,0.0,0.0,0.0,0.0,0.0,0.0,0.0,0.0,0.0,0.0,0.0,0.0,0.0,0.0,0.0,0.0,0.007633959,0.0,0.000734539,0.0,0.0,0.0,0.019412818,0.00251842,0.0,0.023924986,0.0,0.001469078,0.004249833,0.0,0.0,0.0,0.0,0.001133289,0.0,0.0,0.0,0.0,0.0,0.001385131,0.0,0.0,0.0,0.0,0.0,0.0,0.008184864,0.078700613,0.111125265,0.0,0.0,0.013615206,0.003882564,0.06296049,0.0,0.00125921,0.0,0.0,0.0,0.0,0.0,0.000314802,0.0,0.0,0.0,0.000157401,0.0,0.00251842,0.0,0.002919077,0.0,0.0,0.001101809,0.0,0.0,0.0,0.0,0.0,0.0,0.0,0.0,0.0,0.0,0.0,0.0,0.0,0.0,0.316061662,0.0,0.0,0.0,0.0,0.0,0.0,0.0,7e-05,0.0,0.0,0.0,0.000629605,0.0,0.0,0.0,0.0,0.0,0.0,0.0,0.0,0.0,0.0,0.0,0.0,0.002203617,0.0,0.0,0.0,0.0,0.0,0.0,0.0,0.0,0.0,0.0,0.0,0.0,0.0,0.0,0.0,0.0,0.0,0.0,0.0,0.0,0.0,0.0,0.0,0.0,0.0,0.0,0.0,0.0,0.0,0.0,0.0,0.0,0.0,0.0,0.0,0.0,0.0,0.0,0.0,0.0,0.0,0.0,0.0,0.0,0.0
ERR1513746,0.0,0.0,0.0,0.0,0.0,0.0,0.0,0.0,0.0,0.0,0.0,0.0,0.0,0.0,0.0,0.0,0.0,0.0,0.0,0.001087059,0.0,0.0,0.0,0.0,0.0,0.0,0.0,0.0,0.0,0.0,0.0,0.0,0.0,0.0,0.0,0.0,0.001087059,0.0,0.013950591,0.0,0.0,0.005797648,0.0,0.0,0.426127148,0.0,0.0,0.146752972,0.0,0.0,0.0,0.017030592,0.0,0.0,0.001026667,0.0,0.0,0.0,0.0,0.0,0.0,0.0,0.0,0.0,0.0,0.0,0.0,0.004493177,0.0,0.0,0.0,0.0,0.0,0.0,0.0,0.0,0.0,0.0,0.0,0.0,0.0,0.0,0.0,0.0,0.0,0.0,0.0,0.0,0.0,0.0,0.0,0.0,0.0,0.0,0.0,0.0,0.0,0.0,0.0,0.0,0.0,0.0,0.0,0.0,0.0,0.0,0.0,0.0,0.001268236,0.0,0.0,0.0,0.0,0.0,0.0,0.0,0.0,0.0,0.0,0.0,0.0,0.0,0.0,0.0,0.0,0.0,0.0,0.0,0.0,0.0,0.0,0.002808236,0.0,0.0,0.0,0.0,0.0,0.001650719,0.016668239,0.0,0.0,0.0,0.0,0.0,0.0,0.002225883,0.086240018,0.0,0.001739294,0.0,0.008334119,0.0,0.0,0.0,0.000362353,0.0,0.0,0.0,0.0,0.0,0.0,0.0,0.042757656,0.009783531,0.0,0.0,0.002174118,0.000422745,0.061962366,0.0,0.0,0.0,0.0,0.0,0.0,0.0,0.001811765,0.0,0.0,0.0,0.0,0.0,0.034967066,0.0,0.002684706,0.0,0.0,0.000951177,0.0,0.0,0.0,0.0,0.0,0.0,0.0,0.0,0.0,0.0,0.043120009,0.0,0.0,0.0,0.0,0.0,0.0,0.0,0.001992942,0.0,0.0,0.0,0.000201307,0.0,0.0,0.0,0.0,0.0,0.0,0.0,0.0,0.0,0.0,0.0,0.002174118,0.0,0.0,0.0,0.0,0.0,0.0,0.0,0.0,0.0,0.0,0.0,0.0,0.0,0.0,0.0,0.0,0.0,0.0,0.0,0.0,0.0,0.0,0.0,0.0,0.0,0.0,0.0,0.0,0.002355295,0.000724706,0.0,0.0,0.0,0.0,0.0,0.0,0.0,0.0,0.0,0.0,0.0,0.0,0.0,0.0,0.0,0.0,0.0,0.0,0.0,0.0
ERR1513747,0.0,0.0,0.0,0.0,0.0,0.0,0.0,0.0,0.0,0.0,0.0,0.0,0.0,0.0,0.0,0.0,0.0,0.0,0.0,0.004535639,0.0,0.0,0.0,0.0,0.0,0.0,0.0,0.0,0.0,0.0,0.0,0.0,0.0,0.0,0.0,0.0,0.0,0.0,0.038893103,0.0,0.0,0.0,0.0,0.0,0.0,0.0,0.0,0.207051911,0.0,0.0,0.010522682,0.055485981,0.006047518,0.0,0.081036746,0.0,0.0,0.0,0.0,0.0,0.0,0.0,0.03855293,0.0,0.0,0.0,0.002211124,0.006077756,0.0,0.0,0.0,0.0,0.0,0.0,0.0,0.0,0.0,0.0,0.0,0.0,0.0,0.0,0.0,0.0,0.0,0.0,0.0,0.0,0.0,0.0,0.0,0.0,0.0,0.0,0.0,0.0,0.0,0.0,0.0,0.0,0.0,0.0,0.0,0.0,0.0,0.0,0.0,0.0,0.000907128,0.0,0.0,0.0,0.0,0.0,0.0,0.0,0.0,0.0,0.0,0.0,0.0,0.0,0.0,0.0,0.0,0.0,0.0,0.0,0.0,0.005215985,0.0,0.007975165,0.0,0.0,0.0,0.0,0.0,0.0,0.0,0.0,0.009978405,0.0,0.0,0.0,0.0,0.002462204,0.0,0.0,0.001360692,0.0,0.0,0.0,0.0,0.0,0.004535639,0.0,0.0,0.0,0.0,0.0,0.0,0.004082075,0.332008759,0.034470855,0.0,0.0,0.003741902,0.0,0.014514044,0.0,0.0,0.0,0.0,0.0,0.0,0.0,0.000907128,0.0,0.0,0.0,0.0,0.0,0.029538348,0.004535639,0.001360692,0.0,0.0,0.000226782,0.0,0.009524841,0.0,0.0,0.0,0.0,0.0,0.0,0.0,0.0,0.0,0.0,0.0,0.0,0.0,0.000453564,0.0,0.0,0.0,0.0,0.0,0.0,0.0,0.0,0.0,0.0,0.0,0.0,0.0,0.0,0.0,0.004082075,0.000453564,0.0,0.0,0.0,0.0,0.0,0.0,0.0,0.0,0.0,0.0,0.0,0.0,0.0,0.0,0.0,0.0,0.0,0.0,0.0,0.0,0.0,0.0,0.0,0.0,0.0,0.0,0.0,0.0,0.0,0.0,0.0,0.0,0.0,0.0,0.0,0.0,0.0,0.0,0.0,0.0,0.0,0.0,0.0,0.0,0.0,0.0,0.0,0.0,0.0,0.0,0.0,0.0
ERR1513748,0.0,0.0,0.0,0.0,0.0,0.0,0.0,0.0,0.0,0.0,0.0,0.0,0.0,0.0,0.0,0.0,0.0,0.0,0.0,0.001097114,0.0,0.0,0.0,0.0,0.0,0.0,0.0,0.0,0.0,0.0,0.0,0.0,0.017553826,0.0,0.0,0.0,0.0,0.0,0.0,0.0,0.0,0.012934398,0.0,0.016572198,0.0,0.0,0.0,0.040419994,0.0,0.0,0.000438846,0.004503942,0.000769905,0.0,0.0,0.0,0.0,0.0,0.0,0.0,0.0,0.0,0.0,0.0,0.0,0.0,0.0,0.0,0.0,0.0,0.0,0.0,0.0,0.0,0.0,0.0,0.0,0.0,0.0,0.0,0.0,0.0,0.0,0.0,0.0,0.0,0.0,0.0,0.0,0.0,0.0,0.0,0.0,0.0,0.0,0.0,0.0,0.0,0.0,0.0,0.0,0.0,0.0,0.0,0.0,0.0,0.0,0.0,0.000173229,0.0,0.0,0.0,0.0,0.0,0.0,0.0,0.0,0.002598428,0.0,0.0,0.0,0.0,0.0,0.0,0.0,0.0,0.0,0.0,0.0,0.000750657,0.0,0.004070871,0.0,0.000423448,0.0,0.0,0.0,0.003066787,0.0,0.0,0.008545942,0.0,0.0,0.0,0.0,0.002491191,0.0024252,0.0,0.002794754,0.0,0.010278227,0.0,0.0,0.0,0.00064672,0.0,0.0,0.0,0.0,0.0,0.0,0.0,0.687139901,0.002887142,0.0,0.0,0.0026273,0.000192476,0.042383251,0.001963257,0.0,0.0,0.0,0.0,0.0,0.0,0.0,0.0,0.0,0.0,0.0,0.0,0.017106319,0.047310641,0.000908138,0.0,0.0,0.0,0.0,0.023443597,0.0,0.0,0.0,0.0,0.0,0.0,0.0,0.0,0.037417366,0.0,0.0,0.0,0.0,0.0,0.0,0.0,0.0,5.13e-05,0.0,0.0,0.0,0.0,0.0,0.0,0.0,0.0,0.0,0.0,0.0,0.0,0.000192476,0.0,0.0,0.0,0.0,0.0,0.0,0.0,0.0,0.0,0.0,0.0,0.0,0.0,0.0,0.0,0.0,0.0,0.0,0.0,0.0,0.0,0.0,0.0,0.0,0.0,0.0,0.0,0.0,0.0,0.0,0.0,0.0,0.0,0.0,0.0,0.0,0.0,0.0,0.0,0.0,0.0,0.0,0.0,0.0,0.0,0.0,0.0,0.0,0.0,0.0,0.0,0.0
ERR1513750,0.000393985,0.0,0.0,0.0,0.0,0.0,0.0,0.0,0.0,0.0,0.0,0.0,0.0,0.0,0.0,0.0,0.0,0.0,0.0,0.008405016,0.0,0.0,0.0,0.0,0.0,0.0,0.000875522,0.0,0.0,0.0,0.0,0.0,0.0,0.0,0.0,0.0,0.0,0.0,0.066495933,0.0,0.0,0.0,0.0,0.0,0.117144909,0.0,0.0,0.201720382,0.0,0.0,0.0,0.017685554,0.0,0.0,0.001926149,0.0,0.0,0.0,0.0,0.0,0.0,0.0,0.0,0.0,0.0,0.0,0.000919299,0.002941756,0.0,0.0,0.0,0.0,0.0,0.0,0.0,0.0,0.0,0.0,0.0,0.0,0.0,0.0,0.0,0.0,0.0,0.0,0.0,0.0,0.0,0.0,0.0,0.0,0.0,0.0,0.0,0.0,0.0,0.0,0.0,0.0,0.0,0.0,0.0,0.0,0.0,0.0,0.0,0.0,0.002626567,0.0,0.0,0.0,0.0,0.0,0.0,0.0,0.0,0.0,0.0,0.0,0.0,0.0,0.0,0.0,0.0,0.0,0.0,0.0,0.000525313,0.0,0.0,0.010024733,0.0,0.0,0.0,0.0,0.0,0.0,0.0,0.0,0.014708778,0.0,0.0,0.0,0.0,0.016209674,0.0,0.0,0.001260752,0.0,0.022063167,0.0,0.0,0.0,0.008510079,0.0,0.0,0.0,0.0,0.0,0.0,0.01129424,0.287346481,0.061461679,0.0,0.0,0.001181955,0.0,0.014708778,0.0,0.0,0.0,0.0,0.0,0.0,0.0,0.0,0.0,0.0,0.0,0.0,0.0,0.013067173,0.024164421,0.00157594,0.0,0.0,0.000328321,0.0,0.035896422,0.0,0.0,0.0,0.0,0.0,0.0,0.0,0.0,0.0,0.0,0.0,0.0,0.0,0.0,0.0,0.0,0.000525313,0.0,0.0,0.0,0.0,0.0,0.0,0.0,0.0,0.0,0.0,0.002626567,0.0,0.0,0.0,0.0,0.0,0.0,0.0,0.027841615,0.0,0.0,0.0,0.0,0.0,0.0,0.0,0.0,0.0,0.0,0.0,0.0,0.0,0.0,0.0,0.0,0.0,0.0,0.0,0.0,0.0,0.0,0.0,0.0,0.0,0.0,0.0,0.0,0.0,0.0,0.0,0.0,0.0,0.0,0.0,0.0,0.0,0.0,0.0,0.0,0.0,0.0,0.0,0.0,0.0,0.0,0.0
ERR1513751,0.0,0.000811768,0.0,0.0,0.0,0.0,0.0,0.0,0.0,0.008523569,0.0,0.0,0.0,0.0,0.0,0.0,0.0,0.0,0.0,0.005885322,0.0,0.0,0.0,0.0,0.0,0.0,0.0,0.0,0.010958875,0.0,0.0,0.0,0.0,0.0,0.0,0.0,0.0,0.0,0.264433586,0.0,0.0,0.012582412,0.0,0.0,0.153830129,0.0,0.0,0.0,0.0,0.0,0.0,0.000541179,0.0,0.0,0.041603135,0.0,0.0,0.0,0.0,0.0,0.0,0.0,0.0,0.0,0.0,0.0,0.0,0.0,0.0,0.0,0.0,0.0,0.0,0.0,0.0,0.0,0.0,0.0,0.0,0.0,0.0,0.0,0.0,0.0,0.0,0.0,0.0,0.0,0.0,0.0,0.0,0.0,0.0,0.0,0.0,0.0,0.0,0.0,0.0,0.0,0.0,0.0,0.0,0.0,0.0,0.0,0.0,0.0,0.0,0.0,0.003247074,0.0,0.0,0.0,0.0,0.0,0.0,0.0,0.0,0.0,0.0,0.0,0.0,0.0,0.0,0.0,0.0,0.001217653,0.000811768,0.006494148,0.0,0.039235477,0.0,0.000947063,0.0,0.0,0.0,0.019933426,0.0,0.0,0.0,0.0,0.003111779,0.003044132,0.0,0.0,0.0,0.0,0.004951788,0.0,0.088076881,0.0,0.0,0.0,0.007387093,0.0,0.0,0.0,0.0,0.0,0.0,0.089598947,0.0,0.0,0.0,0.0,0.0,0.019144207,0.055200257,0.0,0.0,0.0,0.0,0.0,0.0,0.0,0.0,0.0,0.0,0.0,0.0,0.0,0.0,0.0,0.001918726,0.0,0.0,0.001116182,0.0,0.0,0.0,0.0,0.0,0.0,0.008016214,0.0,0.0,0.0,0.0,0.0,0.0,0.0,0.0,0.0,0.0,0.0,0.0,0.008162783,0.0,0.0,0.000901965,0.0,0.0,0.0,0.0,0.0,0.0,0.0,0.0,0.002435305,0.0,0.0,0.0,0.0,0.0,0.0,0.0,0.002435305,0.0,0.0,0.0,0.0,0.0,0.0,0.0,0.0,0.0,0.0,0.0,0.0,0.0,0.0,0.0,0.0,0.0,0.0,0.0,0.0,0.0,0.0,0.0,0.0,0.002029421,0.0,0.0,0.0,0.0,0.0,0.0,0.0,0.0,0.0,0.0,0.0,0.0,0.0,0.0,0.0,0.0,0.0,0.0,0.0,0.0
ERR1513755,0.0,0.0,0.0,0.0,0.0,0.0,0.0,0.0,0.0,0.0,0.0,0.0,0.0,0.0,0.0,0.0,0.0,0.0,0.0,0.006503646,0.0,0.0,0.0,0.0,0.0,0.0,0.0,0.0,0.0,0.0,0.0,0.0,0.001734306,0.0,0.0,0.0,0.0,0.0,0.157243713,0.0,0.0,0.267950224,0.0,0.0,0.0,0.0,0.0,0.244537098,0.0,0.0,0.033992391,0.173141515,0.0,0.0,0.0,0.0,0.0,0.0,0.0,0.0,0.0,0.0,0.055497781,0.0,0.0,0.0,0.0,0.002601458,0.0,0.0,0.0,0.0,0.0,0.0,0.0,0.0,0.0,0.0,0.0,0.0,0.0,0.0,0.0,0.0,0.0,0.0,0.0,0.0,0.0,0.0,0.0,0.0,0.0,0.0,0.0,0.0,0.0,0.0,0.0,0.0,0.0,0.0,0.0,0.0,0.0,0.0,0.0,0.0,0.011272987,0.0,0.0,0.0,0.0,0.0,0.0,0.0,0.0,0.0,0.0,0.0,0.0,0.0,0.0,0.0,0.0,0.0,0.0,0.0,0.0,0.0,0.0,0.004263501,0.0,0.0,0.0,0.0,0.0,0.00616642,0.003902188,0.0,0.0,0.0,0.0,0.0,0.0,0.0,0.0,0.0,0.0,0.0,0.0,0.0,0.0,0.0,0.0062435,0.0,0.0,0.0,0.0,0.0,0.0,0.0,0.0,0.0,0.0,0.0,0.0,0.009105105,0.0,0.0,0.0,0.0,0.0,0.0,0.0,0.0,0.002167882,0.0,0.0,0.0,0.0,0.0,0.0,0.0,0.00208905,0.0,0.0,0.0,0.0,0.0,0.0,0.0,0.0,0.0,0.0,0.0,0.0,0.0,0.0,0.0,0.0,0.0,0.0,0.0,0.0,0.0,0.0,0.0,0.0,0.0,0.0,0.0,0.0,0.0,0.0,0.0,0.0,0.0,0.0,0.0,0.000867153,0.0,0.0,0.0,0.0,0.0,0.0,0.005781019,0.0,0.0,0.0,0.0,0.0,0.0,0.0,0.0,0.0,0.0,0.0,0.0,0.0,0.0,0.0,0.0,0.0,0.0,0.0,0.0,0.0,0.0,0.0,0.0,0.0,0.0,0.0,0.0,0.0,0.0,0.0,0.0,0.0,0.0,0.0,0.0,0.0,0.0,0.0,0.0,0.0,0.0,0.0,0.002167882,0.0
ERR1513756,0.0,0.0,0.001270925,0.0,0.0,0.0,0.0,0.0,0.0,0.0,0.0,0.0,0.0,0.0,0.0,0.0,0.0,0.0,0.0,0.006036892,0.0,0.0,0.0,0.0,0.0,0.0,0.0,0.0,0.0,0.0,0.0,0.0,0.0,0.0,0.0,0.0,0.0,0.0,0.136889176,0.0,0.0,0.0,0.0,0.0,0.0,0.0,0.0,0.13122297,0.0,0.0,0.0,0.03833956,0.289982641,0.0,0.0,0.0,0.0,0.0,0.0,0.0,0.0,0.0,0.083881027,0.0,0.0,0.0,0.0,0.0,0.0,0.0,0.0,0.0,0.0,0.0,0.0,0.0,0.0,0.0,0.0,0.0,0.0,0.0,0.0,0.0,0.0,0.0,0.0,0.0,0.0,0.0,0.0,0.0,0.0,0.0,0.0,0.0,0.0,0.0,0.0,0.0,0.0,0.0,0.0,0.0,0.0,0.0,0.0,0.0,0.001270925,0.0,0.0,0.0,0.0,0.0,0.0,0.0,0.0,0.0,0.0,0.0,0.0,0.0,0.0,0.0,0.0,0.0,0.0,0.0,0.0,0.002224118,0.0,0.00142979,0.0,0.0,0.0,0.0,0.0,0.001270925,0.0,0.0,0.005083699,0.0,0.003389132,0.0,0.0,0.001906387,0.012709247,0.0,0.00152511,0.0,0.012709247,0.0,0.0,0.0,0.014615633,0.0,0.0,0.0,0.0,0.0,0.0,0.0,0.060368921,0.011438322,0.0,0.0,0.001747521,0.0,0.040669589,0.0,0.0,0.0,0.0,0.0,0.0,0.0,0.00285958,0.0,0.0,0.0,0.001376835,0.0,0.016919184,0.04638875,0.005979123,0.0,0.0,0.000794328,0.0,0.0163102,0.0,0.0,0.0,0.0,0.000476597,0.0,0.0,0.0,0.0,0.0,0.0,0.0,0.0,0.0,0.0,0.0,0.0,0.000706069,0.0,0.0,0.000141214,0.0,0.0,0.0,0.0,0.0,0.0,0.0,0.0,0.0,0.0,0.0,0.0,0.0,0.001270925,0.0,0.0,0.0,0.0,0.0,0.0,0.0,0.0,0.0,0.0,0.0,0.0,0.0,0.0,0.0,0.0,0.0,0.0,0.0,0.0,0.0,0.0,0.0,0.0,0.0,0.0,0.0,0.0,0.0,0.0,0.0,0.0,0.0,0.0,0.0,0.0,0.0,0.0,0.0,0.0,0.0,0.0,0.0,0.0,0.0,0.0,0.0,0.0
ERR1513757,0.00025251,0.0,0.0,0.0,0.0,0.0,0.0,0.0,0.0,0.0,0.0,0.0,0.0,0.0,0.0,0.0,0.0,0.0,0.0,0.018685747,0.0,0.0,0.0,0.0,0.0,0.0,0.00050502,0.0,0.0,0.0,0.0,0.0,0.011110444,0.0,0.0,0.0,0.0,0.0,0.062496248,0.0,0.0,0.0,0.0,0.0,0.25049001,0.0,0.0,0.279781181,0.0,0.0,0.0,0.030301211,0.0,0.0,0.0,0.0,0.0,0.0,0.0,0.0,0.0,0.0,0.0,0.0,0.0,0.0,0.0,0.007070283,0.0,0.0,0.0,0.0,0.0,0.0,0.0,0.0,0.0,0.0,0.0,0.0,0.0,0.0,0.0,0.0,0.0,0.0,0.0,0.0,0.0,0.0,0.0,0.0,0.0,0.0,0.0,0.0,0.0,0.0,0.0,0.0,0.0,0.0,0.0,0.0,0.0,0.0,0.0,0.0,0.002525101,0.0,0.0,0.0,0.0,0.0,0.0,0.0,0.0,0.0,0.0,0.0,0.0,0.0,0.0,0.0,0.0,0.0,0.0,0.0,0.0,0.005302712,0.0,0.009932064,0.0,0.0,0.0,0.0,0.0,0.001122267,0.0,0.0,0.0,0.0,0.0,0.0,0.0,0.001082186,0.0,0.0,0.001919077,0.0,0.0,0.0,0.0,0.0,0.001717069,0.0,0.0,0.0,0.0,0.0,0.0,0.0,0.0,0.0,0.0,0.0,0.002525101,0.003114291,0.060097402,0.0,0.0,0.0,0.0,0.0,0.0,0.0,0.00075753,0.0,0.0,0.0,0.0,0.0,0.02878615,0.0,0.003558097,0.030301211,0.0,0.000315638,0.0,0.0,0.0,0.0,0.0,0.0,0.0,0.0,0.0,0.0,0.063127523,0.0,0.0,0.0,0.0,0.0,0.0,0.0,0.0,0.0,0.0,0.0,0.0,0.0,0.0,0.0,0.0,0.0,0.0,0.009595383,0.0,0.0,0.0,0.0,0.0,0.0,0.0,0.0,0.0,0.00067336,0.0,0.0,0.0,0.0,0.0,0.0,0.0,0.0,0.0,0.0,0.0,0.0,0.0,0.0,0.0,0.0,0.0,0.0,0.0,0.0,0.0,0.0,0.0,0.0,0.0,0.0,0.0,0.0,0.0,0.0,0.0,0.0,0.0,0.0,0.0,0.0,0.0,0.0,0.0,0.0,0.0,0.0,0.0,0.001767571,0.0
ERR1513758,0.0,0.0,0.0,0.0,0.0,0.0,0.0,0.0,0.0,0.0,0.0,0.0,0.0,0.0,0.0,0.0,0.0,0.0,0.0,0.002060697,0.0,0.0,0.0,0.0,0.0,0.0,0.0,0.0,0.0,0.0,0.0,0.0,0.0,0.0,0.0,0.0,0.0,0.0,0.014253157,0.0,0.0,0.0,0.0,0.0,0.038122901,0.0,0.0,0.176447212,0.0,0.0,0.011539905,0.0,0.0,0.0,0.000171725,0.0,0.0,0.0,0.0,0.0,0.0,0.0,0.386380757,0.0,0.0,0.0,0.0,0.002163732,0.0,0.0,0.0,0.0,0.0,0.0,0.0,0.0,0.0,0.0,0.0,0.0,0.0,0.0,0.0,0.0,0.0,0.0,0.0,0.0,0.0,0.0,0.0,0.0,0.0,0.0,0.0,0.0,0.0,0.0,0.0,0.0,0.0,0.0,0.0,0.0,0.0,0.002575872,0.0,0.0,0.009788313,0.0,0.0,0.0,0.0,0.0,0.0,0.0,0.0,0.0,0.0,0.0,0.0,0.0,0.0,0.0,0.0,0.0,0.0,0.0,0.0,0.0,0.0,0.006139161,0.0,0.0,0.0,0.0,0.0,0.000515174,0.0,0.0,0.027819415,0.0,0.0,0.0,0.0,0.003164642,0.001545523,0.0,0.0,0.0,0.004121395,0.0,0.0,0.0,0.017825032,0.0,0.0,0.0,0.0,0.0,0.0,0.012364184,0.033486332,0.04275947,0.0,0.0,0.0,0.0,0.0,0.0,0.002447078,0.0,0.0,0.0,0.0,0.0,0.0,0.0,0.0,0.0,0.0,0.0,0.012557375,0.009101413,0.003184714,0.0,0.0,0.000257587,0.0,0.006525542,0.0,0.0,0.0,0.0,0.0,0.0,0.0,0.0,0.0,0.0,0.0,0.0,0.0,0.0,0.0,0.0,0.0,0.0,0.0,0.0,0.0,0.0,0.0,0.0,0.0,0.0,0.0,0.0,0.0,0.001030349,0.0,0.0,0.0,0.0,0.0,0.0,0.0,0.001030349,0.0,0.0,0.0,0.0,0.0,0.0,0.0,0.0,0.0,0.0,0.0,0.0,0.0,0.0,0.0,0.0,0.0,0.0,0.0,0.0,0.0,0.0,0.0,0.0,0.0,0.0,0.0,0.0,0.0,0.0,0.0,0.0,0.0,0.0,0.0,0.0,0.0,0.0,0.0,0.0,0.0,0.0,0.0,0.121581145,0.0
ERR1513759,0.0,0.0,0.0,0.0,0.0,0.0,0.0,0.0,0.0,0.0,0.0,0.0,0.0,0.0,0.0,0.0,0.0,0.0,0.0,0.045116094,0.0,0.0,0.0,0.0,0.0,0.0,0.0,0.0,0.0,0.0,0.0,0.0,0.0,0.0,0.0,0.0,0.0,0.0,0.004169497,0.0,0.0,0.186878986,0.0,0.0,0.117601192,0.0,0.0,0.077402967,0.0,0.0,0.027197948,0.019243831,0.002565844,0.0,0.0,0.098015248,0.0,0.0,0.0,0.014539784,0.0,0.0,0.041481148,0.0,0.0,0.0,0.0,0.002565844,0.0,0.0,0.0,0.0,0.0,0.0,0.0,0.0,0.0,0.0,0.0,0.0,0.0,0.0,0.0,0.0,0.0,0.0,0.0,0.0,0.0,0.0,0.0,0.0,0.0,0.0,0.0,0.0,0.0,0.0,0.0,0.0,0.0,0.0,0.0,0.0,0.0,0.0,0.0,0.0,0.001924383,0.0,0.0,0.0,0.0,0.0,0.0,0.0,0.0,0.0,0.0,0.0,0.001282922,0.003848766,0.0,0.0,0.0,0.0,0.0,0.0,0.0,0.002779665,0.0,0.002708391,0.0,0.0,0.0,0.0,0.0,0.0,0.0,0.0,0.069277793,0.0,0.0,0.0,0.0,0.008064082,0.0,0.0,0.000855281,0.0,0.010263377,0.0,0.0,0.0,0.020612282,0.0,0.0,0.0,0.0,0.0,0.0,0.001176012,0.017533269,0.0,0.0,0.0,0.001817473,0.0,0.007269892,0.0,0.001069102,0.0,0.0,0.0,0.0,0.0,0.001282922,0.0,0.0,0.0,0.0,0.0,0.036402915,0.0,0.007794724,0.0,0.0,0.00021382,0.0,0.0,0.0,0.0,0.0,0.0,0.0,0.0,0.0,0.0,0.037846202,0.0,0.0,0.0,0.0,0.001069102,0.0,0.0,0.0,0.0,0.0,0.0,0.0,0.0,0.0,0.0,0.0,0.0,0.0,0.0,0.0,0.0,0.0,0.0,0.0,0.0,0.0,0.0,0.0,0.0,0.0,0.0,0.0,0.0,0.0,0.0,0.0,0.0,0.0,0.0,0.0,0.0,0.0,0.0,0.0,0.0,0.0,0.0,0.0,0.0,0.0,0.0,0.0,0.0,0.0,0.0,0.0,0.0,0.0,0.0,0.0,0.0,0.0,0.0,0.0,0.0,0.0,0.0,0.0,0.0,0.0,0.003421126,0.0,0.007483712,0.0
ERR1513765,0.0,0.0,0.0,0.0,0.0,0.0,0.0,0.0,0.0,0.0,0.0,0.0,0.0,0.0,0.0,0.0,0.0,0.0,0.0,0.008464794,0.0,0.0,0.0,0.0,0.0,0.0,0.000331953,0.0,0.0,0.0,0.0,0.0,0.020913021,0.0,0.0,0.0,0.0,0.0,0.048257626,0.0,0.0,0.056265985,0.0,0.105809927,0.0,0.0,0.0,0.042323971,0.0,0.0,0.055170541,0.078506817,0.003983433,0.0,0.22415107,0.0,0.0,0.0,0.0,0.0,0.0,0.0,0.0,0.0,0.0,0.0,0.001431546,0.002788403,0.0,0.0,0.0,0.0,0.0,0.0,0.0,0.0,0.0,0.0,0.0,0.0,0.0,0.0,0.0,0.0,0.0,0.0,0.0,0.0,0.0,0.0,0.0,0.0,0.0,0.0,0.0,0.0,0.0,0.0,0.0,0.0,0.0,0.0,0.0,0.0,0.0,0.0,0.0,0.0,0.00821583,0.0,0.0,0.0,0.0,0.0,0.0,0.0,0.0,0.0,0.0,0.0,0.0,0.0,0.0,0.0,0.0,0.0,0.0,0.0,0.0,0.043817758,0.0,0.003444009,0.0,0.0,0.0,0.0,0.0,0.00121716,0.0,0.0,0.001493787,0.0,0.0,0.0,0.0,0.005192689,0.002987574,0.0,0.00189213,0.0,0.026390241,0.0,0.0,0.0,0.008265623,0.0,0.0,0.0,0.0,0.0,0.0,0.038838467,0.0,0.081660367,0.0,0.0,0.001867234,0.002240681,0.007468936,0.0,0.0,0.0,0.0,0.0,0.0,0.0,0.000497929,0.0,0.0,0.0,0.0,0.0,0.004792567,0.003485503,0.003825001,0.03236539,0.0,0.0,0.0,0.0,0.0,0.0,0.0,0.0,0.002987574,0.0,0.0,0.0,0.031369531,0.0,0.0,0.0,0.0,0.000995858,0.0,0.0,0.0,0.0,0.0,0.0,0.0,0.0,0.0,0.0,0.0,0.0,0.0,0.0,0.0,0.0,0.000497929,0.0,0.0,0.0,0.0,0.0,0.0,0.002157693,0.0,0.0,0.0,0.0,0.0,0.0,0.0,0.0,0.0,0.0,0.0,0.0,0.0,0.0,0.0,0.0,0.0,0.0,0.0,0.0,0.0,0.0,0.0,0.0,0.0,0.0,0.0,0.0,0.0,0.0,0.0,0.004481362,0.0,0.0,0.0,0.0,0.0,0.0,0.0,0.0,0.0,0.0,0.0,0.0,0.0
ERR1513768,0.0,0.0,0.0,0.0,0.0,0.0,0.0,0.0,0.0,0.0,0.0,0.0,0.0,0.0,0.0,0.0,0.0,0.0,0.0,0.00725457,0.0,0.0,0.0,0.0,0.0,0.0,0.000420555,0.0,0.0,0.0,0.0,0.0,0.0,0.0,0.0,0.0,0.0,0.0,0.069969806,0.0,0.0,0.04857408,0.0,0.0,0.00567749,0.0,0.0,0.0,0.0,0.0,0.033560273,0.0,0.0,0.0,0.0,0.131717765,0.0,0.0,0.0,0.0,0.0,0.0,0.0,0.0,0.0,0.0,0.0,0.002649495,0.0,0.0,0.0,0.0,0.0,0.0,0.001261664,0.0,0.0,0.0,0.0,0.0,0.0,0.0,0.0,0.0,0.0,0.0,0.0,0.0,0.0,0.0,0.0,0.0,0.0,0.0,0.0,0.0,0.0,0.0,0.0,0.0,0.0,0.0,0.0,0.0,0.0,0.0,0.0,0.0,0.0,0.0,0.0,0.0,0.0,0.0,0.0,0.0,0.0,0.014824557,0.0,0.0,0.0,0.0,0.0,0.0,0.0,0.0,0.001419372,0.0,0.0,0.0,0.0,0.006098045,0.0,0.0,0.0,0.0,0.0,0.001051387,0.0,0.0,0.015139973,0.0,0.0,0.0,0.0,0.072725942,0.008831651,0.0,0.000630832,0.0,0.004415825,0.0,0.0,0.0,0.012364311,0.0,0.0,0.0,0.0,0.0,0.0,0.023656208,0.121119784,0.170324696,0.0,0.0,0.001577081,0.0,0.0,0.0,0.002681037,0.0,0.0,0.0,0.0,0.0,0.0,0.0,0.0,0.0,0.0,0.052359073,0.03075307,0.0,0.011899789,0.0,0.0,0.000236562,0.0,0.0,0.0,0.0,0.0,0.0,0.0,0.0,0.0,0.0,0.0,0.0,0.0,0.0,0.0,0.0,0.0,0.0,0.0,0.0,0.0,0.0,0.0,0.0,0.0,0.0,0.0,0.0,0.0,0.0,0.0,0.0,0.0,0.0,0.0,0.0,0.0,0.02102774,0.0,0.0,0.005046658,0.0,0.0,0.0,0.001261664,0.0,0.0,0.0,0.0,0.0,0.0,0.0,0.0,0.0,0.0,0.0,0.0,0.0,0.0,0.0,0.0,0.0,0.0,0.0,0.0,0.0,0.0,0.0,0.0,0.0,0.0,0.003784993,0.0,0.0,0.0,0.0,0.0,0.0,0.0,0.0,0.0,0.0,0.0,0.021763711,0.0
ERR1513770,0.0,0.0,0.015934169,0.0,0.0,0.0,8.23e-05,0.0,0.0,0.0,0.0,0.0,0.0,0.0,0.0,0.0,0.0,0.0,0.0,0.002840976,0.0,0.0,0.0,0.0,0.0,0.0,0.000247041,0.0,0.0,0.0,0.0,0.0,0.0,0.0,0.0,0.0,0.0,0.0,0.01672676,0.0,0.005187869,0.018528103,0.0,0.0,0.041873513,0.0,0.0,0.088749614,0.0,0.0,0.013414347,0.018528103,0.0,0.0,0.004549679,0.000469379,0.0,0.0,0.0,0.0,0.0,0.0,0.06299555,0.0,0.0,0.0,0.000540403,0.000765828,0.0,0.001605769,0.0,0.0,0.0,0.0,0.0,0.0,0.003952662,0.0,0.0,0.0,0.0,0.0,0.0,0.0,0.0,0.003335059,0.0,0.0,0.0,0.0,0.0,0.0,0.0,0.000247041,0.0,0.0,0.0,0.0,0.0,0.0,0.000247041,0.0,0.0,0.0,0.0,0.0,0.0,0.0,0.011425664,0.0,0.0,0.0,0.0,0.0,0.0,0.0,0.0,0.002686575,0.0,0.0,0.0,0.0,0.0,0.0,0.0,0.0,0.0,0.0,0.0,0.001605769,0.0,0.006114274,0.0,0.0,0.0,0.012228548,0.0,0.000192143,0.0,0.0,0.020380913,0.0,0.001688116,0.0,0.0,0.00661718,0.002964496,0.0,0.000938757,0.0,0.0071642,0.0,0.0,0.0,0.007361833,0.0,0.0,0.0,0.0,0.0,0.0,0.004940827,0.060525137,0.023098368,0.0,0.0,0.000741124,0.000473496,0.009511093,0.000205868,0.000123521,0.0,0.0,0.0,0.0,0.0,0.0,0.0,0.0,0.0,0.000288215,0.0,0.008445727,0.005393737,0.000757968,0.001358728,0.0,0.000941845,0.0,0.029439097,0.0,0.0,0.0,0.0,0.002053531,0.0,0.0,0.0,0.006608357,0.0,0.0,0.0,0.0,0.000308802,0.0,0.0,0.063119071,0.003170364,0.0,0.0,0.002964496,0.0,0.0,0.0,0.0,0.0,0.005805472,0.0,0.0,0.0,0.0,0.0,0.000339682,0.0,0.0,0.004405571,0.0,0.000452909,0.0,0.0,0.0,0.0,0.0,0.0,0.0,0.0,0.0,0.0,0.0,0.0,0.0,0.0,0.0,0.0,0.0,0.0,0.0,0.0,0.0,0.0,0.0,0.000741124,0.019145707,0.0,0.0,0.0,0.0,0.0,0.0,0.000864645,0.0,0.0,0.0,0.0,0.0,0.0,0.0,0.0,0.0,0.000370562,0.0,0.27137495,0.0
ERR1513774,0.0,0.0,0.0,0.0,0.0,0.0,0.0,0.0,0.005818874,0.0,0.0,0.0,0.0,0.0,0.0,0.0,0.0,0.0,0.0,0.0,0.0,0.0,0.0,0.0,0.0,0.0,0.0,0.0,0.0,0.0,0.0,0.0,0.0,0.0,0.0,0.0,0.0,0.0,0.019742608,0.0,0.0,0.024106763,0.0,0.0,0.056526204,0.0,0.0,0.0270162,0.0,0.0,0.001828789,0.006650142,0.003879249,0.0,0.001523991,0.0,0.0,0.0,0.0,0.025769299,0.0,0.0,0.0,0.0,0.051538598,0.0,0.0,0.001163775,0.0,0.0,0.0,0.0,0.0,0.0,0.0,0.0,0.0,0.0,0.0,0.0,0.0,0.0,0.0,0.0,0.0,0.0,0.0,0.0,0.0,0.0,0.0,0.0,0.0,0.0,0.0,0.0,0.0,0.0,0.0,0.0,0.0,0.0,0.0,0.0,0.0,0.0,0.0,0.0,0.0,0.0,0.0,0.0,0.0,0.0,0.0,0.0,0.0,0.0,0.0,0.0,0.0,0.0,0.0,0.0,0.0,0.0,0.0,0.0,0.009143945,0.005818874,0.0,0.001385446,0.0,0.006095963,0.0,0.0,0.0,0.0,0.0,0.0,0.019119157,0.0,0.0,0.0,0.0,0.0,0.0,0.0,0.0,0.0,0.0,0.0,0.0,0.0,0.002493803,0.0,0.0,0.0,0.0,0.0,0.0,0.0,0.030756905,0.0,0.0,0.0,0.0,0.003186526,0.03990085,0.0,0.0,0.0,0.0,0.0,0.0,0.0,0.0,0.0,0.0,0.0,0.0,0.0,0.002285986,0.007758499,0.002531588,0.0,0.0,0.00135081,0.0,0.01080648,0.0,0.0,0.0,0.0,0.0,0.0,0.0,0.0,0.001246902,0.0,0.0,0.0,0.0,0.0,0.0,0.0,0.0,0.0,0.0,0.0,0.0,0.0,0.0,0.0,0.0,0.0,0.0,0.0,0.0,0.0,0.004987606,0.014131551,0.0,0.0,0.0,0.0,0.0,0.0,0.0,0.0,0.0,0.0,0.0,0.0,0.0,0.0,0.0,0.0,0.0,0.0,0.0,0.0,0.0,0.0,0.0,0.0,0.0,0.0,0.0,0.0,0.0,0.0,0.0,0.0,0.0,0.0,0.0,0.0,0.0,0.059020007,0.0,0.003740705,0.0,0.0,0.0,0.0,0.0,0.0,0.0,0.0,0.0,0.032835074,0.0
ERR1513776,0.0,0.0,0.0,0.0,0.0,0.0,0.0,0.0,0.0,0.0,0.0,0.0,0.0,0.0,0.0,0.0,0.0,0.0,0.0,0.001248589,0.0,0.0,0.0,0.0,0.0,0.0,0.0,0.0,0.0,0.0,0.0,0.0,0.0,0.0,0.0,0.0,0.0,0.0,0.007461803,0.0,0.0,0.0,0.0,0.063499646,0.0,0.0,0.0,0.279505464,0.0,0.0,0.000927523,0.006659139,0.013199365,0.0,0.0,0.0,0.0,0.0,0.0,0.019977417,0.0,0.0,0.00820501,0.0,0.0,0.0,0.0,0.002211785,0.0,0.0,0.0,0.0,0.0,0.0,0.0,0.0,0.0,0.0,0.0,0.0,0.0,0.0,0.0,0.0,0.0,0.0,0.0,0.0,0.0,0.0,0.0,0.0,0.0,0.0,0.0,0.0,0.0,0.0,0.0,0.0,0.0,0.0,0.0,0.0,0.0,0.0,0.0,0.0,0.000891849,0.0,0.0,0.0,0.0,0.0,0.0,0.0,0.0,0.0,0.0,0.0,0.0,0.0,0.0,0.0,0.0,0.0,0.0,0.0,0.0,0.000891849,0.0,0.001635056,0.0,0.0,0.0,0.0,0.0,0.0,0.0,0.0,0.004637615,0.0,0.0,0.0,0.0,0.009988708,0.0,0.0,0.0,0.0,0.002140437,0.0,0.0,0.0,0.002711221,0.0,0.0,0.0,0.0,0.0,0.0,0.0,0.060645729,0.0,0.0,0.0,0.001159404,0.0,0.0,0.0,0.001426958,0.0,0.0,0.0,0.0,0.0,0.0,0.0,0.0,0.0,0.000475653,0.0,0.003166064,0.014626323,0.000275662,0.0,0.0,0.0,0.0,0.001902611,0.0,0.0,0.0,0.0,0.0,0.0,0.0,0.0,0.024258292,0.0,0.0,0.0,0.0,0.00035674,0.0,0.0,0.0,0.0,0.0,0.0,0.0,0.0,0.0,0.0,0.001426958,0.0,0.0,0.0,0.0,0.0,0.000832392,0.0,0.0,0.0,0.0,0.0,0.0,0.0,0.0,0.0,0.0,0.0,0.0,0.0,0.0,0.0,0.0,0.0,0.0,0.0,0.0,0.0,0.0,0.0,0.0,0.0,0.0,0.0,0.0,0.0,0.0,0.0,0.0,0.0,0.0,0.0,0.0,0.0,0.0,0.0,0.0,0.023366443,0.0,0.0,0.0,0.0,0.279683833,0.0,0.0,0.0,0.0,0.0,0.0
ERR1513777,0.0,0.0,0.0,0.0,0.0,0.0,0.00016089,0.0,0.0,0.0,0.0,0.0,0.0,0.0,0.000482669,0.0,0.0,0.0,0.0,0.000643559,0.0,0.0,0.0,0.0,0.0,0.0,0.0,0.0,0.0,0.0,0.0,0.0,0.0,0.0,0.0,0.0,0.0,0.0,0.029241724,0.0,0.0,0.0,0.0,0.012308071,0.033947752,0.0,0.0,0.044807814,0.0,0.0,0.028059184,0.049875844,0.003003277,0.0,0.024616142,0.0,0.0,0.0,0.0,0.004826695,0.0,0.0,0.034752201,0.0,0.0,0.0,0.0,0.027061667,0.0,0.0,0.0,0.0,0.0,0.0,0.0,0.0,0.0,0.0,0.0,0.0,0.0,0.0,0.0,0.0,0.0,0.0,0.0,0.0,0.0,0.0,0.0,0.0,0.0,0.0,0.0,0.0,0.0,0.0,0.0,0.0,0.0,0.0,0.0,0.0,0.0,0.00032178,0.0,0.0,0.000643559,0.0,0.0,0.0,0.0,0.0,0.0,0.0,0.0,0.0,0.0,0.0,0.0,0.0,0.0,0.0,0.0,0.0,8.04e-05,0.0,0.0,0.001367563,0.0,0.00420995,0.0,0.0,0.0,0.348004677,0.0,0.0,0.0,0.0,0.011584067,0.0,0.0,0.0,0.0,0.003148844,0.000804449,0.024777032,0.000193068,0.0,0.00852716,0.0,0.0,0.0,0.018791931,0.0,0.0,0.0,0.0,0.0,0.0,0.003459131,0.069021732,0.021559236,0.0,0.0,0.001488231,0.000670374,0.002735127,0.0,0.000603337,0.0,0.0,0.0,0.0,0.0,0.000482669,0.0,0.0,0.0,0.001528453,0.0,0.030267397,0.007937231,0.001916051,0.001448008,0.0,0.000402225,0.0,0.004826695,0.0,0.0,0.0,0.0,0.0,0.0,0.0,0.0,0.023087689,0.0,0.0,0.0,0.0,0.0,0.0,0.0,0.000241335,0.0,0.0,0.0,0.0,0.0,0.0,0.0,0.0,0.0,0.0,0.0,0.0,0.0,0.0,0.0,0.0,0.0,0.0,0.0,0.0,0.0,0.0,0.0,0.0,0.0,0.0,0.0,0.0,0.0,0.0,0.0,0.0,0.014158304,0.0,0.0,0.0,0.001608898,0.0,0.0,0.0,0.0,0.0,0.0,0.0,0.0,0.0,0.0,0.0,0.0,0.0,0.0,0.0,0.0,0.0,0.0,0.0,0.0,0.0,0.0,0.0,0.0,0.0,0.0,0.0,0.0,0.0
ERR1513778,0.000346599,0.003465986,0.0,0.0,0.0,0.0,0.000577664,0.0,0.0,0.0,0.0,0.0,0.0,0.000693197,0.0,0.0,0.0,0.0,0.0,0.192882104,0.0,0.0,0.019062921,0.0,0.0,0.0,0.0,0.0,0.0,0.0,0.0,0.0,0.002772789,0.0,0.0,0.0,0.0,0.0,0.005545577,0.0,0.0,0.025994893,0.0,0.100686885,0.0,0.0,0.0,0.031713769,0.0,0.0,0.005060339,0.057073231,0.0,0.0,0.017849826,0.0,0.0,0.0,0.0,0.0,0.0,0.0,0.0,0.0,0.0,0.0,0.000476573,0.0,0.0,0.0,0.0,0.0,0.0,0.0,0.0,0.0,0.0,0.0,0.0,0.0,0.0,0.0,0.0,0.0,0.0,0.0,0.0,0.0,0.0,0.0,0.0,0.0,0.0,0.015250337,0.0,0.0,0.0,0.0,0.0,0.0,0.0,0.006238774,0.0,0.0,0.0,0.0,0.0,0.0,0.01213095,0.0,0.0,0.312978509,0.0,0.0,0.0,0.0,0.0,0.0,0.0,0.0,0.0,0.0,0.0,0.0,0.0,0.0,0.0,0.0,0.0,0.0,0.0,0.0,0.0,0.0,0.0,0.0,0.0,0.0,0.0,0.0,0.0,0.0,0.0,0.0,0.0,0.0,0.0,0.0,0.002980748,0.0,0.0,0.0,0.0,0.0,0.0,0.0,0.0,0.0,0.0,0.0,0.0,0.0,0.003465986,0.0,0.0,0.0,0.0,0.054242676,0.002079591,0.0,0.0,0.0,0.0,0.0,0.0,0.0,0.0,0.0,0.0,0.0,0.0,0.0,0.0,0.0,0.0,0.0,0.0,0.000389923,0.0,0.0,0.0,0.0,0.0,0.0,0.006195449,0.0,0.001386394,0.0,0.032753565,0.0,0.0,0.0,0.0,0.0,0.0,0.0,0.007105271,0.003427475,0.0,0.0,0.00242619,0.0,0.00242619,0.0,0.001732993,0.0,0.0,0.0,0.0,0.0,0.0,0.0,0.0,0.0,0.0,0.000231066,0.0,0.0,0.0,0.0,0.0,0.0,0.0,0.0,0.0,0.0,0.0,0.0,0.0,0.025301696,0.0,0.0,0.0,0.0,0.0,0.0,0.001501927,0.0,0.0,0.0,0.0,0.004332482,0.001732993,0.0,0.0,0.001732993,0.0,0.0,0.0,0.001386394,0.0,0.0,0.0,0.0,0.0,0.0,0.0,0.0,0.0,0.0,0.0,0.000346599,0.0
ERR1513780,0.0,0.019228598,0.027062471,0.0,0.0,0.0,0.0,0.0,0.0,0.0,0.0,0.0,0.0,0.0,0.0,0.0,0.0,0.0,0.0,0.004629107,0.0,0.0,0.0,0.0,0.0,0.0,0.0,0.0,0.0,0.0,0.0,0.0,0.0,0.0,0.0,0.0,0.0,0.0,0.022789449,0.0,0.0,0.0,0.0,0.0,0.0,0.0,0.0,0.022789449,0.0,0.0,0.031477927,0.0,0.0,0.0,0.103027301,0.0,0.0,0.0,0.0,0.0,0.0,0.0,0.032047663,0.0,0.0,0.0,0.0,0.001709209,0.0,0.0,0.0,0.0,0.0,0.0,0.0,0.0,0.0,0.0,0.0,0.0,0.0,0.0,0.0,0.0,0.0,0.009970384,0.0,0.0,0.0,0.0,0.0,0.0,0.0,0.0,0.0,0.0,0.0,0.0,0.0,0.0,0.0,0.0,0.0,0.0,0.0,0.0,0.0,0.0,0.0,0.0,0.004273022,0.0,0.0,0.0,0.0,0.0,0.0,0.0,0.0,0.0,0.0,0.0,0.0,0.0,0.0,0.0,0.0,0.0,0.0,0.0,0.0,0.0,0.0,0.0,0.0,0.0,0.0,0.0,0.0,0.0,0.0,0.0,0.040356316,0.0,0.0,0.000406954,0.0,0.0,0.0,0.0,0.0,0.0,0.0,0.0,0.0,0.0,0.0,0.016023831,0.0,0.0,0.0,0.0,0.0,0.0,0.0,0.0,0.0,0.000830865,0.026350301,0.00118695,0.0,0.0,0.0,0.0,0.0,0.0,0.008189958,0.0,0.0,0.0,0.0,0.0,0.0,0.0,0.0,0.0,0.0,0.001246298,0.0,0.0,0.0,0.0,0.0,0.0,0.044065536,0.0,0.007833873,0.0,0.005341277,0.0,0.0,0.0,0.0,0.0,0.0,0.0,0.233947939,0.002532161,0.0,0.0,0.044233688,0.0,0.022967492,0.0,0.0,0.0,0.0,0.0,0.0,0.0,0.0,0.001424341,0.0,0.0,0.0,0.0,0.0,0.010919944,0.0,0.0,0.0,0.0,0.0,0.0,0.0,0.0,0.0,0.0,0.0,0.0,0.0,0.0,0.0,0.0,0.0,0.0,0.0,0.0,0.0,0.0,0.0,0.167716102,0.04913975,0.0,0.0,0.0,0.0,0.0,0.0,0.0,0.0,0.0,0.0,0.0,0.0,0.0,0.0,0.0,0.0,0.0,0.0,0.0,0.0
ERR1513783,0.0,0.0,0.0,0.0,0.0,0.0,0.000439174,0.0,0.0,0.0,0.0,0.0,0.0,0.0,0.0,0.0,0.0,0.0,0.0,0.040603632,0.0,0.0,0.007905132,0.0,0.0,0.0,0.0001597,0.0,0.0,0.0,0.0,0.0,0.0,0.0,0.0,0.0,0.0,0.0,0.01000119,0.0,0.0,0.03928611,0.024673594,0.0,0.0,0.0,0.0,0.027428412,0.0,0.0,0.022134369,0.138060335,0.0,0.0,0.001517147,0.023859125,0.0,0.0,0.0,0.0,0.0,0.0,0.100371221,0.0,0.0,0.0,0.0,0.00014373,0.0,0.0,0.0,0.0,0.0,0.0,0.0,0.0,0.0,0.0,0.0,0.0,0.0,0.0,0.0,0.0,0.0,0.0,0.0,0.0,0.0,0.0,0.0,0.0,0.0,0.0,0.0,0.0,0.0,0.0,0.0,0.0,0.0,0.0,0.0,0.0,0.0,0.0,0.0,0.0,0.0,0.0,0.0,0.0,0.0,0.0,0.0,0.0,0.0,0.0,0.0,0.0,0.0,0.0,0.0,0.0,0.0,0.0,0.0,0.0,0.001916396,0.0,0.0,0.0,0.0,0.0,0.0,0.0,0.0,0.0,0.0,0.0,0.0,0.0,0.0,0.0,0.0,0.0,0.004072341,0.0,0.000766558,0.0,0.0,0.0,0.0,0.0,0.0,0.0,0.0,0.0,0.0,0.0,0.0,0.0,0.0,0.007665582,0.0,0.0,0.001916396,0.0,0.0,0.0,0.0,0.0,0.0,0.0,0.0,0.0,0.0,0.0,0.0,0.0,0.0,0.0,0.00203617,0.002954443,0.0,0.0,0.0,0.000149718,0.0,0.0,0.0,0.0,0.0,0.0,0.000209606,0.0,0.0,0.0,0.014253192,0.0,0.0,0.0,0.0,0.0,0.0,0.0,0.000718648,0.000212933,0.0,0.0,7.98e-05,0.0,0.0,0.0,0.0,0.0,0.0,0.0,0.0,0.000479099,0.0,0.000958198,0.000179662,0.0,0.0,0.0,0.0,0.0,0.0,0.0,0.0,0.0,0.0,0.0,0.0,0.0,0.0,0.0,0.0,0.0,0.0,0.0,0.0,0.0,0.0,0.0,0.0,0.0,0.0,0.0,0.0,0.0,0.000479099,0.0,0.0,0.0,0.0,0.0,0.0,0.0,0.0,0.0,0.0,0.0,0.0,0.0,0.309897142,0.0,0.0,0.0,0.0,0.040603632,0.0
ERR1513786,0.0,0.0,0.0,0.0,0.0,0.0,0.0,0.0,0.0,0.0,0.0,0.0,0.0,0.0,0.0,0.0,0.0,0.0,0.0,0.0,0.0,0.0,0.0,0.0,0.0,0.0,0.0,0.0,0.0,0.0,0.0,0.0,0.0,0.0,0.0,0.0,0.0,0.0,0.020592604,0.0,0.0,0.008769474,0.0,0.0,0.005324324,0.0,0.0,0.140937975,0.0,0.0,0.008894752,0.074644928,0.0,0.0,0.0,0.0,0.0,0.0,0.0,0.0,0.0,0.0,0.40934652,0.0,0.0,0.0,0.0,0.001753895,0.0,0.0,0.0,0.0,0.0,0.0,0.0,0.0,0.0,0.0,0.0,0.0,0.0,0.0,0.0,0.0,0.0,0.0,0.0,0.0,0.0,0.0,0.0,0.0,0.0,0.0,0.0,0.0,0.0,0.0,0.0,0.0,0.0,0.0,0.0,0.0,0.0,0.002192369,0.0,0.0,0.01738235,0.0,0.0,0.0,0.0,0.0,0.0,0.0,0.0,0.0,0.0,0.0,0.0,0.0,0.0,0.0,0.0,0.0,0.0,0.0,0.002192369,0.0,0.0,0.00067859,0.0,0.001879173,0.0,0.0,0.0,0.0,0.0,0.0,0.000939587,0.0,0.0,0.0,0.0,0.0,0.0,0.0,0.0,0.0,0.0,0.0,0.0,0.0,0.0,0.0,0.0,0.0,0.0,0.0,0.0,0.005324324,0.0,0.0,0.0,0.0,0.0,0.000782989,0.0,0.0,0.000782989,0.0,0.0,0.0,0.0,0.0,0.001879173,0.0,0.0,0.0,0.0,0.0,0.001174483,0.0,0.000512502,0.0,0.0,0.002662162,0.0,0.0,0.0,0.0,0.0,0.0,0.0,0.0,0.0,0.0,0.028030997,0.0,0.0,0.0,0.0,0.0,0.0,0.0,0.0,0.0,0.0,0.0,0.0,0.0,0.0,0.0,0.0,0.0,0.0,0.0,0.0,0.0,0.0,0.0,0.0,0.0,0.0,0.0,0.0,0.000417594,0.0,0.0,0.0,0.0,0.0,0.0,0.0,0.0,0.0,0.0,0.0,0.0,0.0,0.0,0.0,0.0,0.0,0.0,0.0,0.0,0.0,0.0,0.0,0.0,0.0,0.0,0.0,0.0,0.0,0.0,0.0,0.0,0.0,0.0,0.0,0.0,0.0,0.0,0.0,0.0,0.0,0.020670903,0.0,0.216731287,0.0
ERR1513787,0.0,0.0,0.0,0.0,0.0,0.0,0.005872324,0.0,0.0,0.0,0.0,0.0,0.0,0.0,0.0,0.0,0.0,0.0,0.0,0.01658068,0.0,0.0,0.0,0.0,0.0,0.0,0.000690862,0.0,0.0,0.0,0.0,0.0,0.0,0.0,0.0,0.0,0.0,0.0,0.008750914,0.0,0.0,0.0,0.0,0.0,0.0,0.0,0.0,0.070122457,0.0,0.0,0.021278539,0.009672063,0.0,0.0,0.0,0.0,0.0,0.0,0.0,0.01243551,0.0,0.0,0.0,0.0,0.0,0.0,0.0,0.0,0.0,0.0,0.0,0.0,0.0,0.0,0.0,0.0,0.0,0.0,0.0,0.0,0.0,0.0,0.0,0.0,0.0,0.0,0.0,0.0,0.0,0.0,0.0,0.0,0.0,0.0,0.0,0.0,0.0,0.0,0.0,0.0,0.0,0.0,0.0,0.0,0.0,0.0,0.0,0.0,0.0,0.0,0.0,0.0,0.0,0.0,0.0,0.0,0.0,0.003799739,0.0,0.0,0.0,0.0,0.0,0.0,0.0,0.0,0.0,0.0,0.0,0.0,0.0,0.002130157,0.0,0.0,0.0,0.0,0.0,0.0,0.0,0.0,0.0,0.0,0.002072585,0.0,0.0,0.000789556,0.0,0.0,0.001105379,0.0,0.0,0.0,0.0,0.0,0.0,0.0,0.0,0.0,0.0,0.0,0.0,0.0,0.005526893,0.0,0.0,0.0,0.0,0.0,0.0,0.0,0.0,0.0,0.0,0.0,0.0,0.0,0.0,0.0,0.0,0.0,0.0,0.0,0.0,0.0,0.0,0.0,0.0,0.000172715,0.0,0.0,0.0,0.0,0.0,0.0,0.0,0.0,0.0,0.0,0.006563186,0.0,0.0,0.0,0.0,0.0,0.0,0.0,0.0,0.0,0.0,0.0,0.0,0.0,0.0,0.0,0.0,0.0,0.0,0.0,0.0,0.0,0.0,0.00829034,0.0,0.0,0.0,0.0,0.0,0.0,0.0,0.0,0.0,0.0,0.0,0.0,0.0,0.0,0.0,0.0,0.0,0.0,0.0,0.0,0.0,0.0,0.0,0.0,0.0,0.0,0.0,0.0,0.0,0.0,0.0,0.0,0.0,0.0,0.0,0.0,0.0,0.0,0.0,0.0,0.0,0.0,0.0,0.0,0.009441776,0.10915614,0.0,0.0,0.0,0.052505485,0.0
ERR1513788,0.0,0.0,0.0,0.0,0.0,0.0,0.001709716,0.0,0.0,0.0,0.0,0.0,0.0,0.0,0.0,0.0,0.0,0.0,0.0,0.01005313,0.0,0.0,0.0,0.0,0.0,0.0,0.0,0.0,0.0,0.0,0.0,0.0,0.0,0.0,0.0,0.0,0.0,0.0,0.013609339,0.0,0.0,0.004718816,0.0,0.0,0.0,0.0,0.0,0.318109743,0.0,0.0,0.036683665,0.0842548,0.006428532,0.0,0.002838128,0.0,0.0,0.0,0.0,0.0,0.0,0.0,0.029749057,0.0,0.0,0.0,0.000769372,0.000738597,0.0,0.0,0.0,0.0,0.0,0.0,0.0,0.0,0.0,0.0,0.0,0.0,0.0,0.0,0.0,0.0,0.0,0.0,0.0,0.0,0.0,0.0,0.0,0.0,0.0,0.0,0.0,0.0,0.0,0.0,0.0,0.0,0.0,0.0,0.0,0.0,0.0,0.0,0.0,0.0,0.003282655,0.0,0.0,0.0,0.0,0.0,0.0,0.0,0.0,0.0,0.0,0.0,0.0,0.0,0.0,0.0,0.0,0.0,0.0,0.0,0.0,0.0,0.0,0.022653736,0.0,0.0,0.0,0.0,0.0,0.003396636,0.001333578,0.0,0.0270819,0.0,0.0,0.001949076,0.0,0.007092879,0.0,0.0,0.0,0.0,0.0,0.0,0.0,0.0,0.007960437,0.0,0.0,0.0,0.0,0.0,0.0,0.0,0.027492232,0.001230995,0.0,0.0,0.005231731,0.003453626,0.0,0.0,0.0,0.0,0.0,0.0,0.0,0.0,0.000410332,0.0,0.0,0.0,0.000718081,0.0,0.002179888,0.008480191,0.001464139,0.0,0.0,0.027133192,0.0,0.10983215,0.0,0.0,0.0,0.0,0.000102583,0.0,0.0,0.0,0.015387443,0.0,0.0,0.0,0.0,0.0,0.0,0.0,0.0,0.0,0.0,0.0,0.0,0.0,0.0,0.0,0.0,0.0,0.0,0.0,0.0,0.0,0.0,0.0,0.0,0.0,0.0,0.0,0.0,0.0,0.0,0.0,0.0,0.0,0.0,0.0,0.0,0.0,0.0,0.0,0.0,0.0,0.0,0.0,0.0,0.0,0.0,0.0,0.0,0.0,0.0,0.0,0.0,0.0,0.0,0.0,0.0,0.0,0.0,0.0,0.0,0.0,0.0,0.0,0.0,0.0,0.0,0.0,0.0,0.0,0.0,0.0,0.0,0.152130522,0.0
ERR1513796,0.0,0.0,0.0,0.0,0.0,0.0,0.0,0.0,0.0,0.0,0.0,0.0,0.0,0.0,0.0,0.0,0.0,0.0,0.0,0.004973521,0.0,0.0,0.0,0.0,0.0,0.0,0.0,0.0,0.0,0.0,0.0,0.0,0.0,0.0,0.0,0.0,0.0,0.0,0.02360449,0.0,0.0,0.04026184,0.0,0.05660341,0.0,0.0,0.0,0.129785224,0.0,0.0,0.052766693,0.033156809,0.0,0.0,0.0,0.0,0.0,0.0,0.0,0.022736098,0.0,0.0,0.005684024,0.0,0.0,0.0,0.000532877,0.005115622,0.0,0.054314011,0.0,0.0,0.0,0.0,0.0,0.0,0.0,0.0,0.0,0.0,0.0,0.0,0.0,0.0,0.0,0.0,0.0,0.0,0.0,0.0,0.0,0.0,0.0,0.0,0.0,0.0,0.0,0.0,0.0,0.0,0.0,0.0,0.0,0.0,0.0,0.0,0.0,0.0,0.007341865,0.0,0.0,0.0,0.0,0.0,0.0,0.0,0.0,0.002486761,0.0,0.0,0.0,0.0,0.0,0.0,0.0,0.0,0.000592086,0.0,0.0,0.0,0.0,0.002723595,0.0,0.0,0.0,0.0,0.0,0.000368409,0.0,0.0,0.023683435,0.0,0.0,0.0,0.0,0.001353339,0.002368344,0.0,0.001610474,0.0,0.008526037,0.002368344,0.0,0.0,0.002747278,0.0,0.0,0.0,0.0,0.0,0.0,0.012670638,0.08762871,0.0,0.0,0.0,0.0,0.0,0.00378935,0.0,0.0,0.0,0.0,0.0,0.0,0.0,0.0,0.0,0.0,0.0,0.000631558,0.0,0.014861356,0.017209963,0.001700901,0.0,0.0,0.020367754,0.0,0.069629299,0.0,0.0,0.0,0.0,0.0,0.0,0.0,0.0,0.000947337,0.0,0.0,0.0,0.0,0.028656957,0.0,0.0,0.0,0.0,0.0,0.0,0.0,0.0,0.0,0.0,0.0,0.0,0.0,0.0,0.0,0.0,0.0,0.0,0.000710503,0.0,0.0,0.0,0.0,0.000315779,0.0,0.0,0.0,0.0,0.0,0.0,0.0,0.0,0.0,0.0,0.0,0.0,0.0,0.0,0.0,0.0,0.0,0.0,0.0,0.0,0.0,0.0,0.0,0.0,0.0,0.0,0.0,0.0,0.0,0.0,0.0,0.033156809,0.0,0.0,0.0,0.0,0.0,0.0,0.0,0.0,0.0,0.0,0.0,0.037893496,0.0
ERR1513797,0.0,0.0,0.003745601,0.0,0.0,0.0,0.003841642,0.0,0.0,0.0,0.0,0.0,0.0,0.0,0.0,0.0,0.0,0.0,0.0,0.0,0.0,0.0,0.0,0.0,0.0,0.0,0.001248534,0.0,0.0,0.0,0.0,0.0,0.0,0.0,0.0,0.0,0.0,0.0,0.013517776,0.0,0.0,0.0,0.0,0.189873136,0.0,0.0,0.0,0.026075142,0.0,0.0,0.011985922,0.16720745,0.0,0.0,0.000384164,0.0,0.0,0.0,0.0,0.443709604,0.0,0.0,0.0,0.0,0.0,0.0,0.0,0.005762462,0.0,0.0,0.0,0.0,0.0,0.0,0.0,0.0,0.0,0.0,0.0,0.0,0.0,0.0,0.0,0.003457477,0.0,0.0,0.0,0.0,0.0,0.0,0.0,0.0,0.0,0.0,0.0,0.0,0.0,0.0,0.0,0.0,0.0,0.0,0.0,0.0,0.0,0.027083573,0.0,0.0,0.020168618,0.0,0.0,0.0,0.0,0.0,0.0,0.0,0.0,0.0,0.0,0.0,0.0,0.0,0.0,0.0,0.0,0.0,0.0,0.0,0.001296554,0.0,0.0,0.000264113,0.0,0.000480205,0.0,0.0,0.0,0.0,0.0,0.0,0.0,0.0,0.021609234,0.001584677,0.0,0.001564097,0.0,0.0,0.0,0.0,0.0,0.0,0.0,0.0,0.000460997,0.0,0.0,0.0,0.0,0.0,0.0,0.0,0.0,0.0,0.0,0.0,0.0,0.00091239,0.006626832,0.0,0.0,0.0,0.0,0.0,0.0,0.0,0.005618401,0.0,0.0,0.0,0.000480205,0.0,0.0,0.0,0.000510764,0.0,0.0,0.00273717,0.0,0.007875365,0.0,0.0,0.0,0.0,0.0,0.0,0.0,0.0,0.012389294,0.0,0.0,0.0,0.0,0.0,0.0,0.001152492,0.0,0.001600684,0.0,0.000576246,0.001376588,0.0,0.0,0.0,0.0,0.0,0.0,0.0,0.0,0.0,0.000768328,0.0,0.0,0.0,0.0,0.0,0.0,0.00096041,0.0,0.0,0.0,0.0,0.0,0.0,0.0,0.0,0.0,0.0,0.0,0.0,0.0,0.0,0.0,0.0,0.0,0.0,0.0,0.0,0.0,0.0,0.0,0.0,0.001152492,0.0,0.0,0.0,0.0,0.0,0.0,0.0,0.0,0.0,0.0,0.0,0.0,0.0,0.0,0.0,0.0,0.0,0.0,0.0,0.0
ERR1513803,0.0,0.0,0.0,0.0,0.0,0.0,0.003450836,0.0,0.0,0.0,0.0,0.0,0.0,0.0,0.0,0.0,0.0,0.0,0.0,0.019943804,0.0,0.0,0.0,0.0,0.0,0.0,0.0,0.0,0.0,0.0,0.0,0.0,0.0,0.0,0.0,0.0,0.0,0.0,0.019740814,0.0,0.0,0.0,0.0,0.0,0.0,0.0,0.0,0.025272302,0.0,0.0,0.003653827,0.042120503,0.0,0.0,0.000710466,0.001157045,0.0,0.0,0.0,0.004262798,0.0,0.0,0.004262798,0.0,0.0,0.0,0.003311281,0.001400634,0.0,0.002232894,0.0,0.0,0.0,0.0,0.0,0.011570451,0.0,0.0,0.0,0.0,0.0,0.0,0.0,0.0,0.0,0.0,0.0,0.0,0.0,0.0,0.0,0.0,0.0,0.0,0.0,0.0,0.0,0.0,0.0,0.0,0.001065699,0.0,0.0,0.0,0.0,0.0,0.0,0.0,0.079166246,0.0,0.003349341,0.0,0.001826913,0.0,0.0,0.0,0.0,0.0,0.0,0.0,0.0,0.0,0.0,0.000913457,0.0,0.0,0.001598549,0.0,0.0,0.020857261,0.0,0.002258268,0.0,0.0,0.0,0.0,0.0,0.001184111,0.001826913,0.0,0.0,0.0,0.001725418,0.001979156,0.0,0.000565473,0.009439052,0.0,0.0,0.0,0.017964648,0.0,0.0,0.0,0.00822111,0.0,0.0,0.0,0.0,0.0,0.0,0.0,0.003653827,0.002435885,0.0,0.0,0.01149433,0.0,0.021009504,0.0,0.0,0.0,0.0,0.0,0.0,0.0,0.001522428,0.0,0.0,0.0,0.002232894,0.0,0.006280015,0.060592627,0.00163315,0.0,0.0,0.011342087,0.0,0.069219718,0.0,0.0,0.0,0.0,0.0,0.0,0.0,0.0,0.028012672,0.0,0.0,0.0,0.0,0.0,0.0,0.0,0.006394197,0.0,0.0,0.0,0.000101495,0.0,0.0,0.0,0.0,0.0,0.0,0.001826913,0.0,0.0,0.0,0.0,0.000761214,0.0,0.0,0.054604411,0.0,0.000811962,0.002131399,0.0,0.0,0.0,0.0,0.0,0.0,0.0,0.0,0.0,0.0,0.0,0.0,0.0,0.0,0.001420933,0.0,0.0,0.0,0.0,0.0,0.0,0.0,0.0,0.001522428,0.0,0.0,0.0,0.0,0.0,0.0,0.0,0.0,0.0,0.0,0.0,0.0,0.0,0.0,0.0,0.0,0.0,0.0,0.229582115,0.0
ERR1513804,0.0,0.0,0.0,0.0,0.0,0.0,0.0,0.0,0.0,0.0,0.0,0.0,0.0,0.0,0.0,0.0,0.0,0.0,0.0,0.02570565,0.0,0.0,0.0,0.0,0.0,0.0,0.0,0.0,0.0,0.0,0.0,0.0,0.0,0.0,0.0,0.0,0.0,0.0,0.008419676,0.0,0.0,0.132597485,0.0,0.0,0.242764558,0.0,0.0,0.0,0.0,0.0,0.0,0.091375812,0.0,0.0,0.0,0.0,0.0,0.0,0.0,0.0,0.0,0.0,0.035332863,0.0,0.0,0.0,0.001414307,0.0,0.0,0.0,0.0,0.0,0.0,0.0,0.0,0.0,0.0,0.0,0.0,0.0,0.0,0.0,0.0,0.0,0.0,0.0,0.0,0.0,0.0,0.0,0.0,0.0,0.0,0.0,0.0,0.0,0.0,0.0,0.0,0.0,0.002183492,0.0,0.0,0.0,0.0,0.000396998,0.0,0.0,0.013696447,0.0,0.0,0.0,0.0,0.0,0.0,0.0,0.0,0.000297749,0.0,0.0,0.0,0.0,0.0,0.0,0.0,0.0,0.0,0.0,0.0,0.0,0.0,0.004416608,0.0,0.0,0.0,0.0,0.0,0.005977032,0.0,0.0,0.0,0.0,0.0,0.0,0.0,0.002240206,0.006153476,0.0,0.0,0.0,0.0,0.0,0.0,0.0,0.009805862,0.0,0.0,0.0,0.0,0.0,0.0,0.001984992,0.097264622,0.123268022,0.0,0.0,0.008535467,0.002613573,0.009726462,0.0,0.0,0.0,0.0,0.0,0.0,0.0,0.000297749,0.0,0.0,0.0,0.0,0.0,0.004292546,0.0,0.001624085,0.004366983,0.0,0.0,0.0,0.010851291,0.0,0.0,0.0,0.0,0.005632416,0.0,0.0,0.0,0.0,0.0,0.0,0.0,0.0,0.001687243,0.0,0.0,0.000396998,0.0,0.0,0.0,0.0,0.0,0.0,0.0,0.0,0.0,0.0,0.0,0.0,0.002381991,0.005822644,0.0,0.002381991,0.0,0.0,0.0,0.0,0.001257162,0.0,0.0,0.0,0.0,0.0,0.0,0.0,0.0,0.0,0.0,0.0,0.0,0.0,0.0,0.0,0.0,0.0,0.0,0.0,0.0,0.0,0.0,0.0,0.0,0.0,0.0,0.0,0.06431375,0.0,0.0,0.0,0.001587994,0.0,0.0,0.0,0.0,0.0,0.0,0.0,0.0,0.0,0.0,0.0,0.0,0.0
ERR1513807,0.0,0.004609909,0.003687927,0.0,0.0,0.0,0.0,0.0,0.0,0.0,0.0,0.0,0.0,0.0,0.0,0.0,0.0,0.0,0.0,0.087127272,0.0,0.0,0.041950168,0.0,0.0,0.0,0.0,0.0,0.0,0.0,0.0,0.0,0.0,0.0,0.0,0.0,0.0,0.0,0.027313708,0.0,0.0,0.171027607,0.0,0.053474939,0.017517652,0.0,0.0,0.087588262,0.0,0.0,0.050616796,0.022281225,0.006146545,0.0,0.007913676,0.000460991,0.0,0.0,0.0,0.04840404,0.0,0.0,0.00553189,0.0,0.0,0.0,0.0,0.001843963,0.0,0.0,0.0,0.0,0.0,0.0,0.0,0.0,0.0,0.0,0.0,0.0,0.0,0.0,0.0,0.006453872,0.0,0.0,0.0,0.0,0.0,0.0,0.0,0.0,0.0,0.0,0.0,0.0,0.0,0.0,0.0,0.0,0.0,0.0,0.0,0.0,0.0,0.0,0.0,0.0,0.0,0.0,0.001382973,0.0,0.0,0.0,0.0,0.0,0.0,0.0,0.0,0.0,0.0,0.0,0.0,0.0,0.0,0.0,0.0,0.0,0.0,0.001613468,0.0,0.003073272,0.0,0.0,0.0,0.0,0.0,0.000717097,0.0,0.0,0.001843963,0.0,0.00384159,0.0,0.0,0.00158054,0.005070899,0.0,0.002858143,0.0,0.021205579,0.0,0.0,0.0,0.002950341,0.0,0.0,0.0,0.0,0.0,0.0,0.0,0.050248003,0.005070899,0.0,0.0,0.0,0.0,0.010141799,0.0,0.0,0.0,0.0,0.0,0.0,0.0,0.024893506,0.0,0.0,0.0,0.001075645,0.0,0.022242809,0.002765945,0.000104771,0.0,0.0,0.00178634,0.0,0.095886098,0.0,0.0,0.0,0.0,0.0,0.0,0.0,0.0,0.000921982,0.0,0.0,0.0,0.0,0.0,0.0,0.0,0.000460991,0.001895185,0.0,0.0,0.000870761,0.0,0.001152477,0.0,0.0,0.0,0.0,0.0,0.0,0.0,0.000460991,0.0,0.0,0.0,0.0,0.0,0.0,0.0,0.005070899,0.0,0.0,0.0,0.0,0.0,0.0,0.0,0.0,0.0,0.0,0.0,0.0,0.0,0.0,0.0,0.0,0.0,0.0,0.0,0.0,0.0,0.0,0.0,0.0,0.0,0.0,0.0,0.0,0.0,0.0,0.0,0.0,0.0,0.0,0.0,0.0,0.0,0.0,0.0,0.0,0.039645214,0.0,0.0,0.0
ERR1513808,0.0,0.0,0.002107821,0.0,0.0,0.0,0.0,0.0,0.0,0.0,0.0,0.0,0.0,0.0,0.0,0.0,0.0,0.001580866,0.0,0.112504954,0.0,0.0,0.0,0.0,0.0,0.0,0.0,0.0,0.0,0.0,0.0,0.0,0.0,0.0,0.0,0.0,0.0,0.0,0.069031143,0.0,0.0,0.0,0.0,0.0,0.0,0.0,0.045318155,0.073510263,0.0,0.0,0.038467736,0.024766899,0.0,0.0,0.000878259,0.0,0.0,0.0,0.0,0.0,0.0,0.0,0.0,0.0,0.0,0.0,0.0,0.0,0.0,0.0,0.0,0.0,0.0,0.0,0.0,0.0,0.0,0.0,0.0,0.0,0.0,0.0,0.0,0.0,0.0,0.0,0.0,0.0,0.0,0.0,0.001756518,0.0,0.0,0.001844344,0.0,0.050060752,0.0,0.0,0.0,0.0,0.0,0.003161732,0.0,0.0,0.0,0.0,0.0,0.0,0.0,0.0,0.0,0.0,0.0,0.0,0.0,0.0,0.0,0.001185649,0.0,0.0,0.0,0.0,0.0,0.0,0.0,0.0,0.0,0.0,0.0,0.003161732,0.0,0.0,0.0,0.0,0.0,0.0,0.0,0.006382014,0.0,0.0,0.0,0.0,0.045493807,0.006850419,0.0,0.000752793,0.049533797,0.0,0.0,0.0,0.005796508,0.0,0.0,0.0,0.007588156,0.0,0.0,0.0,0.0,0.0,0.0,0.040443818,0.0,0.0,0.0,0.0,0.003029993,0.0,0.198135189,0.0,0.0,0.0,0.0,0.0,0.0,0.0,0.018706913,0.0,0.0,0.0,0.0,0.0,0.005928247,0.010187802,0.0,0.005796508,0.0,0.009221718,0.0,0.0,0.0,0.0,0.0,0.0,0.000592825,0.0,0.0,0.0,0.006850419,0.0,0.0,0.0,0.0,0.0,0.0,0.0,0.002107821,0.000117101,0.0,0.0,0.000292753,0.0,0.0,0.0,0.0,0.0,0.0,0.0,0.0,0.002634776,0.0,0.002107821,0.000922172,0.0,0.0,0.0,0.0,0.053046832,0.0,0.0,0.0,0.009485195,0.0,0.0,0.0,0.0,0.0,0.0,0.0,0.0,0.0,0.0,0.0,0.0,0.0,0.0,0.009485195,0.0,0.0,0.0,0.0,0.001053911,0.0,0.0,0.0,0.0,0.0,0.0,0.0,0.0,0.0,0.0,0.0,0.0,0.0,0.0,0.0,0.0,0.0,0.0,0.0,0.0,0.0
ERR1513816,0.0,0.0,0.020391503,0.0,0.0,0.0,7.35e-05,0.0,0.0,0.0,0.0,0.0,0.0,0.0,0.0,0.0,0.0,0.0,0.0,0.009038396,0.0,0.0,0.0,0.0,0.0,0.0,0.0,0.0,0.000165337,0.0,0.0,0.0,0.0,0.0,0.0,0.0,0.0,0.0,0.010976507,0.0,0.0,0.067677745,0.0,0.137339528,0.0,0.0,0.0,0.138221323,0.0,0.0,0.007362986,0.017819602,0.0,0.0,0.027721422,0.000573167,0.0,0.0,0.0,0.005511217,0.0,0.0,0.0,0.0,0.007495255,0.0,0.0,0.000352718,0.0,0.0,0.0,0.0,0.0,0.0,0.0,0.0,0.0,0.0,0.0,0.0,0.0,0.0,0.0,0.0,0.0,0.001763589,0.0,0.0,0.0,0.0,0.0,0.0,0.0,0.0,0.0,0.0,0.0,0.0,0.0,0.0,0.0,0.0,0.0,0.0,0.0,0.0,0.0,0.0,0.001432916,0.0,0.0,0.0,0.0,0.0,0.0,0.0,0.0,0.0,0.0,0.0,0.0,0.0,0.0,0.0,0.0,0.0,0.0,0.0,0.0,0.001598253,0.0,0.008037192,0.0,0.00025719,0.0,0.0,0.0,0.001114491,0.000606234,0.0,0.02513115,0.0,0.001249209,0.0,0.0,0.0,0.0,0.0,0.001763589,0.0,0.021163073,0.0,0.0,0.0,0.005334858,0.0,0.000440897,0.0,0.0,0.0,0.0,0.002948501,0.207552433,0.001873814,0.0,0.0,0.004712091,0.00380274,0.033838873,0.001175726,0.0,0.0,0.0,0.0,0.0,0.0,0.0,0.0,0.0,0.0,0.0,0.0,0.002714274,0.001028761,0.000951937,0.0,0.0,4.13e-05,0.0,0.0,0.0,0.0,0.0,0.0,0.00126758,0.0,0.0,0.0,0.008597499,0.0,0.0,0.0,0.000551122,0.000165337,0.0,0.0,0.010250864,0.003906841,0.0,0.0,0.008793453,0.0,0.002397379,0.0,0.0,0.0,0.0,0.0,0.0,0.001102243,0.0,0.000440897,0.0,0.0,0.0,0.0,0.0,0.000698087,0.0,0.0,0.0,0.02006083,0.0,0.0,0.0,0.0,0.0,0.0,0.0,0.083990948,0.0,0.0,0.0,0.0,0.0,0.0,0.0,0.0,0.0,0.0,0.0,0.00760548,0.007495255,0.0,0.0,0.0,0.0,0.0,0.0,0.0,0.0,0.0,0.0,0.0,0.0,0.0,0.0,0.0,0.0,0.0,0.0,0.000220449,0.0
ERR1513817,0.0,0.0,0.004263419,0.0,0.0,0.0,0.00187332,0.0,0.0,0.0,0.0,0.0,0.0,0.0,0.0,0.0,0.0,0.000775167,0.0,0.052129984,0.0,0.0,0.0,0.0,0.0,0.0,0.0,0.0,0.0,0.0,0.0,0.0,0.0,0.0,0.0,0.0,0.0,0.0,0.002164008,0.0,0.0,0.030619099,0.0,0.0,0.027906014,0.0,0.0,0.099027591,0.0,0.0,0.000852684,0.022996623,0.0,0.0,0.012273478,0.0,0.0,0.0,0.0,0.0,0.0,0.0,0.0,0.0,0.0,0.0,0.000678271,0.009457038,0.0,0.018862398,0.0,0.0,0.0,0.0,0.0,0.0,0.0,0.0,0.0,0.0,0.0,0.0,0.0,0.0,0.0,0.0,0.0,0.0,0.0,0.0,0.0,0.0,0.0,0.0,0.0,0.0,0.0,0.0,0.0,0.0,0.0,0.0,0.0,0.0,0.0,0.0,0.0,0.0,0.006201336,0.0,0.002325501,0.0,0.0,0.0,0.0,0.0,0.0,0.009205109,0.0,0.0,0.0,0.0,0.0,0.0,0.0,0.0,0.0,0.0,0.0,0.004651002,0.0,0.012919451,0.0,0.0,0.0,0.0,0.0,0.000775167,0.0,0.0,0.02092951,0.0,0.0,0.0,0.0,0.005093955,0.0,0.0,0.001162751,0.0,0.030231515,0.0,0.0,0.0,0.023642595,0.0,0.0,0.001937918,0.0,0.0,0.0,0.006201336,0.37130502,0.022479845,0.0,0.0,0.0,0.000516778,0.00658892,0.000258389,0.0,0.0,0.0,0.0,0.0,0.0,0.000968959,0.0,0.0,0.0,0.0,0.0,0.040017999,0.0,0.008350663,0.0,0.0,0.000339136,0.0,0.031265071,0.0,0.0,0.0,0.0,0.002277053,0.0,0.0,0.0,0.0,0.0,0.0,0.0,0.0,0.003875835,0.0,0.0,0.043409355,0.001765658,0.0,0.0,0.008354578,0.0,0.000775167,0.0,0.0,0.0,0.0,0.0,0.0,0.0,0.0,0.0,0.0,0.0,0.0,0.0,0.0,0.0,0.003100668,0.0,0.0,0.0,0.0,0.0,0.0,0.0,0.0,0.0,0.0,0.0,0.0,0.0,0.0,0.0,0.0,0.0,0.0,0.0,0.0,0.0,0.0,0.008526838,0.006201336,0.0,0.0,0.0,0.0,0.0,0.0,0.006976503,0.0,0.0,0.0,0.0,0.0,0.0,0.0,0.0,0.0,0.0,0.0,0.0,0.0
ERR1513818,0.0,0.0,0.0,0.0,0.0,0.0,0.0,0.0,0.0,0.0,0.0,0.0,0.0,0.0,0.0,0.0,0.0,0.0,0.0,0.025778109,0.0,0.0,0.0,0.0,0.0,0.0,0.000920647,0.0,0.0,0.0,0.0,0.0,0.0,0.0,0.0,0.0,0.0,0.0,0.034600974,0.0,0.0,0.0,0.0,0.0,0.028540049,0.0,0.0,0.020254229,0.0,0.0,0.03130199,0.004296352,0.0,0.0,0.0,0.0,0.0,0.0,0.0,0.0,0.0,0.0,0.028540049,0.0,0.0,0.0,0.0,0.000736517,0.0,0.0,0.0,0.0,0.0,0.0,0.0,0.0,0.0,0.0,0.0,0.0,0.0,0.0,0.0,0.0,0.0,0.0,0.0,0.0,0.0,0.0,0.003068823,0.0,0.0,0.0,0.0,0.0,0.0,0.0,0.0,0.0,0.0,0.0,0.0,0.0,0.0,0.0,0.0,0.0,0.005523881,0.0,0.0,0.0,0.0,0.0,0.0,0.0,0.0,0.0,0.0,0.0,0.0,0.0,0.0,0.0,0.0,0.0,0.0,0.0,0.0,0.0,0.0,0.003145543,0.0,0.0,0.0,0.0,0.0,0.0,0.0,0.0,0.007365174,0.0,0.0,0.0,0.0,0.0,0.005523881,0.0,0.005523881,0.0,0.0,0.0,0.0,0.0,0.004603234,0.0,0.0,0.0,0.0,0.0,0.0,0.005063557,0.092064675,0.0,0.0,0.0,0.0,0.0,0.0,0.0,0.0,0.0,0.0,0.0,0.0,0.0,0.0,0.0,0.0,0.0,0.0,0.0,0.00138097,0.0,0.001297275,0.0,0.0,0.0,0.0,0.026391874,0.0,0.0,0.0,0.0,0.0,0.0,0.0,0.0,0.0,0.0,0.0,0.0,0.0,0.0,0.0,0.0,0.0,0.0,0.0,0.0,0.0,0.0,0.0,0.0,0.0,0.0,0.0,0.0,0.0,0.0,0.0,0.0,0.0,0.0,0.0,0.007978939,0.0,0.0,0.0,0.0,0.0,0.0,0.0,0.0,0.0,0.0,0.0,0.0,0.0,0.0,0.0,0.0,0.0,0.0,0.0,0.0,0.0,0.0,0.0,0.0,0.0,0.0,0.0,0.0,0.0,0.0,0.0,0.0,0.0,0.0,0.0,0.0,0.0,0.0,0.0,0.0,0.0,0.0,0.0,0.001841294,0.0,0.055238805,0.0
ERR1513819,0.0,0.0,0.0,0.0,0.0,0.0,0.0,0.0,0.0,0.0,0.0,0.0,0.0,0.0,0.0,0.0,0.0,0.0,0.0,0.007711824,0.0,0.0,0.0,0.0,0.0,0.0,0.004896396,0.0,0.0,0.0,0.0,0.0,0.003672297,0.0,0.0,0.0,0.008079053,0.0,0.023196676,0.0,0.0,0.032316213,0.0,0.016892566,0.0,0.0,0.0,0.205648629,0.0,0.0,0.019683512,0.052146617,0.037212609,0.0,0.001713739,0.001909594,0.0,0.0,0.0,0.071242561,0.0,0.0,0.005875675,0.0,0.0,0.0,0.001836148,0.001322027,0.0,0.0,0.0,0.0,0.0,0.0,0.0,0.0,0.0,0.0,0.0,0.0,0.0,0.0,0.0,0.0,0.0,0.0,0.0,0.0,0.0,0.0,0.0,0.0,0.0,0.0,0.0,0.0,0.0,0.0,0.0,0.0,0.0,0.0,0.0,0.0,0.0,0.0,0.0,0.0,0.001836148,0.0,0.0,0.0,0.0,0.0,0.0,0.0,0.0,0.0,0.0,0.0,0.0,0.0,0.0,0.0,0.0,0.0,0.0,0.0,0.0,0.002203378,0.0,0.029317171,0.0,0.003427477,0.0,0.0,0.0,0.001632132,0.0,0.0,0.0,0.0,0.0,0.0,0.0,0.044592177,0.0,0.0,0.003084729,0.0,0.0,0.0,0.0,0.0,0.00470054,0.0,0.0,0.0,0.0,0.0,0.0,0.0,0.10869999,0.067570264,0.0,0.0,0.031581754,0.001346509,0.069773642,0.0,0.0,0.0,0.0,0.0,0.0,0.0,0.003672297,0.0,0.0,0.0,0.006854954,0.0,0.013862921,0.0,0.002971222,0.0,0.0,0.001927956,0.0,0.0,0.0,0.0,0.0,0.0,0.0,0.0,0.0,0.0,0.0,0.0,0.0,0.0,0.0,0.0,0.0,0.0,0.0,0.0,0.0,0.0,0.0,0.0,0.0,0.0,0.0,0.0,0.0,0.0,0.0,0.0,0.002937838,0.0,0.0,0.0,0.0,0.0,0.0,0.00048964,0.0,0.0,0.0,0.0,0.0,0.0,0.0,0.0,0.0,0.0,0.0,0.0,0.0,0.0,0.0,0.0,0.0,0.0,0.0,0.0,0.0,0.0,0.0,0.000734459,0.0,0.0,0.0,0.0,0.0,0.0,0.0,0.0,0.0,0.0,0.0,0.0,0.0,0.0,0.0,0.0,0.0,0.0,0.0,0.0,0.0
ERR1513820,0.0,0.0,0.000351043,0.0,0.0,0.0,0.0,0.0,0.0,0.0,0.0,0.0,0.0,0.0,0.0,0.0,0.0,0.0,0.0,0.002632824,0.0,0.0,0.0,0.0,0.0,0.0,0.000468058,0.0,0.0,0.0,0.0,0.0,0.0,0.0,0.0,0.0,0.0,0.0,0.017405889,0.0,0.0,0.388604752,0.0,0.0,0.0,0.0,0.0,0.067663565,0.0,0.0,0.00154459,0.040662497,0.00228178,0.0,0.0,0.0,0.0,0.0,0.0,0.0,0.0,0.0,0.038965788,0.0,0.0,0.0,0.0,0.001614798,0.0,0.0,0.0,0.0,0.0,0.0,0.0,0.0,0.0,0.0,0.0,0.0,0.0,0.0,0.0,0.0,0.0,0.0,0.0,0.0,0.0,0.0,0.000877608,0.0,0.0,0.0,0.0,0.0,0.0,0.0,0.0,0.0,0.0,0.0,0.0,0.0,0.0,0.0,0.0,0.0,0.003861475,0.0,0.0,0.0,0.0,0.0,0.001053129,0.0,0.0,0.0,0.0,0.0,0.0,0.0,0.0,0.0,0.0,0.0,0.0,0.0,0.0,0.0,0.0,0.003905355,0.0,0.011467409,0.0,0.0,0.0,0.006903848,0.002808345,0.0,0.050550212,0.0,0.002749838,0.010004729,0.0,0.001303875,0.0,0.0,0.0,0.0,0.0,0.0,0.0,0.0,0.0,0.00228178,0.0,0.0,0.0,0.0,0.0,0.024836302,0.19026538,0.040721004,0.0,0.0,0.0,0.020857813,0.0,0.0,0.0,0.0,0.0,0.0,0.0,0.0,0.000965369,0.0,0.0,0.0,8.78e-05,0.0,0.009631746,0.0,0.00177915,0.0,0.0,0.000504625,0.0,0.0,0.0,0.0,0.0,0.0,0.0,0.0,0.0,0.0,0.02466078,0.0,0.0,0.0,0.0,0.000877608,0.0,0.0,0.0,9.75e-05,0.0,0.0,0.0,0.0,0.0,0.0,0.0,0.0,0.0,0.0,0.0,0.0,0.003978489,0.0,0.0,0.0,0.0,0.0,0.0,0.003217895,0.0,0.0,0.0,0.0,0.0,0.0,0.0,0.0,0.0,0.0,0.0,0.0,0.0,0.0,0.0,0.0,0.0,0.0,0.0,0.0,0.0,0.0,0.0,0.0,0.0,0.0,0.0,0.0,0.0,0.0,0.0,0.00228178,0.0,0.0,0.0,0.0,0.0,0.0,0.0,0.0,0.0,0.0,0.0,0.0,0.0
ERR1513825,0.0,0.000604235,0.010997069,0.0,0.000241694,0.0,0.000100706,0.0,0.0,0.0,0.0,0.0,0.0,0.0,0.0,0.0,0.0,0.0,0.0,0.003746254,0.0,0.0,0.0,0.0,0.0,0.0,0.000201412,0.0,0.0,0.0,0.0,0.0,0.0,0.0,0.0,0.0,0.0,0.0,0.009859094,0.0,0.0,0.027553097,0.0,0.0,0.0,0.0,0.0,0.008519707,0.0,0.0,0.051529124,0.046727474,0.0,0.0,0.0,0.0,0.0,0.0,0.0,0.014139089,0.0,0.0,0.339458983,0.0,0.0,0.0,0.0,0.001015114,0.0,0.0,0.0,0.0,0.0,0.0,0.002537785,0.0,0.0,0.0,0.0,0.0,0.0,0.0,0.0,0.002416938,0.0,0.0,0.0,0.0,0.0,0.0,0.0,0.0,0.0,0.0,0.0,0.0,0.0,0.0,0.0,0.0,0.0,0.0,0.0,0.0,0.0,0.0,0.0,0.0,0.006707004,0.0,0.0,0.0,0.0,0.0,0.0,0.0,0.0,0.000392752,0.0,0.0,0.0,0.01135961,0.0,0.0,0.0,0.0,0.0,0.0,0.0,0.000483388,0.0,0.000312188,0.0,0.000120847,0.0,0.0,0.0,0.000308831,0.0,0.0,0.003987948,0.0,0.000684799,0.001993974,0.0,0.001035831,0.009546906,0.0,0.000870098,0.0,0.0,0.0,0.0,0.0,0.004519675,0.0,0.0,0.0,0.0,0.0,0.0,0.000996987,0.007129968,0.000483388,0.0,0.0,0.001057411,0.0,0.016193487,0.0,0.0,0.0,0.0,0.0,0.0,0.0,0.001450163,0.0,0.0,0.0,0.000221553,0.0,0.015362664,0.00366569,0.000988747,0.0,0.0,0.006661686,0.0,0.085197075,0.0,0.0,0.0,0.0,0.0,0.0,0.0,0.0,0.020846093,0.0,0.0,0.0,0.0,0.0,0.0,0.0,0.0,0.000872783,0.0,0.0,0.000228266,0.0,0.0,0.0,0.0,0.0,0.0,0.0,0.0,0.002658632,0.000886211,0.0,0.000271906,0.0,0.0,0.0,0.0,0.001490445,0.0,0.0,0.0,0.0,0.0,0.0,0.0,0.0,0.0,0.0,0.0,0.0,0.0,0.0,0.0,0.000402823,0.0,0.0,0.0,0.0,0.0,0.0,0.0,0.0,0.0,0.0,0.0,0.0,0.0,0.0,0.0,0.0,0.0,0.0,0.0,0.0,0.0,0.0,0.0,0.0,0.0,0.0,0.0,0.200182914,0.0
ERR1513826,0.0,0.0,0.0,0.0,0.0,0.0,0.003264454,0.0,0.0,0.0,0.0,0.0,0.0,0.002260006,0.0,0.0,0.0,0.0,0.0,0.048590137,0.0,0.0,0.0,0.0,0.0,0.0,0.0,0.0,0.0,0.0,0.0,0.0,0.0,0.0,0.0,0.0,0.0,0.0,0.106596967,0.0,0.0,0.0,0.0,0.0,0.108480305,0.0,0.0,0.204530576,0.0,0.0,0.0,0.048966805,0.038922332,0.0,0.017326715,0.0,0.0,0.0,0.0,0.110740312,0.0,0.0,0.0,0.0,0.0,0.0,0.001035836,0.004369346,0.0,0.0,0.0,0.0,0.0,0.0,0.0,0.0,0.0,0.0,0.0,0.0,0.0,0.0,0.0,0.0,0.0,0.0,0.0,0.0,0.0,0.0,0.0,0.0,0.0,0.0,0.0,0.0,0.0,0.0,0.0,0.0,0.0,0.0,0.0,0.0,0.0,0.0,0.0,0.0,0.0,0.0,0.0,0.014313374,0.0,0.0,0.0,0.0,0.0,0.007156687,0.0,0.0,0.0,0.0,0.0,0.0,0.0,0.0,0.0,0.0,0.0,0.0,0.0,0.015631711,0.0,0.0,0.0,0.0,0.0,0.001506671,0.0,0.0,0.009793361,0.0,0.01104892,0.0,0.0,0.009255264,0.006026684,0.0,0.0,0.0,0.007533355,0.0,0.0,0.0,0.003917344,0.0,0.0,0.0,0.0,0.0,0.0,0.004143345,0.101700286,0.012053367,0.0,0.0,0.004520013,0.001004447,0.0,0.0,0.000565002,0.0,0.0,0.0,0.0,0.0,0.0,0.0,0.0,0.0,0.0,0.0,0.022317563,0.0,0.003458495,0.0,0.0,0.000376668,0.0,0.002008895,0.007533355,0.0,0.0,0.0,0.0,0.0,0.0,0.0,0.0,0.0,0.0,0.0,0.0,0.001130003,0.0,0.0,0.002636674,0.00041852,0.0,0.0,0.002092598,0.0,0.000565002,0.0,0.0,0.0,0.0,0.0,0.0,0.0,0.0,0.0,0.0,0.0,0.0,0.010797808,0.0,0.0,0.0,0.0,0.0,0.0,0.0,0.0,0.0,0.0,0.0,0.0,0.0,0.0,0.0,0.0,0.0,0.0,0.0,0.0,0.0,0.0,0.0,0.0,0.0,0.0,0.0,0.0,0.0,0.007533355,0.0,0.0,0.0,0.0,0.0,0.0,0.0,0.0,0.0,0.0,0.0,0.0,0.0,0.0,0.0,0.0,0.0
ERR1513828,6.41e-05,0.0008978,0.000384771,0.0,0.0,0.0,0.0,0.0,0.0,0.0,0.0,0.0,0.0,0.0,0.0,0.0,0.0,0.0,0.0,0.131078824,0.0,0.0,0.0,0.0,0.0,0.0,0.0,0.0,0.0,0.0,0.0,0.0,0.0,0.0,0.0,0.0,0.0,0.0,0.009694104,0.0,0.0,0.038861921,0.0,0.0,0.012312688,0.0,0.0,0.032384934,0.0,0.0,0.008311064,0.0026934,0.0,0.0,0.002736153,0.0,0.0,0.0,0.0,0.00859323,0.0,0.0,0.105170876,0.0,0.0,0.0,0.000208418,0.000589983,0.0,0.0,0.0,0.0,0.0,0.0,0.0,0.0,0.0,0.0,0.0,0.0,0.0,0.0,0.0,0.0,0.0,0.0,0.0,0.0,0.0,0.0,0.0,0.0,0.0,0.0,0.0,0.0,0.0,0.0,0.0,0.0,0.002052115,0.0,0.0,0.0,0.0,0.0,0.0,0.0,0.000961929,0.0,0.0,0.0,0.0,0.0,0.0,0.0,0.0,0.0,0.0,0.0,0.0,0.0,0.0,0.0,0.0,0.0,0.0,0.0,0.0,0.001154314,0.0,0.008571854,0.0,0.0,0.0,0.0,0.0,0.000427524,0.0,0.0,0.012056174,0.0,0.0,0.000384771,0.0,0.005716605,0.0026934,0.0,0.017853398,0.0,0.058741782,0.0,0.0,0.0,0.004129881,0.0,0.0,0.0,0.0,0.0,0.0,0.001955922,0.392595186,0.010645345,0.0,0.0,0.001058122,0.001902481,0.001923857,0.0,0.0,0.0,0.0,0.0,0.0,0.0,0.000769543,0.0,0.0,0.0,0.000662662,0.0,0.043014247,0.019195823,0.002087094,0.0,0.0,0.000320643,0.0,0.015476365,0.02398409,0.0,0.0,0.0,0.000577157,0.0,0.0,0.0,0.0,0.0,0.0,0.0,0.0,0.0,0.0,0.0,0.000513029,0.00017101,0.0,0.0,0.000156759,0.0,0.000288579,0.0,0.0,0.0,0.0,0.0,0.0,0.000769543,0.0,0.0,0.0,0.0,0.0,0.0,0.0,0.0,0.0,0.0,0.0,0.0,0.001026057,0.0,0.0,0.0,0.0,0.0,0.0,0.0,0.0,0.0,0.0,0.0,0.0,0.0,0.0,0.0,0.0,0.0,0.0,0.0,0.0,0.0,0.0,0.0,0.0,0.0,0.0,0.0,0.0,0.0,0.0,0.0,0.0,0.0,0.0,0.0,0.0,0.0,0.0,0.0,0.0
ERR1513831,0.0,0.0,0.0,0.0,0.0,0.0,0.0,0.0,0.0,0.0,0.0,0.0,0.0,0.0,0.0,0.0,0.0,0.0,0.0,0.0,0.0,0.0,0.005750262,0.0,0.0,0.0,0.0,0.0,0.0,0.0,0.0,0.0,0.0,0.0,0.0,0.0,0.0,0.0,0.006579626,0.0,0.0,0.0,0.0,0.00055291,0.145968183,0.0,0.0,0.003428041,0.0,0.0,0.001946242,0.016513572,0.151865887,0.0,0.001290123,0.0,0.0,0.0,0.0,0.0,0.0,0.0,0.0,0.0,0.0,0.0,0.004146823,0.001061587,0.0,0.0,0.0,0.0,0.0,0.0,0.0,0.0,0.0,0.0,0.0,0.0,0.0,0.0,0.0,0.0,0.0,0.0,0.0,0.0,0.0,0.0,0.0,0.0,0.0,0.0,0.0,0.0,0.0,0.0,0.0,0.0,0.000221164,0.0,0.0,0.0,0.0,0.0,0.0,0.0,0.001548147,0.0,0.0,0.0,0.0,0.0,0.0,0.0,0.0,0.000387037,0.0,0.0,0.0,0.0,0.0,0.0,0.0,0.0,0.0,0.0,0.0,0.0,0.0,0.0,0.0,0.0,0.0,0.0,0.0,0.001425279,0.004976188,0.0,0.0,0.0,0.005455377,0.0,0.0,0.001611337,0.0,0.0,0.0,0.0,0.0,0.0,0.0,0.0,0.001238518,0.0,0.0,0.0,0.0,0.0,0.0,0.0,0.0,0.0,0.0,0.0,0.000442328,0.0,0.052194683,0.0,0.0,0.0,0.0,0.0,0.0,0.0,0.001879893,0.0,0.0,0.0,0.0,0.0,0.000469973,0.0,0.000492592,0.0,0.0,0.001741666,0.0,0.001253262,0.00110582,0.0,0.0,0.0,0.0,0.0,0.0,0.0,0.002101057,0.0,0.0,0.0,0.0,0.0,0.0,0.0,0.0,0.0,0.0,0.0,0.0,0.0,0.0,0.0,0.0,0.0,0.0,0.0,0.0,0.0,0.0,0.010615868,0.0,0.0,0.0,0.0,0.0,0.0,0.0,0.0,0.0,0.0,0.0,0.0,0.0,0.0,0.0,0.0,0.0,0.0,0.0,0.0,0.0,0.0,0.0,0.0,0.0,0.0,0.0,0.0,0.0,0.0,0.0,0.0,0.0,0.0,0.0,0.0,0.0,0.0,0.0,0.0,0.0,0.0,0.0,0.0,0.0,0.0,0.0,0.011721687,0.0,0.498171714,0.0
ERR1513834,0.0,0.0,0.000679532,0.0,0.0,0.0,0.0,0.0,0.0,0.0,0.0,0.0,0.0,0.0,0.0,0.0,0.0,0.0,0.0,0.003057893,0.0,0.0,0.0,0.0,0.0,0.0,0.0,0.0,0.0,0.0,0.0,0.0,0.006795318,0.0,0.0,0.0,0.0,0.0,0.004303701,0.0,0.0,0.119937364,0.0,0.0,0.0,0.0,0.0,0.300013292,0.0,0.0,0.007406897,0.044056312,0.007588105,0.0,0.000169883,0.0,0.0,0.0,0.0,0.0,0.0,0.0,0.081883582,0.0,0.0,0.0,0.002250949,0.002446314,0.0,0.0,0.0,0.0,0.0,0.0,0.0,0.0,0.0,0.0,0.0,0.0,0.0,0.0,0.0,0.0,0.0,0.0,0.0,0.0,0.0,0.0,0.000453021,0.0,0.0,0.0,0.0,0.0,0.0,0.0,0.0,0.0,0.0,0.0,0.0,0.0,0.0,0.0,0.0,0.0,0.00288801,0.0,0.0,0.012571338,0.0,0.0,0.0,0.0,0.0,0.000169883,0.0,0.0,0.0,0.0,0.0,0.0,0.0,0.0,0.0,0.0,0.0,0.014440051,0.0,0.004020563,0.0,0.001245808,0.0,0.0,0.0,0.002869134,0.0,0.0,0.004077191,0.0,0.0,0.0,0.0,0.004611109,0.0,0.0,0.0,0.0,0.008833913,0.0,0.0,0.0,0.0,0.0,0.0,0.0,0.0,0.0,0.0,0.0,0.203519776,0.072709903,0.0,0.0,0.002208478,0.0,0.021405252,0.0,0.0,0.0,0.0,0.0,0.0,0.0,0.003397659,0.0,0.0,0.0,0.0,0.0,0.001189181,0.0,0.001559834,0.0,0.0,0.001104239,0.0,0.0,0.0,0.0,0.0,0.0,0.0,0.0,0.0,0.0,0.0,0.0,0.0,0.0,0.0,0.0,0.0,0.0,0.0,0.0,0.0,0.0,0.0,0.0,0.0,0.0,0.0,0.0,0.0,0.0,0.0,0.0,0.001019298,0.0,0.000254824,0.0,0.0,0.0,0.0,0.0,0.0,0.0,0.0,0.0,0.0,0.0,0.0,0.0,0.0,0.0,0.0,0.0,0.0,0.0,0.0,0.0,0.0,0.0,0.0,0.0,0.0,0.0,0.0,0.000339766,0.0,0.0,0.0,0.0,0.0,0.0,0.0,0.0,0.0,0.0,0.0,0.0,0.0,0.0,0.0,0.0,0.0,0.0,0.0,0.045358748,0.0
ERR1513835,0.0,0.0,0.0,0.0,0.0,0.0,0.000340215,0.0,0.0,0.0,0.0,0.0,0.0,0.0,0.0,0.0,0.0,0.0,0.0,0.002624517,0.0,0.0,0.0,0.0,0.0,0.0,0.0,0.0,0.0,0.0,0.0,0.0,0.0,0.0,0.0,0.0,0.0,0.0,0.006391185,0.0,0.0,0.040242593,0.0,0.0,0.026536783,0.0,0.0,0.053948404,0.0,0.0,0.031260913,0.006318282,0.0,0.0,0.045637434,0.148489337,0.0,0.0,0.0,0.025953557,0.0,0.0,0.005249034,0.0,0.0,0.0,0.001603871,0.004140905,0.0,0.0,0.0,0.0,0.0,0.0,0.0,0.0,0.0,0.0,0.0,0.0,0.0,0.0,0.0,0.0,0.0,0.0,0.0,0.0,0.0,0.0,0.0,0.0,0.0,0.0,0.0,0.0,0.0,0.0,0.0,0.0,0.0,0.0,0.0,0.0,0.0,0.0,0.0,0.0,0.0,0.0,0.0,0.0,0.0,0.0,0.0,0.0,0.0,0.001530968,0.0,0.0,0.0,0.0,0.0,0.0,0.0,0.0,0.000510323,0.0,0.0,0.002332904,0.0,0.003718066,0.0,0.0,0.0,0.0,0.0,0.0,0.0,0.0,0.001458065,0.0,0.0,0.0,0.0,0.011581202,0.0,0.0,0.0,0.0,0.024787105,0.0,0.0,0.0,0.013064262,0.0,0.0,0.0,0.0,0.0,0.0,0.010789681,0.215502004,0.037326463,0.0,0.0,0.003572259,0.0,0.0,0.0,0.0,0.0,0.0,0.0,0.0,0.0,0.000291613,0.0,0.0,0.0,0.0,0.0,0.004592905,0.007387529,0.0024522,0.0,0.0,0.000911291,0.0,0.060947116,0.0,0.0,0.0,0.0,0.0,0.0,0.0,0.0,0.076402605,0.0,0.0,0.0,0.0,0.0,0.0,0.0,0.001166452,0.0,0.0,0.0,6.48e-05,0.0,0.0,0.0,0.0,0.0,0.0,0.0,0.0,0.0,0.000194409,0.0,0.0,0.0,0.0,0.003402152,0.0,0.0,0.0,0.0,0.0,0.0,0.0,0.0,0.0,0.0,0.0,0.0,0.0,0.0,0.0,0.0,0.0,0.0,0.0,0.0,0.004471399,0.0,0.0,0.0,0.0,0.0,0.0,0.0,0.0,0.0,0.0,0.0,0.0,0.000583226,0.0,0.0,0.0,0.0,0.0,0.0,0.0,0.0,0.0,0.0,0.0,0.002770323,0.0
ERR1513837,0.0,0.0,0.0,0.0,0.0,0.0,0.0,0.0,0.0,0.0,0.0,0.0,0.0,0.0,0.0,0.0,0.0,0.0,0.0,0.0,0.0,0.0,0.002919088,0.0,0.0,0.0,0.0,0.0,0.0,0.0,0.0,0.0,0.0,0.0,0.0,0.0,0.0,0.0,0.016691195,0.0,0.0,0.162795286,0.0,0.001347271,0.0,0.0,0.0,0.024699974,0.0,0.0,0.006377084,0.014221197,0.0,0.0,0.000149697,0.000359272,0.0,0.0,0.0,0.044459954,0.0,0.0,0.019535434,0.0,0.0,0.0,0.005361017,0.002739452,0.0,0.000748484,0.0,0.0,0.0,0.0,0.0,0.0,0.0,0.0,0.0,0.0,0.0,0.0,0.0,0.0,0.0,0.0,0.0,0.0,0.0,0.0,0.0,0.0,0.0,0.0,0.0,0.0,0.0,0.0,0.0,0.0,0.0,0.0,0.0,0.0,0.0,0.0,0.0,0.0,0.002357725,0.0,0.0,0.0,0.0,0.0,0.0,0.0,0.0,0.0,0.0,0.0,0.0,0.0,0.0,0.0,0.0,0.0,0.0,0.0,0.000898181,0.0,0.0,0.00116015,0.0,0.0,0.0,0.0,0.0,0.001247473,0.0,0.0,0.001347271,0.0,0.0,0.0,0.0,0.0,0.0,0.0,0.000538909,0.0,0.006062721,0.0,0.0,0.0,0.0,0.0,0.0,0.0,0.0,0.0,0.0,0.000505227,0.0,0.0,0.0,0.0,0.0,0.0,0.0,0.0,0.0,0.0,0.0,0.0,0.0,0.0,0.000561363,0.0,0.0,0.0,0.0,0.0,0.001122726,0.001796362,0.000234752,0.0,0.0,0.000505227,0.0,0.0,0.0,0.0,0.0,0.0,0.000112273,0.0,0.0,0.0,0.008308173,0.0,0.0,0.0,0.0,0.0,0.0,0.0,0.0,0.0,0.0,0.0,0.0,0.0,0.0,0.0,0.0,0.0,0.0,0.0,0.0,0.0,0.0,0.0,0.0,0.0,0.0,0.0,0.0,0.0,0.0,0.0,0.0,0.0,0.0,0.0,0.0,0.0,0.0,0.0,0.0,0.0,0.0,0.0,0.0,0.0,0.0,0.0,0.0,0.0,0.0,0.0,0.0,0.0,0.0,0.0,0.0,0.0,0.0,0.0,0.0,0.0,0.0,0.028741788,0.0,0.0,0.0,0.0,0.095506568,0.0,0.0,0.0,0.0,0.375439611,0.0
ERR1513843,0.0,0.0,0.0,0.0,0.0,0.0,0.0,0.0,0.0,0.0,0.0,0.0,0.0,0.0,0.0,0.0,0.0,0.0,0.0,0.0,0.0,0.0,0.0,0.0,0.0,0.0,0.00014494,0.0,0.0,0.0,0.0,0.0,0.0,0.0,0.0,0.0,0.0,0.0,0.025781158,0.0,0.0,0.056743912,0.0,0.0,0.057396141,0.0,0.0,0.062940086,0.0,0.0,0.010957445,0.051526081,0.0,0.0,0.0,0.0,0.0,0.0,0.0,0.0,0.0,0.0,0.0,0.0,0.0,0.0,0.0,0.0,0.0,0.0,0.0,0.0,0.0,0.0,0.0,0.0,0.0,0.0,0.0,0.0,0.0,0.0,0.0,0.0,0.0,0.0,0.0,0.0,0.0,0.0,0.0,0.0,0.0,0.0,0.0,0.0,0.0,0.0,0.0,0.0,0.0,0.0,0.0,0.0,0.0,0.0,0.0,0.0,0.00021741,0.0,0.0,0.0,0.0,0.0,0.0,0.0,0.0,0.0,0.0,0.0,0.0,0.0,0.0,0.0,0.0,0.0,0.0,0.0,0.000869638,0.0,0.0,0.0,0.0,0.007029578,0.0,0.0,0.0,0.000362349,0.0,0.0,0.0,0.0,0.001376928,0.0,0.0,0.0,0.0,0.0,0.0,0.0,0.0,0.0,0.0,0.0,0.0,0.0,0.0,0.0,0.0,0.0,0.0,0.0,0.0,0.0,0.0,0.0,0.0,0.006449819,0.009131204,0.0,0.000326114,0.0,0.0,0.0,0.0,0.0,0.001195753,0.0,0.0,0.0,0.0,0.0,0.0,0.0,0.001670101,0.0,0.0,0.00644076,0.0,0.0,0.0,0.0,0.0,0.0,0.0,0.0,0.0,0.0,0.002826325,0.0,0.0,0.0,0.0,0.0,0.0,0.0,0.0,0.0,0.0,0.0,0.0,0.0,0.0,0.0,0.0,0.0,0.0,0.0,0.0,0.0,0.001521867,0.013479397,0.000163057,0.0,0.0,0.0,0.0,0.002681385,0.0,0.0,0.0,0.0,0.0,0.0,0.0,0.0,0.0,0.0,0.0,0.0,0.0,0.0,0.0,0.0,0.0,0.0,0.0,0.0,0.0,0.0,0.0,0.0,0.0,0.0,0.0,0.0,0.0,0.0,0.0,0.0,0.0,0.0,0.0,0.0,0.0,0.0,0.0,0.000434819,0.0,0.0,0.0,0.277305975,0.0
ERR1513844,0.0,0.0,0.000817619,0.0,0.0,0.0,0.0,0.0,0.0,0.0,0.0,0.0,0.0,0.0,0.0,0.0,0.0,0.0,0.0,0.039450134,0.0,0.0,0.0,0.0,0.0,0.0,0.00027254,0.0,0.0,0.0,0.0,0.0,0.01308191,0.0,0.0,0.0,0.0,0.0,0.012434628,0.0,0.0,0.0,0.0,0.0,0.017578816,0.0,0.0,0.198272694,0.0,0.0,0.0,0.02507366,0.0,0.0,0.004156232,0.0,0.0,0.0,0.0,0.018805245,0.0,0.0,0.071132884,0.0,0.0,0.0,0.0,0.001798763,0.0,0.0,0.0,0.0,0.0,0.0,0.0,0.0,0.0,0.0,0.0,0.0,0.0,0.0,0.0,0.0,0.0,0.0,0.0,0.0,0.0,0.0,0.085577493,0.0,0.0,0.0,0.0,0.0,0.0,0.0,0.0,0.0,0.0,0.0,0.0,0.0,0.0,0.0,0.0,0.0,0.002657263,0.0,0.0,0.0,0.0,0.0,0.0,0.0,0.0,0.0,0.0,0.0,0.0,0.0,0.0,0.0,0.0,0.0,0.0,0.0,0.0,0.007971789,0.0,0.007699249,0.0,0.006404685,0.0,0.0,0.0,0.002044048,0.0,0.0,0.013490719,0.0,0.002589128,0.0,0.0,0.011797079,0.0,0.0,0.001553477,0.0,0.014717148,0.0,0.0,0.0,0.002861668,0.0,0.0,0.0,0.0,0.0,0.0,0.008073991,0.198272694,0.067453597,0.0,0.0,0.004394704,0.009402623,0.051510019,0.0,0.0,0.0,0.0,0.0,0.0,0.0,0.0,0.0,0.0,0.0,0.0,0.0,0.007154169,0.0,0.005221615,0.0,0.0,0.000153304,0.0,0.016488657,0.0,0.0,0.0,0.0,0.001533036,0.0,0.0,0.0,0.041289778,0.0,0.0,0.0,0.0,0.0,0.0,0.0,0.000817619,0.0,0.0,0.0,0.000726773,0.0,0.00040881,0.0,0.0,0.0,0.0,0.0,0.0,0.0,0.0,0.010629052,0.0,0.0,0.0,0.0,0.0,0.001498969,0.0,0.0,0.0,0.0,0.0,0.0,0.0,0.0,0.0,0.0,0.0,0.0,0.0,0.0,0.0,0.0,0.0,0.0,0.0,0.0,0.0,0.0,0.0,0.0,0.0,0.0,0.0,0.0,0.0,0.0,0.0,0.0,0.0,0.0,0.0,0.0,0.0,0.0,0.0,0.0,0.0,0.0,0.001430834,0.0,0.0
ERR1513846,0.0,0.0,0.0,0.0,0.0,0.0,0.00038119,0.0,0.0,0.0,0.0,0.0,0.0,0.0,0.0,0.0,0.0,0.0,0.0,0.061025095,0.0,0.0,0.0,0.0,0.0,0.0,0.000900995,0.0,0.0,0.0,0.0,0.0,0.0,0.0,0.0,0.0,0.0,0.0,0.000814361,0.0,0.0,0.0,0.0,0.0,0.016217913,0.0,0.0,0.131718562,0.0,0.0,0.0,0.017742674,0.0,0.0,0.000762381,0.0,0.0,0.0,0.0,0.018089211,0.0,0.0,0.056970617,0.0,0.0,0.0,0.0,0.001122779,0.0,0.0,0.0,0.0,0.0,0.0,0.0,0.0,0.0,0.0,0.0,0.0,0.0,0.0,0.0,0.0,0.0,0.0,0.0,0.0,0.0,0.0,0.0,0.0,0.0,0.0,0.0,0.0,0.0,0.0,0.0,0.0,0.0,0.0,0.0,0.0,0.0,0.0,0.0,0.0,0.0,0.0,0.0,0.0,0.0,0.0,0.0,0.0,0.0,0.0,0.0,0.0,0.0,0.0,0.0,0.0,0.0,0.0,0.0,0.0,0.0,0.0,0.0,0.00634162,0.0,0.0,0.0,0.0,0.0,0.0,0.0,0.0,0.025990245,0.0,0.0,0.0,0.0,0.0,0.009980254,0.0,0.005156465,0.0,0.046158675,0.0,0.0,0.0,0.009023813,0.0,0.0,0.0,0.0,0.0,0.0,0.0,0.47406207,0.0,0.0,0.0,0.0085248,0.000311883,0.005198049,0.0,0.0,0.0,0.0,0.0,0.0,0.0,0.000415844,0.0,0.0,0.0,0.0,0.0,0.014580527,0.007277269,0.002400554,0.0,0.0,0.000259902,0.0,0.031188294,0.0,0.0,0.0,0.0,0.0,0.0,0.0,0.0,0.014034732,0.0,0.0,0.0,0.0,0.0,0.0,0.0,0.000519805,0.0,0.0,0.0,0.0,0.0,0.0,0.0,0.0,0.0,0.0,0.0,0.0,0.0085248,0.0,0.0,0.0,0.0,0.0,0.0,0.0,0.0,0.0,0.0,0.0,0.0,0.0,0.0,0.0,0.0,0.0,0.0,0.0,0.0,0.0,0.0,0.0,0.0,0.0,0.0,0.0,0.0,0.0,0.0,0.0,0.0,0.0,0.0,0.0,0.0,0.0,0.0,0.0,0.0,0.0,0.0,0.0,0.0,0.0,0.0,0.0,0.0,0.0,0.0,0.0,0.010188176,0.0
ERR1513849,0.0,0.0,0.001030111,0.0,0.003090333,0.0,0.007554148,0.0,0.0,0.0,0.0,0.0,0.0,0.0,0.0,0.0,0.0,0.0,0.0,0.022319075,0.0,0.0,0.0,0.0,0.0,0.0,0.0,0.0,0.0,0.0,0.0,0.0,0.0,0.0,0.0,0.0,0.0,0.0,0.008784559,0.0,0.0,0.014078186,0.0,0.061291613,0.0,0.0,0.0,0.051677242,0.0,0.0,0.003571052,0.010758939,0.0,0.0,0.0,0.0,0.0,0.0,0.0,0.0,0.0,0.0,0.069360817,0.0,0.0,0.0,0.0,0.0,0.0,0.0,0.0,0.0,0.0,0.0,0.0,0.0,0.0,0.0,0.0,0.0,0.0,0.0,0.0,0.0,0.0,0.0,0.0,0.0,0.0,0.0,0.009614371,0.0,0.0,0.0,0.0,0.0,0.0,0.0,0.0,0.0,0.0,0.0,0.0,0.0,0.0,0.001373482,0.0,0.0,0.026954575,0.0,0.0,0.0,0.006180667,0.0,0.0,0.0,0.0,0.000171685,0.0,0.0,0.0,0.0,0.0,0.0,0.0,0.0,0.0,0.0,0.0,0.0,0.0,0.015795038,0.0,0.003090333,0.0,0.0,0.0,0.002708811,0.0,0.0,0.0,0.0,0.0,0.0,0.0,0.007995625,0.0,0.0,0.0,0.0,0.020945593,0.0,0.0,0.0,0.000755415,0.0,0.0,0.0,0.0,0.0,0.0,0.092023262,0.392815717,0.070047558,0.0,0.0,0.0,0.003033105,0.009271,0.0,0.0,0.0,0.0,0.0,0.0,0.0,0.002060222,0.0,0.0,0.0,0.0,0.0,0.0,0.0,0.0,0.0,0.0,0.000128764,0.0,0.035023779,0.0,0.0,0.0,0.0,0.0,0.0,0.0,0.0,0.010129426,0.0,0.0,0.0,0.0,0.0,0.0,0.0,0.000686741,0.00034337,0.0,0.0,0.00034337,0.0,0.0,0.0,0.0,0.0,0.0,0.0,0.0,0.0,0.0,0.0,0.0,0.0,0.0,0.0,0.0,0.000801198,0.0,0.0,0.0,0.0,0.0,0.0,0.0,0.0,0.0,0.0,0.0,0.0,0.0,0.0,0.0,0.0,0.0,0.0,0.0,0.0,0.0,0.0,0.0,0.0,0.0,0.0,0.0,0.0,0.0,0.0,0.0,0.0,0.0,0.0,0.0,0.0,0.0,0.0,0.013276988,0.0,0.0,0.0,0.0,0.0,0.0
ERR1513850,0.0,0.0,0.0,0.0,0.0,0.0,0.000223405,0.0,0.0,0.0,0.0,0.0,0.0,0.0,0.0,0.0,0.0,0.0,0.0,0.00781916,0.0,0.0,0.0,0.0,0.0,0.0,0.000595746,0.0,0.0,0.0,0.0,0.0,0.0,0.0,0.0,0.0,0.0,0.0,0.015843108,0.0,0.0,0.360798402,0.0,0.003686176,0.004691496,0.0,0.0,0.014186191,0.0,0.0,0.023770248,0.041925594,0.0,0.0,0.000930852,0.0,0.0,0.0,0.0,0.009606397,0.0,0.0,0.208659881,0.0,0.0,0.0,0.003378994,0.001921279,0.0,0.00081915,0.0,0.0,0.0,0.0,0.0,0.0,0.0,0.0,0.0,0.0,0.0,0.0,0.0,0.0,0.0,0.0,0.0,0.0,0.0,0.0,0.0,0.0,0.0,0.0,0.0,0.0,0.0,0.0,0.0,0.0,0.0,0.0,0.0,0.0,0.0,0.0,0.0,0.0,0.0,0.0,0.0,0.0,0.0,0.0,0.0,0.0,0.0,0.001898939,0.0,0.0,0.0,0.0,0.0,0.0,0.0,0.0,0.0,0.0,0.0,0.001005321,0.0,0.001489364,0.0,0.0,0.0,0.0,0.0,0.001588655,0.0,0.0,0.000893618,0.0,0.004021283,0.0,0.0,0.002968089,0.002234046,0.0,0.000446809,0.0,0.006255328,0.0,0.0,0.0,0.000714895,0.0,0.0,0.0,0.0,0.0,0.0,0.0,0.009159588,0.0,0.0,0.0,0.001340428,0.0,0.0,0.0,0.0,0.0,0.0,0.0,0.0,0.0,0.001117023,0.0,0.0,0.0,0.000223405,0.0,0.002792557,0.0,0.000913928,0.0,0.0,0.001005321,0.0,0.020776626,0.0,0.0,0.0,0.0,0.0,0.0,0.0,0.0,0.0,0.0,0.0,0.0,0.0,0.0,0.0,0.0,0.0,0.000297873,0.0,0.0,0.0,0.0,0.0,0.0,0.0,0.0,0.0,0.0,0.0,0.000670214,0.0,0.005585115,0.0,0.0,0.0,0.0,0.0,0.000968087,0.017425558,0.0,0.0,0.0,0.0,0.0,0.0,0.0,0.0,0.0,0.0,0.0,0.0,0.0,0.0,0.0,0.0,0.0,0.0,0.0,0.0,0.0,0.0,0.0,0.0,0.0,0.0,0.0,0.0,0.0,0.0,0.0,0.0,0.0,0.0,0.0,0.0,0.0,0.0,0.0,0.0,0.0,0.0,0.184867293,0.0
ERR1513854,0.0,0.0,0.0,0.0,0.0,0.0,0.0,0.0,0.0,0.0,0.0,0.0,0.0,0.0,0.0,0.0,0.0,0.0,0.0,0.006211775,0.0,0.0,0.0,0.0,0.0,0.0,0.0,0.0,0.0,0.0,0.0,0.0,0.0,0.0,0.0,0.0,0.0,0.0,0.14619467,0.0,0.0,0.139274534,0.0,0.0,0.0,0.0,0.0,0.194526638,0.0,0.0,0.015039034,0.227547127,0.0,0.0,0.0,0.0,0.0,0.0,0.0,0.027462584,0.0,0.0,0.0,0.0,0.0,0.0,0.0,0.001700065,0.0,0.098734529,0.0,0.0,0.0,0.0,0.0,0.0,0.0,0.0,0.0,0.0,0.0,0.0,0.0,0.0,0.0,0.0,0.0,0.0,0.0,0.0,0.0,0.0,0.0,0.0,0.0,0.0,0.0,0.0,0.0,0.0,0.0,0.0,0.0,0.0,0.0,0.0,0.0,0.0,0.003596291,0.0,0.0,0.0,0.0,0.0,0.0,0.0,0.0,0.0,0.0,0.0,0.0,0.0,0.0,0.0,0.0,0.0,0.0,0.0,0.0,0.0,0.0,0.004686076,0.0,0.0,0.0,0.0,0.0,0.000799176,0.0,0.0,0.020270003,0.0,0.0,0.0,0.0,0.008313503,0.0,0.0,0.0,0.0,0.0,0.0,0.0,0.0,0.005884839,0.0,0.0,0.0,0.0,0.0,0.0,0.008827259,0.030078068,0.0,0.0,0.0,0.0,0.0,0.0,0.0,0.0,0.0,0.0,0.0,0.0,0.0,0.0,0.0,0.0,0.0,0.0,0.0,0.003432823,0.0,0.000237771,0.0,0.0,0.0,0.0,0.010679894,0.0,0.0,0.0,0.0,0.0,0.0,0.0,0.0,0.000653871,0.0,0.0,0.0,0.0,0.001634678,0.0,0.0,0.0,0.0,0.0,0.0,0.0,0.0,0.0,0.0,0.0,0.0,0.0,0.0,0.0,0.0,0.0,0.0,0.0,0.0,0.0,0.015910862,0.0,0.001525699,0.0,0.0,0.0,0.0,0.0,0.0,0.0,0.0,0.0,0.0,0.0,0.0,0.0,0.0,0.0,0.0,0.0,0.0,0.0,0.0,0.0,0.0,0.0,0.0,0.0,0.0,0.0,0.0,0.0,0.0,0.0,0.0,0.0,0.0,0.0,0.0,0.0,0.0,0.0,0.0,0.0,0.0,0.0,0.0,0.0
ERR1513856,0.0,0.0,0.00098504,0.0,0.0,0.0,0.0,0.0,0.0,0.0,0.0,0.0,0.0,0.0,0.0,0.0,0.0,0.0,0.0,0.040780658,0.0,0.0,0.026399073,0.0,0.0,0.001773072,0.000197008,0.0,0.0,0.0,0.0,0.0,0.007092288,0.0,0.0,0.0,0.0,0.0,0.011656307,0.0,0.0,0.0,0.0,0.0,0.048266962,0.0,0.0,0.015760641,0.0,0.0,0.003349136,0.001773072,0.0,0.0,0.004268507,0.0,0.00640276,0.0,0.0,0.004531184,0.0,0.0,0.001773072,0.0,0.0,0.0,0.0,0.000551622,0.0,0.0,0.0,0.0,0.0,0.0,0.0,0.0,0.0,0.0,0.0,0.0,0.0,0.0,0.0,0.0,0.0,0.0,0.0,0.0,0.0,0.0,0.000853701,0.0,0.0,0.0,0.0,0.0,0.0,0.0,0.0,0.0,0.0,0.0,0.0,0.0,0.0,0.0,0.0,0.0,0.031619785,0.0,0.0,0.0,0.001379056,0.0,0.0,0.0,0.0,0.000443268,0.0,0.0,0.0,0.0,0.0,0.0,0.0,0.0,0.0,0.000788032,0.0,0.0,0.0,0.004761027,0.0,0.002101419,0.0,0.0,0.0,0.006435595,0.001182048,0.0,0.0,0.0,0.05732933,0.000886536,0.0,0.0,0.0,0.0,0.0,0.0,0.0,0.0,0.0,0.0,0.008786557,0.0,0.0,0.0,0.0,0.0,0.0,0.001920828,0.012017488,0.0,0.0,0.0,0.0,0.003907325,0.013790561,0.0,0.0,0.0,0.0,0.0,0.0,0.0,0.002265592,0.0,0.0,0.0,0.00049252,0.0,0.0,0.0,0.003599874,0.0,0.0,0.004826696,0.0,0.053980194,0.00098504,0.0,0.0,0.0,0.00036939,0.0,0.0,0.0,0.016056153,0.0,0.0,0.0,0.0,0.0,0.0,0.0,0.004038664,0.000415906,0.0,0.0,0.000306457,0.0,0.000443268,0.0,0.0,0.0,0.0,0.0,0.0,0.014381585,0.0,0.00098504,0.000295512,0.0,0.0,0.0,0.0,0.009587723,0.0,0.0,0.0,0.0,0.0,0.0,0.0,0.0,0.0,0.0,0.0,0.0,0.0,0.0,0.0,0.0,0.0,0.0,0.0,0.0,0.0,0.0,0.0,0.0,0.0,0.0,0.0,0.0,0.0,0.0,0.0,0.0,0.0,0.0,0.0,0.0,0.0,0.0,0.000459685,0.0,0.0,0.0,0.0,0.555956598,0.0
ERR1513860,0.0,0.0,0.0,0.0,0.0,0.0,0.0,0.0,0.0,0.0,0.0,0.0,0.0,0.0,0.0,0.0,0.0,0.0,0.0,0.07857136,0.0,0.0,0.0,0.0,0.0,0.0,0.0,0.0,0.0,0.0,0.0,0.0,0.001346938,0.0,0.0,0.0,0.0,0.0,0.000430272,0.0,0.0,0.293183417,0.0,0.0,0.0,0.0,0.0,0.146367219,0.0,0.0,0.057334644,0.020653043,0.0,0.0,0.0,0.0,0.0,0.0,0.0,0.0,0.0,0.0,0.222020214,0.0,0.0,0.0,0.0,0.001032652,0.0,0.004340132,0.0,0.0,0.0,0.0,0.0,0.0,0.0,0.0,0.0,0.0,0.0,0.0,0.0,0.0,0.0,0.0,0.0,0.0,0.0,0.0,0.0,0.0,0.0,0.0,0.0,0.0,0.0,0.0,0.0,0.0,0.0,0.0,0.0,0.0,0.0,0.0,0.0,0.0,0.02503059,0.0,0.0,0.0,0.0,0.0,0.0,0.0,0.0,0.0,0.0,0.0,0.0,0.0,0.0,0.0,0.013693866,0.0,0.0,0.0,0.003591834,0.0,0.0,0.000392857,0.0,0.001870747,0.0,0.0,0.0,0.002494329,0.000673469,0.0,0.0,0.0,0.000897958,0.002469386,0.0,6.41e-05,0.0,0.0,0.002648977,0.0,0.0,0.0,0.0,0.0,0.0,0.0,0.0,0.0,0.0,0.002469386,0.0,0.0,0.0,0.003367344,0.0,0.0,0.0,0.001047618,0.066448921,0.0,0.0,0.0,0.0,0.0,0.0,0.0,0.005275506,0.0,0.0,0.0,0.0,0.0,0.0,0.0,0.0,0.0,0.0,0.000196428,0.0,0.0,0.0,0.0,0.0,0.0,0.0,0.0,0.0,0.0,0.013357131,0.0,0.0,0.0,0.0,0.0,0.0,0.0,0.0,0.0,0.0,0.0,0.0,0.0,0.0,0.0,0.0,0.0,0.0,0.0,0.0,0.0,0.0,0.0,0.00117857,0.0,0.010551011,0.0,0.0,0.00022449,0.0,0.0,0.0,0.0,0.0,0.0,0.0,0.0,0.0,0.0,0.0,0.0,0.0,0.0,0.0,0.0,0.0,0.0,0.0,0.0,0.0,0.0,0.0,0.00022449,0.0,0.0,0.0,0.007408157,0.0,0.0,0.0,0.0,0.0,0.0,0.0,0.0,0.0,0.0,0.0,0.0,0.0,0.0,0.0,0.0,0.0
ERR1513864,0.0,0.0,0.0,0.0,0.0,0.0,0.0,0.0,0.0,0.0,0.0,0.0,0.0,0.0,0.0,0.0,0.0,0.0,0.0,0.015792392,0.0,0.0,0.0,0.0,0.0,0.0,0.0,0.0,0.0,0.0,0.0,0.0,0.0,0.0,0.0,0.0,0.0,0.0,0.047226772,0.0,0.0,0.0,0.0,0.0,0.0,0.0,0.0,0.035645685,0.0,0.0,0.00360969,0.042413853,0.0,0.0,0.0,0.0,0.0,0.0,0.0,0.024365405,0.0,0.0,0.0,0.0,0.0,0.0,0.0,0.0,0.0,0.0,0.0,0.0,0.0,0.0,0.0,0.0,0.0,0.0,0.0,0.0,0.0,0.0,0.0,0.0,0.0,0.0,0.0,0.0,0.0,0.0,0.00360969,0.0,0.0,0.0,0.0,0.0,0.0,0.0,0.0,0.0,0.0,0.0,0.0,0.0,0.0,0.009024224,0.0,0.0,0.002707267,0.0,0.0,0.0,0.0,0.0,0.0,0.0,0.0,0.0,0.0,0.0,0.0,0.0,0.0,0.0,0.0,0.0,0.0,0.0,0.0,0.0,0.0,0.0,0.0,0.0,0.0,0.0,0.0,0.000902422,0.0,0.0,0.0,0.0,0.006316957,0.0,0.0,0.0,0.0,0.0,0.00162436,0.0,0.006316957,0.0,0.0,0.0,0.0,0.0,0.0,0.0,0.0,0.0,0.0,0.0,0.0,0.0,0.0,0.0,0.0,0.0,0.014438758,0.0,0.0,0.0,0.0,0.0,0.0,0.0,0.0,0.0,0.0,0.0,0.0,0.0,0.006993774,0.0,0.000697326,0.0,0.0,0.004512112,0.0,0.0,0.0,0.0,0.0,0.0,0.0,0.0,0.0,0.0,0.009475435,0.0,0.0,0.0,0.046023542,0.0,0.0,0.0,0.0,0.0,0.0,0.0,0.0,0.0,0.0,0.0,0.0,0.0,0.0,0.0,0.0,0.0,0.0,0.014438758,0.000451211,0.0,0.0,0.0,0.0,0.041812238,0.0,0.0,0.0,0.0,0.0,0.0,0.0,0.0,0.0,0.0,0.0,0.0,0.0,0.0,0.0,0.0,0.0,0.0,0.0,0.0,0.0,0.0,0.0,0.0,0.0,0.0,0.0,0.0,0.0,0.0,0.0,0.0,0.0,0.0,0.0,0.0,0.0,0.0,0.0,0.0,0.0,0.0,0.0,0.659219559,0.0
ERR1513865,0.0,0.0,0.003166478,0.0,0.0,0.0,0.000376962,0.0,0.0,0.0,0.0,0.0,0.0,0.0,0.0,0.0,0.0,0.0,0.0,0.0,0.0,0.0,0.0,0.0,0.0,0.0,0.000452354,0.0,0.0,0.0,0.0,0.0,0.0,0.0,0.0,0.0,0.0,0.0,0.043576774,0.0,0.0,0.197226368,0.0,0.0,0.0,0.0,0.0,0.125980604,0.0,0.0,0.0,0.068456247,0.0,0.0,0.000376962,0.0,0.0,0.0,0.0,0.0,0.0,0.0,0.0,0.0,0.0,0.0,0.0,0.003256949,0.0,0.0,0.0,0.0,0.0,0.0,0.0,0.0,0.0,0.0,0.0,0.0,0.0,0.0,0.0,0.0,0.0,0.0,0.0,0.0,0.0,0.0,0.0,0.0,0.0,0.0,0.0,0.0,0.0,0.0,0.0,0.0,0.0,0.0,0.0,0.0,0.0,0.0,0.0,0.0,0.002035593,0.0,0.0,0.0,0.0,0.0,0.0,0.0,0.0,0.0,0.0,0.0,0.0,0.0,0.0,0.0,0.0,0.0,0.0,0.0,0.0,0.0,0.0,0.024502511,0.0,0.001206277,0.0,0.0,0.0,0.012917221,0.0,0.0,0.0,0.0,0.001055493,0.003845009,0.0,0.002132526,0.0,0.0,0.0,0.0,0.0,0.0,0.0,0.0,0.0,0.0,0.0,0.0,0.0,0.0,0.0,0.020129755,0.135706217,0.063781922,0.0,0.0,0.0,0.009951789,0.124397365,0.0,0.0,0.0,0.0,0.0,0.0,0.0,0.0,0.0,0.0,0.0,0.0,0.0,0.008312006,0.025784181,0.003022548,0.0,0.0,0.000226177,0.0,0.0,0.0,0.0,0.0,0.0,0.000282721,0.0,0.0,0.0,0.087756687,0.0,0.0,0.0,0.0,0.0,0.0,0.0,0.01899887,0.000351831,0.0,0.0,0.000502616,0.0,0.0,0.0,0.0,0.0,0.0,0.0,0.0,0.0,0.001055493,0.0,0.001696328,0.0,0.0,0.0,0.0,0.001206277,0.0,0.0,0.0,0.0,0.0,0.0,0.0,0.0,0.0,0.0,0.0,0.0,0.0,0.0,0.0,0.0,0.0,0.0,0.0,0.0,0.0,0.0,0.0,0.0,0.004071186,0.0,0.0,0.0,0.0,0.0,0.0,0.0,0.0,0.0,0.0,0.0,0.0,0.0,0.0,0.0,0.0,0.0,0.0,0.000678531,0.0
ERR1513867,0.0,0.0,0.0,0.0,0.0,0.0,0.000747828,0.0,0.0,0.0,0.0,0.0,0.0,0.0,0.0,0.0,0.0,0.0,0.0,0.0,0.0,0.0,0.0,0.0,0.0,0.0,0.000640996,0.0,0.0,0.0,0.0,0.0,0.0,0.0,0.0,0.0,0.0,0.0,0.002296902,0.0,0.0,0.0,0.0,0.005768962,0.032690786,0.0,0.0,0.056407631,0.0,0.0,0.005640763,0.008546611,0.0,0.0,0.0,0.0,0.0,0.0,0.0,0.009614937,0.0,0.0,0.269859236,0.0,0.0,0.0,0.0,0.001410191,0.0,0.0,0.0,0.0,0.0,0.0,0.0,0.0,0.0,0.0,0.0,0.0,0.0,0.0,0.0,0.008973941,0.0,0.0,0.0,0.0,0.0,0.0,0.000640996,0.0,0.0,0.0,0.0,0.0,0.0,0.0,0.0,0.0,0.0,0.0,0.0,0.0,0.0,0.003845975,0.0,0.0,0.002563983,0.0,0.0,0.0,0.0,0.0,0.0,0.0,0.0,0.0,0.0,0.0,0.0,0.0,0.0,0.0,0.0,0.0,0.0,0.0,0.0,0.002884481,0.0,0.011965255,0.0,0.0,0.0,0.0,0.0,0.01987087,0.002884481,0.0,0.009614937,0.0,0.0,0.011217427,0.0,0.002106129,0.0,0.0,0.0,0.0,0.0,0.0,0.0,0.0,0.01064053,0.0,0.0,0.0,0.0,0.0,0.0,0.053843648,0.126276174,0.006409958,0.0,0.0,0.0,0.001388824,0.042305723,0.0,0.0,0.0,0.0,0.0,0.0,0.0,0.003204979,0.0,0.0,0.0,0.0,0.0,0.108328292,0.063031255,0.0013694,0.0,0.0,0.045430578,0.0,0.042733054,0.0,0.0,0.0,0.0,0.0,0.0,0.0,0.0,0.0,0.0,0.0,0.0,0.0,0.00160249,0.0,0.001281992,0.0,0.0,0.0,0.0,0.0,0.0,0.0,0.0,0.0,0.0,0.0,0.0,0.0,0.0,0.004700636,0.0,0.0,0.0,0.0,0.0,0.0,0.0,0.0,0.0,0.0,0.0,0.0,0.0,0.0,0.0,0.0,0.0,0.0,0.0,0.0,0.0,0.0,0.002991314,0.0,0.0,0.0,0.0,0.0,0.0,0.0,0.0,0.0,0.0,0.0,0.0,0.0,0.0,0.0,0.0,0.0,0.0,0.0,0.0,0.0,0.0,0.0,0.0,0.0,0.0,0.0,0.0,0.0
ERR1513869,0.0,0.0,0.011220664,0.0,0.0,0.0,0.0,0.0,0.0,0.0,0.0,0.0,0.0,0.0,0.0,0.0,0.0,0.0,0.0,0.001870111,0.0,0.0,0.0,0.0,0.0,0.0,0.000467528,0.0,0.0,0.0,0.0,0.0,0.0,0.0,0.0,0.0,0.0,0.0,0.060817557,0.0,0.0,0.0,0.0,0.0,0.0,0.0,0.0,0.0,0.0,0.0,0.0,0.0,0.0,0.0,0.004675277,0.0,0.0,0.0,0.0,0.45583947,0.0,0.0,0.0,0.0,0.0,0.0,0.0,0.0,0.0,0.0,0.0,0.0,0.0,0.0,0.0,0.0,0.0,0.0,0.0,0.0,0.0,0.0,0.0,0.0,0.0,0.0,0.0,0.0,0.0,0.0,0.0,0.0,0.0,0.0,0.0,0.0,0.0,0.0,0.0,0.0,0.0,0.0,0.0,0.0,0.0,0.0,0.0,0.0,0.0,0.0,0.005142804,0.0,0.0,0.0,0.0,0.0,0.0,0.0,0.0,0.0,0.0,0.004207749,0.0,0.0,0.0,0.0,0.001870111,0.001402583,0.0,0.0,0.0,0.025519218,0.0,0.001402583,0.0,0.0,0.0,0.001766216,0.0,0.0,0.139790771,0.0,0.0,0.0,0.0,0.014292989,0.0,0.0,0.002431144,0.0,0.0,0.0,0.0,0.0,0.015615424,0.0,0.0,0.0,0.0,0.0,0.0,0.004324631,0.0,0.0,0.0,0.0,0.0,0.00303893,0.005610332,0.0,0.00058441,0.0,0.0,0.0,0.0,0.0,0.0,0.0,0.0,0.0,0.0,0.0,0.0,0.0,0.00085005,0.0,0.0,0.030623062,0.0,0.0,0.0,0.0,0.0,0.0,0.0,0.0,0.0,0.0,0.0,0.0,0.0,0.0,0.0,0.0,0.0,0.0,0.003272694,0.00103895,0.0,0.0,0.0,0.0,0.000701291,0.0,0.0,0.0,0.0,0.0,0.0,0.044415128,0.0,0.0,0.0,0.0,0.0,0.0,0.0,0.0,0.0,0.0,0.0,0.0,0.0,0.0,0.0,0.0,0.0,0.0,0.0,0.0,0.0,0.0,0.0,0.0,0.0,0.0,0.0,0.0,0.0,0.0,0.0,0.0,0.009350553,0.0,0.0,0.0,0.0,0.0,0.0,0.000935055,0.0,0.0,0.0,0.0,0.0,0.0,0.0,0.0,0.0,0.015428413,0.0,0.03599963,0.0
ERR1513872,0.0,0.0,0.0,0.0,0.0,0.0,0.0,0.0,0.0,0.0,0.0,0.0,0.0,0.0,0.0,0.0,0.0,0.0,0.0,0.33955028,0.0,0.0,0.0,0.0,0.0,0.0,0.0,0.0,0.0,0.0,0.0,0.0,0.0,0.0,0.0,0.0,0.0008662,0.0,0.001840674,0.0,0.0,0.0,0.0,0.0,0.005197198,0.0,0.0,0.053487831,0.0,0.0,0.003291559,0.024542325,0.0,0.0,0.0,0.0,0.0,0.0,0.0,0.0,0.0,0.0,0.013426095,0.0,0.0,0.0,0.0008662,0.014552155,0.0,0.0,0.0,0.0,0.0,0.0,0.0,0.0,0.0,0.0,0.0,0.0,0.0,0.0,0.0,0.0,0.0,0.0,0.0,0.0,0.0,0.0,0.0,0.0,0.0,0.0,0.0,0.0,0.0,0.0,0.0,0.0,0.0,0.0,0.0,0.0,0.0,0.0,0.0,0.0,0.002165499,0.0,0.0,0.0,0.0,0.0,0.0,0.0,0.0,0.0,0.0,0.0,0.0,0.0,0.0,0.0,0.0,0.0,0.0008662,0.0,0.0,0.001515849,0.0,0.007867981,0.0,0.0,0.0,0.0,0.0,0.005149076,0.0,0.0,0.012126796,0.0,0.0,0.0,0.0,0.003155442,0.019922593,0.0,0.005370438,0.0,0.016024694,0.0,0.0,0.0,0.002511979,0.0,0.0,0.0,0.0,0.0,0.0,0.0,0.081855871,0.0,0.0,0.0,0.006063398,0.0,0.0,0.0,0.0,0.0,0.0,0.0,0.0,0.0,0.005630298,0.0,0.0,0.0,0.0012993,0.0,0.00622581,0.010105663,0.00362229,0.004330998,0.0,0.027555978,0.0,0.005774665,0.0,0.0,0.0,0.0,0.0,0.0,0.0,0.0,0.0,0.0,0.0,0.0,0.0,0.0,0.0,0.0,0.0,0.0,0.0,0.0,0.0,0.0,0.0,0.0,0.0,0.0,0.0,0.0,0.0,0.0,0.0,0.0,0.00021655,0.0,0.002165499,0.070306542,0.0,0.0,0.0,0.0,0.0,0.0,0.0,0.0,0.0,0.0,0.0,0.0,0.0,0.0,0.0,0.0,0.0,0.0,0.0,0.0,0.0,0.0,0.0,0.0,0.0,0.0,0.0,0.0,0.0,0.0,0.0,0.0,0.0,0.0,0.0,0.0,0.0,0.0,0.0,0.0,0.0,0.0,0.0,0.0,0.0,0.175621988,0.0
ERR1513873,0.0,0.0,0.0,0.0,0.0,0.0,0.0,0.0,0.0,0.0,0.0,0.0,0.0,0.0,0.0,0.0,0.0,0.0,0.0,0.00370967,0.0,0.0,0.0,0.0,0.0,0.0,0.0,0.0,0.0,0.0,0.0,0.0,0.0,0.0,0.0,0.0,0.0,0.0,0.038475936,0.0,0.0,0.0,0.0,0.0,0.0,0.0,0.0,0.086749206,0.0,0.0,0.0,0.022828739,0.0,0.0,0.0,0.267096241,0.0,0.0,0.0,0.019404428,0.0,0.0,0.006277903,0.0,0.0,0.0,0.001997515,0.000684862,0.0,0.0,0.0,0.0,0.0,0.0,0.0,0.0,0.0,0.0,0.0,0.0,0.0,0.0,0.0,0.0,0.0,0.0,0.0,0.0,0.0,0.0,0.0,0.0,0.0,0.0,0.0,0.0,0.0,0.0,0.0,0.0,0.001997515,0.0,0.0,0.0,0.0,0.0,0.0,0.0,0.011699728,0.0,0.0,0.0,0.0,0.0,0.0,0.0,0.0,0.0,0.0,0.0,0.0,0.0,0.0,0.0,0.0,0.0,0.0,0.0,0.0,0.001712155,0.0,0.00760958,0.0,0.0,0.0,0.0,0.0,0.0,0.0,0.0,0.032530952,0.0,0.0,0.0,0.0,0.003750436,0.0,0.0,0.0,0.0,0.019404428,0.0,0.0,0.0,0.011300226,0.0,0.0,0.0,0.0,0.0,0.0,0.003138952,0.100446449,0.0,0.0,0.0,0.004708427,0.0,0.0,0.0,0.0,0.0,0.0,0.0,0.0,0.0,0.000856078,0.0,0.0,0.0,0.0,0.0,0.015266719,0.01103389,0.001738097,0.0,0.0,0.0,0.0,0.016741075,0.0,0.0,0.0,0.0,0.0,0.0,0.0,0.0,0.01483868,0.0,0.0,0.0,0.0,0.001141437,0.0,0.0,0.0,0.0,0.0,0.0,0.0,0.0,0.0,0.0,0.0,0.0,0.0,0.0,0.0,0.0,0.0,0.0,0.0,0.0,0.0,0.0,0.0,0.0,0.002853592,0.0,0.0,0.0,0.0,0.0,0.0,0.0,0.0,0.0,0.0,0.0,0.0,0.0,0.0,0.0,0.0,0.0,0.0,0.0,0.0,0.0,0.0,0.0,0.0,0.0,0.0,0.0,0.0,0.0,0.0,0.002853592,0.0,0.0,0.0,0.0,0.0,0.0,0.0,0.0,0.0,0.0,0.0,0.053076817,0.0
ERR1513874,0.0,0.0,0.0,0.0,0.0,0.0,0.0,0.0,0.0,0.0,0.0,0.0,0.0,0.0,0.0,0.0,0.0,0.0,0.0,0.00025491,0.0,0.0,0.0,0.0,0.0,0.0,0.0,0.0,0.0,0.0,0.0,0.0,0.0,0.0,0.0,0.0,0.0,0.0,0.014020049,0.0,0.0,0.441843955,0.0,0.0,0.0,0.0,0.0,0.00416353,0.0,0.0,0.001427496,0.014388252,0.078738859,0.0,0.00220922,0.089694323,0.015974358,0.0,0.0,0.0,0.0,0.0,0.024471357,0.0,0.0,0.0,0.00101964,0.00016994,0.0,0.0,0.0,0.0,0.0,0.0,0.0,0.0,0.0,0.0,0.0,0.0,0.0,0.0,0.0,0.0,0.0,0.0,0.0,0.0,0.0,0.0,0.0,0.0,0.0,0.0,0.0,0.0,0.0,0.0,0.0,0.0,0.0,0.0,0.0,0.0,0.0,0.0,0.0,0.0,0.00033988,0.0,0.0,0.0,0.0,0.0,0.0,0.0,0.0,0.000977155,0.0,0.0,0.0,0.0,0.0,0.0,0.0,0.0,0.0,0.0,0.0,0.00373868,0.0,0.00186934,0.0,0.0,0.0,0.0,0.0,0.0,0.0,0.00373868,0.00203928,0.0,0.000906347,0.0,0.0,0.005535188,0.0,0.0,0.0,0.0,0.00441844,0.0,0.0,0.0,0.000713748,0.0,0.0,0.0,0.0,0.0,0.0,0.00356874,0.040445716,0.143429345,0.0,0.0,0.0,0.000878023,0.015974358,0.0,0.0,0.0,0.0,0.0,0.0,0.0,0.00356874,0.0,0.0,0.0,0.0,0.0,0.006712629,0.005664666,0.002873531,0.0,0.0,0.00152946,0.0,0.003455446,0.005098199,0.0,0.0,0.0,0.004737077,0.0,0.0,0.0,0.011216039,0.0,0.0,0.0,0.0,0.0,0.0,0.0,0.0,0.0,0.0,0.0,0.0,0.0,0.0,0.0,0.0,0.0,0.00271904,0.0,0.0,0.0,0.0,0.0,0.0,0.0,0.0,0.001416167,0.0,0.005154846,0.0,0.0,0.0,0.0,0.0,0.0,0.0,0.0,0.0,0.0,0.0,0.0,0.0,0.0,0.0,0.0,0.0,0.0,0.0,0.0,0.0,0.0,0.0,0.00033988,0.0,0.0,0.0,0.0,0.0,0.0,0.0,0.0,0.0,0.0,0.0,0.0,0.0,0.0,0.0,0.0,0.0,0.0,0.0,0.0,0.0
ERR1513875,0.0,0.0,0.0,0.0,0.0,0.0,0.000194053,0.0,0.0,0.0,0.0,0.0,0.0,0.0,0.0,0.0,0.0,0.0,0.0,0.0,0.0,0.0,0.0,0.0,0.0,0.0,0.0,0.0,0.0,0.0,0.0,0.0,0.0,0.0,0.0,0.0,0.0,0.0,0.012783219,0.0,0.0,0.099549017,0.0,0.0,0.163295317,0.0,0.0,0.057197023,0.0,0.0,0.0,0.000679184,0.0,0.0,0.001358369,0.0,0.0,0.0,0.0,0.0,0.0,0.0,0.003492948,0.0,0.0,0.0,0.0,0.001047884,0.0,0.0,0.0,0.0,0.0,0.0,0.0,0.0,0.0,0.0,0.0,0.0,0.0,0.0,0.0,0.0,0.0,0.0,0.0,0.0,0.0,0.0,0.0,0.0,0.0,0.0,0.0,0.0,0.0,0.0,0.0,0.0,0.0,0.0,0.0,0.0,0.0,0.0,0.0,0.0,0.008150212,0.0,0.0,0.0,0.0,0.0,0.0,0.0,0.0,0.001309855,0.0,0.0,0.0,0.0,0.0,0.0,0.0,0.0,0.0,0.0,0.0,0.0,0.0,0.008053186,0.0,0.0,0.0,0.0,0.0,0.003072501,0.0,0.0,0.053849614,0.0,0.0,0.010187765,0.0,0.003742444,0.014262871,0.0,0.00180469,0.0,0.039586743,0.0,0.0,0.0,0.017930466,0.0,0.0,0.0,0.0,0.0,0.0,0.0,0.285839574,0.005239422,0.0,0.0,0.0173192,0.003784027,0.078009171,0.0,0.0,0.0,0.0,0.0,0.0,0.0,0.0,0.0,0.0,0.0,0.0,0.0,0.004802803,0.0,0.002355094,0.0,0.0,0.003456563,0.0,0.000291079,0.0,0.0,0.0,0.0,0.000363849,0.0,0.0,0.0,0.052394219,0.0,0.0,0.0,0.0,0.0,0.0,0.0,0.000291079,0.000194053,0.0,0.0,0.000129368,0.0,0.0,0.0,0.0,0.0,0.0,0.0,0.0,0.029398979,0.0,0.00291079,0.007931903,0.0,0.0,0.0,0.0,0.001649448,0.0,0.0,0.0,0.0,0.0,0.0,0.0,0.0,0.0,0.0,0.0,0.0,0.0,0.0,0.0,0.0,0.0,0.0,0.0,0.0,0.0,0.0,0.0,0.0,0.0,0.0,0.0,0.0,0.0,0.0,0.0,0.0,0.0,0.0,0.0,0.0,0.0,0.0,0.0,0.0,0.0,0.0,0.0,0.0,0.0
ERR1513877,0.000503905,0.016124947,0.001007809,0.0,0.0,0.0,0.0,0.0,0.0,0.0,0.0,0.0,0.0,0.0,0.0,0.0,0.0,0.0,0.0,0.033257702,0.0,0.0,0.0,0.0,0.0,0.0,0.0,0.0,0.0,0.0,0.0,0.0,0.0,0.0,0.0,0.0,0.0,0.0,0.142017108,0.0,0.0,0.0,0.0,0.0,0.0,0.0,0.0,0.279415091,0.0,0.0,0.000403124,0.0,0.0,0.0,0.00184765,0.0,0.0,0.0,0.0,0.0,0.0,0.0,0.12748786,0.0,0.0,0.0,0.0,0.0,0.0,0.0,0.0,0.0,0.0,0.0,0.0,0.0,0.0,0.0,0.0,0.0,0.0,0.0,0.0,0.0,0.0,0.0,0.0,0.0,0.0,0.0,0.001007809,0.0,0.0,0.0,0.0,0.0,0.0,0.0,0.0,0.0,0.0,0.0,0.0,0.0,0.0,0.07810521,0.0,0.0,0.002519523,0.0,0.0,0.0,0.0,0.0,0.0,0.0,0.0,0.0,0.0,0.0,0.0,0.0,0.0,0.0,0.0,0.0,0.0,0.0,0.0,0.0,0.0,0.0,0.0,0.002351555,0.0,0.0,0.0,0.000559894,0.0,0.0,0.0,0.0,0.009070282,0.0,0.0,0.0,0.0,0.0,0.0,0.0,0.0,0.0,0.0,0.0,0.0,0.0,0.0,0.0,0.0,0.0,0.0,0.0,0.0,0.0,0.0,0.0,0.0,0.003443348,0.0,0.0,0.0,0.0,0.0,0.0,0.0,0.0,0.0,0.0,0.0,0.0,0.0,0.0,0.0,0.0,0.0,0.0,0.0,0.000188964,0.0,0.0,0.0,0.0,0.0,0.0,0.000251952,0.0,0.0,0.0,0.000503905,0.0,0.0,0.0,0.0,0.002015618,0.0,0.0,0.0,0.00089583,0.0,0.0,0.00089583,0.0,0.0,0.0,0.0,0.0,0.0,0.0,0.0,0.0,0.0,0.008062473,0.0,0.0,0.0,0.0,0.0,0.04283189,0.0,0.0,0.0,0.0,0.0,0.0,0.0,0.0,0.0,0.0,0.0,0.0,0.0,0.0,0.0,0.001175777,0.0,0.0,0.0,0.0,0.0,0.0,0.0,0.0,0.0,0.0,0.0,0.0,0.0,0.0,0.0,0.0,0.0,0.0,0.0,0.0,0.0,0.0,0.0,0.0,0.0,0.0,0.0,0.0,0.0
ERR1513881,0.000602302,0.0,0.0,0.0,0.0,0.0,0.0,0.0,0.0,0.0,0.0,0.0,0.0,0.0,0.0,0.0,0.0,0.0,0.0,0.045373418,0.0,0.0,0.0,0.0,0.0,0.0,0.0,0.0,0.0,0.0,0.0,0.0,0.0,0.0,0.0,0.0,0.0,0.0,0.114972762,0.0,0.0,0.093156044,0.0,0.165030751,0.0,0.0,0.0,0.128491096,0.0,0.0,0.0,0.06183634,0.023021321,0.0,0.0,0.0,0.0,0.0,0.0,0.023289011,0.0,0.0,0.0,0.0,0.0,0.0,0.0,0.0,0.0,0.0,0.0,0.0,0.0,0.0,0.0,0.0,0.0,0.0,0.0,0.0,0.0,0.0,0.0,0.0,0.0,0.0,0.0,0.0,0.0,0.0,0.002141518,0.0,0.0,0.0,0.0,0.0,0.0,0.0,0.0,0.0,0.0,0.0,0.0,0.0,0.0,0.0,0.0,0.0,0.00602302,0.0,0.0,0.0,0.0,0.0,0.0,0.0,0.0,0.000602302,0.0,0.0,0.0,0.0,0.0,0.0,0.0,0.0,0.0,0.0,0.001204604,0.0,0.0,0.002342286,0.0,0.002141518,0.0,0.0,0.0,0.0,0.0,0.0,0.0,0.0,0.0,0.0,0.0,0.0,0.0,0.0,0.012367268,0.0,0.0,0.0,0.0,0.0,0.0,0.0,0.0,0.0,0.0,0.0,0.0,0.0,0.0,0.0,0.0,0.0,0.030315868,0.0,0.042562675,0.0,0.0,0.0,0.0,0.0,0.0,0.0,0.0,0.0,0.0,0.0,0.0,0.0,0.00602302,0.0,0.000292025,0.0,0.0,0.000200767,0.0,0.020076734,0.0,0.0,0.0,0.0,0.0,0.0,0.0,0.0,0.0,0.0,0.0,0.0,0.0,0.008432228,0.0,0.0,0.0,0.0,0.0,0.0,0.0,0.0,0.0,0.0,0.0,0.0,0.0,0.0,0.0,0.0,0.0,0.0,0.0,0.0,0.004015347,0.0,0.0,0.0,0.0,0.0,0.0,0.0,0.0,0.0,0.0,0.0,0.0,0.0,0.0,0.0,0.0,0.0,0.0,0.0,0.0,0.0,0.0,0.0,0.0,0.0,0.0,0.0,0.0,0.0,0.0,0.0,0.0,0.0,0.0,0.0,0.0,0.0,0.0,0.0,0.0,0.0,0.0,0.0,0.0,0.052199508,0.0,0.13491565,0.0
ERR1513882,0.0,0.0,0.0,0.0,0.0,0.0,0.0,0.0,0.0,0.0,0.0,0.0,0.0,0.0,0.0,0.0,0.0,0.0,0.0,0.015656719,0.0,0.0,0.0,0.0,0.0,0.0,0.0,0.0,0.0,0.0,0.0,0.0,0.0,0.0,0.0,0.0,0.0,0.0,0.006410178,0.0,0.0,0.0,0.0,0.0,0.0,0.0,0.0,0.085431225,0.0,0.0,0.0,0.007261087,0.0,0.0,0.0,0.0,0.0,0.0,0.0,0.0,0.0,0.0,0.544581514,0.0,0.0,0.0,0.0,0.000544582,0.0,0.0,0.0,0.0,0.0,0.0,0.0,0.0,0.0,0.0,0.0,0.0,0.0,0.0,0.0,0.0,0.0,0.0,0.0,0.0,0.0,0.0,0.0,0.0,0.0,0.0,0.0,0.0,0.0,0.0,0.0,0.0,0.0,0.0,0.0,0.0,0.0,0.0,0.0,0.0,0.005105452,0.0,0.0,0.0,0.0,0.0,0.0,0.0,0.0,0.0,0.0,0.0,0.0,0.0,0.0,0.0,0.0,0.0,0.0,0.0,0.0,0.002042181,0.0,0.00226909,0.0,0.0,0.0,0.0,0.0,0.0,0.0,0.0,0.011572357,0.0,0.0,0.0,0.0,0.000194493,0.003403634,0.0,0.001497599,0.0,0.00884945,0.0,0.0,0.0,0.0,0.0,0.0,0.0,0.0,0.0,0.0,0.0,0.024506168,0.0,0.0,0.0,0.0,0.0,0.0,0.0,0.0,0.0,0.0,0.0,0.0,0.0,0.001701817,0.0,0.0,0.0,0.001815272,0.0,0.0,0.008168723,0.0005879,0.0,0.0,0.002552726,0.0,0.016564354,0.0,0.0,0.0,0.0,0.0,0.0,0.0,0.0,0.01089163,0.0,0.0,0.0,0.0,0.0,0.0,0.0,0.0,0.0,0.0,0.0,0.0,0.0,0.0,0.0,0.0,0.0,0.0,0.0,0.0,0.0,0.0,0.0,0.0,0.0,0.0,0.0,0.0,0.0,0.0,0.0,0.0,0.0,0.0,0.0,0.0,0.0,0.0,0.0,0.0,0.0,0.0,0.0,0.0,0.0,0.0,0.0,0.0,0.0,0.0,0.0,0.0,0.0,0.0,0.0,0.0,0.0,0.0,0.0,0.0,0.0,0.0,0.0,0.0,0.0,0.0,0.0,0.0,0.0,0.0,0.0,0.0,0.233148961,0.0
ERR1513886,0.0,0.0,0.0,0.0,0.0,0.0,0.0,0.0,0.0,0.0,0.0,0.0,0.0,0.0,0.0,0.0,0.0,0.0,0.0,0.012818745,0.0,0.0,0.0,0.0,0.0,0.0,0.00063043,0.0,0.0,0.0,0.0,0.0,0.0,0.0,0.0,0.0,0.0,0.0,0.023693664,0.0,0.007355018,0.014920179,0.0,0.0,0.0,0.0,0.0,0.023851271,0.0,0.0,0.008826021,0.005323632,0.0,0.0,0.000140096,0.000252172,0.0,0.0,0.0,0.0,0.0,0.0,0.009876738,0.0,0.0,0.0,0.000315215,0.001765204,0.0,0.000700478,0.0,0.0,0.0,0.0,0.0,0.0,0.004202867,0.0,0.0,0.0,0.0,0.0,0.0,0.0,0.0,0.0,0.0,0.0,0.0,0.0,0.0,0.0,0.001050717,0.000840573,0.0,0.0,0.0,0.0,0.0,0.0,0.001471004,0.0,0.0,0.0,0.0,0.0,0.0,0.0,0.003047079,0.0,0.0,0.0,0.0,0.0,0.0,0.0,0.0,0.001733683,0.0,0.0,0.0,0.0,0.0,0.0,0.0,0.0,0.0,0.0,0.0,0.001471004,0.0,0.01574324,0.0,0.0,0.0,0.009876738,0.0,0.002638467,0.0,0.0,0.021224479,0.0,0.000770526,0.001576075,0.0,0.029330009,0.004413011,0.0,0.004034753,0.0,0.02942007,0.0,0.0,0.0,0.021350565,0.0,0.0,0.0,0.0,0.0,0.0,0.024744381,0.166223398,0.05694885,0.0,0.0,0.0,0.002136457,0.011347741,0.0,0.000262679,0.0,0.0,0.0,0.0,0.0,0.0,0.0,0.0,0.0,0.000245167,0.0,0.065564728,0.000980669,0.001375484,0.013659318,0.0,0.001208324,0.0,0.076632279,0.002311577,0.0,0.0,0.0,0.001076985,0.0,0.0,0.0,0.005463727,0.0,0.0,0.0,0.0,0.0,0.0,0.0,0.0,0.000116746,0.0,0.0,0.0,0.0,0.0,0.0,0.0,0.0,0.0,0.0,0.0,0.0,0.0,0.00063043,0.001681147,0.0,0.0,0.002801911,0.0,0.000700478,0.0,0.0,0.0,0.0,0.0,0.0,0.0,0.0,0.0,0.0,0.0,0.0,0.0,0.0,0.0,0.0,0.0,0.0,0.0,0.0,0.0,0.0,0.0,0.0,0.0,0.0,0.0,0.0,0.0,0.0,0.0,0.002731864,0.0,0.0,0.0,0.0,0.0,0.0,0.0,0.0,0.0,0.0,0.0,0.180303003,0.0
ERR1513888,0.0,0.0,0.0,0.0,0.0,0.0,0.0,0.0,0.0,0.0,0.0,0.0,0.0,0.0,0.0,0.0,0.0,0.0,0.0,0.016220071,0.0,0.0,0.0,0.0,0.0,0.0,0.0,0.0,0.0,0.0,0.0,0.0,0.0,0.0,0.0,0.0,0.0,0.0,0.0,0.0,0.0,0.030531898,0.0,0.0,0.030531898,0.0,0.0,0.005152258,0.0,0.0,0.001373935,0.009032353,0.002925974,0.0,0.0,0.0,0.0,0.0,0.0,0.0,0.0,0.0,0.0,0.0,0.0,0.0,9.54e-05,0.0,0.0,0.000381649,0.0,0.0,0.0,0.0,0.001526595,0.0,0.0,0.0,0.0,0.0,0.0,0.0,0.0,0.0,0.0,0.0,0.0,0.0,0.0,0.0,0.0,0.0,0.0,0.0,0.0,0.0,0.0,0.0,0.0,0.0,0.0,0.0,0.0,0.0,0.0,0.0,0.0,0.0,0.0,0.0,0.0,0.0,0.0,0.0,0.0,0.0,0.0,0.001622007,0.0,0.0,0.0,0.0,0.0,0.0,0.0,0.0,0.0,0.0,0.0,0.0,0.0,0.000222628,0.0,0.0,0.0,0.0,0.0,0.000508865,0.002862365,0.0,0.002671541,0.0,0.0,0.0,0.0,0.000327127,0.004579785,0.0,0.0,0.0,0.004198136,0.0,0.0,0.0,0.003740157,0.0,0.0,0.0,0.0,0.0,0.0,0.0,0.029005303,0.0,0.0,0.0,0.001144946,0.0,0.0,0.0,0.0,0.0,0.0,0.0,0.0,0.0,0.0,0.0,0.0,0.0,0.0,0.0,0.007871505,0.00203546,0.001058208,0.0,0.0,0.0,0.0,0.003689271,0.001526595,0.0,0.0,0.0,0.00219448,0.0,0.0,0.0,0.003434838,0.0,0.0,0.0,0.0,0.0,0.0,0.0,0.0,0.0,0.0,0.0,0.0,0.0,0.0,0.0,0.0,0.0,0.0,0.0,0.0,0.0,0.0,0.004198136,0.0,0.0,0.0,0.0,0.0,0.0,0.0,0.0,0.0,0.0,0.0,0.0,0.0,0.0,0.0,0.0,0.0,0.0,0.0,0.0,0.0,0.0,0.0,0.0,0.0,0.0,0.0,0.0,0.0,0.0,0.0,0.0,0.0,0.0,0.0,0.0,0.0,0.0,0.0,0.0,0.0,0.0,0.0,0.0,0.0,0.0,0.0,0.0,0.0,0.015456773,0.0
ERR1513890,0.000134561,0.000538246,0.0,0.0,0.0,0.0,0.0,0.0,0.0,0.0,0.0,0.0,0.0,0.0,0.0,0.0,0.0,0.0,0.0,0.010657265,0.0,0.0,0.0,0.0,0.0,0.0,0.000287064,0.0,0.0,0.0,0.0,0.0,0.0,0.0,0.0,0.0,0.000645895,0.0,0.041956254,0.0,0.0,0.366652986,0.0,0.001022667,0.0,0.0,0.0,0.002691229,0.0,0.0,0.00256205,0.002152983,0.073129652,0.0,0.008163393,0.0,0.0,0.0,0.0,0.000753544,0.0,0.0,0.000861193,0.0,0.0,0.0,8.07e-05,0.001162611,0.0,0.00035883,0.0,0.0,0.0,0.0,0.0,0.004198317,0.0,0.0,0.0,0.0,0.0,0.0,0.0,0.0,0.0,0.0,0.0,0.0,0.0,0.0,0.0,0.0,0.0,0.0,0.0,0.0,0.0,0.0,0.0,0.0,0.0,0.0,0.0,0.0,0.0,0.0,0.0,0.0,0.000861193,0.0,0.0,0.0,0.0,0.0,0.0,0.0,0.0,0.000430597,0.0,0.0,0.0,0.0,0.0,0.0,0.0,0.0,0.001426351,0.0,0.000215298,0.000699719,0.0,0.000618983,0.0,0.0,0.0,0.0,0.0,0.0,0.003444773,0.0,0.02766583,0.0,0.12795895,0.0,0.0,0.002245254,0.006458949,0.0,0.000753544,0.0,0.003014176,0.0,0.0,0.0,0.007707679,0.0,0.0,0.0,0.0,0.0,0.0,0.0,0.0,0.0,0.0,0.0,0.001937685,0.0,0.00247593,0.001184141,0.0,0.0,0.0,0.0,0.0,0.0,0.000484421,0.0,0.0,0.0,0.000663836,0.0,0.001089948,0.017582694,0.000254443,0.0,0.0,0.004696194,0.0,0.007750738,0.0,0.0,0.0,0.0,0.00017493,0.0,0.0,0.0,0.02201425,0.0,0.0,0.0,0.0,0.002206807,0.0,0.0,0.0,3.59e-05,0.0,0.0,0.00046648,0.0,5.38e-05,0.0,0.0,0.0,0.0,0.0,0.0,0.000322947,0.0,0.015824424,0.0,0.0,0.0,0.00624365,0.0,0.000717661,0.0,0.0,0.0,0.0,0.0,0.0,0.0,0.0,0.0,0.0,0.0,0.0,0.0,0.0,0.0,0.0,0.0,0.0,0.0,0.0,0.0,0.0,0.0,0.000161474,0.0,0.0,0.0,0.0,0.0,0.0,0.0,0.0,0.0,0.0,0.0,0.0,0.0,0.0,0.0,0.0,0.0,0.011195511,0.0,0.112601005,0.0
ERR1513891,0.0,0.0,0.0,0.0,0.0,0.0,0.0,0.0,0.0,0.0,0.0,0.0,0.0,0.0,0.0,0.0,0.0,0.0,0.0,0.005671571,0.0,0.0,0.0,0.0,0.0,0.0,0.000515597,0.0,0.0,0.0,0.0,0.0,0.002062389,0.0,0.0,0.0,0.0,0.0,0.0,0.0,0.0,0.209848117,0.0,0.0,0.026811062,0.0,0.0,0.063160674,0.0,0.0,0.014642964,0.012889933,0.0,0.0,0.0,0.0,0.0,0.0,0.0,0.010311947,0.0,0.0,0.011858739,0.0,0.128383738,0.0,0.0,0.002371748,0.0,0.0,0.0,0.0,0.0,0.0,0.0,0.0,0.0,0.0,0.0,0.0,0.0,0.0,0.0,0.0,0.0,0.0,0.0,0.0,0.0,0.0,0.0,0.0,0.0,0.0,0.0,0.0,0.0,0.0,0.0,0.0,0.0,0.0,0.0,0.0,0.0,0.0,0.0,0.0,0.0,0.0,0.0,0.0,0.0,0.0,0.0,0.0,0.0,0.001288993,0.0,0.0,0.0,0.0,0.0,0.0,0.0,0.0,0.0,0.0,0.0,0.001288993,0.0,0.001804591,0.0,0.0,0.0,0.0,0.0,0.000687463,0.0,0.0,0.0,0.0,0.0,0.0,0.0,0.004124779,0.0,0.0,0.001031195,0.0,0.041247787,0.0,0.0,0.0,0.003196704,0.0,0.0,0.0,0.0,0.0,0.0,0.000644497,0.0,0.0,0.0,0.0,0.002449087,0.0,0.231503206,0.0,0.000386698,0.0,0.0,0.0,0.0,0.0,0.0,0.0,0.0,0.0,0.0,0.0,0.00393143,0.008937021,0.002156134,0.0,0.0,0.001224544,0.0,0.114978207,0.0,0.0,0.0,0.0,0.0,0.0,0.0,0.0,0.000773396,0.0,0.0,0.0,0.0,0.0,0.0,0.0,0.0,0.0,0.0,0.0,0.0,0.0,0.0,0.0,0.0,0.0,0.0,0.0,0.0,0.007218363,0.0,0.0,0.0,0.0,0.0,0.0,0.0,0.0,0.0,0.0,0.0,0.0,0.0,0.0,0.0,0.0,0.0,0.0,0.0,0.0,0.0,0.0,0.0,0.0,0.0,0.0,0.0,0.0,0.0,0.0,0.0,0.0,0.0,0.0,0.0,0.0,0.0,0.0,0.0,0.0,0.0,0.0,0.0,0.0,0.0,0.0,0.0,0.0,0.0,0.0,0.0,0.006960564,0.0
ERR1513892,0.0,0.0,0.0,0.0,0.0,0.0,0.0,0.0,0.0,0.0,0.0,0.0,0.0,0.0,0.0,0.0,0.0,0.0,0.0,0.038391307,0.0,0.0,0.0,0.0,0.0,0.0,0.0,0.0,0.0,0.0,0.0,0.0,0.0,0.0,0.0,0.0,0.0,0.0,0.062889628,0.0,0.0,0.0,0.0,0.0,0.422092274,0.0,0.0,0.0,0.0,0.0,0.0,0.085832499,0.0,0.0,0.001414044,0.0,0.0,0.0,0.0,0.066177281,0.0,0.0,0.0,0.0,0.0,0.0,0.0,0.002205909,0.0,0.0,0.0,0.0,0.0,0.0,0.0,0.0,0.0,0.0,0.0,0.0,0.014847467,0.0,0.0,0.0,0.0,0.0,0.0,0.0,0.0,0.0,0.0,0.0,0.0,0.0,0.0,0.0,0.0,0.0,0.0,0.0,0.0,0.0,0.0,0.0,0.0,0.0,0.0,0.0,0.0,0.0,0.0,0.00763584,0.0,0.0,0.0,0.0,0.0,0.0,0.0,0.0,0.0,0.0,0.0,0.0,0.0,0.0,0.0,0.0,0.0,0.0,0.0,0.0,0.0,0.0,0.0,0.0,0.0,0.000188539,0.0,0.0,0.0,0.0,0.020503645,0.0,0.0,0.0,0.0,0.0,0.0,0.0,0.0,0.0,0.0,0.0,0.0,0.0,0.0,0.0,0.0,0.0,0.0,0.0,0.0,0.0,0.0,0.0,0.0,0.0,0.17392747,0.0,0.0,0.0,0.0,0.0,0.0,0.0,0.030967574,0.0,0.0,0.0,0.0,0.0,0.0,0.0,0.000501343,0.0,0.0,0.003234627,0.0,0.0,0.0,0.0,0.0,0.0,0.0,0.0,0.0,0.0,0.00763584,0.0,0.0,0.0,0.0,0.0,0.0,0.0,0.00127264,0.0,0.0,0.0,0.0,0.0,0.0,0.0,0.0,0.0,0.0,0.0,0.0,0.0,0.0,0.0,0.0,0.0,0.0,0.0,0.0,0.020079431,0.0,0.0,0.0,0.0,0.0,0.0,0.0,0.000848427,0.0,0.0,0.0,0.0,0.0,0.0,0.0,0.0,0.0,0.0,0.0,0.0,0.0,0.0,0.0,0.0,0.0,0.0,0.0,0.0,0.0,0.0,0.0,0.0,0.0,0.0,0.0,0.0,0.0,0.0,0.0,0.0,0.0,0.0,0.0,0.0,0.0
ERR1513893,0.0,0.0,0.0,0.0,0.0,0.0,0.0,0.0,0.0,0.0,0.0,0.0,0.0,0.0,0.0,0.0,0.0,0.0,0.0,1.0,0.0,0.0,0.0,0.0,0.0,0.0,0.0,0.0,0.0,0.0,0.0,0.0,0.0,0.0,0.0,0.0,0.0,0.0,0.0,0.0,0.0,0.0,0.0,0.0,0.0,0.0,0.0,0.0,0.0,0.0,0.0,0.0,0.0,0.0,0.0,0.0,0.0,0.0,0.0,0.0,0.0,0.0,0.0,0.0,0.0,0.0,0.0,0.0,0.0,0.0,0.0,0.0,0.0,0.0,0.0,0.0,0.0,0.0,0.0,0.0,0.0,0.0,0.0,0.0,0.0,0.0,0.0,0.0,0.0,0.0,0.0,0.0,0.0,0.0,0.0,0.0,0.0,0.0,0.0,0.0,0.0,0.0,0.0,0.0,0.0,0.0,0.0,0.0,0.0,0.0,0.0,0.0,0.0,0.0,0.0,0.0,0.0,0.0,0.0,0.0,0.0,0.0,0.0,0.0,0.0,0.0,0.0,0.0,0.0,0.0,0.0,0.0,0.0,0.0,0.0,0.0,0.0,0.0,0.0,0.0,0.0,0.0,0.0,0.0,0.0,0.0,0.0,0.0,0.0,0.0,0.0,0.0,0.0,0.0,0.0,0.0,0.0,0.0,0.0,0.0,0.0,0.0,0.0,0.0,0.0,0.0,0.0,0.0,0.0,0.0,0.0,0.0,0.0,0.0,0.0,0.0,0.0,0.0,0.0,0.0,0.0,0.0,0.0,0.0,0.0,0.0,0.0,0.0,0.0,0.0,0.0,0.0,0.0,0.0,0.0,0.0,0.0,0.0,0.0,0.0,0.0,0.0,0.0,0.0,0.0,0.0,0.0,0.0,0.0,0.0,0.0,0.0,0.0,0.0,0.0,0.0,0.0,0.0,0.0,0.0,0.0,0.0,0.0,0.0,0.0,0.0,0.0,0.0,0.0,0.0,0.0,0.0,0.0,0.0,0.0,0.0,0.0,0.0,0.0,0.0,0.0,0.0,0.0,0.0,0.0,0.0,0.0,0.0,0.0,0.0,0.0,0.0,0.0,0.0,0.0,0.0,0.0,0.0,0.0,0.0,0.0,0.0,0.0,0.0,0.0,0.0,0.0,0.0,0.0,0.0,0.0,0.0,0.0
ERR1513904,0.0,0.0,0.0,0.0,0.0,0.0,0.0,0.0,0.0,0.0,0.0,0.0,0.0,0.0,0.0,0.0,0.0,0.0,0.0,0.002401367,0.0,0.0,0.0,0.0,0.0,0.0,0.000600342,0.0,0.0,0.0,0.0,0.0,0.0,0.0,0.0,0.0,0.0,0.0,0.009705525,0.0,0.0,0.0,0.0,0.0,0.061535028,0.0,0.0,0.216423198,0.0,0.0,0.013927928,0.015208657,0.000700399,0.0,0.0,0.0,0.0,0.0,0.0,0.0,0.0,0.0,0.034819821,0.0,0.0,0.0,0.001463333,0.0,0.0,0.0,0.0,0.0,0.0,0.0,0.0,0.0,0.0,0.0,0.0,0.0,0.0,0.0,0.0,0.0,0.0,0.0,0.0,0.0,0.0,0.0,0.0,0.0,0.0,0.0,0.0,0.0,0.0,0.0,0.0,0.0,0.0,0.0,0.0,0.0,0.0,0.0,0.0,0.0,0.0,0.0,0.0,0.0,0.0,0.0,0.0,0.0,0.0,0.0,0.0,0.0,0.0,0.0,0.0,0.0,0.0,0.0,0.0,0.0,0.0,0.0,0.0,0.004902791,0.0,0.0,0.0,0.33439035,0.0,0.0,0.0,0.0,0.013207518,0.0,0.0,0.0,0.0,0.000728986,0.001801025,0.0,0.000420239,0.0,0.002701538,0.0,0.0,0.0,0.001200683,0.0,0.0,0.0,0.0,0.0,0.0,0.003527008,0.146183214,0.0,0.0,0.0,0.0,0.0,0.0,0.0,0.0,0.0,0.0,0.0,0.0,0.0,0.0,0.0,0.0,0.0,0.0,0.0,0.028816404,0.0,0.001555431,0.0,0.0,0.000187607,0.0,0.0,0.0,0.0,0.0,0.0,0.0,0.0,0.0,0.0,0.00690393,0.0,0.0,0.0,0.0,0.0,0.0,0.0,0.0,0.0,0.0,0.0,0.0,0.0,0.0,0.0,0.0,0.0,0.0,0.0,0.0,0.0,0.0,0.0,0.0,0.0,0.0,0.0,0.0,0.0,0.0,0.0,0.0,0.0,0.001200683,0.0,0.0,0.0,0.0,0.0,0.0,0.0,0.0,0.0,0.0,0.0,0.0,0.0,0.000600342,0.0,0.0,0.0,0.0,0.0,0.0,0.0,0.0,0.0,0.0,0.0,0.0,0.000900513,0.0,0.0,0.0,0.0,0.0,0.0,0.0,0.001200683,0.0,0.0,0.0,0.064836908,0.0
ERR1513905,0.0,0.0,0.0,0.0,0.0,0.0,0.000499941,0.0,0.0,0.0,0.0,0.0,0.0,0.0,0.0,0.0,0.0,0.0,0.0,0.084290086,0.0,0.0,0.0,0.0,0.0,0.0,0.0,0.0,0.0,0.0,0.0,0.0,0.0,0.0,0.0,0.0,0.0,0.0,0.08094048,0.0,0.0,0.031196331,0.0,0.0,0.065392309,0.0,0.0,0.033596048,0.0,0.0,0.001919774,0.337160344,0.0,0.0,0.0,0.0,0.0,0.0,0.0,0.0,0.0,0.0,0.0,0.0,0.0,0.0,0.0,0.0,0.0,0.0,0.0,0.0,0.0,0.0,0.0,0.0,0.0,0.0,0.0,0.0,0.0,0.0,0.0,0.0,0.0,0.0,0.0,0.0,0.0,0.0,0.0,0.0,0.0,0.0,0.0,0.0,0.0,0.0,0.0,0.0,0.0,0.0,0.0,0.0,0.0,0.0,0.0,0.0,0.006899189,0.0,0.0,0.0,0.0,0.0,0.0,0.0,0.0,0.0,0.0,0.0,0.0,0.0,0.0,0.0,0.0,0.0,0.0,0.0,0.0,0.0,0.0,0.006299259,0.0,0.000799906,0.0,0.0,0.0,0.004466141,0.0,0.0,0.0,0.0,0.0,0.0,0.0,0.0,0.0,0.0,0.0,0.0,0.0,0.0,0.0,0.0,0.0,0.0,0.002999647,0.0,0.0,0.0,0.0,0.0,0.0,0.0,0.0,0.0,0.0,0.0,0.0,0.0,0.0,0.0,0.0,0.0,0.0,0.0,0.0,0.0,0.0,0.0,0.0,0.0,0.0,0.0,0.0,0.0,0.0,0.0,0.0,0.0,0.0,0.0,0.0,0.0,0.004049524,0.0,0.0,0.0,0.0,0.0,0.0,0.0,0.0,0.0,0.0,0.0,0.002999647,0.000866565,0.0,0.0,0.000999882,0.0,0.0,0.0,0.0,0.0,0.0,0.0,0.0,0.0,0.0,0.0,0.0,0.0,0.0,0.0,0.0,0.000399953,0.0,0.0,0.0,0.0,0.0,0.0,0.0,0.0,0.0,0.0,0.0,0.0,0.0,0.0,0.0,0.0,0.0,0.0,0.002999647,0.0,0.0,0.0,0.0,0.0,0.0,0.0,0.0,0.328161402,0.0,0.0,0.0,0.0,0.0,0.0,0.0,0.0,0.0,0.0,0.0,0.0,0.0,0.0,0.0,0.0,0.0
ERR1513908,0.0,0.0,0.002330623,0.0,0.000517916,0.0,0.008890896,0.0,0.0,0.0,0.0,0.0,0.0,0.0,0.0,0.0,0.0,0.0,0.0,0.0,0.0,0.0,0.0,0.0,0.0,0.0,0.0,0.0,0.0,0.0,0.0,0.0,0.0,0.0,0.0,0.0,0.0,0.0,0.004359129,0.0,0.0,0.0,0.0,0.0,0.024342065,0.0,0.0,0.027708521,0.0,0.0,0.0,0.005092843,0.0,0.0,0.000302118,0.0,0.0,0.0,0.0,0.037031014,0.0,0.0,0.010099367,0.0,0.0,0.0,0.000647395,0.00031075,0.0,0.0,0.0,0.0,0.0,0.0,0.0,0.0,0.0,0.0,0.0,0.0,0.0,0.0,0.0,0.0,0.0,0.0,0.0,0.0,0.0,0.0,0.0,0.0,0.0,0.000258958,0.0,0.0,0.0,0.0,0.0,0.0,0.0,0.0,0.0,0.0,0.0,0.0,0.0,0.0,0.0,0.0,0.0,0.0,0.0,0.0,0.0,0.0,0.0,0.017350195,0.0,0.0,0.0,0.0,0.0,0.0,0.0,0.0,0.0,0.0,0.0,0.0,0.0,0.003236977,0.0,0.0,0.0,0.009581451,0.0,0.0,0.0,0.0,0.02641373,0.0,0.0,0.0,0.0,0.000665892,0.015019572,0.006603433,0.000828666,0.0,0.01398374,0.0,0.0,0.0,0.0,0.0,0.0,0.0,0.0,0.0,0.0,0.001165312,0.098663051,0.0,0.0,0.0,0.004078591,0.000474757,0.0,0.0,0.0,0.0,0.0,0.0,0.0,0.0,0.0,0.0,0.0,0.0,0.000561076,0.0,0.008221921,0.006473954,0.002624894,0.0,0.0,0.0,0.0,0.002589581,0.007768744,0.0,0.0,0.0,6.47e-05,0.0,0.0,0.0,0.00142427,0.0,0.0,0.0,0.0,0.0,0.0,0.000517916,0.002201144,0.000172639,0.0,0.0,0.000316504,0.0,0.0,0.0,0.0,0.0,0.0,0.0,0.0,0.0,0.0,0.0,0.0,0.0,0.001294791,0.0,0.0,0.0,0.015537488,0.0,0.0,0.0,0.0,0.0,0.0,0.0,0.0,0.0,0.0,0.0,0.0,0.0,0.0,0.002071665,0.0,0.0,0.0,0.0,0.0,0.0,0.0,0.000647395,0.000776874,0.0,0.0,0.0,0.0,0.0,0.0,0.0,0.0,0.004402288,0.0,0.0,0.0,0.0,0.0,0.0,0.0,0.002589581,0.0,0.097109303,0.0
ERR1513914,0.0,0.0,0.0,0.0,0.0,0.0,0.0,0.0,0.0,0.0,0.0,0.0,0.0,0.0,0.0,0.0,0.0,0.0,0.0,0.006422174,0.0,0.0,0.0,0.0,0.0,0.0,0.0,0.0,0.0,0.0,0.0,0.0,0.0,0.0,0.0,0.0,0.0,0.0,0.006550617,0.0,0.0,0.057542678,0.0,0.0,0.004623965,0.0,0.0,0.045725878,0.0,0.0,0.018290351,0.006507803,0.0,0.0,0.0,0.0,0.0,0.0,0.0,0.005137739,0.0,0.0,0.018495861,0.0,0.0,0.0,0.001669765,0.001130303,0.0,0.0,0.0,0.0,0.0,0.0,0.0,0.0,0.0,0.0,0.0,0.0,0.0,0.0,0.0,0.0,0.0,0.0,0.0,0.0,0.0,0.0,0.0,0.0,0.0,0.0,0.0,0.0,0.0,0.0,0.0,0.0,0.0,0.0,0.0,0.0,0.0,0.0,0.0,0.0,0.006679061,0.0,0.0,0.0,0.0,0.0,0.0,0.0,0.0,0.000642217,0.0,0.0,0.0,0.0,0.0,0.0,0.0,0.0,0.0,0.0,0.0,0.0,0.0,0.005308997,0.0,0.0,0.0,0.0,0.0,0.0,0.0,0.0,0.019009635,0.0,0.0,0.0,0.0,0.001100944,0.003082643,0.0,0.001746831,0.0,0.004623965,0.001541322,0.0,0.0,0.005651513,0.0,0.0,0.0,0.0,0.0,0.0,0.0,0.027743791,0.0,0.0,0.0,0.007449722,0.0,0.01438567,0.0,0.0,0.0,0.0,0.0,0.0,0.0,0.0,0.0,0.0,0.0,0.0,0.0,0.000899104,0.009590446,0.002545516,0.0,0.0,0.0,0.0,0.008391641,0.0,0.0,0.0,0.0,0.0,0.0,0.0,0.0,0.0,0.0,0.0,0.0,0.0,0.0,0.0,0.0,0.0,0.0,0.0,0.0,0.0,0.0,0.0,0.0,0.0,0.0,0.0,0.0,0.0,0.0,0.0,0.0,0.0,0.0,0.008734157,0.0,0.0,0.000513774,0.0,0.0,0.0,0.0,0.0,0.0,0.0,0.0,0.0,0.0,0.0,0.0,0.0,0.0,0.0,0.0,0.0,0.0,0.0,0.0,0.0,0.0,0.0,0.0,0.0,0.0,0.0,0.0,0.0,0.0,0.0,0.0,0.0,0.0,0.0,0.0,0.0,0.0,0.0,0.0,0.0,0.0,0.0,0.03211087,0.0
ERR1513915,0.001564799,0.0,0.075631967,0.0,0.0,0.0,0.0,0.0,0.0002608,0.0,0.0,0.0,0.0,0.0,0.0,0.0,0.0,0.0,0.0,0.006063597,0.0,0.0,0.0,0.0,0.0,0.0,0.0,0.0,0.001629999,0.0,0.0,0.0,0.0,0.0,0.0,0.0,0.0,0.0,0.005541998,0.0,0.0,0.448575804,0.0,0.0,0.0,0.0,0.0,0.037294384,0.0,0.0,0.002164639,0.013431194,0.003651198,0.0,0.000956266,0.0,0.0,0.0,0.0,0.0,0.0,0.0,0.026601588,0.0,0.04511838,0.0,0.0,0.001147519,0.0,0.0,0.0,0.0,0.0,0.0,0.0,0.0,0.0,0.0,0.0,0.0,0.0,0.0,0.0,0.0,0.0,0.0,0.0,0.0,0.0,0.0,0.0003912,0.0,0.0,0.0,0.0,0.0,0.0,0.0,0.0,0.0,0.0,0.0,0.0,0.0,0.0,0.0,0.0,0.0,0.0,0.0,0.0,0.0,0.0,0.0,0.0,0.0,0.0,0.0003586,0.0,0.0,0.0,0.0,0.0,0.0,0.0,0.0,0.0,0.0,0.0,0.0,0.0,0.001629999,0.0,0.0,0.0,0.0,0.0,0.002636977,0.0,0.0,0.008997596,0.0,0.006693864,0.0,0.0,0.001955999,0.0,0.0,0.0,0.0,0.0,0.0,0.0,0.0,0.0002608,0.0,0.0,0.0,0.0,0.0,0.0,0.0,0.005737597,0.0,0.0,0.0,0.002803599,0.001217066,0.011735995,0.0,0.0,0.0,0.0,0.0,0.0,0.0,0.001695199,0.0,0.0,0.0,0.0,0.0,0.0007661,0.002260266,0.000711272,0.0,0.0,0.0006031,0.0,0.009432263,0.0,0.0,0.0,0.0,0.000489,0.0,0.0,0.0,0.006519997,0.0,0.0,0.0,0.0,0.0,0.0,0.001303999,0.044466381,0.01634346,0.0,0.0,0.008157241,0.0,0.0001304,0.0,0.0007824,0.0,0.0,0.0,0.0,0.0,0.0,0.020472791,0.0,0.0,0.0,0.0,0.0,0.001825599,0.0,0.0,0.0,0.0,0.0,0.0,0.0,0.0,0.0,0.0,0.0,0.0,0.0,0.0,0.0,0.0,0.0,0.0,0.0,0.0,0.0,0.0,0.0,0.0,0.122836746,0.0,0.0,0.0,0.0,0.0,0.0,0.0,0.0,0.0,0.0,0.0,0.0,0.0,0.0,0.0,0.0,0.002347199,0.0,0.0,0.0
ERR1513917,0.0,0.0,0.0,0.0,0.0,0.0,0.0,0.0,0.0,0.0,0.0,0.0,0.0,0.0,0.0,0.0,0.0,0.0,0.0,0.056391452,0.0,0.0,0.0,0.0,0.0,0.0,0.000170883,0.0,0.0,0.0,0.0,0.0,0.000768974,0.0,0.0,0.0,0.0,0.0,0.003033177,0.0,0.0,0.065106495,0.0,0.0,0.021531282,0.0,0.0,0.088047563,0.0,0.0,0.0,0.055707919,0.0,0.0,0.0,0.072950033,0.0,0.0,0.0,0.0,0.0,0.0,0.0,0.0,0.0,0.0,0.0,0.00051265,0.0,0.0,0.0,0.0,0.0,0.0,0.0,0.0,0.0,0.0,0.0,0.0,0.0,0.0,0.0,0.0,0.0,0.0,0.0,0.0,0.0,0.0,0.0,0.0,0.0,0.0,0.0,0.0,0.0,0.0,0.0,0.0,0.002435085,0.04716376,0.0,0.0,0.0,0.0,0.0,0.0,0.001537949,0.0,0.0,0.039217692,0.0,0.0,0.0,0.0,0.0,0.0,0.0,0.0,0.0,0.0,0.0,0.0,0.0,0.0,0.0,0.0,0.0,0.001409786,0.0,0.001110741,0.0,0.0,0.0,0.0,0.0,0.001110741,0.0,0.0,0.0,0.0,0.000341766,0.000768974,0.0,0.001830891,0.027683077,0.0,0.001127829,0.0,0.022556581,0.0,0.0,0.0,0.000256325,0.0,0.0,0.0,0.0,0.0,0.0,0.0,0.0,0.0,0.0,0.0,0.003332222,0.0,0.0,0.0,0.0,0.0,0.0,0.0,0.0,0.0,0.000897137,0.0,0.0,0.0,0.0,0.0,0.03537282,0.007604302,0.006734351,0.0,0.0,0.000993259,0.0,0.0,0.0,0.0,0.0,0.0,0.0,0.0,0.0,0.0,0.188398715,0.0,0.0,0.0,0.0,0.0,0.0,0.0,0.0,0.0,0.0,0.0,0.0,0.0,0.0,0.0,0.0,0.0,0.0,0.0,0.0,0.001537949,0.0,0.0,0.0,0.0,0.0,0.0,0.0,0.000170883,0.0,0.0,0.0,0.0,0.0,0.0,0.0,0.0,0.0,0.0,0.0,0.0,0.0,0.0,0.0,0.0,0.0,0.0,0.0,0.0,0.0,0.0,0.0,0.0,0.0,0.0,0.0,0.0,0.0,0.0,0.0,0.0,0.0,0.0,0.0,0.0,0.0,0.0,0.0,0.0,0.0,0.0,0.0,0.208392048,0.0
ERR1513921,0.0,0.0,0.0,0.0,0.0,0.0,0.0,0.0,0.0,0.0,0.0,0.0,0.0,0.0,0.0,0.0,0.0,0.0,0.0,0.009358166,0.0,0.0,0.0,0.0,0.0,0.0,0.0,0.0,0.0,0.0,0.0,0.0,0.0,0.0,0.0,0.0,0.0,0.0,0.016766714,0.0,0.0,0.0,0.0,0.009358166,0.0,0.0,0.0,0.017156638,0.0,0.0,0.011229799,0.01949618,0.002599491,0.0,0.005588905,0.0,0.0,0.0,0.0,0.0,0.0,0.0,0.022615568,0.0,0.0,0.0,0.0,0.000779847,0.0,0.0,0.0,0.0,0.0,0.0,0.004679083,0.0,0.0,0.0,0.0,0.0,0.0,0.0,0.0,0.0,0.0,0.0,0.0,0.0,0.0,0.0,0.0,0.0,0.0,0.0,0.0,0.0,0.0,0.0,0.0,0.0,0.0,0.0,0.0,0.0,0.0,0.0,0.0,0.0,0.0,0.0,0.0,0.0,0.0,0.0,0.0,0.0,0.0,0.001559694,0.0,0.0,0.0,0.0,0.0,0.0,0.0,0.0,0.000389924,0.0,0.0,0.001559694,0.0,0.005263968,0.0,0.0,0.0,0.253450334,0.0,0.0,0.0,0.0,0.037432665,0.0,0.0,0.0,0.0,0.001448288,0.0,0.035483047,0.0,0.0,0.010917861,0.0,0.0,0.0,0.005302961,0.0,0.0,0.0,0.0,0.0,0.0,0.0,0.128674785,0.0,0.0,0.0,0.002534503,0.0,0.006238777,0.0,0.0,0.0,0.0,0.0,0.0,0.0,0.0,0.0,0.0,0.0,0.000389924,0.0,0.047473197,0.009098217,0.004749978,0.0,0.0,0.004484121,0.0,0.01117781,0.0,0.0,0.0,0.0,0.0,0.0,0.0,0.0,0.001949618,0.0,0.0,0.0,0.0,0.0,0.0,0.0,0.0,0.0,0.0,0.0,0.0,0.0,0.0,0.0,0.0,0.0,0.0,0.0,0.0,0.0,0.0,0.0,0.0,0.0,0.0,0.0,0.0,0.0,0.002339542,0.0,0.0,0.0,0.0,0.0,0.0,0.0,0.0,0.0,0.0,0.0,0.0,0.0,0.0,0.0,0.0,0.0,0.0,0.0,0.0,0.0,0.0,0.0,0.0,0.0,0.0,0.0,0.0,0.0,0.0,0.0,0.0,0.0,0.0,0.0,0.0,0.0,0.0,0.0,0.0,0.0,0.0,0.007798472,0.0
ERR1513922,0.0,0.002624661,0.0,0.0,0.0,0.0,0.0,0.0,0.0,0.0,0.0,0.0,0.0,0.0,0.0,0.0,0.0,0.0,0.0,0.002405939,0.0,0.0,0.0,0.0,0.0,0.0,0.0,0.0,0.0,0.0,0.0,0.0,0.0,0.0,0.0,0.0,0.0,0.0,0.015638606,0.0,0.0,0.252842362,0.063648034,0.0,0.0,0.0,0.089457202,0.04702518,0.0,0.0,0.002493428,0.014727266,0.0,0.0,0.00452025,0.000131233,0.0,0.0,0.0,0.0,0.0,0.0,0.001749774,0.0,0.0,0.0,0.000984248,0.00030621,0.0,0.0,0.0,0.0,0.0,0.0,0.0,0.0,0.0,0.0,0.0,0.0,0.0,0.0,0.0,0.0,0.0,0.0,0.0,0.0,0.0,0.0,0.000510351,0.0,0.0,0.0,0.0,0.0,0.0,0.0,0.0,0.0,0.0,0.0,0.0,0.0,0.0,0.0,0.0,0.0,0.001421691,0.0,0.0,0.0,0.0,0.0,0.0,0.0,0.0,0.001804455,0.0,0.0,0.0,0.0,0.0,0.0,0.0,0.0,0.0,0.0,0.0,0.000874887,0.0,0.001786228,0.0,0.0,0.0,0.0,0.0,0.000510351,0.0,0.0,0.00371827,0.0,0.010498645,0.0,0.0,0.003374564,0.001531052,0.000765526,0.000874887,0.0,0.011810975,0.0,0.0,0.0,0.001399819,0.0,0.0,0.0,0.0,0.0,0.0,0.002023176,0.147199749,0.011810975,0.0,0.0,0.0,0.0,0.009623758,0.000510351,0.0,0.0,0.0,0.0,0.0,0.0,0.0,0.0,0.0,0.0,0.000145815,0.0,0.007108457,0.011519346,0.001531052,0.0,0.0,0.002241898,0.0,0.02391358,0.0,0.0,0.0,0.0,0.000847547,0.0,0.0,0.0,0.0,0.0,0.0,0.0,0.0,0.002624661,0.0,0.0,0.0,0.0,0.0,0.0,0.00060756,0.0,0.0,0.0,0.0,0.0,0.0,0.0,0.0,0.0,0.0,0.021216011,0.0,0.0,0.003280826,0.0,0.0,0.0,0.002843383,0.0,0.0,0.0,0.0,0.0,0.0,0.0,0.0,0.0,0.0,0.0,0.0,0.0,0.0,0.0,0.0,0.0,0.0,0.0,0.0,0.0,0.0,0.0,0.002624661,0.0,0.0,0.0,0.0,0.0,0.0,0.001093609,0.0,0.0,0.0,0.0,0.0,0.0,0.0,0.0,0.0,0.0,0.000328083,0.184163727,0.0
ERR1513925,0.0,0.0,0.0,0.0,0.0,0.0,0.0,0.0,0.0,0.0,0.0,0.0,0.0,0.0,0.0,0.0,0.0,0.0,0.0,0.01596359,0.0,0.0,0.0,0.0,0.0,0.0,0.000112025,0.0,0.0,0.0,0.0,0.0,0.0,0.0,0.0,0.0,0.0,0.0,0.036030103,0.0,0.0,0.025709782,0.0,0.042765617,0.005377209,0.0,0.0,0.119474868,0.0,0.0,0.025172061,0.014955363,0.0,0.0,0.0,0.0,0.0,0.0,0.0,0.034111671,0.0,0.0,0.038984767,0.0,0.0,0.0,0.000777175,0.001445125,0.0,0.0,0.0,0.0,0.0,0.0,0.0,0.0,0.0,0.0,0.0,0.0,0.0,0.0,0.0,0.0,0.0,0.0,0.0,0.0,0.0,0.0,0.0,0.0,0.0,0.0,0.0,0.0,0.0,0.0,0.0,0.0,0.0,0.0,0.0,0.0,0.0,0.0,0.0,0.0,0.000420094,0.0,0.0,0.0,0.0,0.0,0.0,0.0,0.0,0.000252057,0.0,0.0,0.0,0.0,0.0,0.0,0.0,0.0,0.0,0.0,0.0,0.007225625,0.0,0.007813757,0.0,0.0,0.0,0.0,0.0,0.000448101,0.0,0.0,0.004200945,0.0,0.0,0.0,0.0,0.000984221,0.00302468,0.014367231,0.000941012,0.0,0.005881323,0.0,0.0,0.0,0.004032907,0.0,0.0,0.0,0.0,0.0,0.0,0.0,0.518396578,0.015627514,0.0,0.0,0.004368983,0.0,0.012098721,0.0,0.0,0.0,0.0,0.0,0.0,0.0,0.0,0.0,0.0,0.0,0.000252057,0.0,0.007267634,0.010586381,0.000626323,0.0,0.0,0.000504113,0.0,0.0,0.0,0.0,0.0,0.0,0.0,0.0,0.0,0.0,0.006637493,0.0,0.0,0.0,0.0,0.000840189,0.0,0.0,0.0,0.0,0.0,0.0,0.0,0.0,0.0,0.0,0.0,0.0,0.0,0.0,0.0,0.001680378,0.0,0.0,0.000210047,0.0,0.0,0.0,0.0,0.0,0.0,0.0,0.0,0.0,0.0,0.0,0.0,0.0,0.0,0.0,0.0,0.0,0.0,0.0,0.0,0.0,0.0,0.0,0.0,0.0,0.0,0.0,0.0,0.0,0.0,0.0,0.0,0.0,0.0,0.0,0.0,0.0,0.0,0.0,0.0,0.0,0.0,0.0,0.0,0.0,0.0,0.0,0.0,0.001848416,0.0
ERR1513927,0.0,0.0,0.0,0.0,0.0,0.0,0.017494627,0.0,0.0,0.0,0.0,0.0,0.0,0.0,0.0,0.0,0.0,0.0,0.0,0.004136661,0.0,0.0,0.0,0.0,0.0,0.001034165,0.0,0.0,0.0,0.0,0.0,0.0,0.0,0.0,0.0,0.0,0.0,0.0,0.0,0.0,0.0,0.040849524,0.0,0.0,0.0,0.0,0.0,0.002843954,0.0,0.0,0.0,0.003791939,0.0,0.0,0.000430902,0.087386956,0.0,0.0,0.0,0.0,0.0,0.0,0.0,0.0,0.0,0.0,0.0,0.000827332,0.0,0.00206833,0.00206833,0.0,0.0,0.0,0.0,0.0,0.0,0.0,0.0,0.0,0.0,0.0,0.0,0.0,0.0,0.0,0.0,0.0,0.0,0.0,0.0,0.0,0.0,0.0,0.0,0.0,0.0,0.0,0.0,0.0,0.0,0.0,0.0,0.0,0.0,0.008273321,0.0,0.0,0.0,0.0,0.0,0.0,0.0,0.0,0.0,0.0,0.0,0.007626968,0.0,0.0,0.0,0.0,0.0,0.0,0.0,0.0,0.0,0.0,0.0,0.0,0.0,0.002628503,0.0,0.0,0.0,0.0,0.0,0.0,0.0,0.0,0.0,0.0,0.0,0.0,0.0,0.00066482,0.0,0.016805184,0.0,0.0,0.010341652,0.0,0.0,0.0,0.008376738,0.0,0.0,0.0,0.0,0.0,0.0,0.0,0.209935527,0.006204991,0.0,0.0,0.0,0.0,0.0,0.0,0.0,0.0,0.0,0.0,0.0,0.0,0.0,0.0,0.0,0.0,0.0,0.0,0.003102495,0.004309021,0.005076811,0.0,0.0,0.0,0.0,0.021028025,0.0,0.0,0.0,0.0,0.004330567,0.0,0.0,0.0,0.0,0.0,0.0,0.0,0.0,0.003102495,0.0,0.0,0.0,0.0,0.0,0.0,0.0,0.0,0.0,0.0,0.0,0.0,0.034644533,0.0,0.0,0.0,0.0,0.0,0.0,0.001034165,0.0,0.011031095,0.0,0.0,0.0,0.0,0.0,0.0,0.0,0.0,0.0,0.0,0.0,0.0,0.0,0.0,0.0,0.0,0.0,0.001378887,0.0,0.0,0.0,0.0,0.0,0.0,0.0,0.0,0.0,0.0,0.0,0.0,0.0,0.0,0.0,0.003619578,0.0,0.0,0.0,0.0,0.0,0.0,0.0,0.0,0.0,0.0,0.0,0.0,0.0
ERR1513930,0.0,0.0,0.0,0.0,0.0,0.0,0.0,0.0,0.0,0.0,0.0,0.0,0.0,0.0,0.0,0.0,0.0,0.0,0.0,0.0,0.0,0.0,0.005488831,0.0,0.0,0.0,0.000397741,0.0,0.0,0.0,0.0,0.0,0.0,0.0,0.0,0.0,0.000715934,0.0,0.005389396,0.0,0.0,0.0,0.0,0.0,0.059661208,0.0,0.0,0.099992185,0.0,0.0,0.0,0.028478283,0.007954828,0.0,0.0,0.0,0.0,0.0,0.0,0.012648176,0.0,0.0,0.058229339,0.0,0.0,0.0,0.00050712,0.00047729,0.0,0.0,0.0,0.0,0.0,0.0,0.0,0.0,0.0,0.0,0.0,0.0,0.0,0.0,0.0,0.005727476,0.0,0.0,0.0,0.0,0.0,0.0,0.001909159,0.0,0.0,0.0,0.0,0.0,0.0,0.0,0.0,0.0,0.005846798,0.0,0.0,0.0,0.0,0.0,0.0,0.0,0.043194715,0.0,0.0,0.0,0.0,0.0,0.0,0.0,0.0,0.025057707,0.0,0.0,0.0,0.0,0.0,0.0,0.0,0.0,0.0,0.0,0.0,0.002028481,0.0,0.035418871,0.0,0.0,0.0,0.0,0.0,0.0,0.0,0.0,0.009545793,0.0,0.0,0.0,0.0,0.003511488,0.010977662,0.0,0.00229099,0.0,0.110969847,0.0,0.0,0.0,0.029496501,0.0,0.0,0.0,0.0,0.0,0.0,0.004534252,0.151778114,0.0,0.0,0.0,0.00244611,0.0,0.003341028,0.0,0.002804077,0.0,0.0,0.0,0.0,0.0,0.0,0.0,0.0,0.0,0.0,0.0,0.026758052,0.020682552,0.000282035,0.0,0.0,0.000626443,0.0,0.144857413,0.001551191,0.0,0.0,0.0,0.0,0.0,0.0,0.0,0.0,0.0,0.0,0.0,0.0,0.007040023,0.0,0.0,0.0,0.00013258,0.0,0.0,0.0,0.0,0.0,0.0,0.0,0.0,0.0,0.0,0.0,0.0,0.0,0.0,0.0,0.0,0.0,0.019091587,0.0,0.0,0.007875279,0.0,0.0,0.0,0.0,0.0,0.0,0.0,0.0,0.0,0.0,0.0,0.0,0.0,0.0,0.0,0.0,0.0,0.0,0.0,0.0,0.0,0.0,0.0,0.0,0.0,0.0,0.0,0.0,0.0,0.0,0.005011541,0.0,0.0,0.0,0.0,0.0,0.0,0.0,0.0,0.0,0.0,0.0,0.001909159,0.0
ERR1513933,0.0,0.0,0.000422109,0.0,0.0,0.0,0.0,0.0,0.0,0.0,0.0,0.0,0.0,0.0,0.0,0.0,0.0,0.0,0.0,0.148160375,0.0,0.0,0.0,0.0,0.0,0.0,0.0,0.0,0.0,0.0,0.0,0.0,0.0,0.0,0.0,0.0,0.0,0.0,0.013390246,0.0,0.0,0.046854136,0.0,0.0,0.048261167,0.0,0.0,0.075065109,0.0,0.0,0.0,0.032736924,0.00272026,0.0,0.0,0.0,0.0,0.0,0.0,0.0,0.0,0.0,0.00408039,0.0,0.035457184,0.0,0.0,0.001153766,0.0,0.0,0.0,0.0,0.0,0.0,0.0,0.0,0.0,0.0,0.0,0.0,0.0,0.0,0.0,0.0,0.0,0.0,0.0,0.0,0.0,0.0,0.0,0.0,0.0,0.0,0.0,0.0,0.0,0.0,0.0,0.0,0.0,0.0,0.0,0.0,0.0,0.0,0.0,0.0,0.0,0.0,0.0,0.0,0.0,0.0,0.0,0.0,0.0,0.0,0.0,0.0,0.0,0.0,0.0,0.0,0.0,0.0,0.0,0.0,0.000492461,0.0,0.0,0.003541028,0.0,0.0,0.0,0.0,0.0,0.001156892,0.0,0.0,0.003236172,0.0,0.0,0.0,0.0,0.004020089,0.0,0.0,0.001575875,0.0,0.0,0.0,0.0,0.0,0.005206015,0.0,0.0,0.0,0.0,0.0,0.0,0.001618086,0.265788175,0.0,0.0,0.0,0.0,0.004010039,0.032361715,0.0,0.0,0.0,0.0,0.0,0.0,0.0,0.0,0.0,0.0,0.0,0.000304857,0.0,0.018449695,0.008535989,0.000466879,0.0,0.0,0.015336639,0.0,0.0,0.0,0.0,0.0,0.0,0.000422109,0.0,0.0,0.0,0.0,0.0,0.0,0.0,0.0,0.0,0.0,0.0,0.0,0.000109436,0.0,0.0,0.0,0.0,0.000386934,0.0,0.0,0.0,0.0,0.0,0.0,0.0,0.001641536,0.0,0.000597988,0.0,0.072039992,0.0,0.0,0.000797318,0.003236172,0.0,0.0,0.0,0.0,0.0,0.0,0.0,0.0,0.0,0.0,0.0,0.0,0.0,0.0,0.000750417,0.0,0.0,0.0,0.0,0.0,0.0,0.0,0.0,0.0,0.0,0.0,0.0,0.0,0.0,0.0,0.0,0.0,0.0,0.000984922,0.0,0.0,0.0,0.0,0.0,0.0,0.00182914,0.0,0.0,0.0
ERR1513935,0.0,0.01438038,0.00479346,0.0,0.005752152,0.0,0.086761625,0.0,0.0,0.0,0.0,0.0,0.0,0.0,0.0,0.0,0.0,0.0,0.0,0.004314114,0.0,0.0,0.0,0.0,0.0,0.0,0.002236948,0.0,0.0,0.0,0.0,0.0,0.0,0.0,0.0,0.0,0.0,0.0,0.0,0.0,0.0,0.0,0.0,0.008628228,0.0,0.0,0.0,0.0,0.0,0.0,0.001917384,0.00159782,0.0,0.0,0.015658636,0.0,0.0,0.0,0.0,0.0,0.0,0.0,0.0,0.0,0.0,0.0,0.0,0.000383477,0.0,0.0,0.0,0.0,0.0,0.0,0.0,0.0,0.0,0.0,0.0,0.0,0.0,0.0,0.0,0.0,0.0,0.0,0.0,0.0,0.0,0.0,0.0,0.0,0.0,0.0,0.0,0.0,0.0,0.0,0.0,0.0,0.0,0.0,0.0,0.0,0.0,0.0,0.0,0.0,0.009107574,0.0,0.0,0.0,0.0,0.0,0.0,0.0,0.0,0.005272806,0.0,0.0,0.0,0.0,0.0,0.008628228,0.0,0.0,0.000719019,0.0,0.0,0.0,0.0,0.010305939,0.0,0.008308664,0.0,0.0,0.0,0.002343469,0.014859726,0.0,0.015339072,0.0,0.002236948,0.0,0.0,0.004656504,0.005752152,0.020611878,0.0,0.0,0.050810676,0.0,0.0,0.0,0.008053013,0.0,0.0,0.0,0.0,0.0,0.0,0.016058091,0.0,0.005752152,0.0,0.0,0.0,0.0,0.012462996,0.0,0.0,0.0,0.0,0.0,0.0,0.0,0.010545612,0.0,0.0,0.0,0.00159782,0.0,0.00239673,0.001917384,0.0,0.0,0.0,0.005632315,0.0,0.322440073,0.0,0.0,0.0,0.0,0.002157057,0.0,0.0,0.0,0.005272806,0.0,0.0,0.0,0.0,0.0,0.0,0.0,0.083885549,0.002556512,0.0,0.012462996,0.004154332,0.0,0.001198365,0.0,0.0,0.0,0.0,0.0,0.0,0.0,0.0,0.0,0.0,0.0,0.0,0.0,0.0,0.0,0.0,0.0,0.0,0.0,0.0,0.0,0.0,0.0,0.0,0.0,0.0,0.0,0.0,0.0,0.0,0.0,0.0,0.0,0.0,0.0,0.0,0.0,0.0,0.013901034,0.0,0.0,0.0,0.0,0.0,0.0,0.0,0.0,0.0,0.0,0.0,0.0,0.0,0.0,0.0,0.0,0.0,0.015339072,0.0,0.0,0.0
ERR1513936,0.0,0.001462344,0.004387032,0.0,0.00243724,0.0,0.001624827,0.0,0.0,0.0,0.0,0.0,0.0,0.0,0.0,0.0,0.0,0.0,0.0,0.018035578,0.0,0.0,0.0,0.0,0.0,0.0,0.0,0.0,0.0,0.0,0.0,0.0,0.004387032,0.0,0.0,0.0,0.00487448,0.0,0.011089443,0.0,0.0,0.0,0.0,0.0,0.039483292,0.0,0.0,0.049719701,0.0,0.0,0.022227631,0.035583708,0.0,0.0,0.011617512,0.0,0.0,0.0,0.0,0.01998537,0.0,0.0,0.012673649,0.0,0.0,0.0,0.00426517,0.001754813,0.0,0.0,0.0,0.0,0.0,0.0,0.0,0.0,0.0,0.0,0.0,0.0,0.0,0.0,0.0,0.0,0.0,0.0,0.0,0.0,0.0,0.0,0.0,0.0,0.0,0.0,0.0,0.0,0.0,0.0,0.0,0.0,0.0,0.0,0.0,0.0,0.0,0.0,0.0,0.0,0.001706068,0.0,0.0,0.0,0.0,0.0,0.0,0.0,0.0,0.00243724,0.0,0.0,0.0,0.0,0.0,0.0,0.0,0.0,0.0,0.0,0.0,0.00121862,0.0,0.011373788,0.0,0.0,0.0,0.0,0.0,0.001895631,0.0,0.0,0.021447714,0.0,0.009586478,0.0,0.0,0.001880157,0.0,0.0,0.003509626,0.0,0.008286617,0.0,0.0,0.0,0.0,0.0,0.0,0.0,0.0,0.0,0.0,0.0,0.00487448,0.021447714,0.0,0.0,0.002680964,0.0,0.331952122,0.0,0.0,0.0,0.0,0.0,0.0,0.0,0.002924688,0.0,0.0,0.0,0.000731172,0.0,0.002802826,0.082703686,0.000354508,0.0,0.0,0.0,0.0,0.073442173,0.0,0.0,0.0,0.0,0.0,0.0,0.0,0.0,0.010723857,0.0,0.0,0.0,0.0,0.0,0.0,0.0,0.000487448,0.0,0.0,0.0,0.000270804,0.0,0.000853034,0.0,0.0,0.0,0.0,0.001462344,0.0,0.0,0.0,0.045332669,0.001096758,0.0,0.0,0.01576082,0.0,0.006011859,0.0,0.0,0.0,0.0,0.0,0.0,0.0,0.0,0.0,0.0,0.0,0.0,0.0,0.0,0.0,0.0,0.0,0.0,0.0,0.0,0.0,0.0,0.0,0.001949792,0.0,0.0,0.0,0.0,0.0,0.0,0.0,0.0,0.0,0.0,0.0,0.0,0.0,0.0,0.0,0.0,0.0,0.0,0.0,0.019010474,0.0
ERR1513941,0.0,0.0,0.0,0.0,0.0,0.0,0.0,0.0,0.0,0.0,0.0,0.0,0.0,0.0,0.0,0.0,0.0,0.0,0.0,0.003328709,0.0,0.0,0.0,0.0,0.0,0.0,0.0,0.0,0.0,0.0,0.0,0.0,0.0,0.0,0.0,0.0,0.0,0.0,0.008480282,0.0,0.0,0.0,0.0,0.0,0.0,0.0,0.0,0.066574177,0.0,0.0,0.00589657,0.004438278,0.0,0.0,0.0,0.0,0.0,0.0,0.0,0.0,0.0,0.0,0.0,0.0,0.0,0.0,0.0,0.0,0.0,0.0,0.0,0.0,0.0,0.0,0.0,0.0,0.0,0.0,0.0,0.0,0.0,0.0,0.0,0.0,0.0,0.0,0.0,0.0,0.0,0.0,0.0,0.0,0.0,0.0,0.0,0.0,0.0,0.0,0.0,0.0,0.0,0.0,0.0,0.0,0.0,0.0,0.0,0.0,0.004279769,0.0,0.0,0.0,0.0,0.0,0.0,0.0,0.0,0.0,0.0,0.0,0.0,0.0,0.0,0.0,0.0,0.0,0.0,0.0,0.0,0.0,0.0,0.006181888,0.0,0.0,0.0,0.0,0.0,0.0,0.0,0.0,0.007608477,0.0,0.0,0.0,0.0,0.0,0.0,0.0,0.001711907,0.0,0.0,0.0,0.0,0.0,0.003614027,0.0,0.0,0.0,0.0,0.0,0.0,0.0,0.072280535,0.0,0.0,0.0,0.002139884,0.0,0.0,0.0,0.0,0.0,0.0,0.0,0.0,0.0,0.0,0.0,0.0,0.0,0.0,0.0,0.012720423,0.0,0.0,0.0,0.0,0.0,0.0,0.045333845,0.0,0.0,0.0,0.0,0.0,0.0,0.0,0.0,0.0,0.0,0.0,0.0,0.0,0.0,0.0,0.0,0.0,0.0,0.0,0.0,0.000211347,0.0,0.0,0.0,0.0,0.0,0.0,0.0,0.0,0.0,0.0,0.0,0.0,0.0,0.0,0.0,0.0,0.0,0.0,0.0,0.0,0.0,0.0,0.0,0.0,0.0,0.0,0.0,0.0,0.0,0.0,0.0,0.0,0.0,0.0,0.0,0.0,0.0,0.0,0.0,0.0,0.0,0.0,0.0,0.0,0.0,0.0,0.0,0.0,0.0,0.0,0.0,0.0,0.0,0.0,0.0,0.504695668,0.0,0.0,0.0,0.0,0.0,0.0
ERR1513944,0.0,0.0,0.0,0.0,0.0,0.0,0.0,0.0,0.0,0.0,0.0,0.0,0.0,0.0,0.0,0.0,0.0,0.0,0.0,0.0,0.0,0.0,0.015535159,0.0,0.0,0.0,0.0,0.0,0.001262232,0.0,0.0,0.0,0.0,0.0,0.0,0.0,0.0,0.0,0.005453488,0.0,0.0,0.101949484,0.0,0.0,0.171080944,0.0,0.0,0.037575667,0.0,0.0,0.014370023,0.035601407,0.0,0.0,0.0,0.00073792,0.0,0.0,0.0,0.0,0.0,0.0,0.0,0.0,0.0,0.0,0.0,0.0,0.0,0.001035677,0.0,0.0,0.0,0.0,0.0,0.0,0.0,0.0,0.0,0.0,0.0,0.0,0.0,0.0,0.0,0.0,0.0,0.0,0.0,0.0,0.000906218,0.0,0.0,0.0,0.0,0.0,0.0,0.0,0.0,0.0,0.004660548,0.0,0.0,0.0,0.0,0.001553516,0.0,0.0,0.009029811,0.0,0.0,0.0,0.0,0.0,0.0,0.0,0.0,0.0,0.0,0.0,0.0,0.0,0.0,0.0,0.0,0.0,0.0,0.0,0.0,0.0,0.0,0.002459734,0.0,0.0,0.0,0.0,0.0,0.001877165,0.002524463,0.0,0.002524463,0.0,0.0,0.000970947,0.0,0.001581257,0.0,0.0,0.0,0.0,0.002330274,0.000388379,0.0,0.0,0.0,0.0,0.0,0.0,0.0,0.0,0.0,0.0,0.0,0.0,0.0,0.0,0.003446864,0.000453109,0.0,0.0,0.0,0.0,0.0,0.0,0.0,0.0,0.0,0.0,0.0,0.0,0.0,0.0,0.006214064,0.00381906,0.0,0.0,0.0,0.0,0.0,0.0,0.0,0.0,0.0,0.0,0.0,0.0,0.0,0.0,0.0,0.0,0.0,0.0,0.0,0.001456421,0.0,0.0,0.0,0.0,0.0,0.0,0.0,0.0,0.0,0.0,0.001165137,0.0,0.0,0.0,0.0,0.0,0.002136084,0.0,0.0,0.0,0.0,0.0,0.0,0.0,0.0,0.0,0.0,0.0,0.0,0.0,0.0,0.0,0.0,0.0,0.0,0.0,0.0,0.0,0.0,0.0,0.0,0.0,0.0,0.0,0.0,0.0,0.0,0.0,0.0,0.0,0.0,0.0,0.0,0.0,0.0,0.0,0.0,0.0,0.0,0.0,0.0,0.0,0.0,0.000582568,0.0,0.0,0.0,0.010389138,0.0
ERR1513945,0.0,0.0,0.0,0.0,0.0,0.0,0.0,0.0,0.0,0.0,0.0,0.0,0.0,0.0,0.0,0.0,0.0,0.0,0.0,0.0,0.0,0.0,0.0,0.0,0.0,0.0,0.0,0.0,0.0,0.0,0.0,0.0,0.0,0.0,0.0,0.0,0.0,0.0,0.0,0.0,0.0,0.031560727,0.0,0.015780364,0.0,0.0,0.0,0.014611448,0.0,0.0,0.005844579,0.015585544,0.0,0.0,0.0,0.001402699,0.0,0.0,0.0,0.009351327,0.0,0.0,0.342492335,0.0,0.0,0.0,0.000292229,0.0,0.0,0.0,0.0,0.0,0.0,0.0,0.0,0.0,0.0,0.0,0.0,0.0,0.0,0.0,0.0,0.0,0.0,0.0,0.0,0.0,0.0,0.0,0.0,0.0,0.0,0.0,0.0,0.0,0.0,0.0,0.0,0.0,0.0,0.0,0.0,0.0,0.0,0.0,0.0,0.0,0.0,0.0,0.0,0.0,0.0,0.0,0.0,0.0,0.0,0.0,0.0,0.0,0.0,0.0,0.0,0.0,0.0,0.0,0.0,0.0,0.0,0.0,0.0,0.000681868,0.0,0.0,0.0,0.0,0.0,0.001948193,0.0,0.0,0.0,0.0,0.0,0.0,0.0,0.001001928,0.0,0.0,0.0,0.0,0.003506747,0.0,0.0,0.0,0.001402699,0.0,0.0,0.0,0.0,0.0,0.0,0.0,0.038574222,0.0,0.0,0.0,0.0,0.0,0.0,0.0,0.0,0.0,0.0,0.0,0.0,0.0,0.0,0.0,0.0,0.0,0.0,0.0,0.0,0.003896386,0.000690723,0.0,0.0,0.0,0.0,0.0,0.0,0.0,0.0,0.0,0.000584458,0.0,0.0,0.0,0.0,0.0,0.0,0.0,0.0,0.0,0.0,0.0,0.0,0.0,0.0,0.0,0.0,0.0,0.0,0.0,0.0,0.0,0.0,0.0,0.0,0.0,0.0,0.0,0.0,0.0,0.0,0.001168916,0.0,0.0,0.0,0.0,0.0,0.0,0.0,0.0,0.0,0.0,0.0,0.0,0.0,0.0,0.0,0.0,0.0,0.0,0.0,0.0,0.0,0.0,0.0,0.0,0.0,0.0,0.0,0.0,0.0,0.045587717,0.0,0.0,0.0,0.0,0.0,0.0,0.0,0.0,0.0,0.0,0.034677836,0.026885064,0.0,0.0,0.0,0.24313449,0.0
ERR1513946,0.0,0.0,0.0,0.0,0.0,0.0,0.0,0.0,0.0,0.0,0.0,0.0,0.0,0.0,0.0,0.0,0.0,0.0,0.0,0.001743534,0.0,0.0,0.0,0.0,0.0,0.0,0.0,0.0,0.0,0.0,0.0,0.0,0.0,0.0,0.0,0.0,0.0,0.0,0.005479678,0.0,0.0,0.074224734,0.0,0.0,0.0,0.0,0.172858944,0.129768747,0.0,0.0,0.004782265,0.004649424,0.004317322,0.0,0.0,0.0,0.0,0.0,0.0,0.0,0.0,0.0,0.0,0.0,0.024907629,0.0,0.002802108,0.001195566,0.0,0.0,0.0,0.0,0.0,0.0,0.001494458,0.0,0.008966746,0.0,0.0,0.0,0.0,0.0,0.0,0.0,0.0,0.0,0.0,0.0,0.0,0.0,0.0,0.0,0.0,0.0,0.0,0.0,0.0,0.0,0.0,0.0,0.0,0.0,0.0,0.0,0.0,0.0,0.0,0.0,0.0,0.0,0.0,0.0,0.0,0.0,0.0,0.0,0.0,0.006849598,0.0,0.0,0.0,0.0,0.0,0.0,0.0,0.0,0.0,0.0,0.0,0.0,0.0,0.00136992,0.0,0.0,0.0,0.0,0.0,0.0,0.0,0.0,0.004981526,0.0,0.0,0.0,0.0,0.001423293,0.0,0.033127146,0.0,0.0,0.00199261,0.002988915,0.0,0.0,0.006376353,0.0,0.0,0.0,0.0,0.0,0.0,0.0,0.053302326,0.0,0.0,0.0,0.002739839,0.0,0.0,0.0,0.0,0.0,0.0,0.0,0.0,0.0,0.0,0.0,0.0,0.0,0.0,0.0,0.007285481,0.0,0.0,0.0,0.0,0.0,0.0,0.003487068,0.0,0.0,0.0,0.0,0.0,0.0,0.0,0.0,0.006475984,0.0,0.0,0.0,0.0,0.0,0.0,0.0,0.0,0.0,0.0,0.0,0.0,0.0,0.0,0.0,0.0,0.0,0.0,0.0,0.0,0.0,0.0,0.0,0.0,0.0,0.010461204,0.0,0.0,0.0,0.0,0.0,0.0,0.0,0.0,0.0,0.0,0.0,0.0,0.0,0.0,0.0,0.0,0.0,0.0,0.0,0.0,0.0,0.0,0.0,0.0,0.0,0.0,0.0,0.0,0.0,0.0,0.0,0.0,0.0,0.0,0.0,0.0,0.0,0.0,0.0,0.0,0.0,0.023911324,0.0,0.0,0.0,0.004981526,0.204242557,0.0
ERR1513951,0.0,0.0,0.0,0.0,0.0,0.0,0.0,0.0,0.0,0.0,0.0,0.0,0.0,0.0,0.0,0.0,0.0,0.0,0.0,0.040340986,0.0,0.0,0.0,0.0,0.0,0.0,0.0,0.0,0.0,0.0,0.0,0.0,0.0,0.0,0.0,0.0,0.0,0.0,0.101812964,0.0,0.0,0.041493585,0.0,0.0,0.0,0.0,0.0,0.095281566,0.0,0.0,0.047948143,0.05532478,0.0,0.0,0.000512266,0.0,0.0,0.0,0.0,0.0,0.0,0.0,0.059935179,0.0,0.0,0.0,0.002977549,0.00122944,0.0,0.0,0.0,0.0,0.0,0.0,0.0,0.0,0.0,0.0,0.0,0.0,0.0,0.0,0.0,0.0,0.0,0.0,0.0,0.0,0.0,0.0,0.0,0.0,0.0,0.0,0.0,0.0,0.0,0.0,0.0,0.0,0.0,0.0,0.0,0.0,0.0,0.0,0.0,0.0,0.0,0.0,0.0,0.0,0.0,0.0,0.0,0.0,0.0,0.0,0.0,0.0,0.0,0.0,0.0,0.0,0.0,0.0,0.0,0.0,0.0,0.007299797,0.0,0.002561332,0.0,0.0,0.0,0.0,0.0,0.000512266,0.0,0.0,0.016904794,0.0,0.0,0.0,0.0,0.001536799,0.0,0.0,0.0,0.0,0.0,0.0,0.0,0.0,0.00092208,0.0,0.0,0.0,0.0,0.0,0.0,0.0,0.101428764,0.066850776,0.0,0.0,0.0,0.0,0.0,0.0,0.001536799,0.0,0.0,0.0,0.0,0.0,0.0,0.0,0.0,0.0,0.0,0.0,0.007876097,0.013831195,0.002270272,0.0,0.0,0.0,0.0,0.021002926,0.0,0.0,0.0,0.0,0.0,0.0,0.0,0.0,0.008452397,0.0,0.0,0.0,0.0,0.0,0.0,0.0,0.0,0.0,0.0,0.0,0.0,0.0,0.0,0.0,0.0,0.0,0.0,0.0,0.0,0.0,0.0,0.0,0.0,0.0,0.016904794,0.0,0.0,0.0,0.0,0.0,0.0,0.0,0.0,0.0,0.0,0.0,0.0,0.0,0.0,0.0,0.0,0.0,0.0,0.0,0.0,0.0,0.0,0.0,0.0,0.0,0.0,0.0,0.0,0.0,0.0,0.0,0.0,0.0,0.0,0.0,0.0,0.0,0.0,0.0,0.0,0.0,0.0,0.0,0.0,0.0,0.0,0.053787981,0.0
ERR1513955,0.001519371,0.00506457,0.0,0.0,0.0,0.0,0.001434962,0.0,0.0,0.0,0.0,0.0,0.0,0.0,0.0,0.0,0.0,0.001519371,0.0,0.017979224,0.0,0.0,0.0,0.0,0.0,0.0,0.0,0.0,0.0,0.0,0.0,0.0,0.0,0.0,0.0,0.0,0.0,0.0,0.000337638,0.0,0.0,0.043555303,0.0,0.021017966,0.0,0.0,0.0,0.038237504,0.0,0.0,0.0094201,0.081370759,0.004726932,0.0,0.026842221,0.043656594,0.0,0.0,0.0,0.0,0.0,0.0,0.0,0.0,0.0,0.0,0.001076221,0.016105333,0.0,0.008103312,0.013167882,0.0,0.0,0.0,0.0,0.01519371,0.0,0.0,0.0,0.0,0.0,0.0,0.0,0.0,0.0,0.0,0.0,0.0,0.0,0.0,0.0,0.0,0.0,0.0,0.0,0.0,0.0,0.0,0.0,0.0,0.0,0.0,0.0,0.0,0.0,0.0,0.0,0.0,0.011142054,0.0,0.0,0.004558113,0.0,0.0,0.0,0.0,0.0,0.002912128,0.0,0.0,0.0,0.0,0.0,0.0,0.0,0.0,0.002279057,0.0,0.001519371,0.0,0.0,0.000126614,0.0,0.0,0.0,0.0,0.0,0.0,0.0,0.0,0.0,0.0,0.002532285,0.0,0.0,0.014687253,0.0,0.0,0.0,0.0,0.0,0.0,0.0,0.0,0.005672318,0.0,0.0,0.0,0.0,0.0,0.0,0.0,0.006583941,0.0,0.0,0.0,0.0,0.0,0.0,0.0,0.0,0.0,0.0,0.0,0.0,0.0,0.000759686,0.0,0.0,0.0,0.00337638,0.0,0.0,0.001350552,0.001565413,0.0,0.0,0.028234978,0.0,0.011142054,0.0,0.0,0.0,0.0,0.013231189,0.0,0.0,0.0,0.003038742,0.0,0.0,0.0,0.0,0.0,0.0,0.0,0.001266143,0.000281365,0.0,0.0,0.000450184,0.0,0.0,0.0,0.001012914,0.0,0.004558113,0.0,0.0,0.0,0.0,0.0,0.0,0.0,0.0,0.002025828,0.0,0.0,0.0,0.0,0.0,0.0,0.002532285,0.0,0.0,0.0,0.0,0.0,0.0,0.0,0.0,0.0,0.0,0.0,0.0,0.0,0.007765674,0.0,0.0,0.0,0.0,0.032919705,0.0,0.0,0.0,0.0,0.0,0.0,0.0,0.003545199,0.0,0.0,0.0,0.0,0.0,0.0,0.0,0.0,0.0,0.0,0.0,0.263104415,0.0
ERR1513960,0.0,0.0,0.0,0.0,0.0,0.0,0.0,0.0,0.0,0.0,0.0,0.0,0.0,0.0,0.0,0.0,0.0,0.0,0.0,0.00282919,0.0,0.0,0.0,0.0,0.0,0.0,0.000943063,0.0,0.0,0.0,0.0,0.0,0.0,0.0,0.0,0.0,0.0,0.0,0.016208901,0.0,0.0,0.027584602,0.0,0.0,0.0,0.0,0.0,0.60403205,0.0,0.0,0.013580112,0.028291899,0.002357658,0.0,0.0,0.0,0.0,0.0,0.0,0.032535684,0.0,0.0,0.0,0.0,0.0,0.0,0.004332197,0.002263352,0.0,0.073323172,0.0,0.0,0.0,0.0,0.0,0.0,0.0,0.0,0.0,0.0,0.0,0.0,0.0,0.0,0.0,0.0,0.0,0.0,0.0,0.0,0.0,0.0,0.0,0.0,0.0,0.0,0.0,0.0,0.0,0.0,0.0,0.0,0.0,0.0,0.0,0.0,0.0,0.0,0.0,0.0,0.0,0.0,0.0,0.0,0.0,0.0,0.0,0.004774258,0.0,0.0,0.0,0.0,0.0,0.0,0.0,0.0,0.0,0.0,0.0,0.0,0.0,0.008841219,0.0,0.0,0.0,0.0,0.0,0.0,0.0,0.0,0.01980433,0.0,0.0,0.001768244,0.0,0.0,0.0,0.0,0.003112109,0.0,0.004951082,0.0,0.0,0.0,0.004526704,0.0,0.0,0.0,0.0,0.0,0.0,0.007603448,0.034657577,0.024755412,0.0,0.0,0.0,0.0,0.00848757,0.0,0.001591419,0.0,0.0,0.0,0.0,0.0,0.0,0.0,0.0,0.0,0.0,0.0,0.008310745,0.000943063,0.001511045,0.0,0.0,0.012908179,0.0,0.0,0.0,0.0,0.0,0.0,0.0,0.0,0.0,0.0,0.008841219,0.0,0.0,0.0,0.0,0.0,0.0,0.0,0.0,0.0,0.0,0.0,0.0,0.0,0.0,0.0,0.0,0.0,0.0,0.0,0.0,0.0,0.0,0.0,0.0,0.0,0.0,0.0,0.0,0.0,0.0,0.0,0.0,0.0,0.0,0.0,0.0,0.0,0.0,0.0,0.0,0.0,0.0,0.0,0.0,0.002121892,0.0,0.0,0.0,0.0,0.0,0.0,0.0,0.0,0.0,0.0,0.0,0.0,0.0,0.0,0.0,0.0,0.0,0.0,0.0,0.0,0.0,0.0,0.0,0.0,0.0,0.0,0.0,0.0,0.0
ERR1513968,0.0,0.0,0.0,0.0,0.0,0.0,0.0,0.0,0.0,0.0,0.0,0.0,0.0,0.0,0.0,0.0,0.0,0.0,0.0,0.011493437,0.0,0.0,0.0,0.0,0.0,0.0,0.0,0.0,0.0,0.0,0.0,0.0,0.0,0.0,0.0,0.0,0.0,0.0,0.041614167,0.0,0.0,0.0,0.0,0.0,0.053900254,0.0,0.0,0.004359579,0.0,0.0,0.0,0.001849519,0.0,0.0,0.0,0.0,0.0,0.0,0.0,0.321023572,0.0,0.0,0.0,0.0,0.0,0.0,0.0,0.0,0.0,0.0,0.0,0.0,0.0,0.0,0.0,0.0,0.0,0.0,0.0,0.0,0.0,0.0,0.0,0.0,0.0,0.0,0.0,0.0,0.0,0.0,0.0,0.0,0.002377952,0.0,0.0,0.0,0.0,0.0,0.0,0.0,0.0,0.0,0.0,0.0,0.0,0.0,0.0,0.0,0.0,0.0,0.0,0.0,0.0,0.0,0.0,0.0,0.0,0.003765091,0.0,0.0,0.0,0.0,0.0,0.0,0.0,0.0,0.0,0.0,0.0,0.005944881,0.0,0.016909884,0.0,0.001849519,0.0,0.0,0.0,0.001233012,0.0,0.0,0.015853016,0.0,0.0,0.004755905,0.0,0.022873637,0.0,0.0,0.0,0.0,0.0,0.0,0.0,0.0,0.022669813,0.0,0.0,0.0,0.0,0.0,0.0,0.005746718,0.013475064,0.011097111,0.0,0.0,0.0,0.001585302,0.0,0.0,0.0,0.0,0.0,0.0,0.0,0.0,0.009908135,0.0,0.0,0.0,0.0,0.0,0.0,0.0,0.000756621,0.012682413,0.0,0.005449474,0.0,0.001849519,0.0,0.0,0.0,0.0,0.0,0.0,0.0,0.0,0.0,0.0,0.0,0.0,0.0,0.0,0.0,0.0,0.0,0.0,0.0,0.0,0.0,0.0,0.0,0.0,0.0,0.0,0.0,0.0,0.0,0.0,0.0,0.0,0.0,0.0,0.0,0.0,0.0,0.0,0.0,0.0,0.0,0.0,0.0,0.0,0.0,0.0,0.0,0.0,0.0,0.0,0.0,0.0,0.0,0.0,0.0,0.0,0.0,0.0,0.0,0.0,0.0,0.0,0.0,0.0,0.0,0.0,0.0,0.0,0.0,0.0,0.0,0.0,0.0,0.0,0.0,0.0,0.0,0.0,0.0,0.0,0.0,0.329742731,0.0
ERR1513971,0.0,0.0,0.0,0.0,0.0,0.0,0.0,0.0,0.0,0.0,0.0,0.0,0.0,0.0,0.0,0.0,0.0,0.0,0.0,0.00298734,0.0,0.0,0.0,0.0,0.0,0.0,0.002137284,0.0,0.0,0.0,0.0,0.0,0.0,0.0,0.0,0.0,0.0,0.0,0.007067608,0.0,0.0,0.0,0.0,0.0,0.0,0.0,0.0,0.036358109,0.0,0.0,0.01830292,0.029193352,0.071599002,0.0,0.001214366,0.0,0.0,0.0,0.0,0.005100336,0.0,0.0,0.285618815,0.0,0.0,0.0,0.0,0.009676066,0.0,0.0,0.0,0.0,0.0,0.0,0.0,0.0,0.0,0.0,0.0,0.0,0.0,0.0,0.0,0.0,0.0,0.0,0.0,0.0,0.0,0.0,0.0,0.0,0.0,0.0,0.0,0.0,0.0,0.0,0.0,0.0,0.0,0.0,0.0,0.0,0.0,0.000874343,0.0,0.0,0.0,0.0,0.0,0.0,0.0,0.0,0.0,0.0,0.0,0.013443028,0.0,0.0,0.0,0.0,0.0,0.0,0.0,0.0,0.000291448,0.0,0.0,0.0,0.0,0.006047541,0.0,0.004371717,0.0,0.0,0.0,0.000178107,0.0,0.0,0.0,0.0,0.0,0.001020067,0.0,0.009888407,0.0,0.0,0.000233158,0.0,0.0,0.0,0.0,0.0,0.020139041,0.0,0.0,0.0,0.0,0.0,0.0,0.031221342,0.1012781,0.028270434,0.0,0.0,0.027578245,0.001432952,0.072716219,0.001942985,0.00036431,0.0,0.0,0.0,0.0,0.0,0.0,0.0,0.0,0.0,0.000437172,0.0,0.012769055,0.001797261,0.001046562,0.003060202,0.0,0.002495522,0.0,0.004274567,0.0,0.0,0.0,0.0,0.0,0.0,0.0,0.0,0.019381277,0.0,0.0,0.0,0.0,0.0,0.0,0.0,0.0,0.0,0.0,0.0,3.24e-05,0.0,0.0,0.0,0.000582896,0.0,0.0,0.0,0.0,0.003788821,0.0,0.0,0.0,0.0,0.006703299,0.0,0.0,0.0,0.0,0.0,0.0,0.0,0.0,0.0,0.0,0.0,0.0,0.0,0.0,0.0,0.0,0.0,0.0,0.0,0.0,0.0,0.0,0.0,0.0,0.0,0.0,0.0,0.0,0.0,0.0,0.0,0.0,0.0,0.0,0.0,0.0,0.0,0.0,0.0,0.0,0.0,0.0,0.0,0.0,0.0,0.0,0.022951512,0.0
ERR1513972,0.0,0.0,0.0,0.0,0.0,0.0,0.0,0.0,0.0,0.0,0.0,0.0,0.0,0.0,0.0,0.0,0.0,0.0,0.0,0.004026528,0.0,0.0,0.0,0.0,0.0,0.0,0.0,0.0,0.0,0.0,0.0,0.0,0.0,0.0,0.0,0.0,0.0,0.0,0.001588698,0.0,0.0,0.529036479,0.0,0.005587835,0.0,0.0,0.0,0.002958265,0.0,0.0,0.0,0.0,0.0,0.0,0.004930442,0.0,0.0,0.0,0.0,0.0,0.0,0.0,0.0,0.0,0.0,0.0,0.0,9.86e-05,0.0,0.0,0.0,0.0,0.0,0.0,0.0,0.0,0.0,0.0,0.0,0.0,0.0,0.0,0.0,0.0,0.0,0.0,0.0,0.0,0.0,0.0,0.0,0.0,0.000986088,0.0,0.0,0.0,0.0,0.0,0.0,0.0,0.0,0.0,0.0,0.0,0.0,0.0,0.0,0.0,0.00082174,0.0,0.0,0.0,0.0,0.0,0.0,0.0,0.0,0.000451957,0.0,0.0,0.0,0.0,0.0,0.0,0.0,0.0,0.0,0.0,0.00082174,0.0,0.0,0.002862396,0.0,0.0,0.0,0.0,0.0,0.001059132,0.0,0.0,0.0,0.0,0.00082174,0.001232611,0.0,0.004226094,0.018735681,0.000493044,0.000361566,0.0,0.014955676,0.0,0.0,0.0,0.0,0.0,0.0,0.0,0.0,0.0,0.0,0.000328696,0.0,0.0,0.0,0.0,0.0,0.000547827,0.292539588,0.0,0.0,0.0,0.0,0.0,0.0,0.0,0.000164348,0.0,0.0,0.0,0.0,0.0,0.0,0.010463495,0.001456722,0.0,0.0,0.001027176,0.0,0.001150437,0.0,0.0,0.0,0.0,0.0,0.0,0.0,0.0,0.003369136,0.0,0.0,0.0,0.0,0.0,0.0,0.0,0.0,0.0,0.0,0.0,0.00060261,0.0,0.000657392,0.0,0.0,0.0,0.0,0.0,0.0,0.0,0.0,0.0,0.0,0.0,0.0,0.0,0.0,0.0,0.0,0.0,0.0,0.0,0.0,0.0,0.0,0.0,0.0,0.0,0.0,0.0,0.0,0.0,0.0,0.0,0.0,0.0,0.0,0.0,0.0,0.0,0.0,0.0,0.0,0.0,0.0,0.0,0.0,0.0,0.0,0.0,0.0,0.0,0.0,0.0,0.0,0.0,0.0,0.0,0.0,0.0,0.0,0.042237457,0.0
ERR1513973,0.0,0.0,0.0,0.0,0.0,0.0,0.0,0.0,0.0,0.0,0.0,0.0,0.0,0.0,0.005654818,0.0,0.0,0.0,0.0,0.006126053,0.0,0.0,0.0,0.0,0.0,0.0,0.0,0.0,0.0,0.0,0.0,0.0,0.0,0.0,0.0,0.0,0.0,0.0,0.046573712,0.0,0.0,0.037698788,0.0,0.0,0.159277381,0.0,0.0,0.099430555,0.0,0.0,0.011686624,0.0,0.0,0.0,0.0,0.0,0.0,0.0,0.0,0.0,0.0,0.0,0.008482227,0.0,0.0,0.0,0.0,0.0,0.0,0.0,0.0,0.0,0.0,0.0,0.0,0.0,0.0,0.0,0.0,0.0,0.0,0.0,0.0,0.029216561,0.0,0.0,0.0,0.0,0.0,0.0,0.0,0.0,0.0,0.0,0.0,0.0,0.0,0.0,0.0,0.0,0.0,0.0,0.0,0.0,0.0,0.076340047,0.0,0.0,0.086235979,0.0,0.0,0.0,0.0,0.0,0.0,0.0,0.0,0.0,0.0,0.0,0.0,0.0,0.0,0.0,0.0,0.0,0.0,0.0,0.0,0.0,0.0,0.038170023,0.0,0.006283131,0.0,0.0,0.0,0.002303815,0.002827409,0.0,0.044296076,0.0,0.0,0.0,0.0,0.035544572,0.0,0.0,0.013194576,0.0,0.0,0.0,0.0,0.0,0.0,0.0,0.0,0.0,0.0,0.0,0.0,0.0,0.090477092,0.0,0.0,0.0,0.0,0.038641258,0.119693653,0.0,0.0,0.0,0.0,0.0,0.0,0.0,0.0,0.0,0.0,0.0,0.0,0.0,0.002002748,0.0,0.005440621,0.0,0.0,0.000706852,0.0,0.0,0.0,0.0,0.0,0.0,0.0,0.0,0.0,0.0,0.022619273,0.0,0.0,0.0,0.0,0.001413705,0.0,0.0,0.0,0.0,0.0,0.0,0.0,0.0,0.0,0.0,0.002827409,0.0,0.0,0.0,0.0,0.0,0.0,0.0,0.0,0.0,0.0,0.0,0.0,0.000628313,0.0,0.0,0.0,0.0,0.0,0.0,0.0,0.0,0.0,0.0,0.0,0.0,0.0,0.0,0.0,0.0,0.0,0.0,0.0,0.0,0.0,0.0,0.0,0.0,0.0,0.0,0.0,0.0,0.0,0.0,0.0,0.0,0.0,0.0,0.0,0.0,0.0,0.0,0.0,0.0,0.0,0.0,0.0,0.0,0.0
ERR1513974,0.0,0.0,0.0,0.0,0.0,0.0,0.0,0.0,0.0,0.0,0.0,0.0,0.0,0.0,0.0,0.0,0.0,0.0,0.0,0.001565122,0.0,0.0,0.0,0.0,0.0,0.0,0.0,0.0,0.0,0.0,0.0,0.0,0.0,0.0,0.0,0.0,0.0,0.0,0.005967027,0.0,0.0,0.0,0.0,0.061039747,0.0,0.0,0.0,0.170793909,0.0,0.0,0.004930133,0.018129327,0.004695365,0.0,0.001630335,0.0,0.0,0.0,0.0,0.010173291,0.0,0.0,0.0,0.0,0.0,0.0,0.001173841,0.002504195,0.0,0.0,0.0,0.0,0.0,0.0,0.0,0.0,0.0,0.0,0.0,0.0,0.0,0.0,0.0,0.0,0.0,0.0,0.0,0.0,0.0,0.0,0.0,0.0,0.0,0.0,0.0,0.0,0.0,0.0,0.0,0.0,0.0,0.0,0.0,0.0,0.0,0.0,0.0,0.0,0.0,0.0,0.0,0.0,0.0,0.0,0.0,0.0,0.0,0.0,0.0,0.0,0.0,0.0,0.0,0.0,0.0,0.0,0.0,0.0,0.0,0.003130243,0.0,0.004727972,0.0,0.0,0.0,0.0,0.0,0.0,0.0,0.0,0.002347683,0.0,0.0,0.0,0.0,0.00100615,0.0,0.0,0.001095585,0.0,0.017216339,0.0,0.0,0.0,0.002347683,0.0,0.0,0.0,0.0,0.0,0.0,0.0,0.060648467,0.03638908,0.0,0.0,0.0,0.0,0.004695365,0.0,0.000489101,0.0,0.0,0.0,0.0,0.0,0.0,0.0,0.0,0.0,0.0,0.0,0.021471514,0.000782561,0.000177855,0.0,0.0,0.0,0.0,0.002999817,0.0,0.0,0.0,0.0,0.0,0.0,0.0,0.0,0.012912254,0.0,0.0,0.0,0.0,0.0,0.0,0.0,0.0,0.0,0.0,0.0,0.0,0.0,0.0,0.0,0.0,0.0,0.0,0.0,0.0,0.0,0.0,0.0,0.0,0.0,0.0,0.0,0.0,0.0,0.0,0.0,0.0,0.0,0.0,0.0,0.0,0.0,0.0,0.0,0.0,0.0,0.0,0.0,0.0,0.0,0.0,0.0,0.0,0.0,0.0,0.0,0.0,0.0,0.0,0.0,0.0,0.0,0.0,0.0,0.0,0.0,0.0,0.0,0.0,0.0,0.0,0.0,0.06338743,0.0,0.0,0.0,0.0,0.012912254,0.0
ERR1513975,0.0,0.0,0.000615653,0.0,0.0,0.0,0.0,0.0,0.0,0.0,0.0,0.0,0.0,0.0,0.0,0.0,0.0,0.0,0.0,0.002462611,0.0,0.0,0.0,0.0,0.0,0.0,0.000205218,0.0,0.000307826,0.0,0.0,0.0,0.0,0.0,0.0,0.0,0.0,0.0,0.071672251,0.0,0.0,0.119128823,0.0,0.0,0.029859162,0.0,0.0,0.270425506,0.0,0.0,0.028874118,0.076751386,0.0,0.0,0.0,0.0,0.0,0.0,0.0,0.044019177,0.0,0.0,0.011697404,0.0,0.0,0.0,0.0,0.0,0.0,0.0,0.0,0.0,0.0,0.0,0.0,0.0,0.0,0.0,0.0,0.0,0.0,0.0,0.0,0.0,0.0,0.0,0.0,0.0,0.0,0.0,0.0,0.0,0.0,0.0,0.0,0.0,0.0,0.0,0.0,0.0,0.0,0.0,0.0,0.0,0.0,0.0,0.0,0.0,0.002000872,0.0,0.0,0.0,0.0,0.0,0.0,0.0,0.0,0.000153913,0.0,0.0,0.0,0.0,0.0,0.0,0.0,0.0,0.0,0.0,0.0,0.0,0.0,0.001487828,0.0,0.0,0.0,0.0,0.0,0.0,0.0,0.0,0.004617396,0.0,0.0,0.0,0.0,0.001627082,0.001846958,0.0,0.000677218,0.0,0.005233049,0.0,0.0,0.0,0.001231306,0.0,0.0,0.0,0.0,0.0,0.0,0.02016263,0.008926966,0.092347925,0.0,0.0,0.001462175,0.0,0.009542619,0.0,0.0,0.0,0.0,0.0,0.0,0.0,0.0,0.0,0.0,0.0,0.0,0.0,0.002000872,0.001128697,0.000377787,0.0,0.0,0.0,0.0,0.005438267,0.0,0.0,0.0,0.0,0.0,0.0,0.0,0.0,0.00769566,0.0,0.0,0.0,0.0,0.002154785,0.0,0.0,0.0,0.0,0.0,0.0,6.84e-05,0.0,0.0,0.0,0.0,0.0,0.0,0.0,0.0,0.0,0.0,0.0,0.0,0.0,0.0,0.0,0.0,0.0,0.0,0.0,0.0,0.0,0.0,0.0,0.0,0.0,0.0,0.0,0.0,0.0,0.0,0.0,0.0,0.0,0.0,0.0,0.0,0.0,0.0,0.0,0.0,0.0,0.0,0.0,0.0,0.023086981,0.0,0.0,0.0,0.0,0.0,0.0,0.0,0.0,0.0,0.0,0.0,0.000923479,0.0,0.0,0.0,0.0,0.0
ERR1513977,0.0,0.000784691,0.0,0.0,0.0,0.0,0.0,0.0,0.0,0.0,0.0,0.0,0.0,0.0,0.0,0.0,0.0,0.0,0.0,0.008239255,0.0,0.0,0.0,0.0,0.0,0.0,0.0,0.0,0.0,0.0,0.0,0.0,0.0,0.0,0.0,0.0,0.0,0.0,0.017328593,0.0,0.0,0.072976262,0.0,0.0,0.015301474,0.0,0.0,0.101617483,0.0,0.0,0.013418216,0.055059151,0.0,0.0,0.000326955,0.006199059,0.0,0.0,0.0,0.010593328,0.0,0.0,0.013339747,0.0,0.0,0.0,0.001667468,0.003295702,0.0,0.039496113,0.0,0.0,0.0,0.0,0.0,0.0,0.0,0.0,0.0,0.0,0.0,0.0,0.0,0.0,0.0,0.0,0.0,0.0,0.0,0.0,0.0,0.0,0.0,0.0,0.0,0.0,0.0,0.0,0.0,0.0,0.0,0.0,0.0,0.0,0.0,0.0,0.0,0.0,0.0,0.0,0.0,0.0,0.0,0.0,0.0,0.0,0.0,0.0,0.0,0.0,0.0,0.0,0.0,0.0,0.0,0.0,0.000490432,0.0,0.0,0.006081355,0.0,0.003138764,0.0,0.0,0.0,0.132220431,0.0,0.0,0.000784691,0.0,0.007062219,0.0,0.000915473,0.0,0.0,0.005156541,0.002746418,0.0,0.001647851,0.0,0.010985674,0.0,0.0,0.0,0.009102415,0.0,0.0,0.0,0.0,0.0,0.0,0.0,0.067091079,0.010985674,0.0,0.0,0.002942591,0.0,0.0,0.0,0.0,0.0,0.0,0.0,0.0,0.0,0.0,0.0,0.0,0.0,0.0,0.0,0.007601694,0.023409948,0.001212704,0.0,0.0,0.001373209,0.0,0.018178675,0.0,0.0,0.0,0.0,0.0,0.0,0.0,0.0,0.026679494,0.0,0.0,0.0,0.0,0.0,0.0,0.0,0.0,0.0,0.0,0.0,0.0,0.0,0.0,0.0,0.0,0.0,0.0,0.0,0.0,0.0,0.0,0.0,0.000490432,0.0,0.0,0.0,0.0,0.0,0.001569382,0.0,0.0,0.0,0.0,0.0,0.0,0.0,0.0,0.0,0.0,0.0,0.0,0.0,0.0,0.000653909,0.0,0.0,0.0,0.0,0.0,0.0,0.0,0.0,0.0,0.0,0.0,0.0,0.0,0.0,0.0,0.0,0.0,0.0,0.0,0.0,0.0,0.0,0.0,0.003138764,0.0,0.0,0.0,0.033153194,0.0
ERR1513980,0.0,0.0,0.0,0.0,0.0,0.0,0.0,0.0,0.0,0.0,0.0,0.0,0.0,0.0,0.0,0.0,0.0,0.0,0.0,0.0,0.0,0.0,0.004534802,0.0,0.0,0.0,0.000697662,0.0,0.0,0.0,0.0,0.0,0.0,0.0,0.0,0.0,0.0,0.0,0.008778911,0.0,0.0,0.0,0.0,0.32842428,0.0,0.0,0.0,0.071684747,0.0,0.0,0.003906906,0.004418525,0.0,0.0,0.0,0.0,0.0,0.0,0.0,0.027208809,0.0,0.0,0.0,0.0,0.0,0.0,0.0,0.002930179,0.0,0.0,0.0,0.0,0.0,0.0,0.0,0.0,0.0,0.0,0.0,0.0,0.0,0.0,0.0,0.0,0.0,0.0,0.0,0.0,0.0,0.0,0.0,0.0,0.0,0.0,0.0,0.0,0.0,0.0,0.0,0.0,0.0,0.0,0.0,0.0,0.0,0.0,0.0,0.0,0.001046493,0.0,0.0,0.0,0.0,0.0,0.0,0.0,0.0,0.001656947,0.0,0.0,0.0,0.0,0.0,0.0,0.0,0.0,0.0,0.0,0.0,0.0,0.0,0.010552134,0.0,0.000581385,0.0,0.0,0.0,0.000348831,0.0,0.0,0.010813757,0.0,0.0,0.0,0.0,0.006528121,0.0,0.0,0.001186025,0.0,0.018836868,0.0,0.0,0.0,0.000976726,0.0,0.0,0.0,0.0,0.0,0.0,0.006366164,0.11023056,0.0,0.0,0.0,0.00497084,0.002034847,0.079533442,0.0,0.0,0.0,0.0,0.0,0.0,0.0,0.00575571,0.0,0.0,0.0,0.0,0.0,0.000697662,0.0,0.003393173,0.008371941,0.0,0.000305227,0.0,0.070231285,0.010639342,0.0,0.0,0.0,0.002441816,0.0,0.0,0.0,0.0,0.0,0.0,0.0,0.0,0.0,0.0,0.0,0.0,0.0,0.0,0.0,0.0,0.0,0.0,0.0,0.0,0.0,0.0,0.006278956,0.0,0.0,0.0,0.0,0.0,0.0,0.0,0.0,0.0,0.0,0.0,0.0,0.0,0.0,0.0,0.0,0.0,0.0,0.0,0.0,0.0,0.0,0.0,0.0,0.0,0.0,0.0,0.0,0.0,0.0,0.0,0.0,0.0,0.0,0.0,0.0,0.0,0.0,0.0,0.0,0.0,0.0,0.0,0.0,0.0,0.0,0.0,0.0,0.0,0.0,0.0,0.0,0.0,0.137439369,0.0
ERR1513983,0.0,0.0,0.0,0.0,0.0,0.0,0.0,0.0,0.0,0.001277064,0.0,0.0,0.0,0.0,0.0,0.0,0.0,0.0,0.0,0.001915595,0.0,0.0,0.0,0.0,0.0,0.0,0.0,0.0,0.0,0.0,0.0,0.0,0.0,0.0,0.0,0.0,0.0,0.0,0.000478899,0.0,0.0,0.015324763,0.0,0.003511925,0.0,0.0,0.0,0.024583473,0.0,0.0,0.0,0.005108254,0.0,0.0,0.0,0.13766745,0.0,0.0,0.0,0.0,0.0,0.0,0.0,0.0,0.0,0.0,0.000478899,0.00421431,0.0,0.100675176,0.0,0.0,0.0,0.0,0.0,0.0,0.0,0.0,0.0,0.0,0.0,0.0,0.0,0.0,0.0,0.0,0.0,0.0,0.0,0.0,0.0,0.0,0.0,0.0,0.0,0.0,0.0,0.0,0.0,0.0,0.0,0.0,0.0,0.0,0.0,0.001277064,0.0,0.0,0.0,0.0,0.0,0.0,0.0,0.0,0.0,0.0,0.0,0.011653205,0.0,0.0,0.0,0.0,0.0,0.0,0.0,0.0,0.0,0.0,0.0,0.0,0.0,0.003033026,0.0,0.0,0.0,0.0,0.0,0.0,0.0,0.0,0.005746786,0.0,0.0,0.0,0.0,0.009486758,0.002554127,0.0,0.0,0.0,0.012770635,0.0,0.0,0.0,0.000383119,0.0,0.0,0.0,0.0,0.0,0.0,0.0,0.022987144,0.020433017,0.0,0.0,0.0,0.0,0.0,0.0,0.000319266,0.0,0.0,0.0,0.0,0.0,0.0,0.0,0.0,0.0,0.0,0.014047699,0.016761459,0.002554127,0.000841701,0.0,0.0,0.0,0.0,0.00489541,0.0,0.0,0.0,0.0,0.000239449,0.0,0.0,0.0,0.0,0.0,0.0,0.0,0.0,0.0,0.0,0.0,0.0,0.0,0.0,0.0,0.0,0.0,0.0,0.0,0.0,0.0,0.0,0.0,0.0,0.0,0.0,0.0,0.0,0.0,0.0,0.002979815,0.0,0.0,0.003192659,0.0,0.0,0.0,0.0,0.0,0.0,0.0,0.0,0.0,0.0,0.0,0.0,0.0,0.0,0.001915595,0.0,0.0,0.0,0.0,0.0,0.0,0.0,0.000957798,0.0,0.0,0.0,0.0,0.0,0.0,0.0,0.01787889,0.0,0.0,0.0,0.0,0.0,0.0,0.006172474,0.0,0.0,0.0,0.0,0.000957798,0.0
ERR1513988,0.0,0.0,0.002396009,0.0,0.0,0.0,0.0,0.0,0.0,0.0,0.0,0.0,0.0,0.0,0.0,0.0,0.0,0.0,0.0,0.017011663,0.0,0.0,0.0,0.0,0.0,0.0,0.001597339,0.0,0.0,0.0,0.0,0.0,0.0,0.0,0.0,0.0,0.0,0.0,0.069883591,0.0,0.0,0.014855255,0.0,0.0,0.034981729,0.0,0.0,0.029470909,0.0,0.0,0.0,0.023321153,0.004792018,0.0,0.004951752,0.0,0.0,0.0,0.0,0.045044966,0.0,0.0,0.049836984,0.0,0.0,0.0,0.0,0.000766723,0.0,0.0,0.0,0.0,0.0,0.0,0.0,0.0,0.0,0.0,0.0,0.0,0.0,0.0,0.0,0.0,0.0,0.0,0.0,0.0,0.0,0.0,0.0,0.0,0.0,0.0,0.0,0.0,0.0,0.0,0.0,0.0,0.0,0.0,0.0,0.0,0.0,0.0,0.0,0.0,0.0,0.0,0.0,0.0,0.0,0.0,0.0,0.0,0.0,0.034023325,0.0,0.0,0.0,0.0,0.0,0.0,0.0,0.0,0.0,0.000958404,0.0,0.010302838,0.0,0.013257916,0.0,0.0,0.0,0.0,0.0,0.000851914,0.0,0.0,0.027314501,0.0,0.0,0.0,0.0,0.002669838,0.013896851,0.0,0.001150084,0.0,0.002396009,0.0,0.0,0.0,0.010446599,0.0,0.0,0.0,0.0,0.0,0.0,0.014495853,0.147594144,0.0,0.0,0.0,0.00539102,0.000559069,0.0,0.0,0.001317805,0.0,0.0,0.0,0.0,0.0,0.0,0.0,0.0,0.0,0.0,0.025397694,0.025697195,0.020605676,0.002875211,0.0,0.0,0.05702501,0.0,0.008625632,0.0,0.0,0.0,0.0,0.0,0.0,0.0,0.0,0.007188027,0.0,0.0,0.0,0.0,0.0,0.0,0.0,0.005271219,0.000745425,0.0,0.0,0.005377709,0.0,0.002515809,0.0,0.0,0.0,0.0,0.014855255,0.0,0.0,0.0,0.0,0.000239601,0.0,0.0,0.014855255,0.0,0.000638936,0.0,0.0,0.0,0.0,0.0,0.0,0.0,0.0,0.0,0.0,0.0,0.0,0.0,0.0,0.0,0.0,0.0,0.0,0.0,0.0,0.0,0.0,0.0,0.01078204,0.000958404,0.0,0.0,0.0,0.0,0.0,0.0,0.0,0.0,0.0,0.0,0.0,0.0,0.0,0.0,0.0,0.0,0.0,0.0,0.056785409,0.0
ERR1513994,9.44e-05,0.000283201,0.000566401,0.0,0.0,0.0,0.000456268,0.0,0.0,0.0,0.0,0.0,0.0,0.0,0.0,0.0,0.0,0.0,0.0,0.352443053,0.0,0.0,0.03804327,0.0,0.0,0.0,0.0,0.0,0.0,0.0,0.0,0.0,0.000377601,0.0,0.0,0.0,0.0,0.0,0.000306801,0.0,0.0,0.0,0.0,0.0,0.057017706,0.0,0.0,0.0,0.0,0.0,9.44e-05,0.000440534,0.0,0.0,0.0,0.0,0.0,0.0,0.0,0.0,0.0,0.0,0.0,0.0,0.0,0.0,0.0,0.0,0.0,0.0,0.0,0.0,0.0,0.0,0.0,0.0,0.0,0.0,0.0,0.0,0.0,0.0,0.0,0.0,0.0,0.0,0.0,0.0,0.0,0.0,0.000251734,0.0,0.0,0.0,0.0,0.0,0.0,0.0,0.0,0.0,0.0,0.0,0.0,0.0,0.0,0.0,0.0,0.0,0.006041611,0.0,0.0,0.0,0.0,0.0,0.0,0.0,0.0,0.0001888,0.0,0.0,0.0,0.0,0.0,0.0,0.0,0.0,0.0,0.0,0.0,0.0,0.0,0.016480697,0.0,0.0,0.0,0.0,0.0,0.000702757,0.000566401,0.0,0.164917105,0.0,0.0,0.0,0.0,0.00674287,0.0,0.0,0.001000642,0.0,0.036060867,0.0,0.0,0.0,0.003719367,0.0,0.0,0.0,0.0,0.0,0.0,0.0,0.108843402,0.0,0.0,0.0,0.024709246,0.0,0.0,0.0,0.0,0.0,0.0,0.0,0.0,0.0,0.0,0.0,0.0,0.0,0.0,0.0,0.001333402,0.037099269,0.0,0.0,0.0,0.000354001,0.0,0.0,0.0,0.0,0.0,0.0,0.0001534,0.0,0.0,0.0,0.0,0.0,0.0,0.0,0.0,0.0,0.0,0.0,0.000472001,0.0,0.0,0.0,0.001216713,0.0,0.0,0.0,0.0,0.0,0.0,0.0,0.0,0.0,0.0,0.0,0.0,0.0,0.0,0.0,0.0,0.0,0.0,0.0,0.0,0.0,0.0,0.0,0.0,0.0,0.0,0.0,0.0,0.0,0.0,0.0,0.0,0.0,0.0,0.0,0.0,0.0,0.0,0.0,0.0,0.0,0.0,0.0,0.0,0.0,0.0,0.0,0.0,0.0,0.0,0.0,0.0,0.0,0.0,0.0,0.0,0.0,0.0,0.0,0.0,0.0,0.0
ERR1513997,0.0,0.0,0.0,0.0,0.0,0.0,0.0,0.0,0.0,0.0,0.0,0.0,0.0,0.0,0.0,0.0,0.0,0.0,0.0,0.003242298,0.0,0.0,0.0,0.0,0.0,0.0,0.0,0.0,0.0,0.0,0.0,0.0,0.0,0.0,0.0,0.0,0.0,0.0,0.008232894,0.0,0.0,0.0,0.0,0.042722043,0.0,0.0,0.0,0.103753534,0.0,0.0,0.016631081,0.0,0.003941617,0.0,0.0,0.0,0.0,0.0,0.0,0.0,0.0,0.0,0.014113532,0.0,0.0,0.0,0.0,0.008162962,0.0,0.0,0.0,0.0,0.0,0.0,0.0,0.0,0.0,0.0,0.0,0.0,0.0,0.0,0.0,0.0,0.0,0.0,0.0,0.0,0.0,0.0,0.0,0.0,0.0,0.0,0.0,0.0,0.0,0.0,0.0,0.0,0.00057217,0.0,0.0,0.0,0.0,0.0,0.0,0.0,0.00114434,0.0,0.0,0.0,0.0,0.0,0.0,0.0,0.0,0.000953617,0.0,0.0,0.0,0.0,0.0,0.0,0.0,0.0,0.0,0.0,0.0,0.010299064,0.0,0.008932213,0.0,0.001017192,0.0,0.0,0.0,0.009917617,0.0,0.0,0.0,0.0,0.0,0.0,0.0,0.000871878,0.002670128,0.0,0.005492834,0.0,0.0,0.0,0.0,0.0,0.004653651,0.0,0.0,0.0,0.0,0.0,0.0,0.019358426,0.0,0.557675243,0.0,0.0,0.002956213,0.0,0.005340255,0.0,0.001430426,0.0,0.0,0.0,0.0,0.0,0.0,0.0,0.0,0.0,0.0,0.0,0.0,0.0,0.000624186,0.0,0.0,0.000715213,0.0,0.02759132,0.0,0.0,0.0,0.0,0.0,0.0,0.0,0.0,0.039861192,0.0,0.0,0.0,0.0,0.0,0.0,0.0,0.0,0.0,0.0,0.0,0.0,0.0,0.0,0.0,0.0,0.0,0.0,0.0,0.0,0.0,0.0,0.0,0.0,0.0,0.0,0.0,0.0,0.0,0.003051575,0.0,0.0,0.0,0.0,0.0,0.0,0.0,0.0,0.0,0.0,0.0,0.0,0.0,0.0,0.0,0.0,0.0,0.0,0.0,0.0,0.0,0.0,0.0,0.0,0.0,0.0,0.0,0.0,0.0,0.0,0.005721702,0.0,0.0,0.0,0.0,0.0,0.0,0.0,0.0,0.0,0.0,0.0,0.070567661,0.0
ERR1513999,0.0,0.0,0.0,0.0,0.0,0.0,0.0,0.0,0.0,0.0,0.0,0.0,0.0,0.0,0.000698388,0.0,0.0,0.0,0.0,0.00226976,0.0,0.0,0.0,0.0,0.0,0.0,0.0,0.0,0.0,0.0,0.0,0.0,0.0,0.0,0.0,0.0,0.0,0.0,0.011261501,0.0,0.0,0.0,0.0,0.0,0.0,0.0,0.0,0.058839162,0.0,0.0,0.025560989,0.022581202,0.0,0.0,0.000756587,0.0,0.0,0.0,0.0,0.0,0.0,0.0,0.0,0.0,0.0,0.0,0.0,0.0,0.0,0.0,0.0,0.0,0.0,0.0,0.0,0.0,0.0,0.0,0.0,0.0,0.0,0.0,0.0,0.0,0.0,0.0,0.0,0.0,0.0,0.0,0.000465592,0.0,0.0,0.0,0.0,0.0,0.0,0.0,0.0,0.0,0.0,0.0,0.0,0.0,0.0,0.001396775,0.0,0.0,0.0,0.0,0.0,0.0,0.0,0.0,0.0,0.0,0.0,0.011785292,0.0,0.0,0.0,0.0,0.0,0.0,0.0,0.0,0.0,0.0,0.0,0.002095163,0.0,0.003782933,0.0,0.0,0.0,0.0,0.0,0.000737187,0.0,0.0,0.005587101,0.0,0.0,0.0,0.0,0.009927082,0.002793551,0.0,0.002304679,0.0,0.012570978,0.0,0.0,0.0,0.005377585,0.0,0.0,0.0,0.0,0.0,0.0,0.0,0.06180731,0.04364923,0.0,0.0,0.002095163,0.0,0.065299248,0.003841132,0.0,0.0,0.0,0.0,0.0,0.0,0.001222178,0.0,0.0,0.0,0.00058199,0.0,0.002968148,0.007565867,0.002222143,0.0,0.0,0.000174597,0.0,0.042601649,0.0,0.0,0.0,0.0,0.000130948,0.0,0.0,0.0,0.0,0.0,0.0,0.0,0.0,0.0,0.0,0.0,0.0,0.0,0.0,0.0,0.000193997,0.0,0.000261895,0.0,0.0,0.0,0.0,0.0,0.0,0.003142745,0.0,0.0,0.000174597,0.0,0.0,0.0,0.0,0.0,0.0,0.0,0.0,0.0,0.0,0.0,0.0,0.0,0.0,0.0,0.0,0.0,0.0,0.0,0.0,0.00058199,0.0,0.0,0.0,0.0,0.0,0.0,0.0,0.0,0.0,0.0,0.0,0.0,0.0,0.0,0.0,0.0,0.0,0.0,0.0,0.0,0.0,0.0,0.0,0.0,0.0,0.0,0.0,0.474205236,0.0
ERR1514003,0.0,0.0,0.0,0.0,0.0,0.0,0.0,0.0,0.0,0.0,0.0,0.0,0.0,0.0,0.0,0.0,0.0,0.0,0.0,0.000954246,0.0,0.0,0.0,0.0,0.0,0.0,0.0,0.0,0.0,0.0,0.0,0.0,0.0,0.0,0.0,0.0,0.0,0.0,0.002571164,0.0,0.0,0.0,0.0,0.0,0.0,0.0,0.0,0.038806015,0.0,0.0,0.015204324,0.0,0.0,0.0,0.0,0.0,0.0,0.0,0.0,0.0,0.0,0.0,0.0,0.0,0.0,0.0,0.0,0.0,0.0,0.0,0.0,0.0,0.0,0.0,0.0,0.0,0.0,0.0,0.0,0.0,0.033398619,0.0,0.0,0.0,0.0,0.0,0.0,0.0,0.0,0.0,0.0,0.0,0.0,0.0,0.0,0.0,0.0,0.0,0.0,0.0,0.0,0.0,0.0,0.0,0.0,0.0,0.0,0.0,0.001113287,0.0,0.0,0.0,0.0,0.0,0.0,0.0,0.0,0.000397603,0.0,0.0,0.0,0.0,0.0,0.0,0.0,0.0,0.0,0.0,0.0,0.0,0.0,0.001722945,0.0,0.0,0.0,0.0,0.0,0.0,0.0,0.0,0.010178627,0.0,0.0,0.0,0.0,0.001772172,0.0,0.0,0.0,0.0,0.001908493,0.0,0.0,0.0,0.006234409,0.0,0.0,0.0,0.0,0.0,0.0,0.0,0.535650235,0.015586022,0.0,0.0,0.0,0.0,0.0,0.0,0.0,0.0,0.0,0.0,0.0,0.0,0.000318082,0.0,0.0,0.0,0.0,0.0,0.010496709,0.004983286,0.00125787,0.0,0.0,0.0,0.0,0.003498903,0.0,0.0,0.0,0.0,0.0,0.0,0.0,0.0,0.0,0.0,0.0,0.0,0.0,0.0,0.0,0.0,0.0,0.0,0.0,0.0,0.0,0.0,0.0,0.0,0.0,0.0,0.0,0.0,0.0,0.0,0.0,0.0,0.0,0.0,0.0,0.000318082,0.0,0.0,0.0,0.0,0.0,0.0,0.0,0.0,0.0,0.0,0.0,0.0,0.0,0.0,0.0,0.0,0.0,0.0,0.0,0.0,0.0,0.0,0.0,0.0,0.0,0.0,0.0,0.0,0.0,0.0,0.0,0.0,0.0,0.0,0.0,0.0,0.0,0.0,0.0,0.0,0.064040527,0.027036977,0.0,0.0,0.0,0.0,0.0
ERR1514004,0.0,0.0,0.0,0.0,0.0,0.0,0.0,0.0,0.0,0.0,0.0,0.0,0.0,0.0,0.0,0.0,0.0,0.0,0.0,0.011448192,0.0,0.0,0.0,0.0,0.0,0.0,0.0,0.0,0.0,0.0,0.0,0.0,0.000848014,0.0,0.0,0.0,0.0,0.0,0.008020801,0.0,0.0,0.0,0.0,0.0,0.117873972,0.0,0.0,0.158154646,0.0,0.0,0.070215575,0.0,0.0,0.0,0.0,0.0,0.0,0.0,0.0,0.0,0.0,0.0,0.033072553,0.0,0.0,0.0,0.0,0.007547326,0.0,0.0,0.0,0.0,0.0,0.0,0.0,0.0,0.0,0.0,0.0,0.0,0.0,0.0,0.0,0.0,0.0,0.0,0.0,0.0,0.0,0.0,0.0,0.0,0.0,0.0,0.0,0.0,0.0,0.0,0.0,0.0,0.0,0.0,0.0,0.0,0.0,0.0,0.0,0.0,0.001696028,0.0,0.0,0.0,0.0,0.0,0.0,0.0,0.0,0.0,0.0,0.0,0.0,0.0,0.0,0.0,0.0,0.0,0.000636011,0.0,0.0,0.0,0.0,0.012755547,0.0,0.0,0.0,0.0,0.0,0.000565343,0.0,0.0,0.031376525,0.0,0.0,0.0,0.0,0.005088085,0.0,0.0,0.002628844,0.0,0.018656312,0.0,0.0,0.0,0.008734546,0.0,0.0,0.0,0.0,0.0,0.0,0.0,0.0,0.0,0.0,0.0,0.0,0.0,0.237867979,0.0,0.0,0.0,0.0,0.0,0.0,0.0,0.0,0.0,0.0,0.0,0.0,0.0,0.014628245,0.009752163,0.00113711,0.006784113,0.0,0.002915049,0.0,0.019645662,0.0,0.0,0.0,0.0,0.0,0.0,0.0,0.0,0.086497447,0.0,0.0,0.0,0.0,0.0,0.0,0.0,0.0,0.0,0.0,0.002544043,0.0,0.0,0.0,0.0,0.0,0.0,0.0,0.0,0.0,0.011024184,0.0,0.014416241,0.0,0.0,0.0,0.0,0.0,0.007632128,0.0,0.001696028,0.0,0.0,0.0,0.0,0.0,0.0,0.0,0.0,0.0,0.0,0.0,0.0,0.0,0.0,0.0,0.0,0.007773463,0.0,0.0,0.0,0.0,0.0,0.0,0.0,0.0,0.0,0.0,0.0,0.0,0.0,0.0,0.0,0.0,0.0,0.0,0.0,0.0,0.0,0.0,0.0,0.0,0.0,0.0
ERR1514006,0.0,0.0,0.0,0.0,0.0,0.0,0.0,0.0,0.0,0.0,0.0,0.0,0.0,0.004433395,0.0,0.0,0.0,0.000886679,0.0,0.046550647,0.0,0.0,0.0,0.0,0.0,0.0,0.0,0.0,0.0,0.0,0.0,0.0,0.0,0.0,0.0,0.0,0.0,0.0,0.028004278,0.0,0.0,0.0,0.0,0.0,0.0,0.0,0.0,0.03480215,0.0,0.0,0.021723635,0.027634829,0.0,0.0,0.0,0.127947779,0.0,0.0,0.0,0.0,0.0,0.0,0.0,0.0,0.0,0.0,0.0,0.0,0.0,0.010196808,0.0,0.0,0.0,0.0,0.0,0.0,0.0,0.0,0.0,0.0,0.0,0.0,0.0,0.0,0.0,0.0,0.0,0.0,0.0,0.0,0.0,0.0,0.0,0.000443339,0.0,0.0,0.0,0.0,0.0,0.0,0.0,0.0,0.0,0.0,0.0,0.0,0.0,0.0,0.040565564,0.0,0.0,0.0,0.0,0.0,0.0,0.0,0.0,0.0,0.0,0.0,0.0,0.0,0.0,0.0,0.0,0.0,0.0,0.0,0.0,0.0,0.0,0.004950624,0.0,0.0,0.0,0.0,0.0,0.007733811,0.001108349,0.0,0.01773358,0.0,0.0,0.0,0.0,0.003990055,0.004433395,0.0,0.002571369,0.0,0.052314061,0.0,0.0,0.0,0.001418686,0.0,0.0,0.0,0.0,0.0,0.0,0.001884193,0.156055503,0.02615703,0.0,0.0,0.004433395,0.0,0.0,0.000591119,0.0,0.0,0.0,0.0,0.0,0.0,0.0,0.0,0.0,0.0,0.0,0.0,0.034026306,0.010049029,0.000886679,0.0,0.0,0.0,0.0,0.020836956,0.0,0.0,0.0,0.0,0.002105863,0.0,0.0,0.0,0.0,0.0,0.0,0.0,0.0,0.005985083,0.0,0.0,0.0,0.0,0.0,0.0,0.0,0.0,0.0,0.0,0.0,0.0,0.098864708,0.0,0.0,0.0,0.0,0.0,0.0,0.0,0.0,0.009605689,0.0,0.0,0.0,0.0,0.0,0.0,0.0,0.0,0.0,0.0,0.0,0.0,0.0,0.0,0.0,0.0,0.0,0.0,0.0,0.0,0.0,0.0,0.0,0.0,0.0,0.000886679,0.0,0.0,0.0,0.0,0.0,0.0,0.0,0.003103376,0.0,0.0,0.0,0.0,0.0,0.0,0.0,0.0,0.0,0.0,0.0,0.0,0.0
ERR1514007,0.0,0.0,0.0,0.0,0.0,0.0,0.0,0.0,0.0,0.0,0.0,0.0,0.0,0.0,0.0,0.0,0.0,0.0,0.0,0.091253321,0.0,0.0,0.0,0.0,0.0,0.0,0.0,0.0,0.0,0.0,0.0,0.0,0.0,0.0,0.0,0.0,0.0,0.0,0.006316919,0.0,0.0,0.008690793,0.0,0.013760421,0.0,0.0,0.0,0.106220797,0.0,0.0,0.016995328,0.019795694,0.0,0.0,0.000321881,0.0,0.0,0.0,0.0,0.0,0.0,0.0,0.028969308,0.0,0.0,0.0,0.000965644,0.002607238,0.0,0.0,0.0,0.0,0.0,0.0,0.0,0.0,0.0,0.0,0.0,0.0,0.0,0.0,0.0,0.0,0.0,0.0,0.0,0.0,0.0,0.0,0.0,0.0,0.0,0.0,0.0,0.0,0.0,0.0,0.0,0.0,0.0,0.0,0.0,0.0,0.0,0.0,0.0,0.0,0.002172698,0.0,0.0,0.0,0.0,0.0,0.0,0.0,0.0,0.0,0.0,0.0,0.0,0.0,0.0,0.0,0.0,0.0,0.0,0.0,0.0,0.00265552,0.0,0.003782104,0.0,0.0,0.0,0.0,0.0,0.0,0.0,0.0,0.024623912,0.0,0.0,0.0,0.0,0.00227616,0.007242327,0.0,0.001931287,0.0,0.019312872,0.0,0.0,0.0,0.007242327,0.0,0.0,0.0,0.0,0.0,0.0,0.0,0.520964729,0.004828218,0.0,0.0,0.002293404,0.0,0.0,0.0,0.0,0.0,0.0,0.0,0.0,0.0,0.0,0.0,0.0,0.0,0.0,0.0,0.021123454,0.016415941,0.004345396,0.0,0.0,0.0,0.0,0.014162773,0.0,0.0,0.0,0.0,0.000482822,0.0,0.0,0.0,0.002172698,0.0,0.0,0.0,0.0,0.0,0.0,0.0,0.0,0.0,0.0,0.0,0.0,0.0,0.0,0.0,0.0,0.0,0.0,0.0,0.0,0.0,0.0,0.0,0.0,0.0,0.0,0.0,0.0,0.0,0.0,0.0,0.0,0.0,0.001448465,0.0,0.0,0.0,0.0,0.0,0.0,0.0,0.0,0.0,0.0,0.001448465,0.0,0.0,0.0,0.0,0.0,0.0,0.0,0.0,0.0,0.0,0.0,0.0,0.0,0.0,0.0,0.0,0.0,0.0,0.0,0.0,0.0,0.0,0.0,0.0,0.0,0.0,0.0,0.007242327,0.0
ERR1514009,0.000569603,0.0,0.0,0.0,0.0,0.0,0.0,0.0,0.0,0.0,0.0,0.0,0.0,0.0,0.0,0.0,0.0,0.0,0.0,0.025062544,0.0,0.0,0.0,0.0,0.0,0.0,0.0,0.0,0.0,0.0,0.0,0.0,0.0,0.0,0.0,0.0,0.0,0.0,0.073731979,0.0,0.0,0.0,0.0,0.0,0.0,0.0,0.0,0.078225516,0.0,0.0,0.007442816,0.0,0.0,0.0,0.0,0.0,0.0,0.0,0.0,0.0,0.0,0.0,0.0,0.0,0.0,0.0,0.0,0.0,0.0,0.0,0.0,0.0,0.0,0.0,0.0,0.0,0.0,0.0,0.0,0.0,0.0,0.0,0.0,0.0,0.0,0.0,0.0,0.0,0.0,0.0,0.0,0.0,0.0,0.0,0.0,0.0,0.0,0.0,0.0,0.0,0.0,0.0,0.0,0.0,0.0,0.0,0.0,0.0,0.004936562,0.0,0.0,0.0,0.0,0.0,0.0,0.0,0.0,0.003037884,0.0,0.0,0.0,0.0,0.0,0.0,0.0,0.0,0.0,0.0,0.0,0.001518942,0.0,0.013860346,0.0,0.001518942,0.0,0.0,0.0,0.029197442,0.0,0.0,0.034935667,0.0,0.002278413,0.010252859,0.0,0.0,0.011392065,0.0,0.001974625,0.0,0.0,0.0,0.0,0.0,0.0,0.0,0.0,0.0,0.0,0.0,0.0,0.071390277,0.325813071,0.096452821,0.0,0.0,0.0,0.008227603,0.018986776,0.0,0.0,0.0,0.0,0.0,0.0,0.0,0.0,0.0,0.0,0.0,0.0,0.0,0.041201303,0.057466641,0.00341762,0.0,0.0,0.001803744,0.0,0.0,0.0,0.0,0.0,0.0,0.0,0.0,0.0,0.0,0.0,0.0,0.0,0.0,0.0,0.0,0.0,0.0,0.0,0.0,0.0,0.0,0.0,0.0,0.0,0.0,0.0,0.0,0.0,0.0,0.0,0.02202466,0.017214677,0.0,0.0,0.0,0.0,0.0,0.0,0.000506314,0.0,0.0,0.0,0.0,0.0,0.0,0.0,0.0,0.0,0.0,0.0,0.0,0.0,0.0,0.0,0.0,0.0,0.0,0.0,0.0,0.0,0.0,0.0,0.0,0.0,0.0,0.0,0.0,0.0,0.0,0.0,0.0,0.0,0.0,0.0,0.0,0.0,0.0,0.0,0.0,0.0,0.0,0.0,0.0,0.0
