microbe,status
Unassigned,kept
d__Bacteria;p__Actinobacteriota;c__Actinobacteria;o__Actinomycetales;f__Actinomycetaceae;g__Actinomyces,kept
d__Bacteria;p__Actinobacteriota;c__Actinobacteria;o__Actinomycetales;f__Actinomycetaceae;g__Varibaculum,kept
d__Bacteria;p__Actinobacteriota;c__Actinobacteria;o__Bifidobacteriales;f__Bifidobacteriaceae;g__Bifidobacterium,kept
d__Bacteria;p__Actinobacteriota;c__Actinobacteria;o__Corynebacteriales;f__Corynebacteriaceae;g__Corynebacterium,kept
d__Bacteria;p__Actinobacteriota;c__Actinobacteria;o__Micrococcales;f__Micrococcaceae;g__Rothia,kept
d__Bacteria;p__Actinobacteriota;c__Coriobacteriia;o__Coriobacteriales;f__Atopobiaceae;g__Atopobium,kept
d__Bacteria;p__Actinobacteriota;c__Coriobacteriia;o__Coriobacteriales;f__Coriobacteriaceae;g__Collinsella,kept
d__Bacteria;p__Actinobacteriota;c__Coriobacteriia;o__Coriobacteriales;f__Eggerthellaceae;g__Eggerthella,kept
d__Bacteria;p__Bacteroidota;c__Bacteroidia;o__Bacteroidales;f__Bacteroidaceae;g__Bacteroides,kept
d__Bacteria;p__Bacteroidota;c__Bacteroidia;o__Bacteroidales;f__Barnesiellaceae;g__Barnesiella,kept
d__Bacteria;p__Bacteroidota;c__Bacteroidia;o__Bacteroidales;f__Marinifilaceae;g__Odoribacter,kept
d__Bacteria;p__Bacteroidota;c__Bacteroidia;o__Bacteroidales;f__Prevotellaceae;g__Prevotella,kept
d__Bacteria;p__Bacteroidota;c__Bacteroidia;o__Bacteroidales;f__Rikenellaceae;g__Alistipes,kept
d__Bacteria;p__Bacteroidota;c__Bacteroidia;o__Bacteroidales;f__Tannerellaceae;g__Parabacteroides,kept
d__Bacteria;p__Desulfobacterota;c__Desulfovibrionia;o__Desulfovibrionales;f__Desulfovibrionaceae;g__Bilophila,kept
d__Bacteria;p__Firmicutes;c__Bacilli;o__Erysipelotrichales;f__Erysipelatoclostridiaceae;g__Coprobacillus,kept
d__Bacteria;p__Firmicutes;c__Bacilli;o__Erysipelotrichales;f__Erysipelatoclostridiaceae;g__Erysipelatoclostridium,kept
d__Bacteria;p__Firmicutes;c__Bacilli;o__Erysipelotrichales;f__Erysipelatoclostridiaceae;g__Erysipelotrichaceae_UCG-003,kept
d__Bacteria;p__Firmicutes;c__Bacilli;o__Erysipelotrichales;f__Erysipelotrichaceae;g__Turicibacter,kept
d__Bacteria;p__Firmicutes;c__Bacilli;o__Erysipelotrichales;f__Erysipelotrichaceae;g___Clostridium__innocuum_group,kept
d__Bacteria;p__Firmicutes;c__Bacilli;o__Lactobacillales;f__Carnobacteriaceae;g__Granulicatella,kept
d__Bacteria;p__Firmicutes;c__Bacilli;o__Lactobacillales;f__Enterococcaceae;g__Enterococcus,kept
d__Bacteria;p__Firmicutes;c__Bacilli;o__Lactobacillales;f__Lactobacillaceae;g__Lactobacillus,kept
d__Bacteria;p__Firmicutes;c__Bacilli;o__Lactobacillales;f__Streptococcaceae;g__Lactococcus,kept
d__Bacteria;p__Firmicutes;c__Bacilli;o__Lactobacillales;f__Streptococcaceae;g__Streptococcus,kept
d__Bacteria;p__Firmicutes;c__Bacilli;o__Staphylococcales;f__Gemellaceae;g__Gemella,kept
d__Bacteria;p__Firmicutes;c__Bacilli;o__Staphylococcales;f__Staphylococcaceae;g__Staphylococcus,kept
d__Bacteria;p__Firmicutes;c__Clostridia;o__Clostridia_UCG-014;f__Clostridia_UCG-014;g__Clostridia_UCG-014,kept
d__Bacteria;p__Firmicutes;c__Clostridia;o__Clostridiales;f__Clostridiaceae;g__Clostridium_sensu_stricto_1,kept
d__Bacteria;p__Firmicutes;c__Clostridia;o__Eubacteriales;f__Eubacteriaceae;g__Eubacterium,kept
d__Bacteria;p__Firmicutes;c__Clostridia;o__Lachnospirales;f__Lachnospiraceae;__,kept
d__Bacteria;p__Firmicutes;c__Clostridia;o__Lachnospirales;f__Lachnospiraceae;g__Anaerostipes,kept
d__Bacteria;p__Firmicutes;c__Clostridia;o__Lachnospirales;f__Lachnospiraceae;g__Blautia,kept
d__Bacteria;p__Firmicutes;c__Clostridia;o__Lachnospirales;f__Lachnospiraceae;g__Epulopiscium,kept
d__Bacteria;p__Firmicutes;c__Clostridia;o__Lachnospirales;f__Lachnospiraceae;g__Fusicatenibacter,kept
d__Bacteria;p__Firmicutes;c__Clostridia;o__Lachnospirales;f__Lachnospiraceae;g__Hungatella,kept
d__Bacteria;p__Firmicutes;c__Clostridia;o__Lachnospirales;f__Lachnospiraceae;g__Lachnoclostridium,kept
d__Bacteria;p__Firmicutes;c__Clostridia;o__Lachnospirales;f__Lachnospiraceae;g__Lachnospira,kept
d__Bacteria;p__Firmicutes;c__Clostridia;o__Lachnospirales;f__Lachnospiraceae;g__Lachnospiraceae_NK4A136_group,kept
d__Bacteria;p__Firmicutes;c__Clostridia;o__Lachnospirales;f__Lachnospiraceae;g__Roseburia,kept
d__Bacteria;p__Firmicutes;c__Clostridia;o__Lachnospirales;f__Lachnospiraceae;g__Sellimonas,kept
d__Bacteria;p__Firmicutes;c__Clostridia;o__Lachnospirales;f__Lachnospiraceae;g__Tyzzerella,kept
d__Bacteria;p__Firmicutes;c__Clostridia;o__Lachnospirales;f__Lachnospiraceae;g___Eubacterium__eligens_group,kept
d__Bacteria;p__Firmicutes;c__Clostridia;o__Lachnospirales;f__Lachnospiraceae;g___Eubacterium__hallii_group,kept
d__Bacteria;p__Firmicutes;c__Clostridia;o__Lachnospirales;f__Lachnospiraceae;g___Ruminococcus__gnavus_group,kept
d__Bacteria;p__Firmicutes;c__Clostridia;o__Lachnospirales;f__Lachnospiraceae;g___Ruminococcus__torques_group,kept
d__Bacteria;p__Firmicutes;c__Clostridia;o__Monoglobales;f__Monoglobaceae;g__Monoglobus,kept
d__Bacteria;p__Firmicutes;c__Clostridia;o__Oscillospirales;f__Butyricicoccaceae;g__Butyricicoccus,kept
d__Bacteria;p__Firmicutes;c__Clostridia;o__Oscillospirales;f__Oscillospiraceae;g__Flavonifractor,kept
d__Bacteria;p__Firmicutes;c__Clostridia;o__Oscillospirales;f__Oscillospiraceae;g__Oscillibacter,kept
d__Bacteria;p__Firmicutes;c__Clostridia;o__Oscillospirales;f__Oscillospiraceae;g__uncultured,kept
d__Bacteria;p__Firmicutes;c__Clostridia;o__Oscillospirales;f__Ruminococcaceae;g__Faecalibacterium,kept
d__Bacteria;p__Firmicutes;c__Clostridia;o__Oscillospirales;f__Ruminococcaceae;g__Incertae_Sedis,kept
d__Bacteria;p__Firmicutes;c__Clostridia;o__Oscillospirales;f__Ruminococcaceae;g__Ruminococcus,kept
d__Bacteria;p__Firmicutes;c__Clostridia;o__Oscillospirales;f__Ruminococcaceae;g__Subdoligranulum,kept
d__Bacteria;p__Firmicutes;c__Clostridia;o__Oscillospirales;f__Ruminococcaceae;g__UBA1819,kept
d__Bacteria;p__Firmicutes;c__Clostridia;o__Oscillospirales;f___Eubacterium__coprostanoligenes_group;g___Eubacterium__coprostanoligenes_group,kept
d__Bacteria;p__Firmicutes;c__Clostridia;o__Peptostreptococcales-Tissierellales;f__Anaerovoracaceae;g__Family_XIII_AD3011_group,kept
d__Bacteria;p__Firmicutes;c__Clostridia;o__Peptostreptococcales-Tissierellales;f__Peptostreptococcaceae;g__Clostridioides,kept
d__Bacteria;p__Firmicutes;c__Clostridia;o__Peptostreptococcales-Tissierellales;f__Peptostreptococcaceae;g__Intestinibacter,kept
d__Bacteria;p__Firmicutes;c__Clostridia;o__Peptostreptococcales-Tissierellales;f__Peptostreptococcaceae;g__Peptostreptococcus,kept
d__Bacteria;p__Firmicutes;c__Clostridia;o__Peptostreptococcales-Tissierellales;f__Peptostreptococcaceae;g__Romboutsia,kept
d__Bacteria;p__Firmicutes;c__Clostridia;o__Peptostreptococcales-Tissierellales;f__Peptostreptococcales-Tissierellales;g__Anaerococcus,kept
d__Bacteria;p__Firmicutes;c__Clostridia;o__Peptostreptococcales-Tissierellales;f__Peptostreptococcales-Tissierellales;g__Finegoldia,kept
d__Bacteria;p__Firmicutes;c__Clostridia;o__Peptostreptococcales-Tissierellales;f__Peptostreptococcales-Tissierellales;g__Peptoniphilus,kept
d__Bacteria;p__Firmicutes;c__Negativicutes;o__Acidaminococcales;f__Acidaminococcaceae;g__Phascolarctobacterium,kept
d__Bacteria;p__Firmicutes;c__Negativicutes;o__Veillonellales-Selenomonadales;f__Veillonellaceae;g__Dialister,kept
d__Bacteria;p__Firmicutes;c__Negativicutes;o__Veillonellales-Selenomonadales;f__Veillonellaceae;g__Megasphaera,kept
d__Bacteria;p__Firmicutes;c__Negativicutes;o__Veillonellales-Selenomonadales;f__Veillonellaceae;g__Negativicoccus,kept
d__Bacteria;p__Firmicutes;c__Negativicutes;o__Veillonellales-Selenomonadales;f__Veillonellaceae;g__Veillonella,kept
d__Bacteria;p__Proteobacteria;c__Gammaproteobacteria;o__Burkholderiales;f__Sutterellaceae;g__Parasutterella,kept
d__Bacteria;p__Proteobacteria;c__Gammaproteobacteria;o__Burkholderiales;f__Sutterellaceae;g__Sutterella,kept
d__Bacteria;p__Proteobacteria;c__Gammaproteobacteria;o__Enterobacterales;f__Enterobacteriaceae;__,kept
d__Bacteria;p__Proteobacteria;c__Gammaproteobacteria;o__Enterobacterales;f__Enterobacteriaceae;g__Escherichia-Shigella,kept
d__Bacteria;p__Proteobacteria;c__Gammaproteobacteria;o__Pasteurellales;f__Pasteurellaceae;g__Haemophilus,kept
d__Bacteria;p__Verrucomicrobiota;c__Verrucomicrobiae;o__Verrucomicrobiales;f__Akkermansiaceae;g__Akkermansia,kept
k__Archaea;_p__Euryarchaeota;_c__Methanobacteria;_o__Methanobacteriales;_f__Methanobacteriaceae;_g__Methanobrevibacter;_s__,kept
k__Archaea;p__Euryarchaeota;c__Methanobacteria;o__Methanobacteriales;f__Methanobacteriaceae;g__Methanobrevibacter;s__,kept
k__Archaea;p__Euryarchaeota;c__Methanobacteria;o__Methanobacteriales;f__Methanobacteriaceae;g__Methanosphaera;s__,kept
k__Archaea;p__Euryarchaeota;c__Thermoplasmata;o__E2;f___Methanomassiliicoccaceae_;g__;s__,kept
k__Bacteria,kept
k__Bacteria.1,kept
k__Bacteria.10,kept
k__Bacteria.100,kept
k__Bacteria.101,kept
k__Bacteria.102,kept
k__Bacteria.103,kept
k__Bacteria.104,kept
k__Bacteria.105,kept
k__Bacteria.106,kept
k__Bacteria.107,kept
k__Bacteria.108,kept
k__Bacteria.109,kept
k__Bacteria.11,kept
k__Bacteria.110,kept
k__Bacteria.111,kept
k__Bacteria.112,kept
k__Bacteria.113,kept
k__Bacteria.114,kept
k__Bacteria.115,kept
k__Bacteria.116,kept
k__Bacteria.117,kept
k__Bacteria.118,kept
k__Bacteria.119,kept
k__Bacteria.12,kept
k__Bacteria.120,kept
k__Bacteria.121,kept
k__Bacteria.122,kept
k__Bacteria.123,kept
k__Bacteria.124,kept
k__Bacteria.125,kept
k__Bacteria.126,kept
k__Bacteria.127,kept
k__Bacteria.128,kept
k__Bacteria.129,kept
k__Bacteria.13,kept
k__Bacteria.130,kept
k__Bacteria.14,kept
k__Bacteria.15,kept
k__Bacteria.16,kept
k__Bacteria.17,kept
k__Bacteria.18,kept
k__Bacteria.19,kept
k__Bacteria.2,kept
k__Bacteria.20,kept
k__Bacteria.21,kept
k__Bacteria.22,kept
k__Bacteria.23,kept
k__Bacteria.24,kept
k__Bacteria.25,kept
k__Bacteria.26,kept
k__Bacteria.27,kept
k__Bacteria.28,kept
k__Bacteria.29,kept
k__Bacteria.3,kept
k__Bacteria.30,kept
k__Bacteria.31,kept
k__Bacteria.32,kept
k__Bacteria.33,kept
k__Bacteria.34,kept
k__Bacteria.35,kept
k__Bacteria.36,kept
k__Bacteria.37,kept
k__Bacteria.38,kept
k__Bacteria.39,kept
k__Bacteria.4,kept
k__Bacteria.40,kept
k__Bacteria.41,kept
k__Bacteria.42,kept
k__Bacteria.43,kept
k__Bacteria.44,kept
k__Bacteria.45,kept
k__Bacteria.46,kept
k__Bacteria.47,kept
k__Bacteria.48,kept
k__Bacteria.49,kept
k__Bacteria.5,kept
k__Bacteria.50,kept
k__Bacteria.51,kept
k__Bacteria.52,kept
k__Bacteria.53,kept
k__Bacteria.54,kept
k__Bacteria.55,kept
k__Bacteria.56,kept
k__Bacteria.57,kept
k__Bacteria.58,kept
k__Bacteria.59,kept
k__Bacteria.6,kept
k__Bacteria.60,kept
k__Bacteria.61,kept
k__Bacteria.62,kept
k__Bacteria.63,kept
k__Bacteria.65,kept
k__Bacteria.66,kept
k__Bacteria.67,kept
k__Bacteria.68,kept
k__Bacteria.69,kept
k__Bacteria.7,kept
k__Bacteria.70,kept
k__Bacteria.71,kept
k__Bacteria.72,kept
k__Bacteria.73,kept
k__Bacteria.74,kept
k__Bacteria.75,kept
k__Bacteria.76,kept
k__Bacteria.77,kept
k__Bacteria.78,kept
k__Bacteria.79,kept
k__Bacteria.8,kept
k__Bacteria.80,kept
k__Bacteria.81,kept
k__Bacteria.82,kept
k__Bacteria.83,kept
k__Bacteria.84,kept
k__Bacteria.85,kept
k__Bacteria.86,kept
k__Bacteria.87,kept
k__Bacteria.88,kept
k__Bacteria.89,kept
k__Bacteria.9,kept
k__Bacteria.90,kept
k__Bacteria.91,kept
k__Bacteria.92,kept
k__Bacteria.93,kept
k__Bacteria.94,kept
k__Bacteria.95,kept
k__Bacteria.96,kept
k__Bacteria.97,kept
k__Bacteria.98,kept
k__Bacteria.99,kept
k__Bacteria;_p__Actinobacteria;_c__Actinobacteria;_o__Actinomycetales,kept
k__Bacteria;_p__Actinobacteria;_c__Actinobacteria;_o__Actinomycetales;_f__Actinomycetaceae;_g__Actinomyces;_s__,kept
k__Bacteria;_p__Actinobacteria;_c__Actinobacteria;_o__Actinomycetales;_f__Actinomycetaceae;_g__Actinomyces;_s__.1,kept
k__Bacteria;_p__Actinobacteria;_c__Actinobacteria;_o__Actinomycetales;_f__Actinomycetaceae;_g__Actinomyces;_s__.2,kept
k__Bacteria;_p__Actinobacteria;_c__Actinobacteria;_o__Actinomycetales;_f__Actinomycetaceae;_g__Actinomyces;_s__.3,kept
k__Bacteria;_p__Actinobacteria;_c__Actinobacteria;_o__Actinomycetales;_f__Actinomycetaceae;_g__Varibaculum;_s__,kept
k__Bacteria;_p__Actinobacteria;_c__Actinobacteria;_o__Actinomycetales;_f__Corynebacteriaceae;_g__Corynebacterium,kept
k__Bacteria;_p__Actinobacteria;_c__Actinobacteria;_o__Actinomycetales;_f__Corynebacteriaceae;_g__Corynebacterium;_s__,kept
k__Bacteria;_p__Actinobacteria;_c__Actinobacteria;_o__Actinomycetales;_f__Microbacteriaceae,kept
k__Bacteria;_p__Actinobacteria;_c__Actinobacteria;_o__Actinomycetales;_f__Micrococcaceae;_g__Rothia,kept
k__Bacteria;_p__Actinobacteria;_c__Actinobacteria;_o__Actinomycetales;_f__Micrococcaceae;_g__Rothia;_s__mucilaginosa,kept
k__Bacteria;_p__Actinobacteria;_c__Actinobacteria;_o__Actinomycetales;_f__Micrococcaceae;_g__Rothia;_s__mucilaginosa.1,kept
k__Bacteria;_p__Actinobacteria;_c__Actinobacteria;_o__Bifidobacteriales;_f__Bifidobacteriaceae;_g__Bifidobacterium,kept
k__Bacteria;_p__Actinobacteria;_c__Actinobacteria;_o__Bifidobacteriales;_f__Bifidobacteriaceae;_g__Bifidobacterium.1,kept
k__Bacteria;_p__Actinobacteria;_c__Actinobacteria;_o__Bifidobacteriales;_f__Bifidobacteriaceae;_g__Bifidobacterium;_s__,kept
k__Bacteria;_p__Actinobacteria;_c__Actinobacteria;_o__Bifidobacteriales;_f__Bifidobacteriaceae;_g__Bifidobacterium;_s__adolescentis,kept
k__Bacteria;_p__Actinobacteria;_c__Actinobacteria;_o__Bifidobacteriales;_f__Bifidobacteriaceae;_g__Bifidobacterium;_s__bifidum,kept
k__Bacteria;_p__Actinobacteria;_c__Actinobacteria;_o__Bifidobacteriales;_f__Bifidobacteriaceae;_g__Bifidobacterium;_s__longum,kept
k__Bacteria;_p__Actinobacteria;_c__Actinobacteria;_o__Bifidobacteriales;_f__Bifidobacteriaceae;_g__Scardovia;_s__,kept
k__Bacteria;_p__Actinobacteria;_c__Coriobacteriia;_o__Coriobacteriales;_f__Coriobacteriaceae,kept
k__Bacteria;_p__Actinobacteria;_c__Coriobacteriia;_o__Coriobacteriales;_f__Coriobacteriaceae.1,kept
k__Bacteria;_p__Actinobacteria;_c__Coriobacteriia;_o__Coriobacteriales;_f__Coriobacteriaceae;_g__;_s__,kept
k__Bacteria;_p__Actinobacteria;_c__Coriobacteriia;_o__Coriobacteriales;_f__Coriobacteriaceae;_g__;_s__.1,kept
k__Bacteria;_p__Actinobacteria;_c__Coriobacteriia;_o__Coriobacteriales;_f__Coriobacteriaceae;_g__;_s__.2,kept
k__Bacteria;_p__Actinobacteria;_c__Coriobacteriia;_o__Coriobacteriales;_f__Coriobacteriaceae;_g__;_s__.3,kept
k__Bacteria;_p__Actinobacteria;_c__Coriobacteriia;_o__Coriobacteriales;_f__Coriobacteriaceae;_g__;_s__.4,kept
k__Bacteria;_p__Actinobacteria;_c__Coriobacteriia;_o__Coriobacteriales;_f__Coriobacteriaceae;_g__Adlercreutzia;_s__,kept
k__Bacteria;_p__Actinobacteria;_c__Coriobacteriia;_o__Coriobacteriales;_f__Coriobacteriaceae;_g__Adlercreutzia;_s__.1,kept
k__Bacteria;_p__Actinobacteria;_c__Coriobacteriia;_o__Coriobacteriales;_f__Coriobacteriaceae;_g__Atopobium,kept
k__Bacteria;_p__Actinobacteria;_c__Coriobacteriia;_o__Coriobacteriales;_f__Coriobacteriaceae;_g__Atopobium;_s__,kept
k__Bacteria;_p__Actinobacteria;_c__Coriobacteriia;_o__Coriobacteriales;_f__Coriobacteriaceae;_g__Collinsella,kept
k__Bacteria;_p__Actinobacteria;_c__Coriobacteriia;_o__Coriobacteriales;_f__Coriobacteriaceae;_g__Collinsella;_s__,kept
k__Bacteria;_p__Actinobacteria;_c__Coriobacteriia;_o__Coriobacteriales;_f__Coriobacteriaceae;_g__Collinsella;_s__.1,kept
k__Bacteria;_p__Actinobacteria;_c__Coriobacteriia;_o__Coriobacteriales;_f__Coriobacteriaceae;_g__Collinsella;_s__aerofaciens,kept
k__Bacteria;_p__Actinobacteria;_c__Coriobacteriia;_o__Coriobacteriales;_f__Coriobacteriaceae;_g__Collinsella;_s__stercoris,kept
k__Bacteria;_p__Actinobacteria;_c__Coriobacteriia;_o__Coriobacteriales;_f__Coriobacteriaceae;_g__Eggerthella;_s__lenta,kept
k__Bacteria;_p__Actinobacteria;_c__Coriobacteriia;_o__Coriobacteriales;_f__Coriobacteriaceae;_g__Enterococcus;_s__casseliflavus,kept
k__Bacteria;_p__Actinobacteria;_c__Coriobacteriia;_o__Coriobacteriales;_f__Coriobacteriaceae;_g__Slackia;_s__,kept
k__Bacteria;_p__Bacteroidetes,kept
k__Bacteria;_p__Bacteroidetes.1,kept
k__Bacteria;_p__Bacteroidetes;_c__Bacteroidia;_o__Bacteroidales,kept
k__Bacteria;_p__Bacteroidetes;_c__Bacteroidia;_o__Bacteroidales.1,kept
k__Bacteria;_p__Bacteroidetes;_c__Bacteroidia;_o__Bacteroidales.2,kept
k__Bacteria;_p__Bacteroidetes;_c__Bacteroidia;_o__Bacteroidales.3,kept
k__Bacteria;_p__Bacteroidetes;_c__Bacteroidia;_o__Bacteroidales.4,kept
k__Bacteria;_p__Bacteroidetes;_c__Bacteroidia;_o__Bacteroidales.5,kept
k__Bacteria;_p__Bacteroidetes;_c__Bacteroidia;_o__Bacteroidales;_f__Bacteroidaceae;_g__Bacteroides,kept
k__Bacteria;_p__Bacteroidetes;_c__Bacteroidia;_o__Bacteroidales;_f__Bacteroidaceae;_g__Bacteroides.1,kept
k__Bacteria;_p__Bacteroidetes;_c__Bacteroidia;_o__Bacteroidales;_f__Bacteroidaceae;_g__Bacteroides.2,kept
k__Bacteria;_p__Bacteroidetes;_c__Bacteroidia;_o__Bacteroidales;_f__Bacteroidaceae;_g__Bacteroides.3,kept
k__Bacteria;_p__Bacteroidetes;_c__Bacteroidia;_o__Bacteroidales;_f__Bacteroidaceae;_g__Bacteroides.4,kept
k__Bacteria;_p__Bacteroidetes;_c__Bacteroidia;_o__Bacteroidales;_f__Bacteroidaceae;_g__Bacteroides.5,kept
k__Bacteria;_p__Bacteroidetes;_c__Bacteroidia;_o__Bacteroidales;_f__Bacteroidaceae;_g__Bacteroides.6,kept
k__Bacteria;_p__Bacteroidetes;_c__Bacteroidia;_o__Bacteroidales;_f__Bacteroidaceae;_g__Bacteroides.7,kept
k__Bacteria;_p__Bacteroidetes;_c__Bacteroidia;_o__Bacteroidales;_f__Bacteroidaceae;_g__Bacteroides;_s__,kept
k__Bacteria;_p__Bacteroidetes;_c__Bacteroidia;_o__Bacteroidales;_f__Bacteroidaceae;_g__Bacteroides;_s__.1,kept
k__Bacteria;_p__Bacteroidetes;_c__Bacteroidia;_o__Bacteroidales;_f__Bacteroidaceae;_g__Bacteroides;_s__.2,kept
k__Bacteria;_p__Bacteroidetes;_c__Bacteroidia;_o__Bacteroidales;_f__Bacteroidaceae;_g__Bacteroides;_s__.3,kept
k__Bacteria;_p__Bacteroidetes;_c__Bacteroidia;_o__Bacteroidales;_f__Bacteroidaceae;_g__Bacteroides;_s__.4,kept
k__Bacteria;_p__Bacteroidetes;_c__Bacteroidia;_o__Bacteroidales;_f__Bacteroidaceae;_g__Bacteroides;_s__.5,kept
k__Bacteria;_p__Bacteroidetes;_c__Bacteroidia;_o__Bacteroidales;_f__Bacteroidaceae;_g__Bacteroides;_s__.6,kept
k__Bacteria;_p__Bacteroidetes;_c__Bacteroidia;_o__Bacteroidales;_f__Bacteroidaceae;_g__Bacteroides;_s__acidifaciens,kept
k__Bacteria;_p__Bacteroidetes;_c__Bacteroidia;_o__Bacteroidales;_f__Bacteroidaceae;_g__Bacteroides;_s__barnesiae,kept
k__Bacteria;_p__Bacteroidetes;_c__Bacteroidia;_o__Bacteroidales;_f__Bacteroidaceae;_g__Bacteroides;_s__caccae,kept
k__Bacteria;_p__Bacteroidetes;_c__Bacteroidia;_o__Bacteroidales;_f__Bacteroidaceae;_g__Bacteroides;_s__caccae.1,kept
k__Bacteria;_p__Bacteroidetes;_c__Bacteroidia;_o__Bacteroidales;_f__Bacteroidaceae;_g__Bacteroides;_s__coprophilus,kept
k__Bacteria;_p__Bacteroidetes;_c__Bacteroidia;_o__Bacteroidales;_f__Bacteroidaceae;_g__Bacteroides;_s__eggerthii,kept
k__Bacteria;_p__Bacteroidetes;_c__Bacteroidia;_o__Bacteroidales;_f__Bacteroidaceae;_g__Bacteroides;_s__eggerthii.1,kept
k__Bacteria;_p__Bacteroidetes;_c__Bacteroidia;_o__Bacteroidales;_f__Bacteroidaceae;_g__Bacteroides;_s__fragilis,kept
k__Bacteria;_p__Bacteroidetes;_c__Bacteroidia;_o__Bacteroidales;_f__Bacteroidaceae;_g__Bacteroides;_s__fragilis.1,kept
k__Bacteria;_p__Bacteroidetes;_c__Bacteroidia;_o__Bacteroidales;_f__Bacteroidaceae;_g__Bacteroides;_s__ovatus,kept
k__Bacteria;_p__Bacteroidetes;_c__Bacteroidia;_o__Bacteroidales;_f__Bacteroidaceae;_g__Bacteroides;_s__ovatus.1,kept
k__Bacteria;_p__Bacteroidetes;_c__Bacteroidia;_o__Bacteroidales;_f__Bacteroidaceae;_g__Bacteroides;_s__ovatus.2,kept
k__Bacteria;_p__Bacteroidetes;_c__Bacteroidia;_o__Bacteroidales;_f__Bacteroidaceae;_g__Bacteroides;_s__plebeius,kept
k__Bacteria;_p__Bacteroidetes;_c__Bacteroidia;_o__Bacteroidales;_f__Bacteroidaceae;_g__Bacteroides;_s__plebeius.1,kept
k__Bacteria;_p__Bacteroidetes;_c__Bacteroidia;_o__Bacteroidales;_f__Bacteroidaceae;_g__Bacteroides;_s__plebeius.2,kept
k__Bacteria;_p__Bacteroidetes;_c__Bacteroidia;_o__Bacteroidales;_f__Bacteroidaceae;_g__Bacteroides;_s__uniformis,kept
k__Bacteria;_p__Bacteroidetes;_c__Bacteroidia;_o__Bacteroidales;_f__Bacteroidaceae;_g__Bacteroides;_s__uniformis.1,kept
k__Bacteria;_p__Bacteroidetes;_c__Bacteroidia;_o__Bacteroidales;_f__Porphyromonadaceae;_g__Parabacteroides,kept
k__Bacteria;_p__Bacteroidetes;_c__Bacteroidia;_o__Bacteroidales;_f__Porphyromonadaceae;_g__Parabacteroides;_s__,kept
k__Bacteria;_p__Bacteroidetes;_c__Bacteroidia;_o__Bacteroidales;_f__Porphyromonadaceae;_g__Parabacteroides;_s__.1,kept
k__Bacteria;_p__Bacteroidetes;_c__Bacteroidia;_o__Bacteroidales;_f__Porphyromonadaceae;_g__Parabacteroides;_s__.2,kept
k__Bacteria;_p__Bacteroidetes;_c__Bacteroidia;_o__Bacteroidales;_f__Porphyromonadaceae;_g__Parabacteroides;_s__.3,kept
k__Bacteria;_p__Bacteroidetes;_c__Bacteroidia;_o__Bacteroidales;_f__Porphyromonadaceae;_g__Parabacteroides;_s__distasonis,kept
k__Bacteria;_p__Bacteroidetes;_c__Bacteroidia;_o__Bacteroidales;_f__Porphyromonadaceae;_g__Parabacteroides;_s__distasonis.1,kept
k__Bacteria;_p__Bacteroidetes;_c__Bacteroidia;_o__Bacteroidales;_f__Porphyromonadaceae;_g__Parabacteroides;_s__distasonis.2,kept
k__Bacteria;_p__Bacteroidetes;_c__Bacteroidia;_o__Bacteroidales;_f__Porphyromonadaceae;_g__Parabacteroides;_s__gordonii,kept
k__Bacteria;_p__Bacteroidetes;_c__Bacteroidia;_o__Bacteroidales;_f__Porphyromonadaceae;_g__Porphyromonas;_s__,kept
k__Bacteria;_p__Bacteroidetes;_c__Bacteroidia;_o__Bacteroidales;_f__Porphyromonadaceae;_g__Porphyromonas;_s__.1,kept
k__Bacteria;_p__Bacteroidetes;_c__Bacteroidia;_o__Bacteroidales;_f__Prevotellaceae;_g__;_s__,kept
k__Bacteria;_p__Bacteroidetes;_c__Bacteroidia;_o__Bacteroidales;_f__Prevotellaceae;_g__Prevotella,kept
k__Bacteria;_p__Bacteroidetes;_c__Bacteroidia;_o__Bacteroidales;_f__Prevotellaceae;_g__Prevotella.1,kept
k__Bacteria;_p__Bacteroidetes;_c__Bacteroidia;_o__Bacteroidales;_f__Prevotellaceae;_g__Prevotella.2,kept
k__Bacteria;_p__Bacteroidetes;_c__Bacteroidia;_o__Bacteroidales;_f__Prevotellaceae;_g__Prevotella;_s__,kept
k__Bacteria;_p__Bacteroidetes;_c__Bacteroidia;_o__Bacteroidales;_f__Prevotellaceae;_g__Prevotella;_s__.1,kept
k__Bacteria;_p__Bacteroidetes;_c__Bacteroidia;_o__Bacteroidales;_f__Prevotellaceae;_g__Prevotella;_s__.2,kept
k__Bacteria;_p__Bacteroidetes;_c__Bacteroidia;_o__Bacteroidales;_f__Prevotellaceae;_g__Prevotella;_s__.3,kept
k__Bacteria;_p__Bacteroidetes;_c__Bacteroidia;_o__Bacteroidales;_f__Prevotellaceae;_g__Prevotella;_s__.4,kept
k__Bacteria;_p__Bacteroidetes;_c__Bacteroidia;_o__Bacteroidales;_f__Prevotellaceae;_g__Prevotella;_s__.5,kept
k__Bacteria;_p__Bacteroidetes;_c__Bacteroidia;_o__Bacteroidales;_f__Prevotellaceae;_g__Prevotella;_s__copri,kept
k__Bacteria;_p__Bacteroidetes;_c__Bacteroidia;_o__Bacteroidales;_f__Prevotellaceae;_g__Prevotella;_s__copri.1,kept
k__Bacteria;_p__Bacteroidetes;_c__Bacteroidia;_o__Bacteroidales;_f__Prevotellaceae;_g__Prevotella;_s__copri.2,kept
k__Bacteria;_p__Bacteroidetes;_c__Bacteroidia;_o__Bacteroidales;_f__Prevotellaceae;_g__Prevotella;_s__copri.3,kept
k__Bacteria;_p__Bacteroidetes;_c__Bacteroidia;_o__Bacteroidales;_f__Prevotellaceae;_g__Prevotella;_s__copri.4,kept
k__Bacteria;_p__Bacteroidetes;_c__Bacteroidia;_o__Bacteroidales;_f__Prevotellaceae;_g__Prevotella;_s__copri.5,kept
k__Bacteria;_p__Bacteroidetes;_c__Bacteroidia;_o__Bacteroidales;_f__Prevotellaceae;_g__Prevotella;_s__copri.6,kept
k__Bacteria;_p__Bacteroidetes;_c__Bacteroidia;_o__Bacteroidales;_f__Prevotellaceae;_g__Prevotella;_s__stercorea,kept
k__Bacteria;_p__Bacteroidetes;_c__Bacteroidia;_o__Bacteroidales;_f__Prevotellaceae;_g__Prevotella;_s__stercorea.1,kept
k__Bacteria;_p__Bacteroidetes;_c__Bacteroidia;_o__Bacteroidales;_f__Prevotellaceae;_g__Prevotella;_s__stercorea.2,kept
k__Bacteria;_p__Bacteroidetes;_c__Bacteroidia;_o__Bacteroidales;_f__Prevotellaceae;_g__Prevotella;_s__stercorea.3,kept
k__Bacteria;_p__Bacteroidetes;_c__Bacteroidia;_o__Bacteroidales;_f__Rikenellaceae,kept
k__Bacteria;_p__Bacteroidetes;_c__Bacteroidia;_o__Bacteroidales;_f__Rikenellaceae.1,kept
k__Bacteria;_p__Bacteroidetes;_c__Bacteroidia;_o__Bacteroidales;_f__Rikenellaceae.2,kept
k__Bacteria;_p__Bacteroidetes;_c__Bacteroidia;_o__Bacteroidales;_f__Rikenellaceae.3,kept
k__Bacteria;_p__Bacteroidetes;_c__Bacteroidia;_o__Bacteroidales;_f__Rikenellaceae;_g__;_s__,kept
k__Bacteria;_p__Bacteroidetes;_c__Bacteroidia;_o__Bacteroidales;_f__Rikenellaceae;_g__;_s__.1,kept
k__Bacteria;_p__Bacteroidetes;_c__Bacteroidia;_o__Bacteroidales;_f__Rikenellaceae;_g__;_s__.2,kept
k__Bacteria;_p__Bacteroidetes;_c__Bacteroidia;_o__Bacteroidales;_f__Rikenellaceae;_g__;_s__.3,kept
k__Bacteria;_p__Bacteroidetes;_c__Bacteroidia;_o__Bacteroidales;_f__Rikenellaceae;_g__Alistipes,kept
k__Bacteria;_p__Bacteroidetes;_c__Bacteroidia;_o__Bacteroidales;_f__Rikenellaceae;_g__Alistipes;_s__finegoldii,kept
k__Bacteria;_p__Bacteroidetes;_c__Bacteroidia;_o__Bacteroidales;_f__Rikenellaceae;_g__Alistipes;_s__indistinctus,kept
k__Bacteria;_p__Bacteroidetes;_c__Bacteroidia;_o__Bacteroidales;_f__Rikenellaceae;_g__Alistipes;_s__indistinctus.1,kept
k__Bacteria;_p__Bacteroidetes;_c__Bacteroidia;_o__Bacteroidales;_f__Rikenellaceae;_g__Alistipes;_s__indistinctus.2,kept
k__Bacteria;_p__Bacteroidetes;_c__Bacteroidia;_o__Bacteroidales;_f__Rikenellaceae;_g__Alistipes;_s__onderdonkii,kept
k__Bacteria;_p__Bacteroidetes;_c__Bacteroidia;_o__Bacteroidales;_f__Rikenellaceae;_g__Alistipes;_s__putredinis,kept
k__Bacteria;_p__Bacteroidetes;_c__Bacteroidia;_o__Bacteroidales;_f__S24-7;_g__;_s__,kept
k__Bacteria;_p__Bacteroidetes;_c__Bacteroidia;_o__Bacteroidales;_f__S24-7;_g__;_s__.1,kept
k__Bacteria;_p__Bacteroidetes;_c__Bacteroidia;_o__Bacteroidales;_f__S24-7;_g__;_s__.2,kept
k__Bacteria;_p__Bacteroidetes;_c__Bacteroidia;_o__Bacteroidales;_f___Barnesiellaceae_,kept
k__Bacteria;_p__Bacteroidetes;_c__Bacteroidia;_o__Bacteroidales;_f___Barnesiellaceae_.1,kept
k__Bacteria;_p__Bacteroidetes;_c__Bacteroidia;_o__Bacteroidales;_f___Barnesiellaceae_;_g__;_s__,kept
k__Bacteria;_p__Bacteroidetes;_c__Bacteroidia;_o__Bacteroidales;_f___Barnesiellaceae_;_g__;_s__.1,kept
k__Bacteria;_p__Bacteroidetes;_c__Bacteroidia;_o__Bacteroidales;_f___Barnesiellaceae_;_g__;_s__.2,kept
k__Bacteria;_p__Bacteroidetes;_c__Bacteroidia;_o__Bacteroidales;_f___Odoribacteraceae_;_g__Butyricimonas;_s__,kept
k__Bacteria;_p__Bacteroidetes;_c__Bacteroidia;_o__Bacteroidales;_f___Odoribacteraceae_;_g__Butyricimonas;_s__.1,kept
k__Bacteria;_p__Bacteroidetes;_c__Bacteroidia;_o__Bacteroidales;_f___Odoribacteraceae_;_g__Butyricimonas;_s__.2,kept
k__Bacteria;_p__Bacteroidetes;_c__Bacteroidia;_o__Bacteroidales;_f___Odoribacteraceae_;_g__Butyricimonas;_s__.3,kept
k__Bacteria;_p__Bacteroidetes;_c__Bacteroidia;_o__Bacteroidales;_f___Odoribacteraceae_;_g__Butyricimonas;_s__.4,kept
k__Bacteria;_p__Bacteroidetes;_c__Bacteroidia;_o__Bacteroidales;_f___Odoribacteraceae_;_g__Butyricimonas;_s__.5,kept
k__Bacteria;_p__Bacteroidetes;_c__Bacteroidia;_o__Bacteroidales;_f___Odoribacteraceae_;_g__Odoribacter;_s__,kept
k__Bacteria;_p__Bacteroidetes;_c__Bacteroidia;_o__Bacteroidales;_f___Paraprevotellaceae_,kept
k__Bacteria;_p__Bacteroidetes;_c__Bacteroidia;_o__Bacteroidales;_f___Paraprevotellaceae_;_g__;_s__,kept
k__Bacteria;_p__Bacteroidetes;_c__Bacteroidia;_o__Bacteroidales;_f___Paraprevotellaceae_;_g__Paraprevotella;_s__,kept
k__Bacteria;_p__Bacteroidetes;_c__Bacteroidia;_o__Bacteroidales;_f___Paraprevotellaceae_;_g__Paraprevotella;_s__.1,kept
k__Bacteria;_p__Bacteroidetes;_c__Bacteroidia;_o__Bacteroidales;_f___Paraprevotellaceae_;_g__Paraprevotella;_s__.2,kept
k__Bacteria;_p__Bacteroidetes;_c__Bacteroidia;_o__Bacteroidales;_f___Paraprevotellaceae_;_g__Paraprevotella;_s__.3,kept
k__Bacteria;_p__Bacteroidetes;_c__Bacteroidia;_o__Bacteroidales;_f___Paraprevotellaceae_;_g___Prevotella_;_s__,kept
k__Bacteria;_p__Bacteroidetes;_c__Bacteroidia;_o__Bacteroidales;_f___Paraprevotellaceae_;_g___Prevotella_;_s__.1,kept
k__Bacteria;_p__Bacteroidetes;_c__Bacteroidia;_o__Bacteroidales;_f___Paraprevotellaceae_;_g___Prevotella_;_s__.2,kept
k__Bacteria;_p__Bacteroidetes;_c__Flavobacteriia;_o__Flavobacteriales,kept
k__Bacteria;_p__Cyanobacteria;_c__4C0d-2;_o__YS2;_f__;_g__;_s__,kept
k__Bacteria;_p__Cyanobacteria;_c__4C0d-2;_o__YS2;_f__;_g__;_s__.1,kept
k__Bacteria;_p__Cyanobacteria;_c__4C0d-2;_o__YS2;_f__;_g__;_s__.2,kept
k__Bacteria;_p__Elusimicrobia;_c__Elusimicrobia;_o__Elusimicrobiales;_f__Elusimicrobiaceae;_g__;_s__,kept
k__Bacteria;_p__Firmicutes,kept
k__Bacteria;_p__Firmicutes.1,kept
k__Bacteria;_p__Firmicutes.2,kept
k__Bacteria;_p__Firmicutes.3,kept
k__Bacteria;_p__Firmicutes;_c__Bacilli,kept
k__Bacteria;_p__Firmicutes;_c__Bacilli;_o__Bacillales;_f__Bacillaceae;_g__Bacillus,kept
k__Bacteria;_p__Firmicutes;_c__Bacilli;_o__Bacillales;_f__Staphylococcaceae;_g__Staphylococcus,kept
k__Bacteria;_p__Firmicutes;_c__Bacilli;_o__Gemellales;_f__Gemellaceae,kept
k__Bacteria;_p__Firmicutes;_c__Bacilli;_o__Lactobacillales,kept
k__Bacteria;_p__Firmicutes;_c__Bacilli;_o__Lactobacillales.1,kept
k__Bacteria;_p__Firmicutes;_c__Bacilli;_o__Lactobacillales;_f__Aerococcaceae;_g__Abiotrophia;_s__,kept
k__Bacteria;_p__Firmicutes;_c__Bacilli;_o__Lactobacillales;_f__Enterococcaceae;_g__Enterococcus,kept
k__Bacteria;_p__Firmicutes;_c__Bacilli;_o__Lactobacillales;_f__Lactobacillaceae;_g__Lactobacillus,kept
k__Bacteria;_p__Firmicutes;_c__Bacilli;_o__Lactobacillales;_f__Lactobacillaceae;_g__Lactobacillus.1,kept
k__Bacteria;_p__Firmicutes;_c__Bacilli;_o__Lactobacillales;_f__Lactobacillaceae;_g__Lactobacillus.2,kept
k__Bacteria;_p__Firmicutes;_c__Bacilli;_o__Lactobacillales;_f__Lactobacillaceae;_g__Lactobacillus;_s__,kept
k__Bacteria;_p__Firmicutes;_c__Bacilli;_o__Lactobacillales;_f__Lactobacillaceae;_g__Lactobacillus;_s__.1,kept
k__Bacteria;_p__Firmicutes;_c__Bacilli;_o__Lactobacillales;_f__Lactobacillaceae;_g__Lactobacillus;_s__delbrueckii,kept
k__Bacteria;_p__Firmicutes;_c__Bacilli;_o__Lactobacillales;_f__Lactobacillaceae;_g__Lactobacillus;_s__helveticus,kept
k__Bacteria;_p__Firmicutes;_c__Bacilli;_o__Lactobacillales;_f__Lactobacillaceae;_g__Lactobacillus;_s__mucosae,kept
k__Bacteria;_p__Firmicutes;_c__Bacilli;_o__Lactobacillales;_f__Lactobacillaceae;_g__Lactobacillus;_s__ruminis,kept
k__Bacteria;_p__Firmicutes;_c__Bacilli;_o__Lactobacillales;_f__Lactobacillaceae;_g__Lactobacillus;_s__salivarius,kept
k__Bacteria;_p__Firmicutes;_c__Bacilli;_o__Lactobacillales;_f__Lactobacillaceae;_g__Lactobacillus;_s__zeae,kept
k__Bacteria;_p__Firmicutes;_c__Bacilli;_o__Lactobacillales;_f__Lactobacillaceae;_g__Pediococcus,kept
k__Bacteria;_p__Firmicutes;_c__Bacilli;_o__Lactobacillales;_f__Leuconostocaceae,kept
k__Bacteria;_p__Firmicutes;_c__Bacilli;_o__Lactobacillales;_f__Leuconostocaceae;_g__Leuconostoc;_s__,kept
k__Bacteria;_p__Firmicutes;_c__Bacilli;_o__Lactobacillales;_f__Leuconostocaceae;_g__Leuconostoc;_s__.1,kept
k__Bacteria;_p__Firmicutes;_c__Bacilli;_o__Lactobacillales;_f__Leuconostocaceae;_g__Weissella,kept
k__Bacteria;_p__Firmicutes;_c__Bacilli;_o__Lactobacillales;_f__Streptococcaceae;_g__Lactococcus;_s__,kept
k__Bacteria;_p__Firmicutes;_c__Bacilli;_o__Lactobacillales;_f__Streptococcaceae;_g__Lactococcus;_s__garvieae,kept
k__Bacteria;_p__Firmicutes;_c__Bacilli;_o__Lactobacillales;_f__Streptococcaceae;_g__Streptococcus,kept
k__Bacteria;_p__Firmicutes;_c__Bacilli;_o__Lactobacillales;_f__Streptococcaceae;_g__Streptococcus.1,kept
k__Bacteria;_p__Firmicutes;_c__Bacilli;_o__Lactobacillales;_f__Streptococcaceae;_g__Streptococcus;_s__,kept
k__Bacteria;_p__Firmicutes;_c__Bacilli;_o__Lactobacillales;_f__Streptococcaceae;_g__Streptococcus;_s__.1,kept
k__Bacteria;_p__Firmicutes;_c__Bacilli;_o__Lactobacillales;_f__Streptococcaceae;_g__Streptococcus;_s__.2,kept
k__Bacteria;_p__Firmicutes;_c__Bacilli;_o__Lactobacillales;_f__Streptococcaceae;_g__Streptococcus;_s__anginosus,kept
k__Bacteria;_p__Firmicutes;_c__Bacilli;_o__Lactobacillales;_f__Streptococcaceae;_g__Streptococcus;_s__luteciae,kept
k__Bacteria;_p__Firmicutes;_c__Bacilli;_o__Lactobacillales;_f__Streptococcaceae;_g__Streptococcus;_s__sobrinus,kept
k__Bacteria;_p__Firmicutes;_c__Bacilli;_o__Turicibacterales;_f__Turicibacteraceae;_g__Turicibacter;_s__,kept
k__Bacteria;_p__Firmicutes;_c__Clostridia,kept
k__Bacteria;_p__Firmicutes;_c__Clostridia.1,kept
k__Bacteria;_p__Firmicutes;_c__Clostridia;_o__Clostridiales,kept
k__Bacteria;_p__Firmicutes;_c__Clostridia;_o__Clostridiales.1,kept
k__Bacteria;_p__Firmicutes;_c__Clostridia;_o__Clostridiales.10,kept
k__Bacteria;_p__Firmicutes;_c__Clostridia;_o__Clostridiales.11,kept
k__Bacteria;_p__Firmicutes;_c__Clostridia;_o__Clostridiales.12,kept
k__Bacteria;_p__Firmicutes;_c__Clostridia;_o__Clostridiales.13,kept
k__Bacteria;_p__Firmicutes;_c__Clostridia;_o__Clostridiales.14,kept
k__Bacteria;_p__Firmicutes;_c__Clostridia;_o__Clostridiales.15,kept
k__Bacteria;_p__Firmicutes;_c__Clostridia;_o__Clostridiales.16,kept
k__Bacteria;_p__Firmicutes;_c__Clostridia;_o__Clostridiales.17,kept
k__Bacteria;_p__Firmicutes;_c__Clostridia;_o__Clostridiales.18,kept
k__Bacteria;_p__Firmicutes;_c__Clostridia;_o__Clostridiales.19,kept
k__Bacteria;_p__Firmicutes;_c__Clostridia;_o__Clostridiales.2,kept
k__Bacteria;_p__Firmicutes;_c__Clostridia;_o__Clostridiales.20,kept
k__Bacteria;_p__Firmicutes;_c__Clostridia;_o__Clostridiales.21,kept
k__Bacteria;_p__Firmicutes;_c__Clostridia;_o__Clostridiales.22,kept
k__Bacteria;_p__Firmicutes;_c__Clostridia;_o__Clostridiales.23,kept
k__Bacteria;_p__Firmicutes;_c__Clostridia;_o__Clostridiales.24,kept
k__Bacteria;_p__Firmicutes;_c__Clostridia;_o__Clostridiales.25,kept
k__Bacteria;_p__Firmicutes;_c__Clostridia;_o__Clostridiales.26,kept
k__Bacteria;_p__Firmicutes;_c__Clostridia;_o__Clostridiales.27,kept
k__Bacteria;_p__Firmicutes;_c__Clostridia;_o__Clostridiales.28,kept
k__Bacteria;_p__Firmicutes;_c__Clostridia;_o__Clostridiales.29,kept
k__Bacteria;_p__Firmicutes;_c__Clostridia;_o__Clostridiales.3,kept
k__Bacteria;_p__Firmicutes;_c__Clostridia;_o__Clostridiales.30,kept
k__Bacteria;_p__Firmicutes;_c__Clostridia;_o__Clostridiales.31,kept
k__Bacteria;_p__Firmicutes;_c__Clostridia;_o__Clostridiales.32,kept
k__Bacteria;_p__Firmicutes;_c__Clostridia;_o__Clostridiales.33,kept
k__Bacteria;_p__Firmicutes;_c__Clostridia;_o__Clostridiales.34,kept
k__Bacteria;_p__Firmicutes;_c__Clostridia;_o__Clostridiales.35,kept
k__Bacteria;_p__Firmicutes;_c__Clostridia;_o__Clostridiales.36,kept
k__Bacteria;_p__Firmicutes;_c__Clostridia;_o__Clostridiales.37,kept
k__Bacteria;_p__Firmicutes;_c__Clostridia;_o__Clostridiales.38,kept
k__Bacteria;_p__Firmicutes;_c__Clostridia;_o__Clostridiales.39,kept
k__Bacteria;_p__Firmicutes;_c__Clostridia;_o__Clostridiales.4,kept
k__Bacteria;_p__Firmicutes;_c__Clostridia;_o__Clostridiales.40,kept
k__Bacteria;_p__Firmicutes;_c__Clostridia;_o__Clostridiales.41,kept
k__Bacteria;_p__Firmicutes;_c__Clostridia;_o__Clostridiales.42,kept
k__Bacteria;_p__Firmicutes;_c__Clostridia;_o__Clostridiales.43,kept
k__Bacteria;_p__Firmicutes;_c__Clostridia;_o__Clostridiales.44,kept
k__Bacteria;_p__Firmicutes;_c__Clostridia;_o__Clostridiales.45,kept
k__Bacteria;_p__Firmicutes;_c__Clostridia;_o__Clostridiales.46,kept
k__Bacteria;_p__Firmicutes;_c__Clostridia;_o__Clostridiales.47,kept
k__Bacteria;_p__Firmicutes;_c__Clostridia;_o__Clostridiales.48,kept
k__Bacteria;_p__Firmicutes;_c__Clostridia;_o__Clostridiales.49,kept
k__Bacteria;_p__Firmicutes;_c__Clostridia;_o__Clostridiales.5,kept
k__Bacteria;_p__Firmicutes;_c__Clostridia;_o__Clostridiales.50,kept
k__Bacteria;_p__Firmicutes;_c__Clostridia;_o__Clostridiales.51,kept
k__Bacteria;_p__Firmicutes;_c__Clostridia;_o__Clostridiales.52,kept
k__Bacteria;_p__Firmicutes;_c__Clostridia;_o__Clostridiales.53,kept
k__Bacteria;_p__Firmicutes;_c__Clostridia;_o__Clostridiales.54,kept
k__Bacteria;_p__Firmicutes;_c__Clostridia;_o__Clostridiales.55,kept
k__Bacteria;_p__Firmicutes;_c__Clostridia;_o__Clostridiales.56,kept
k__Bacteria;_p__Firmicutes;_c__Clostridia;_o__Clostridiales.57,kept
k__Bacteria;_p__Firmicutes;_c__Clostridia;_o__Clostridiales.58,kept
k__Bacteria;_p__Firmicutes;_c__Clostridia;_o__Clostridiales.59,kept
k__Bacteria;_p__Firmicutes;_c__Clostridia;_o__Clostridiales.6,kept
k__Bacteria;_p__Firmicutes;_c__Clostridia;_o__Clostridiales.60,kept
k__Bacteria;_p__Firmicutes;_c__Clostridia;_o__Clostridiales.7,kept
k__Bacteria;_p__Firmicutes;_c__Clostridia;_o__Clostridiales.8,kept
k__Bacteria;_p__Firmicutes;_c__Clostridia;_o__Clostridiales.9,kept
k__Bacteria;_p__Firmicutes;_c__Clostridia;_o__Clostridiales;_f__;_g__;_s__,kept
k__Bacteria;_p__Firmicutes;_c__Clostridia;_o__Clostridiales;_f__;_g__;_s__.1,kept
k__Bacteria;_p__Firmicutes;_c__Clostridia;_o__Clostridiales;_f__;_g__;_s__.10,kept
k__Bacteria;_p__Firmicutes;_c__Clostridia;_o__Clostridiales;_f__;_g__;_s__.11,kept
k__Bacteria;_p__Firmicutes;_c__Clostridia;_o__Clostridiales;_f__;_g__;_s__.12,kept
k__Bacteria;_p__Firmicutes;_c__Clostridia;_o__Clostridiales;_f__;_g__;_s__.2,kept
k__Bacteria;_p__Firmicutes;_c__Clostridia;_o__Clostridiales;_f__;_g__;_s__.3,kept
k__Bacteria;_p__Firmicutes;_c__Clostridia;_o__Clostridiales;_f__;_g__;_s__.4,kept
k__Bacteria;_p__Firmicutes;_c__Clostridia;_o__Clostridiales;_f__;_g__;_s__.5,kept
k__Bacteria;_p__Firmicutes;_c__Clostridia;_o__Clostridiales;_f__;_g__;_s__.6,kept
k__Bacteria;_p__Firmicutes;_c__Clostridia;_o__Clostridiales;_f__;_g__;_s__.7,kept
k__Bacteria;_p__Firmicutes;_c__Clostridia;_o__Clostridiales;_f__;_g__;_s__.8,kept
k__Bacteria;_p__Firmicutes;_c__Clostridia;_o__Clostridiales;_f__;_g__;_s__.9,kept
k__Bacteria;_p__Firmicutes;_c__Clostridia;_o__Clostridiales;_f__Christensenellaceae;_g__;_s__,kept
k__Bacteria;_p__Firmicutes;_c__Clostridia;_o__Clostridiales;_f__Christensenellaceae;_g__;_s__.1,kept
k__Bacteria;_p__Firmicutes;_c__Clostridia;_o__Clostridiales;_f__Christensenellaceae;_g__;_s__.2,kept
k__Bacteria;_p__Firmicutes;_c__Clostridia;_o__Clostridiales;_f__Christensenellaceae;_g__Christensenella;_s__,kept
k__Bacteria;_p__Firmicutes;_c__Clostridia;_o__Clostridiales;_f__Christensenellaceae;_g__Christensenella;_s__.1,kept
k__Bacteria;_p__Firmicutes;_c__Clostridia;_o__Clostridiales;_f__Clostridiaceae,kept
k__Bacteria;_p__Firmicutes;_c__Clostridia;_o__Clostridiales;_f__Clostridiaceae;_g__;_s__,kept
k__Bacteria;_p__Firmicutes;_c__Clostridia;_o__Clostridiales;_f__Clostridiaceae;_g__Clostridium,kept
k__Bacteria;_p__Firmicutes;_c__Clostridia;_o__Clostridiales;_f__Clostridiaceae;_g__Clostridium.1,kept
k__Bacteria;_p__Firmicutes;_c__Clostridia;_o__Clostridiales;_f__Clostridiaceae;_g__Clostridium.2,kept
k__Bacteria;_p__Firmicutes;_c__Clostridia;_o__Clostridiales;_f__Clostridiaceae;_g__Clostridium;_s__,kept
k__Bacteria;_p__Firmicutes;_c__Clostridia;_o__Clostridiales;_f__Clostridiaceae;_g__Clostridium;_s__celatum,kept
k__Bacteria;_p__Firmicutes;_c__Clostridia;_o__Clostridiales;_f__Clostridiaceae;_g__Clostridium;_s__neonatale,kept
k__Bacteria;_p__Firmicutes;_c__Clostridia;_o__Clostridiales;_f__Clostridiaceae;_g__Clostridium;_s__perfringens,kept
k__Bacteria;_p__Firmicutes;_c__Clostridia;_o__Clostridiales;_f__Clostridiaceae;_g__SMB53;_s__,kept
k__Bacteria;_p__Firmicutes;_c__Clostridia;_o__Clostridiales;_f__Clostridiaceae;_g__Sarcina;_s__,kept
k__Bacteria;_p__Firmicutes;_c__Clostridia;_o__Clostridiales;_f__Dehalobacteriaceae;_g__Dehalobacterium;_s__,kept
k__Bacteria;_p__Firmicutes;_c__Clostridia;_o__Clostridiales;_f__Eubacteriaceae;_g__Anaerofustis;_s__,kept
k__Bacteria;_p__Firmicutes;_c__Clostridia;_o__Clostridiales;_f__Eubacteriaceae;_g__Pseudoramibacter_Eubacterium;_s__,kept
k__Bacteria;_p__Firmicutes;_c__Clostridia;_o__Clostridiales;_f__Eubacteriaceae;_g__Pseudoramibacter_Eubacterium;_s__.1,kept
k__Bacteria;_p__Firmicutes;_c__Clostridia;_o__Clostridiales;_f__Lachnospiraceae,kept
k__Bacteria;_p__Firmicutes;_c__Clostridia;_o__Clostridiales;_f__Lachnospiraceae.1,kept
k__Bacteria;_p__Firmicutes;_c__Clostridia;_o__Clostridiales;_f__Lachnospiraceae.10,kept
k__Bacteria;_p__Firmicutes;_c__Clostridia;_o__Clostridiales;_f__Lachnospiraceae.11,kept
k__Bacteria;_p__Firmicutes;_c__Clostridia;_o__Clostridiales;_f__Lachnospiraceae.12,kept
k__Bacteria;_p__Firmicutes;_c__Clostridia;_o__Clostridiales;_f__Lachnospiraceae.13,kept
k__Bacteria;_p__Firmicutes;_c__Clostridia;_o__Clostridiales;_f__Lachnospiraceae.14,kept
k__Bacteria;_p__Firmicutes;_c__Clostridia;_o__Clostridiales;_f__Lachnospiraceae.15,kept
k__Bacteria;_p__Firmicutes;_c__Clostridia;_o__Clostridiales;_f__Lachnospiraceae.16,kept
k__Bacteria;_p__Firmicutes;_c__Clostridia;_o__Clostridiales;_f__Lachnospiraceae.17,kept
k__Bacteria;_p__Firmicutes;_c__Clostridia;_o__Clostridiales;_f__Lachnospiraceae.18,kept
k__Bacteria;_p__Firmicutes;_c__Clostridia;_o__Clostridiales;_f__Lachnospiraceae.19,kept
k__Bacteria;_p__Firmicutes;_c__Clostridia;_o__Clostridiales;_f__Lachnospiraceae.2,kept
k__Bacteria;_p__Firmicutes;_c__Clostridia;_o__Clostridiales;_f__Lachnospiraceae.20,kept
k__Bacteria;_p__Firmicutes;_c__Clostridia;_o__Clostridiales;_f__Lachnospiraceae.21,kept
k__Bacteria;_p__Firmicutes;_c__Clostridia;_o__Clostridiales;_f__Lachnospiraceae.22,kept
k__Bacteria;_p__Firmicutes;_c__Clostridia;_o__Clostridiales;_f__Lachnospiraceae.23,kept
k__Bacteria;_p__Firmicutes;_c__Clostridia;_o__Clostridiales;_f__Lachnospiraceae.24,kept
k__Bacteria;_p__Firmicutes;_c__Clostridia;_o__Clostridiales;_f__Lachnospiraceae.25,kept
k__Bacteria;_p__Firmicutes;_c__Clostridia;_o__Clostridiales;_f__Lachnospiraceae.26,kept
k__Bacteria;_p__Firmicutes;_c__Clostridia;_o__Clostridiales;_f__Lachnospiraceae.27,kept
k__Bacteria;_p__Firmicutes;_c__Clostridia;_o__Clostridiales;_f__Lachnospiraceae.28,kept
k__Bacteria;_p__Firmicutes;_c__Clostridia;_o__Clostridiales;_f__Lachnospiraceae.29,kept
k__Bacteria;_p__Firmicutes;_c__Clostridia;_o__Clostridiales;_f__Lachnospiraceae.3,kept
k__Bacteria;_p__Firmicutes;_c__Clostridia;_o__Clostridiales;_f__Lachnospiraceae.30,kept
k__Bacteria;_p__Firmicutes;_c__Clostridia;_o__Clostridiales;_f__Lachnospiraceae.31,kept
k__Bacteria;_p__Firmicutes;_c__Clostridia;_o__Clostridiales;_f__Lachnospiraceae.32,kept
k__Bacteria;_p__Firmicutes;_c__Clostridia;_o__Clostridiales;_f__Lachnospiraceae.33,kept
k__Bacteria;_p__Firmicutes;_c__Clostridia;_o__Clostridiales;_f__Lachnospiraceae.34,kept
k__Bacteria;_p__Firmicutes;_c__Clostridia;_o__Clostridiales;_f__Lachnospiraceae.35,kept
k__Bacteria;_p__Firmicutes;_c__Clostridia;_o__Clostridiales;_f__Lachnospiraceae.36,kept
k__Bacteria;_p__Firmicutes;_c__Clostridia;_o__Clostridiales;_f__Lachnospiraceae.37,kept
k__Bacteria;_p__Firmicutes;_c__Clostridia;_o__Clostridiales;_f__Lachnospiraceae.38,kept
k__Bacteria;_p__Firmicutes;_c__Clostridia;_o__Clostridiales;_f__Lachnospiraceae.39,kept
k__Bacteria;_p__Firmicutes;_c__Clostridia;_o__Clostridiales;_f__Lachnospiraceae.4,kept
k__Bacteria;_p__Firmicutes;_c__Clostridia;_o__Clostridiales;_f__Lachnospiraceae.40,kept
k__Bacteria;_p__Firmicutes;_c__Clostridia;_o__Clostridiales;_f__Lachnospiraceae.41,kept
k__Bacteria;_p__Firmicutes;_c__Clostridia;_o__Clostridiales;_f__Lachnospiraceae.42,kept
k__Bacteria;_p__Firmicutes;_c__Clostridia;_o__Clostridiales;_f__Lachnospiraceae.43,kept
k__Bacteria;_p__Firmicutes;_c__Clostridia;_o__Clostridiales;_f__Lachnospiraceae.44,kept
k__Bacteria;_p__Firmicutes;_c__Clostridia;_o__Clostridiales;_f__Lachnospiraceae.45,kept
k__Bacteria;_p__Firmicutes;_c__Clostridia;_o__Clostridiales;_f__Lachnospiraceae.46,kept
k__Bacteria;_p__Firmicutes;_c__Clostridia;_o__Clostridiales;_f__Lachnospiraceae.47,kept
k__Bacteria;_p__Firmicutes;_c__Clostridia;_o__Clostridiales;_f__Lachnospiraceae.5,kept
k__Bacteria;_p__Firmicutes;_c__Clostridia;_o__Clostridiales;_f__Lachnospiraceae.6,kept
k__Bacteria;_p__Firmicutes;_c__Clostridia;_o__Clostridiales;_f__Lachnospiraceae.7,kept
k__Bacteria;_p__Firmicutes;_c__Clostridia;_o__Clostridiales;_f__Lachnospiraceae.8,kept
k__Bacteria;_p__Firmicutes;_c__Clostridia;_o__Clostridiales;_f__Lachnospiraceae.9,kept
k__Bacteria;_p__Firmicutes;_c__Clostridia;_o__Clostridiales;_f__Lachnospiraceae;_g__;_s__,kept
k__Bacteria;_p__Firmicutes;_c__Clostridia;_o__Clostridiales;_f__Lachnospiraceae;_g__;_s__.1,kept
k__Bacteria;_p__Firmicutes;_c__Clostridia;_o__Clostridiales;_f__Lachnospiraceae;_g__Anaerostipes;_s__,kept
k__Bacteria;_p__Firmicutes;_c__Clostridia;_o__Clostridiales;_f__Lachnospiraceae;_g__Anaerostipes;_s__.1,kept
k__Bacteria;_p__Firmicutes;_c__Clostridia;_o__Clostridiales;_f__Lachnospiraceae;_g__Anaerostipes;_s__.2,kept
k__Bacteria;_p__Firmicutes;_c__Clostridia;_o__Clostridiales;_f__Lachnospiraceae;_g__Blautia,kept
k__Bacteria;_p__Firmicutes;_c__Clostridia;_o__Clostridiales;_f__Lachnospiraceae;_g__Blautia.1,kept
k__Bacteria;_p__Firmicutes;_c__Clostridia;_o__Clostridiales;_f__Lachnospiraceae;_g__Blautia;_s__,kept
k__Bacteria;_p__Firmicutes;_c__Clostridia;_o__Clostridiales;_f__Lachnospiraceae;_g__Blautia;_s__.1,kept
k__Bacteria;_p__Firmicutes;_c__Clostridia;_o__Clostridiales;_f__Lachnospiraceae;_g__Blautia;_s__.2,kept
k__Bacteria;_p__Firmicutes;_c__Clostridia;_o__Clostridiales;_f__Lachnospiraceae;_g__Blautia;_s__.3,kept
k__Bacteria;_p__Firmicutes;_c__Clostridia;_o__Clostridiales;_f__Lachnospiraceae;_g__Blautia;_s__.4,kept
k__Bacteria;_p__Firmicutes;_c__Clostridia;_o__Clostridiales;_f__Lachnospiraceae;_g__Blautia;_s__.5,kept
k__Bacteria;_p__Firmicutes;_c__Clostridia;_o__Clostridiales;_f__Lachnospiraceae;_g__Blautia;_s__.6,kept
k__Bacteria;_p__Firmicutes;_c__Clostridia;_o__Clostridiales;_f__Lachnospiraceae;_g__Blautia;_s__obeum,kept
k__Bacteria;_p__Firmicutes;_c__Clostridia;_o__Clostridiales;_f__Lachnospiraceae;_g__Blautia;_s__producta,kept
k__Bacteria;_p__Firmicutes;_c__Clostridia;_o__Clostridiales;_f__Lachnospiraceae;_g__Blautia;_s__producta.1,kept
k__Bacteria;_p__Firmicutes;_c__Clostridia;_o__Clostridiales;_f__Lachnospiraceae;_g__Butyrivibrio;_s__crossotus,kept
k__Bacteria;_p__Firmicutes;_c__Clostridia;_o__Clostridiales;_f__Lachnospiraceae;_g__Clostridium,kept
k__Bacteria;_p__Firmicutes;_c__Clostridia;_o__Clostridiales;_f__Lachnospiraceae;_g__Clostridium.2,kept
k__Bacteria;_p__Firmicutes;_c__Clostridia;_o__Clostridiales;_f__Lachnospiraceae;_g__Clostridium.3,kept
k__Bacteria;_p__Firmicutes;_c__Clostridia;_o__Clostridiales;_f__Lachnospiraceae;_g__Clostridium;_s__aldenense,kept
k__Bacteria;_p__Firmicutes;_c__Clostridia;_o__Clostridiales;_f__Lachnospiraceae;_g__Clostridium;_s__citroniae,kept
k__Bacteria;_p__Firmicutes;_c__Clostridia;_o__Clostridiales;_f__Lachnospiraceae;_g__Clostridium;_s__colinum,kept
k__Bacteria;_p__Firmicutes;_c__Clostridia;_o__Clostridiales;_f__Lachnospiraceae;_g__Clostridium;_s__hathewayi,kept
k__Bacteria;_p__Firmicutes;_c__Clostridia;_o__Clostridiales;_f__Lachnospiraceae;_g__Clostridium;_s__hathewayi.1,kept
k__Bacteria;_p__Firmicutes;_c__Clostridia;_o__Clostridiales;_f__Lachnospiraceae;_g__Clostridium;_s__lavalense,kept
k__Bacteria;_p__Firmicutes;_c__Clostridia;_o__Clostridiales;_f__Lachnospiraceae;_g__Clostridium;_s__symbiosum,kept
k__Bacteria;_p__Firmicutes;_c__Clostridia;_o__Clostridiales;_f__Lachnospiraceae;_g__Coprococcus;_s__,kept
k__Bacteria;_p__Firmicutes;_c__Clostridia;_o__Clostridiales;_f__Lachnospiraceae;_g__Coprococcus;_s__.1,kept
k__Bacteria;_p__Firmicutes;_c__Clostridia;_o__Clostridiales;_f__Lachnospiraceae;_g__Coprococcus;_s__.2,kept
k__Bacteria;_p__Firmicutes;_c__Clostridia;_o__Clostridiales;_f__Lachnospiraceae;_g__Coprococcus;_s__.3,kept
k__Bacteria;_p__Firmicutes;_c__Clostridia;_o__Clostridiales;_f__Lachnospiraceae;_g__Coprococcus;_s__.4,kept
k__Bacteria;_p__Firmicutes;_c__Clostridia;_o__Clostridiales;_f__Lachnospiraceae;_g__Coprococcus;_s__.5,kept
k__Bacteria;_p__Firmicutes;_c__Clostridia;_o__Clostridiales;_f__Lachnospiraceae;_g__Coprococcus;_s__.6,kept
k__Bacteria;_p__Firmicutes;_c__Clostridia;_o__Clostridiales;_f__Lachnospiraceae;_g__Coprococcus;_s__.7,kept
k__Bacteria;_p__Firmicutes;_c__Clostridia;_o__Clostridiales;_f__Lachnospiraceae;_g__Coprococcus;_s__.8,kept
k__Bacteria;_p__Firmicutes;_c__Clostridia;_o__Clostridiales;_f__Lachnospiraceae;_g__Coprococcus;_s__.9,kept
k__Bacteria;_p__Firmicutes;_c__Clostridia;_o__Clostridiales;_f__Lachnospiraceae;_g__Coprococcus;_s__catus,kept
k__Bacteria;_p__Firmicutes;_c__Clostridia;_o__Clostridiales;_f__Lachnospiraceae;_g__Coprococcus;_s__eutactus,kept
k__Bacteria;_p__Firmicutes;_c__Clostridia;_o__Clostridiales;_f__Lachnospiraceae;_g__Coprococcus;_s__eutactus.1,kept
k__Bacteria;_p__Firmicutes;_c__Clostridia;_o__Clostridiales;_f__Lachnospiraceae;_g__Coprococcus;_s__eutactus.2,kept
k__Bacteria;_p__Firmicutes;_c__Clostridia;_o__Clostridiales;_f__Lachnospiraceae;_g__Dorea;_s__,kept
k__Bacteria;_p__Firmicutes;_c__Clostridia;_o__Clostridiales;_f__Lachnospiraceae;_g__Dorea;_s__.1,kept
k__Bacteria;_p__Firmicutes;_c__Clostridia;_o__Clostridiales;_f__Lachnospiraceae;_g__Dorea;_s__.2,kept
k__Bacteria;_p__Firmicutes;_c__Clostridia;_o__Clostridiales;_f__Lachnospiraceae;_g__Dorea;_s__.3,kept
k__Bacteria;_p__Firmicutes;_c__Clostridia;_o__Clostridiales;_f__Lachnospiraceae;_g__Dorea;_s__.4,kept
k__Bacteria;_p__Firmicutes;_c__Clostridia;_o__Clostridiales;_f__Lachnospiraceae;_g__Dorea;_s__.5,kept
k__Bacteria;_p__Firmicutes;_c__Clostridia;_o__Clostridiales;_f__Lachnospiraceae;_g__Dorea;_s__formicigenerans,kept
k__Bacteria;_p__Firmicutes;_c__Clostridia;_o__Clostridiales;_f__Lachnospiraceae;_g__Dorea;_s__longicatena,kept
k__Bacteria;_p__Firmicutes;_c__Clostridia;_o__Clostridiales;_f__Lachnospiraceae;_g__Epulopiscium;_s__,kept
k__Bacteria;_p__Firmicutes;_c__Clostridia;_o__Clostridiales;_f__Lachnospiraceae;_g__Lachnobacterium;_s__,kept
k__Bacteria;_p__Firmicutes;_c__Clostridia;_o__Clostridiales;_f__Lachnospiraceae;_g__Lachnospira;_s__,kept
k__Bacteria;_p__Firmicutes;_c__Clostridia;_o__Clostridiales;_f__Lachnospiraceae;_g__Lachnospira;_s__.1,kept
k__Bacteria;_p__Firmicutes;_c__Clostridia;_o__Clostridiales;_f__Lachnospiraceae;_g__Lachnospira;_s__.2,kept
k__Bacteria;_p__Firmicutes;_c__Clostridia;_o__Clostridiales;_f__Lachnospiraceae;_g__Lachnospira;_s__.3,kept
k__Bacteria;_p__Firmicutes;_c__Clostridia;_o__Clostridiales;_f__Lachnospiraceae;_g__Lachnospira;_s__.4,kept
k__Bacteria;_p__Firmicutes;_c__Clostridia;_o__Clostridiales;_f__Lachnospiraceae;_g__Roseburia,kept
k__Bacteria;_p__Firmicutes;_c__Clostridia;_o__Clostridiales;_f__Lachnospiraceae;_g__Roseburia.1,kept
k__Bacteria;_p__Firmicutes;_c__Clostridia;_o__Clostridiales;_f__Lachnospiraceae;_g__Roseburia.2,kept
k__Bacteria;_p__Firmicutes;_c__Clostridia;_o__Clostridiales;_f__Lachnospiraceae;_g__Roseburia.3,kept
k__Bacteria;_p__Firmicutes;_c__Clostridia;_o__Clostridiales;_f__Lachnospiraceae;_g__Roseburia.4,kept
k__Bacteria;_p__Firmicutes;_c__Clostridia;_o__Clostridiales;_f__Lachnospiraceae;_g__Roseburia.5,kept
k__Bacteria;_p__Firmicutes;_c__Clostridia;_o__Clostridiales;_f__Lachnospiraceae;_g__Roseburia;_s__,kept
k__Bacteria;_p__Firmicutes;_c__Clostridia;_o__Clostridiales;_f__Lachnospiraceae;_g__Roseburia;_s__.1,kept
k__Bacteria;_p__Firmicutes;_c__Clostridia;_o__Clostridiales;_f__Lachnospiraceae;_g__Roseburia;_s__faecis,kept
k__Bacteria;_p__Firmicutes;_c__Clostridia;_o__Clostridiales;_f__Lachnospiraceae;_g___Ruminococcus_;_s__,kept
k__Bacteria;_p__Firmicutes;_c__Clostridia;_o__Clostridiales;_f__Lachnospiraceae;_g___Ruminococcus_;_s__.1,kept
k__Bacteria;_p__Firmicutes;_c__Clostridia;_o__Clostridiales;_f__Lachnospiraceae;_g___Ruminococcus_;_s__.2,kept
k__Bacteria;_p__Firmicutes;_c__Clostridia;_o__Clostridiales;_f__Lachnospiraceae;_g___Ruminococcus_;_s__gnavus,kept
k__Bacteria;_p__Firmicutes;_c__Clostridia;_o__Clostridiales;_f__Lachnospiraceae;_g___Ruminococcus_;_s__gnavus.1,kept
k__Bacteria;_p__Firmicutes;_c__Clostridia;_o__Clostridiales;_f__Lachnospiraceae;_g___Ruminococcus_;_s__gnavus.2,kept
k__Bacteria;_p__Firmicutes;_c__Clostridia;_o__Clostridiales;_f__Lachnospiraceae;_g___Ruminococcus_;_s__torques,kept
k__Bacteria;_p__Firmicutes;_c__Clostridia;_o__Clostridiales;_f__Peptococcaceae;_g__Peptococcus;_s__,kept
k__Bacteria;_p__Firmicutes;_c__Clostridia;_o__Clostridiales;_f__Peptococcaceae;_g__rc4-4;_s__,kept
k__Bacteria;_p__Firmicutes;_c__Clostridia;_o__Clostridiales;_f__Peptostreptococcaceae,kept
k__Bacteria;_p__Firmicutes;_c__Clostridia;_o__Clostridiales;_f__Peptostreptococcaceae.1,kept
k__Bacteria;_p__Firmicutes;_c__Clostridia;_o__Clostridiales;_f__Peptostreptococcaceae.2,kept
k__Bacteria;_p__Firmicutes;_c__Clostridia;_o__Clostridiales;_f__Peptostreptococcaceae;_g___Clostridium_,kept
k__Bacteria;_p__Firmicutes;_c__Clostridia;_o__Clostridiales;_f__Ruminococcaceae,kept
k__Bacteria;_p__Firmicutes;_c__Clostridia;_o__Clostridiales;_f__Ruminococcaceae.1,kept
k__Bacteria;_p__Firmicutes;_c__Clostridia;_o__Clostridiales;_f__Ruminococcaceae.10,kept
k__Bacteria;_p__Firmicutes;_c__Clostridia;_o__Clostridiales;_f__Ruminococcaceae.11,kept
k__Bacteria;_p__Firmicutes;_c__Clostridia;_o__Clostridiales;_f__Ruminococcaceae.12,kept
k__Bacteria;_p__Firmicutes;_c__Clostridia;_o__Clostridiales;_f__Ruminococcaceae.13,kept
k__Bacteria;_p__Firmicutes;_c__Clostridia;_o__Clostridiales;_f__Ruminococcaceae.14,kept
k__Bacteria;_p__Firmicutes;_c__Clostridia;_o__Clostridiales;_f__Ruminococcaceae.15,kept
k__Bacteria;_p__Firmicutes;_c__Clostridia;_o__Clostridiales;_f__Ruminococcaceae.16,kept
k__Bacteria;_p__Firmicutes;_c__Clostridia;_o__Clostridiales;_f__Ruminococcaceae.17,kept
k__Bacteria;_p__Firmicutes;_c__Clostridia;_o__Clostridiales;_f__Ruminococcaceae.18,kept
k__Bacteria;_p__Firmicutes;_c__Clostridia;_o__Clostridiales;_f__Ruminococcaceae.19,kept
k__Bacteria;_p__Firmicutes;_c__Clostridia;_o__Clostridiales;_f__Ruminococcaceae.2,kept
k__Bacteria;_p__Firmicutes;_c__Clostridia;_o__Clostridiales;_f__Ruminococcaceae.20,kept
k__Bacteria;_p__Firmicutes;_c__Clostridia;_o__Clostridiales;_f__Ruminococcaceae.21,kept
k__Bacteria;_p__Firmicutes;_c__Clostridia;_o__Clostridiales;_f__Ruminococcaceae.22,kept
k__Bacteria;_p__Firmicutes;_c__Clostridia;_o__Clostridiales;_f__Ruminococcaceae.23,kept
k__Bacteria;_p__Firmicutes;_c__Clostridia;_o__Clostridiales;_f__Ruminococcaceae.24,kept
k__Bacteria;_p__Firmicutes;_c__Clostridia;_o__Clostridiales;_f__Ruminococcaceae.25,kept
k__Bacteria;_p__Firmicutes;_c__Clostridia;_o__Clostridiales;_f__Ruminococcaceae.26,kept
k__Bacteria;_p__Firmicutes;_c__Clostridia;_o__Clostridiales;_f__Ruminococcaceae.27,kept
k__Bacteria;_p__Firmicutes;_c__Clostridia;_o__Clostridiales;_f__Ruminococcaceae.28,kept
k__Bacteria;_p__Firmicutes;_c__Clostridia;_o__Clostridiales;_f__Ruminococcaceae.29,kept
k__Bacteria;_p__Firmicutes;_c__Clostridia;_o__Clostridiales;_f__Ruminococcaceae.3,kept
k__Bacteria;_p__Firmicutes;_c__Clostridia;_o__Clostridiales;_f__Ruminococcaceae.30,kept
k__Bacteria;_p__Firmicutes;_c__Clostridia;_o__Clostridiales;_f__Ruminococcaceae.31,kept
k__Bacteria;_p__Firmicutes;_c__Clostridia;_o__Clostridiales;_f__Ruminococcaceae.32,kept
k__Bacteria;_p__Firmicutes;_c__Clostridia;_o__Clostridiales;_f__Ruminococcaceae.33,kept
k__Bacteria;_p__Firmicutes;_c__Clostridia;_o__Clostridiales;_f__Ruminococcaceae.34,kept
k__Bacteria;_p__Firmicutes;_c__Clostridia;_o__Clostridiales;_f__Ruminococcaceae.35,kept
k__Bacteria;_p__Firmicutes;_c__Clostridia;_o__Clostridiales;_f__Ruminococcaceae.36,kept
k__Bacteria;_p__Firmicutes;_c__Clostridia;_o__Clostridiales;_f__Ruminococcaceae.37,kept
k__Bacteria;_p__Firmicutes;_c__Clostridia;_o__Clostridiales;_f__Ruminococcaceae.38,kept
k__Bacteria;_p__Firmicutes;_c__Clostridia;_o__Clostridiales;_f__Ruminococcaceae.39,kept
k__Bacteria;_p__Firmicutes;_c__Clostridia;_o__Clostridiales;_f__Ruminococcaceae.4,kept
k__Bacteria;_p__Firmicutes;_c__Clostridia;_o__Clostridiales;_f__Ruminococcaceae.40,kept
k__Bacteria;_p__Firmicutes;_c__Clostridia;_o__Clostridiales;_f__Ruminococcaceae.41,kept
k__Bacteria;_p__Firmicutes;_c__Clostridia;_o__Clostridiales;_f__Ruminococcaceae.42,kept
k__Bacteria;_p__Firmicutes;_c__Clostridia;_o__Clostridiales;_f__Ruminococcaceae.43,kept
k__Bacteria;_p__Firmicutes;_c__Clostridia;_o__Clostridiales;_f__Ruminococcaceae.5,kept
k__Bacteria;_p__Firmicutes;_c__Clostridia;_o__Clostridiales;_f__Ruminococcaceae.6,kept
k__Bacteria;_p__Firmicutes;_c__Clostridia;_o__Clostridiales;_f__Ruminococcaceae.7,kept
k__Bacteria;_p__Firmicutes;_c__Clostridia;_o__Clostridiales;_f__Ruminococcaceae.8,kept
k__Bacteria;_p__Firmicutes;_c__Clostridia;_o__Clostridiales;_f__Ruminococcaceae.9,kept
k__Bacteria;_p__Firmicutes;_c__Clostridia;_o__Clostridiales;_f__Ruminococcaceae;_g__;_s__,kept
k__Bacteria;_p__Firmicutes;_c__Clostridia;_o__Clostridiales;_f__Ruminococcaceae;_g__;_s__.1,kept
k__Bacteria;_p__Firmicutes;_c__Clostridia;_o__Clostridiales;_f__Ruminococcaceae;_g__;_s__.10,kept
k__Bacteria;_p__Firmicutes;_c__Clostridia;_o__Clostridiales;_f__Ruminococcaceae;_g__;_s__.11,kept
k__Bacteria;_p__Firmicutes;_c__Clostridia;_o__Clostridiales;_f__Ruminococcaceae;_g__;_s__.12,kept
k__Bacteria;_p__Firmicutes;_c__Clostridia;_o__Clostridiales;_f__Ruminococcaceae;_g__;_s__.13,kept
k__Bacteria;_p__Firmicutes;_c__Clostridia;_o__Clostridiales;_f__Ruminococcaceae;_g__;_s__.2,kept
k__Bacteria;_p__Firmicutes;_c__Clostridia;_o__Clostridiales;_f__Ruminococcaceae;_g__;_s__.3,kept
k__Bacteria;_p__Firmicutes;_c__Clostridia;_o__Clostridiales;_f__Ruminococcaceae;_g__;_s__.4,kept
k__Bacteria;_p__Firmicutes;_c__Clostridia;_o__Clostridiales;_f__Ruminococcaceae;_g__;_s__.5,kept
k__Bacteria;_p__Firmicutes;_c__Clostridia;_o__Clostridiales;_f__Ruminococcaceae;_g__;_s__.6,kept
k__Bacteria;_p__Firmicutes;_c__Clostridia;_o__Clostridiales;_f__Ruminococcaceae;_g__;_s__.7,kept
k__Bacteria;_p__Firmicutes;_c__Clostridia;_o__Clostridiales;_f__Ruminococcaceae;_g__;_s__.8,kept
k__Bacteria;_p__Firmicutes;_c__Clostridia;_o__Clostridiales;_f__Ruminococcaceae;_g__;_s__.9,kept
k__Bacteria;_p__Firmicutes;_c__Clostridia;_o__Clostridiales;_f__Ruminococcaceae;_g__Anaerotruncus;_s__,kept
k__Bacteria;_p__Firmicutes;_c__Clostridia;_o__Clostridiales;_f__Ruminococcaceae;_g__Anaerotruncus;_s__.1,kept
k__Bacteria;_p__Firmicutes;_c__Clostridia;_o__Clostridiales;_f__Ruminococcaceae;_g__Butyricicoccus;_s__pullicaecorum,kept
k__Bacteria;_p__Firmicutes;_c__Clostridia;_o__Clostridiales;_f__Ruminococcaceae;_g__Butyricicoccus;_s__pullicaecorum.1,kept
k__Bacteria;_p__Firmicutes;_c__Clostridia;_o__Clostridiales;_f__Ruminococcaceae;_g__Butyricicoccus;_s__pullicaecorum.2,kept
k__Bacteria;_p__Firmicutes;_c__Clostridia;_o__Clostridiales;_f__Ruminococcaceae;_g__Clostridium,kept
k__Bacteria;_p__Firmicutes;_c__Clostridia;_o__Clostridiales;_f__Ruminococcaceae;_g__Clostridium;_s__methylpentosum,kept
k__Bacteria;_p__Firmicutes;_c__Clostridia;_o__Clostridiales;_f__Ruminococcaceae;_g__Clostridium;_s__methylpentosum.1,kept
k__Bacteria;_p__Firmicutes;_c__Clostridia;_o__Clostridiales;_f__Ruminococcaceae;_g__Faecalibacterium,kept
k__Bacteria;_p__Firmicutes;_c__Clostridia;_o__Clostridiales;_f__Ruminococcaceae;_g__Faecalibacterium;_s__prausnitzii,kept
k__Bacteria;_p__Firmicutes;_c__Clostridia;_o__Clostridiales;_f__Ruminococcaceae;_g__Faecalibacterium;_s__prausnitzii.1,kept
k__Bacteria;_p__Firmicutes;_c__Clostridia;_o__Clostridiales;_f__Ruminococcaceae;_g__Faecalibacterium;_s__prausnitzii.10,kept
k__Bacteria;_p__Firmicutes;_c__Clostridia;_o__Clostridiales;_f__Ruminococcaceae;_g__Faecalibacterium;_s__prausnitzii.2,kept
k__Bacteria;_p__Firmicutes;_c__Clostridia;_o__Clostridiales;_f__Ruminococcaceae;_g__Faecalibacterium;_s__prausnitzii.3,kept
k__Bacteria;_p__Firmicutes;_c__Clostridia;_o__Clostridiales;_f__Ruminococcaceae;_g__Faecalibacterium;_s__prausnitzii.4,kept
k__Bacteria;_p__Firmicutes;_c__Clostridia;_o__Clostridiales;_f__Ruminococcaceae;_g__Faecalibacterium;_s__prausnitzii.5,kept
k__Bacteria;_p__Firmicutes;_c__Clostridia;_o__Clostridiales;_f__Ruminococcaceae;_g__Faecalibacterium;_s__prausnitzii.6,kept
k__Bacteria;_p__Firmicutes;_c__Clostridia;_o__Clostridiales;_f__Ruminococcaceae;_g__Faecalibacterium;_s__prausnitzii.7,kept
k__Bacteria;_p__Firmicutes;_c__Clostridia;_o__Clostridiales;_f__Ruminococcaceae;_g__Faecalibacterium;_s__prausnitzii.8,kept
k__Bacteria;_p__Firmicutes;_c__Clostridia;_o__Clostridiales;_f__Ruminococcaceae;_g__Faecalibacterium;_s__prausnitzii.9,kept
k__Bacteria;_p__Firmicutes;_c__Clostridia;_o__Clostridiales;_f__Ruminococcaceae;_g__Gemmiger;_s__formicilis,kept
k__Bacteria;_p__Firmicutes;_c__Clostridia;_o__Clostridiales;_f__Ruminococcaceae;_g__Gemmiger;_s__formicilis.1,kept
k__Bacteria;_p__Firmicutes;_c__Clostridia;_o__Clostridiales;_f__Ruminococcaceae;_g__Gemmiger;_s__formicilis.2,kept
k__Bacteria;_p__Firmicutes;_c__Clostridia;_o__Clostridiales;_f__Ruminococcaceae;_g__Oscillospira,kept
k__Bacteria;_p__Firmicutes;_c__Clostridia;_o__Clostridiales;_f__Ruminococcaceae;_g__Oscillospira;_s__,kept
k__Bacteria;_p__Firmicutes;_c__Clostridia;_o__Clostridiales;_f__Ruminococcaceae;_g__Oscillospira;_s__.1,kept
k__Bacteria;_p__Firmicutes;_c__Clostridia;_o__Clostridiales;_f__Ruminococcaceae;_g__Oscillospira;_s__.10,kept
k__Bacteria;_p__Firmicutes;_c__Clostridia;_o__Clostridiales;_f__Ruminococcaceae;_g__Oscillospira;_s__.11,kept
k__Bacteria;_p__Firmicutes;_c__Clostridia;_o__Clostridiales;_f__Ruminococcaceae;_g__Oscillospira;_s__.12,kept
k__Bacteria;_p__Firmicutes;_c__Clostridia;_o__Clostridiales;_f__Ruminococcaceae;_g__Oscillospira;_s__.13,kept
k__Bacteria;_p__Firmicutes;_c__Clostridia;_o__Clostridiales;_f__Ruminococcaceae;_g__Oscillospira;_s__.14,kept
k__Bacteria;_p__Firmicutes;_c__Clostridia;_o__Clostridiales;_f__Ruminococcaceae;_g__Oscillospira;_s__.15,kept
k__Bacteria;_p__Firmicutes;_c__Clostridia;_o__Clostridiales;_f__Ruminococcaceae;_g__Oscillospira;_s__.16,kept
k__Bacteria;_p__Firmicutes;_c__Clostridia;_o__Clostridiales;_f__Ruminococcaceae;_g__Oscillospira;_s__.17,kept
k__Bacteria;_p__Firmicutes;_c__Clostridia;_o__Clostridiales;_f__Ruminococcaceae;_g__Oscillospira;_s__.18,kept
k__Bacteria;_p__Firmicutes;_c__Clostridia;_o__Clostridiales;_f__Ruminococcaceae;_g__Oscillospira;_s__.2,kept
k__Bacteria;_p__Firmicutes;_c__Clostridia;_o__Clostridiales;_f__Ruminococcaceae;_g__Oscillospira;_s__.3,kept
k__Bacteria;_p__Firmicutes;_c__Clostridia;_o__Clostridiales;_f__Ruminococcaceae;_g__Oscillospira;_s__.4,kept
k__Bacteria;_p__Firmicutes;_c__Clostridia;_o__Clostridiales;_f__Ruminococcaceae;_g__Oscillospira;_s__.5,kept
k__Bacteria;_p__Firmicutes;_c__Clostridia;_o__Clostridiales;_f__Ruminococcaceae;_g__Oscillospira;_s__.6,kept
k__Bacteria;_p__Firmicutes;_c__Clostridia;_o__Clostridiales;_f__Ruminococcaceae;_g__Oscillospira;_s__.7,kept
k__Bacteria;_p__Firmicutes;_c__Clostridia;_o__Clostridiales;_f__Ruminococcaceae;_g__Oscillospira;_s__.8,kept
k__Bacteria;_p__Firmicutes;_c__Clostridia;_o__Clostridiales;_f__Ruminococcaceae;_g__Oscillospira;_s__.9,kept
k__Bacteria;_p__Firmicutes;_c__Clostridia;_o__Clostridiales;_f__Ruminococcaceae;_g__Ruminococcus,kept
k__Bacteria;_p__Firmicutes;_c__Clostridia;_o__Clostridiales;_f__Ruminococcaceae;_g__Ruminococcus.1,kept
k__Bacteria;_p__Firmicutes;_c__Clostridia;_o__Clostridiales;_f__Ruminococcaceae;_g__Ruminococcus.2,kept
k__Bacteria;_p__Firmicutes;_c__Clostridia;_o__Clostridiales;_f__Ruminococcaceae;_g__Ruminococcus;_s__,kept
k__Bacteria;_p__Firmicutes;_c__Clostridia;_o__Clostridiales;_f__Ruminococcaceae;_g__Ruminococcus;_s__.1,kept
k__Bacteria;_p__Firmicutes;_c__Clostridia;_o__Clostridiales;_f__Ruminococcaceae;_g__Ruminococcus;_s__.10,kept
k__Bacteria;_p__Firmicutes;_c__Clostridia;_o__Clostridiales;_f__Ruminococcaceae;_g__Ruminococcus;_s__.11,kept
k__Bacteria;_p__Firmicutes;_c__Clostridia;_o__Clostridiales;_f__Ruminococcaceae;_g__Ruminococcus;_s__.12,kept
k__Bacteria;_p__Firmicutes;_c__Clostridia;_o__Clostridiales;_f__Ruminococcaceae;_g__Ruminococcus;_s__.2,kept
k__Bacteria;_p__Firmicutes;_c__Clostridia;_o__Clostridiales;_f__Ruminococcaceae;_g__Ruminococcus;_s__.3,kept
k__Bacteria;_p__Firmicutes;_c__Clostridia;_o__Clostridiales;_f__Ruminococcaceae;_g__Ruminococcus;_s__.4,kept
k__Bacteria;_p__Firmicutes;_c__Clostridia;_o__Clostridiales;_f__Ruminococcaceae;_g__Ruminococcus;_s__.5,kept
k__Bacteria;_p__Firmicutes;_c__Clostridia;_o__Clostridiales;_f__Ruminococcaceae;_g__Ruminococcus;_s__.6,kept
k__Bacteria;_p__Firmicutes;_c__Clostridia;_o__Clostridiales;_f__Ruminococcaceae;_g__Ruminococcus;_s__.7,kept
k__Bacteria;_p__Firmicutes;_c__Clostridia;_o__Clostridiales;_f__Ruminococcaceae;_g__Ruminococcus;_s__.8,kept
k__Bacteria;_p__Firmicutes;_c__Clostridia;_o__Clostridiales;_f__Ruminococcaceae;_g__Ruminococcus;_s__.9,kept
k__Bacteria;_p__Firmicutes;_c__Clostridia;_o__Clostridiales;_f__Ruminococcaceae;_g__Ruminococcus;_s__bromii,kept
k__Bacteria;_p__Firmicutes;_c__Clostridia;_o__Clostridiales;_f__Ruminococcaceae;_g__Ruminococcus;_s__bromii.1,kept
k__Bacteria;_p__Firmicutes;_c__Clostridia;_o__Clostridiales;_f__Ruminococcaceae;_g__Ruminococcus;_s__callidus,kept
k__Bacteria;_p__Firmicutes;_c__Clostridia;_o__Clostridiales;_f__Ruminococcaceae;_g__Ruminococcus;_s__callidus.1,kept
k__Bacteria;_p__Firmicutes;_c__Clostridia;_o__Clostridiales;_f__Ruminococcaceae;_g__Ruminococcus;_s__flavefaciens,kept
k__Bacteria;_p__Firmicutes;_c__Clostridia;_o__Clostridiales;_f__Veillonellaceae,kept
k__Bacteria;_p__Firmicutes;_c__Clostridia;_o__Clostridiales;_f__Veillonellaceae.1,kept
k__Bacteria;_p__Firmicutes;_c__Clostridia;_o__Clostridiales;_f__Veillonellaceae.2,kept
k__Bacteria;_p__Firmicutes;_c__Clostridia;_o__Clostridiales;_f__Veillonellaceae.3,kept
k__Bacteria;_p__Firmicutes;_c__Clostridia;_o__Clostridiales;_f__Veillonellaceae.4,kept
k__Bacteria;_p__Firmicutes;_c__Clostridia;_o__Clostridiales;_f__Veillonellaceae.5,kept
k__Bacteria;_p__Firmicutes;_c__Clostridia;_o__Clostridiales;_f__Veillonellaceae.6,kept
k__Bacteria;_p__Firmicutes;_c__Clostridia;_o__Clostridiales;_f__Veillonellaceae;_g__Acidaminococcus;_s__,kept
k__Bacteria;_p__Firmicutes;_c__Clostridia;_o__Clostridiales;_f__Veillonellaceae;_g__Dialister;_s__,kept
k__Bacteria;_p__Firmicutes;_c__Clostridia;_o__Clostridiales;_f__Veillonellaceae;_g__Dialister;_s__.1,kept
k__Bacteria;_p__Firmicutes;_c__Clostridia;_o__Clostridiales;_f__Veillonellaceae;_g__Dialister;_s__.2,kept
k__Bacteria;_p__Firmicutes;_c__Clostridia;_o__Clostridiales;_f__Veillonellaceae;_g__Dialister;_s__.3,kept
k__Bacteria;_p__Firmicutes;_c__Clostridia;_o__Clostridiales;_f__Veillonellaceae;_g__Dialister;_s__.4,kept
k__Bacteria;_p__Firmicutes;_c__Clostridia;_o__Clostridiales;_f__Veillonellaceae;_g__Dialister;_s__.5,kept
k__Bacteria;_p__Firmicutes;_c__Clostridia;_o__Clostridiales;_f__Veillonellaceae;_g__Dialister;_s__.6,kept
k__Bacteria;_p__Firmicutes;_c__Clostridia;_o__Clostridiales;_f__Veillonellaceae;_g__Dialister;_s__.7,kept
k__Bacteria;_p__Firmicutes;_c__Clostridia;_o__Clostridiales;_f__Veillonellaceae;_g__Megamonas;_s__,kept
k__Bacteria;_p__Firmicutes;_c__Clostridia;_o__Clostridiales;_f__Veillonellaceae;_g__Megamonas;_s__.1,kept
k__Bacteria;_p__Firmicutes;_c__Clostridia;_o__Clostridiales;_f__Veillonellaceae;_g__Megamonas;_s__.2,kept
k__Bacteria;_p__Firmicutes;_c__Clostridia;_o__Clostridiales;_f__Veillonellaceae;_g__Megasphaera;_s__,kept
k__Bacteria;_p__Firmicutes;_c__Clostridia;_o__Clostridiales;_f__Veillonellaceae;_g__Megasphaera;_s__.1,kept
k__Bacteria;_p__Firmicutes;_c__Clostridia;_o__Clostridiales;_f__Veillonellaceae;_g__Megasphaera;_s__.2,kept
k__Bacteria;_p__Firmicutes;_c__Clostridia;_o__Clostridiales;_f__Veillonellaceae;_g__Megasphaera;_s__.3,kept
k__Bacteria;_p__Firmicutes;_c__Clostridia;_o__Clostridiales;_f__Veillonellaceae;_g__Megasphaera;_s__.4,kept
k__Bacteria;_p__Firmicutes;_c__Clostridia;_o__Clostridiales;_f__Veillonellaceae;_g__Mitsuokella;_s__,kept
k__Bacteria;_p__Firmicutes;_c__Clostridia;_o__Clostridiales;_f__Veillonellaceae;_g__Phascolarctobacterium;_s__,kept
k__Bacteria;_p__Firmicutes;_c__Clostridia;_o__Clostridiales;_f__Veillonellaceae;_g__Phascolarctobacterium;_s__.1,kept
k__Bacteria;_p__Firmicutes;_c__Clostridia;_o__Clostridiales;_f__Veillonellaceae;_g__Phascolarctobacterium;_s__.2,kept
k__Bacteria;_p__Firmicutes;_c__Clostridia;_o__Clostridiales;_f__Veillonellaceae;_g__Phascolarctobacterium;_s__.3,kept
k__Bacteria;_p__Firmicutes;_c__Clostridia;_o__Clostridiales;_f__Veillonellaceae;_g__Veillonella,kept
k__Bacteria;_p__Firmicutes;_c__Clostridia;_o__Clostridiales;_f__Veillonellaceae;_g__Veillonella;_s__dispar,kept
k__Bacteria;_p__Firmicutes;_c__Clostridia;_o__Clostridiales;_f__Veillonellaceae;_g__Veillonella;_s__dispar.1,kept
k__Bacteria;_p__Firmicutes;_c__Clostridia;_o__Clostridiales;_f__Veillonellaceae;_g__Veillonella;_s__parvula,kept
k__Bacteria;_p__Firmicutes;_c__Clostridia;_o__Clostridiales;_f___Mogibacteriaceae_,kept
k__Bacteria;_p__Firmicutes;_c__Clostridia;_o__Clostridiales;_f___Mogibacteriaceae_;_g__;_s__,kept
k__Bacteria;_p__Firmicutes;_c__Clostridia;_o__Clostridiales;_f___Mogibacteriaceae_;_g__;_s__.1,kept
k__Bacteria;_p__Firmicutes;_c__Clostridia;_o__Clostridiales;_f___Mogibacteriaceae_;_g__;_s__.10,kept
k__Bacteria;_p__Firmicutes;_c__Clostridia;_o__Clostridiales;_f___Mogibacteriaceae_;_g__;_s__.11,kept
k__Bacteria;_p__Firmicutes;_c__Clostridia;_o__Clostridiales;_f___Mogibacteriaceae_;_g__;_s__.2,kept
k__Bacteria;_p__Firmicutes;_c__Clostridia;_o__Clostridiales;_f___Mogibacteriaceae_;_g__;_s__.3,kept
k__Bacteria;_p__Firmicutes;_c__Clostridia;_o__Clostridiales;_f___Mogibacteriaceae_;_g__;_s__.4,kept
k__Bacteria;_p__Firmicutes;_c__Clostridia;_o__Clostridiales;_f___Mogibacteriaceae_;_g__;_s__.5,kept
k__Bacteria;_p__Firmicutes;_c__Clostridia;_o__Clostridiales;_f___Mogibacteriaceae_;_g__;_s__.6,kept
k__Bacteria;_p__Firmicutes;_c__Clostridia;_o__Clostridiales;_f___Mogibacteriaceae_;_g__;_s__.7,kept
k__Bacteria;_p__Firmicutes;_c__Clostridia;_o__Clostridiales;_f___Mogibacteriaceae_;_g__;_s__.8,kept
k__Bacteria;_p__Firmicutes;_c__Clostridia;_o__Clostridiales;_f___Mogibacteriaceae_;_g__;_s__.9,kept
k__Bacteria;_p__Firmicutes;_c__Clostridia;_o__Clostridiales;_f___Mogibacteriaceae_;_g__Mogibacterium;_s__,kept
k__Bacteria;_p__Firmicutes;_c__Clostridia;_o__Clostridiales;_f___Tissierellaceae_;_g__1-68;_s__,kept
k__Bacteria;_p__Firmicutes;_c__Clostridia;_o__Clostridiales;_f___Tissierellaceae_;_g__Anaerococcus;_s__,kept
k__Bacteria;_p__Firmicutes;_c__Clostridia;_o__Clostridiales;_f___Tissierellaceae_;_g__Anaerococcus;_s__.1,kept
k__Bacteria;_p__Firmicutes;_c__Clostridia;_o__Clostridiales;_f___Tissierellaceae_;_g__Finegoldia;_s__,kept
k__Bacteria;_p__Firmicutes;_c__Clostridia;_o__Clostridiales;_f___Tissierellaceae_;_g__Parvimonas;_s__,kept
k__Bacteria;_p__Firmicutes;_c__Clostridia;_o__Clostridiales;_f___Tissierellaceae_;_g__Peptoniphilus;_s__,kept
k__Bacteria;_p__Firmicutes;_c__Clostridia;_o__Clostridiales;_f___Tissierellaceae_;_g__Peptoniphilus;_s__.1,kept
k__Bacteria;_p__Firmicutes;_c__Clostridia;_o__Clostridiales;_f___Tissierellaceae_;_g__WAL_1855D;_s__,kept
k__Bacteria;_p__Firmicutes;_c__Clostridia;_o__Clostridiales;_f___Tissierellaceae_;_g__ph2;_s__,kept
k__Bacteria;_p__Firmicutes;_c__Erysipelotrichi;_o__Erysipelotrichales;_f__Erysipelotrichaceae,kept
k__Bacteria;_p__Firmicutes;_c__Erysipelotrichi;_o__Erysipelotrichales;_f__Erysipelotrichaceae.1,kept
k__Bacteria;_p__Firmicutes;_c__Erysipelotrichi;_o__Erysipelotrichales;_f__Erysipelotrichaceae;_g__;_s__,kept
k__Bacteria;_p__Firmicutes;_c__Erysipelotrichi;_o__Erysipelotrichales;_f__Erysipelotrichaceae;_g__Bulleidia;_s__moorei,kept
k__Bacteria;_p__Firmicutes;_c__Erysipelotrichi;_o__Erysipelotrichales;_f__Erysipelotrichaceae;_g__Catenibacterium;_s__,kept
k__Bacteria;_p__Firmicutes;_c__Erysipelotrichi;_o__Erysipelotrichales;_f__Erysipelotrichaceae;_g__Clostridium,kept
k__Bacteria;_p__Firmicutes;_c__Erysipelotrichi;_o__Erysipelotrichales;_f__Erysipelotrichaceae;_g__Clostridium;_s__ramosum,kept
k__Bacteria;_p__Firmicutes;_c__Erysipelotrichi;_o__Erysipelotrichales;_f__Erysipelotrichaceae;_g__Clostridium;_s__spiroforme,kept
k__Bacteria;_p__Firmicutes;_c__Erysipelotrichi;_o__Erysipelotrichales;_f__Erysipelotrichaceae;_g__Coprobacillus;_s__,kept
k__Bacteria;_p__Firmicutes;_c__Erysipelotrichi;_o__Erysipelotrichales;_f__Erysipelotrichaceae;_g__Coprobacillus;_s__cateniformis,kept
k__Bacteria;_p__Firmicutes;_c__Erysipelotrichi;_o__Erysipelotrichales;_f__Erysipelotrichaceae;_g__Holdemania;_s__,kept
k__Bacteria;_p__Firmicutes;_c__Erysipelotrichi;_o__Erysipelotrichales;_f__Erysipelotrichaceae;_g__Holdemania;_s__.1,kept
k__Bacteria;_p__Firmicutes;_c__Erysipelotrichi;_o__Erysipelotrichales;_f__Erysipelotrichaceae;_g__Holdemania;_s__.2,kept
k__Bacteria;_p__Firmicutes;_c__Erysipelotrichi;_o__Erysipelotrichales;_f__Erysipelotrichaceae;_g___Eubacterium_;_s__,kept
k__Bacteria;_p__Firmicutes;_c__Erysipelotrichi;_o__Erysipelotrichales;_f__Erysipelotrichaceae;_g___Eubacterium_;_s__biforme,kept
k__Bacteria;_p__Firmicutes;_c__Erysipelotrichi;_o__Erysipelotrichales;_f__Erysipelotrichaceae;_g___Eubacterium_;_s__biforme.1,kept
k__Bacteria;_p__Firmicutes;_c__Erysipelotrichi;_o__Erysipelotrichales;_f__Erysipelotrichaceae;_g___Eubacterium_;_s__dolichum,kept
k__Bacteria;_p__Firmicutes;_c__Erysipelotrichi;_o__Erysipelotrichales;_f__Erysipelotrichaceae;_g___Eubacterium_;_s__dolichum.1,kept
k__Bacteria;_p__Firmicutes;_c__Erysipelotrichi;_o__Erysipelotrichales;_f__Erysipelotrichaceae;_g___Eubacterium_;_s__dolichum.2,kept
k__Bacteria;_p__Firmicutes;_c__Erysipelotrichi;_o__Erysipelotrichales;_f__Erysipelotrichaceae;_g__cc_115;_s__,kept
k__Bacteria;_p__Fusobacteria;_c__Fusobacteriia;_o__Fusobacteriales;_f__Fusobacteriaceae,kept
k__Bacteria;_p__Fusobacteria;_c__Fusobacteriia;_o__Fusobacteriales;_f__Fusobacteriaceae;_g__;_s__,kept
k__Bacteria;_p__Fusobacteria;_c__Fusobacteriia;_o__Fusobacteriales;_f__Fusobacteriaceae;_g__Fusobacterium;_s__,kept
k__Bacteria;_p__Fusobacteria;_c__Fusobacteriia;_o__Fusobacteriales;_f__Fusobacteriaceae;_g__Fusobacterium;_s__.1,kept
k__Bacteria;_p__Lentisphaerae;_c___Lentisphaeria_;_o__Victivallales;_f__Victivallaceae;_g__Victivallis;_s__vadensis,kept
k__Bacteria;_p__OD1,kept
k__Bacteria;_p__OD1.1,kept
k__Bacteria;_p__OD1;_c__;_o__;_f__;_g__;_s__,kept
k__Bacteria;_p__Proteobacteria;_c__Alphaproteobacteria;_o__RF32;_f__;_g__;_s__,kept
k__Bacteria;_p__Proteobacteria;_c__Alphaproteobacteria;_o__RF32;_f__;_g__;_s__.1,kept
k__Bacteria;_p__Proteobacteria;_c__Alphaproteobacteria;_o__Rhizobiales;_f__Hyphomicrobiaceae;_g__Devosia;_s__,kept
k__Bacteria;_p__Proteobacteria;_c__Alphaproteobacteria;_o__Rhizobiales;_f__Methylobacteriaceae,kept
k__Bacteria;_p__Proteobacteria;_c__Alphaproteobacteria;_o__Rhizobiales;_f__Methylobacteriaceae;_g__Methylobacterium,kept
k__Bacteria;_p__Proteobacteria;_c__Betaproteobacteria;_o__Burkholderiales,kept
k__Bacteria;_p__Proteobacteria;_c__Betaproteobacteria;_o__Burkholderiales.1,kept
k__Bacteria;_p__Proteobacteria;_c__Betaproteobacteria;_o__Burkholderiales.2,kept
k__Bacteria;_p__Proteobacteria;_c__Betaproteobacteria;_o__Burkholderiales;_f__Alcaligenaceae;_g__Sutterella;_s__,kept
k__Bacteria;_p__Proteobacteria;_c__Betaproteobacteria;_o__Burkholderiales;_f__Alcaligenaceae;_g__Sutterella;_s__.1,kept
k__Bacteria;_p__Proteobacteria;_c__Betaproteobacteria;_o__Burkholderiales;_f__Alcaligenaceae;_g__Sutterella;_s__.2,kept
k__Bacteria;_p__Proteobacteria;_c__Betaproteobacteria;_o__Burkholderiales;_f__Alcaligenaceae;_g__Sutterella;_s__.3,kept
k__Bacteria;_p__Proteobacteria;_c__Betaproteobacteria;_o__Burkholderiales;_f__Alcaligenaceae;_g__Sutterella;_s__.4,kept
k__Bacteria;_p__Proteobacteria;_c__Betaproteobacteria;_o__Burkholderiales;_f__Alcaligenaceae;_g__Sutterella;_s__.5,kept
k__Bacteria;_p__Proteobacteria;_c__Betaproteobacteria;_o__Burkholderiales;_f__Alcaligenaceae;_g__Sutterella;_s__.6,kept
k__Bacteria;_p__Proteobacteria;_c__Betaproteobacteria;_o__Burkholderiales;_f__Comamonadaceae,kept
k__Bacteria;_p__Proteobacteria;_c__Betaproteobacteria;_o__Burkholderiales;_f__Comamonadaceae.1,kept
k__Bacteria;_p__Proteobacteria;_c__Betaproteobacteria;_o__Burkholderiales;_f__Comamonadaceae.2,kept
k__Bacteria;_p__Proteobacteria;_c__Betaproteobacteria;_o__Burkholderiales;_f__Oxalobacteraceae,kept
k__Bacteria;_p__Proteobacteria;_c__Betaproteobacteria;_o__Burkholderiales;_f__Oxalobacteraceae;_g__Massilia,kept
k__Bacteria;_p__Proteobacteria;_c__Betaproteobacteria;_o__Burkholderiales;_f__Oxalobacteraceae;_g__Oxalobacter,kept
k__Bacteria;_p__Proteobacteria;_c__Betaproteobacteria;_o__Burkholderiales;_f__Oxalobacteraceae;_g__Oxalobacter;_s__formigenes,kept
k__Bacteria;_p__Proteobacteria;_c__Betaproteobacteria;_o__Neisseriales;_f__Neisseriaceae,kept
k__Bacteria;_p__Proteobacteria;_c__Betaproteobacteria;_o__Neisseriales;_f__Neisseriaceae.1,kept
k__Bacteria;_p__Proteobacteria;_c__Betaproteobacteria;_o__Neisseriales;_f__Neisseriaceae;_g__Neisseria,kept
k__Bacteria;_p__Proteobacteria;_c__Deltaproteobacteria;_o__Desulfovibrionales;_f__Desulfovibrionaceae;_g__;_s__,kept
k__Bacteria;_p__Proteobacteria;_c__Deltaproteobacteria;_o__Desulfovibrionales;_f__Desulfovibrionaceae;_g__Bilophila;_s__,kept
k__Bacteria;_p__Proteobacteria;_c__Deltaproteobacteria;_o__Desulfovibrionales;_f__Desulfovibrionaceae;_g__Bilophila;_s__.1,kept
k__Bacteria;_p__Proteobacteria;_c__Deltaproteobacteria;_o__Desulfovibrionales;_f__Desulfovibrionaceae;_g__Desulfovibrio,kept
k__Bacteria;_p__Proteobacteria;_c__Deltaproteobacteria;_o__Desulfovibrionales;_f__Desulfovibrionaceae;_g__Desulfovibrio;_s__,kept
k__Bacteria;_p__Proteobacteria;_c__Deltaproteobacteria;_o__Desulfovibrionales;_f__Desulfovibrionaceae;_g__Desulfovibrio;_s__.1,kept
k__Bacteria;_p__Proteobacteria;_c__Deltaproteobacteria;_o__Desulfovibrionales;_f__Desulfovibrionaceae;_g__Desulfovibrio;_s__D168,kept
k__Bacteria;_p__Proteobacteria;_c__Epsilonproteobacteria;_o__Campylobacterales;_f__Campylobacteraceae;_g__Arcobacter;_s__,kept
k__Bacteria;_p__Proteobacteria;_c__Gammaproteobacteria,kept
k__Bacteria;_p__Proteobacteria;_c__Gammaproteobacteria.1,kept
k__Bacteria;_p__Proteobacteria;_c__Gammaproteobacteria;_o__Aeromonadales;_f__Succinivibrionaceae;_g__Succinatimonas;_s__hippei,kept
k__Bacteria;_p__Proteobacteria;_c__Gammaproteobacteria;_o__Aeromonadales;_f__Succinivibrionaceae;_g__Succinivibrio;_s__,kept
k__Bacteria;_p__Proteobacteria;_c__Gammaproteobacteria;_o__Enterobacteriales;_f__Enterobacteriaceae,kept
k__Bacteria;_p__Proteobacteria;_c__Gammaproteobacteria;_o__Enterobacteriales;_f__Enterobacteriaceae.1,kept
k__Bacteria;_p__Proteobacteria;_c__Gammaproteobacteria;_o__Enterobacteriales;_f__Enterobacteriaceae.2,kept
k__Bacteria;_p__Proteobacteria;_c__Gammaproteobacteria;_o__Enterobacteriales;_f__Enterobacteriaceae.3,kept
k__Bacteria;_p__Proteobacteria;_c__Gammaproteobacteria;_o__Enterobacteriales;_f__Enterobacteriaceae.4,kept
k__Bacteria;_p__Proteobacteria;_c__Gammaproteobacteria;_o__Enterobacteriales;_f__Enterobacteriaceae.5,kept
k__Bacteria;_p__Proteobacteria;_c__Gammaproteobacteria;_o__Enterobacteriales;_f__Enterobacteriaceae.6,kept
k__Bacteria;_p__Proteobacteria;_c__Gammaproteobacteria;_o__Enterobacteriales;_f__Enterobacteriaceae.7,kept
k__Bacteria;_p__Proteobacteria;_c__Gammaproteobacteria;_o__Enterobacteriales;_f__Enterobacteriaceae.8,kept
k__Bacteria;_p__Proteobacteria;_c__Gammaproteobacteria;_o__Oceanospirillales;_f__Halomonadaceae;_g__Halomonas,kept
k__Bacteria;_p__Proteobacteria;_c__Gammaproteobacteria;_o__Pasteurellales;_f__Pasteurellaceae,kept
k__Bacteria;_p__Proteobacteria;_c__Gammaproteobacteria;_o__Pasteurellales;_f__Pasteurellaceae;_g__Actinobacillus,kept
k__Bacteria;_p__Proteobacteria;_c__Gammaproteobacteria;_o__Pasteurellales;_f__Pasteurellaceae;_g__Haemophilus;_s__parainfluenzae,kept
k__Bacteria;_p__Proteobacteria;_c__Gammaproteobacteria;_o__Pseudomonadales;_f__Moraxellaceae;_g__Acinetobacter,kept
k__Bacteria;_p__Proteobacteria;_c__Gammaproteobacteria;_o__Pseudomonadales;_f__Moraxellaceae;_g__Acinetobacter.1,kept
k__Bacteria;_p__Proteobacteria;_c__Gammaproteobacteria;_o__Pseudomonadales;_f__Moraxellaceae;_g__Acinetobacter;_s__lwoffii,kept
k__Bacteria;_p__Proteobacteria;_c__Gammaproteobacteria;_o__Pseudomonadales;_f__Moraxellaceae;_g__Enhydrobacter,kept
k__Bacteria;_p__Proteobacteria;_c__Gammaproteobacteria;_o__Xanthomonadales;_f__Xanthomonadaceae;_g__Stenotrophomonas,kept
k__Bacteria;_p__Synergistetes;_c__Synergistia;_o__Synergistales;_f__Dethiosulfovibrionaceae;_g__Pyramidobacter;_s__piscolens,kept
k__Bacteria;_p__Synergistetes;_c__Synergistia;_o__Synergistales;_f__Dethiosulfovibrionaceae;_g__Pyramidobacter;_s__piscolens.1,kept
k__Bacteria;_p__Synergistetes;_c__Synergistia;_o__Synergistales;_f__Synergistaceae;_g__;_s__,kept
k__Bacteria;_p__Synergistetes;_c__Synergistia;_o__Synergistales;_f__Synergistaceae;_g__Cloacibacillus;_s__,kept
k__Bacteria;_p__Synergistetes;_c__Synergistia;_o__Synergistales;_f__Synergistaceae;_g__Synergistes;_s__,kept
k__Bacteria;_p__TM7;_c__TM7-3;_o__;_f__;_g__;_s__,kept
k__Bacteria;_p__TM7;_c__TM7-3;_o__;_f__;_g__;_s__.1,kept
k__Bacteria;_p__TM7;_c__TM7-3;_o__;_f__;_g__;_s__.2,kept
k__Bacteria;_p__TM7;_c__TM7-3;_o__CW040;_f__;_g__;_s__,kept
k__Bacteria;_p__TM7;_c__TM7-3;_o__CW040;_f__;_g__;_s__.1,kept
k__Bacteria;_p__TM7;_c__TM7-3;_o__I025;_f__Rs-045;_g__;_s__,kept
k__Bacteria;_p__Tenericutes;_c__Mollicutes;_o__RF39;_f__;_g__;_s__,kept
k__Bacteria;_p__Tenericutes;_c__Mollicutes;_o__RF39;_f__;_g__;_s__.1,kept
k__Bacteria;_p__Tenericutes;_c__Mollicutes;_o__RF39;_f__;_g__;_s__.2,kept
k__Bacteria;_p__Tenericutes;_c__Mollicutes;_o__RF39;_f__;_g__;_s__.3,kept
k__Bacteria;_p__Tenericutes;_c__Mollicutes;_o__RF39;_f__;_g__;_s__.4,kept
k__Bacteria;_p__Tenericutes;_c__Mollicutes;_o__RF39;_f__;_g__;_s__.5,kept
k__Bacteria;_p__Tenericutes;_c__Mollicutes;_o__RF39;_f__;_g__;_s__.6,kept
k__Bacteria;_p__Tenericutes;_c__Mollicutes;_o__RF39;_f__;_g__;_s__.7,kept
k__Bacteria;_p__Tenericutes;_c__Mollicutes;_o__RF39;_f__;_g__;_s__.8,kept
k__Bacteria;_p__Tenericutes;_c__Mollicutes;_o__RF39;_f__;_g__;_s__.9,kept
k__Bacteria;_p__Tenericutes;_c__RF3;_o__ML615J-28;_f__;_g__;_s__,kept
k__Bacteria;_p__Verrucomicrobia;_c__Verrucomicrobiae;_o__Verrucomicrobiales;_f__Verrucomicrobiaceae;_g__Akkermansia;_s__muciniphila,kept
k__Bacteria;_p__Verrucomicrobia;_c__Verrucomicrobiae;_o__Verrucomicrobiales;_f__Verrucomicrobiaceae;_g__Akkermansia;_s__muciniphila.1,kept
k__Bacteria;_p__Verrucomicrobia;_c__Verrucomicrobiae;_o__Verrucomicrobiales;_f__Verrucomicrobiaceae;_g__Akkermansia;_s__muciniphila.2,kept
k__Bacteria;_p___Thermi_;_c__Deinococci;_o__Thermales;_f__Thermaceae;_g__Thermus;_s__,kept
k__Bacteria;p__;c__;o__;f__;g__;s__,kept
k__Bacteria;p__Actinobacteria;c__Actinobacteria;o__Actinomycetales;f__Actinomycetaceae;g__;s__,kept
k__Bacteria;p__Actinobacteria;c__Actinobacteria;o__Actinomycetales;f__Actinomycetaceae;g__Actinobaculum;s__,kept
k__Bacteria;p__Actinobacteria;c__Actinobacteria;o__Actinomycetales;f__Actinomycetaceae;g__Actinomyces;s__,kept
k__Bacteria;p__Actinobacteria;c__Actinobacteria;o__Actinomycetales;f__Brevibacteriaceae;g__Brevibacterium;s__,kept
k__Bacteria;p__Actinobacteria;c__Actinobacteria;o__Actinomycetales;f__Corynebacteriaceae;g__Corynebacterium;s__,kept
k__Bacteria;p__Actinobacteria;c__Actinobacteria;o__Actinomycetales;f__Corynebacteriaceae;g__Corynebacterium;s__durum,kept
k__Bacteria;p__Actinobacteria;c__Actinobacteria;o__Actinomycetales;f__Micrococcaceae;g__Rothia;s__mucilaginosa,kept
k__Bacteria;p__Actinobacteria;c__Actinobacteria;o__Actinomycetales;f__Nocardiaceae;g__Rhodococcus;s__,kept
k__Bacteria;p__Actinobacteria;c__Actinobacteria;o__Actinomycetales;f__Propionibacteriaceae;g__;s__,kept
k__Bacteria;p__Actinobacteria;c__Actinobacteria;o__Bifidobacteriales;f__Bifidobacteriaceae;g__Alloscardovia;s__,kept
k__Bacteria;p__Actinobacteria;c__Actinobacteria;o__Bifidobacteriales;f__Bifidobacteriaceae;g__Bifidobacterium;s__,kept
k__Bacteria;p__Actinobacteria;c__Actinobacteria;o__Bifidobacteriales;f__Bifidobacteriaceae;g__Bifidobacterium;s__adolescentis,kept
k__Bacteria;p__Actinobacteria;c__Actinobacteria;o__Bifidobacteriales;f__Bifidobacteriaceae;g__Bifidobacterium;s__animalis,kept
k__Bacteria;p__Actinobacteria;c__Actinobacteria;o__Bifidobacteriales;f__Bifidobacteriaceae;g__Bifidobacterium;s__bifidum,kept
k__Bacteria;p__Actinobacteria;c__Coriobacteriia;o__Coriobacteriales;f__Coriobacteriaceae;g__;s__,kept
k__Bacteria;p__Actinobacteria;c__Coriobacteriia;o__Coriobacteriales;f__Coriobacteriaceae;g__Adlercreutzia;s__,kept
k__Bacteria;p__Actinobacteria;c__Coriobacteriia;o__Coriobacteriales;f__Coriobacteriaceae;g__Atopobium;s__,kept
k__Bacteria;p__Actinobacteria;c__Coriobacteriia;o__Coriobacteriales;f__Coriobacteriaceae;g__Collinsella;s__,kept
k__Bacteria;p__Actinobacteria;c__Coriobacteriia;o__Coriobacteriales;f__Coriobacteriaceae;g__Collinsella;s__aerofaciens,kept
k__Bacteria;p__Actinobacteria;c__Coriobacteriia;o__Coriobacteriales;f__Coriobacteriaceae;g__Collinsella;s__stercoris,kept
k__Bacteria;p__Actinobacteria;c__Coriobacteriia;o__Coriobacteriales;f__Coriobacteriaceae;g__Eggerthella;s__lenta,kept
k__Bacteria;p__Actinobacteria;c__Coriobacteriia;o__Coriobacteriales;f__Coriobacteriaceae;g__Enterococcus;s__casseliflavus,kept
k__Bacteria;p__Actinobacteria;c__Coriobacteriia;o__Coriobacteriales;f__Coriobacteriaceae;g__Olsenella;s__uli,kept
k__Bacteria;p__Actinobacteria;c__Coriobacteriia;o__Coriobacteriales;f__Coriobacteriaceae;g__Slackia;s__,kept
k__Bacteria;p__Bacteroidetes;c__;o__;f__;g__;s__,kept
k__Bacteria;p__Bacteroidetes;c__Bacteroidia;o__Bacteroidales;f__;g__;s__,kept
k__Bacteria;p__Bacteroidetes;c__Bacteroidia;o__Bacteroidales;f__Bacteroidaceae;g__Bacteroides;s__,kept
k__Bacteria;p__Bacteroidetes;c__Bacteroidia;o__Bacteroidales;f__Bacteroidaceae;g__Bacteroides;s__caccae,kept
k__Bacteria;p__Bacteroidetes;c__Bacteroidia;o__Bacteroidales;f__Bacteroidaceae;g__Bacteroides;s__eggerthii,kept
k__Bacteria;p__Bacteroidetes;c__Bacteroidia;o__Bacteroidales;f__Bacteroidaceae;g__Bacteroides;s__fragilis,kept
k__Bacteria;p__Bacteroidetes;c__Bacteroidia;o__Bacteroidales;f__Bacteroidaceae;g__Bacteroides;s__ovatus,kept
k__Bacteria;p__Bacteroidetes;c__Bacteroidia;o__Bacteroidales;f__Bacteroidaceae;g__Bacteroides;s__plebeius,kept
k__Bacteria;p__Bacteroidetes;c__Bacteroidia;o__Bacteroidales;f__Bacteroidaceae;g__Bacteroides;s__uniformis,kept
k__Bacteria;p__Bacteroidetes;c__Bacteroidia;o__Bacteroidales;f__Porphyromonadaceae;g__Parabacteroides;s__,kept
k__Bacteria;p__Bacteroidetes;c__Bacteroidia;o__Bacteroidales;f__Porphyromonadaceae;g__Parabacteroides;s__distasonis,kept
k__Bacteria;p__Bacteroidetes;c__Bacteroidia;o__Bacteroidales;f__Porphyromonadaceae;g__Parabacteroides;s__gordonii,kept
k__Bacteria;p__Bacteroidetes;c__Bacteroidia;o__Bacteroidales;f__Porphyromonadaceae;g__Porphyromonas;s__,kept
k__Bacteria;p__Bacteroidetes;c__Bacteroidia;o__Bacteroidales;f__Prevotellaceae;g__;s__,kept
k__Bacteria;p__Bacteroidetes;c__Bacteroidia;o__Bacteroidales;f__Prevotellaceae;g__Prevotella;s__,kept
k__Bacteria;p__Bacteroidetes;c__Bacteroidia;o__Bacteroidales;f__Prevotellaceae;g__Prevotella;s__copri,kept
k__Bacteria;p__Bacteroidetes;c__Bacteroidia;o__Bacteroidales;f__Prevotellaceae;g__Prevotella;s__stercorea,kept
k__Bacteria;p__Bacteroidetes;c__Bacteroidia;o__Bacteroidales;f__Rikenellaceae;g__;s__,kept
k__Bacteria;p__Bacteroidetes;c__Bacteroidia;o__Bacteroidales;f__Rikenellaceae;g__AF12;s__,kept
k__Bacteria;p__Bacteroidetes;c__Bacteroidia;o__Bacteroidales;f__Rikenellaceae;g__Alistipes;s__finegoldii,kept
k__Bacteria;p__Bacteroidetes;c__Bacteroidia;o__Bacteroidales;f__Rikenellaceae;g__Alistipes;s__indistinctus,kept
k__Bacteria;p__Bacteroidetes;c__Bacteroidia;o__Bacteroidales;f__Rikenellaceae;g__Alistipes;s__massiliensis,kept
k__Bacteria;p__Bacteroidetes;c__Bacteroidia;o__Bacteroidales;f__Rikenellaceae;g__Alistipes;s__onderdonkii,kept
k__Bacteria;p__Bacteroidetes;c__Bacteroidia;o__Bacteroidales;f__Rikenellaceae;g__Alistipes;s__putredinis,kept
k__Bacteria;p__Bacteroidetes;c__Bacteroidia;o__Bacteroidales;f__S24-7;g__;s__,kept
k__Bacteria;p__Bacteroidetes;c__Bacteroidia;o__Bacteroidales;f___Barnesiellaceae_;g__;s__,kept
k__Bacteria;p__Bacteroidetes;c__Bacteroidia;o__Bacteroidales;f___Odoribacteraceae_;g__Butyricimonas;s__,kept
k__Bacteria;p__Bacteroidetes;c__Bacteroidia;o__Bacteroidales;f___Odoribacteraceae_;g__Odoribacter;s__,kept
k__Bacteria;p__Bacteroidetes;c__Bacteroidia;o__Bacteroidales;f___Paraprevotellaceae_;g__;s__,kept
k__Bacteria;p__Bacteroidetes;c__Bacteroidia;o__Bacteroidales;f___Paraprevotellaceae_;g__Paraprevotella;s__,kept
k__Bacteria;p__Bacteroidetes;c__Bacteroidia;o__Bacteroidales;f___Paraprevotellaceae_;g___Prevotella_;s__,kept
k__Bacteria;p__Cyanobacteria;c__4C0d-2;o__YS2;f__;g__;s__,kept
k__Bacteria;p__Firmicutes;c__;o__;f__;g__;s__,kept
k__Bacteria;p__Firmicutes;c__Bacilli;o__Bacillales;f__;g__;s__,kept
k__Bacteria;p__Firmicutes;c__Bacilli;o__Bacillales;f__Bacillaceae;g__;s__,kept
k__Bacteria;p__Firmicutes;c__Bacilli;o__Bacillales;f__Paenibacillaceae;g__Paenibacillus;s__,kept
k__Bacteria;p__Firmicutes;c__Bacilli;o__Bacillales;f__Planococcaceae;g__;s__,kept
k__Bacteria;p__Firmicutes;c__Bacilli;o__Bacillales;f__Staphylococcaceae;g__Staphylococcus;s__,kept
k__Bacteria;p__Firmicutes;c__Bacilli;o__Gemellales;f__Gemellaceae;g__;s__,kept
k__Bacteria;p__Firmicutes;c__Bacilli;o__Lactobacillales;f__;g__;s__,kept
k__Bacteria;p__Firmicutes;c__Bacilli;o__Lactobacillales;f__Carnobacteriaceae;g__Carnobacterium;s__,kept
k__Bacteria;p__Firmicutes;c__Bacilli;o__Lactobacillales;f__Enterococcaceae;g__Enterococcus;s__,kept
k__Bacteria;p__Firmicutes;c__Bacilli;o__Lactobacillales;f__Lactobacillaceae;g__;s__,kept
k__Bacteria;p__Firmicutes;c__Bacilli;o__Lactobacillales;f__Lactobacillaceae;g__Lactobacillus;s__,kept
k__Bacteria;p__Firmicutes;c__Bacilli;o__Lactobacillales;f__Lactobacillaceae;g__Lactobacillus;s__brevis,kept
k__Bacteria;p__Firmicutes;c__Bacilli;o__Lactobacillales;f__Lactobacillaceae;g__Lactobacillus;s__delbrueckii,kept
k__Bacteria;p__Firmicutes;c__Bacilli;o__Lactobacillales;f__Lactobacillaceae;g__Lactobacillus;s__mucosae,kept
k__Bacteria;p__Firmicutes;c__Bacilli;o__Lactobacillales;f__Lactobacillaceae;g__Lactobacillus;s__ruminis,kept
k__Bacteria;p__Firmicutes;c__Bacilli;o__Lactobacillales;f__Lactobacillaceae;g__Lactobacillus;s__zeae,kept
k__Bacteria;p__Firmicutes;c__Bacilli;o__Lactobacillales;f__Lactobacillaceae;g__Pediococcus;s__,kept
k__Bacteria;p__Firmicutes;c__Bacilli;o__Lactobacillales;f__Leuconostocaceae;g__Leuconostoc;s__,kept
k__Bacteria;p__Firmicutes;c__Bacilli;o__Lactobacillales;f__Leuconostocaceae;g__Leuconostoc;s__mesenteroides,kept
k__Bacteria;p__Firmicutes;c__Bacilli;o__Lactobacillales;f__Streptococcaceae;g__Lactococcus;s__,kept
k__Bacteria;p__Firmicutes;c__Bacilli;o__Lactobacillales;f__Streptococcaceae;g__Lactococcus;s__garvieae,kept
k__Bacteria;p__Firmicutes;c__Bacilli;o__Lactobacillales;f__Streptococcaceae;g__Streptococcus;s__,kept
k__Bacteria;p__Firmicutes;c__Bacilli;o__Lactobacillales;f__Streptococcaceae;g__Streptococcus;s__agalactiae,kept
k__Bacteria;p__Firmicutes;c__Bacilli;o__Lactobacillales;f__Streptococcaceae;g__Streptococcus;s__anginosus,kept
k__Bacteria;p__Firmicutes;c__Bacilli;o__Lactobacillales;f__Streptococcaceae;g__Streptococcus;s__sobrinus,kept
k__Bacteria;p__Firmicutes;c__Bacilli;o__Turicibacterales;f__Turicibacteraceae;g__Turicibacter;s__,kept
k__Bacteria;p__Firmicutes;c__Clostridia;o__;f__;g__;s__,kept
k__Bacteria;p__Firmicutes;c__Clostridia;o__Clostridiales;f__;g__;s__,kept
k__Bacteria;p__Firmicutes;c__Clostridia;o__Clostridiales;f__Christensenellaceae;g__;s__,kept
k__Bacteria;p__Firmicutes;c__Clostridia;o__Clostridiales;f__Christensenellaceae;g__Christensenella;s__,kept
k__Bacteria;p__Firmicutes;c__Clostridia;o__Clostridiales;f__Clostridiaceae;g__02d06;s__,kept
k__Bacteria;p__Firmicutes;c__Clostridia;o__Clostridiales;f__Clostridiaceae;g__;s__,kept
k__Bacteria;p__Firmicutes;c__Clostridia;o__Clostridiales;f__Clostridiaceae;g__Clostridium;s__,kept
k__Bacteria;p__Firmicutes;c__Clostridia;o__Clostridiales;f__Clostridiaceae;g__Clostridium;s__butyricum,kept
k__Bacteria;p__Firmicutes;c__Clostridia;o__Clostridiales;f__Clostridiaceae;g__Clostridium;s__celatum,kept
k__Bacteria;p__Firmicutes;c__Clostridia;o__Clostridiales;f__Clostridiaceae;g__Clostridium;s__paraputrificum,kept
k__Bacteria;p__Firmicutes;c__Clostridia;o__Clostridiales;f__Clostridiaceae;g__Clostridium;s__perfringens,kept
k__Bacteria;p__Firmicutes;c__Clostridia;o__Clostridiales;f__Clostridiaceae;g__Sarcina;s__,kept
k__Bacteria;p__Firmicutes;c__Clostridia;o__Clostridiales;f__Dehalobacteriaceae;g__;s__,kept
k__Bacteria;p__Firmicutes;c__Clostridia;o__Clostridiales;f__Dehalobacteriaceae;g__Dehalobacterium;s__,kept
k__Bacteria;p__Firmicutes;c__Clostridia;o__Clostridiales;f__EtOH8;g__;s__,kept
k__Bacteria;p__Firmicutes;c__Clostridia;o__Clostridiales;f__Eubacteriaceae;g__Anaerofustis;s__,kept
k__Bacteria;p__Firmicutes;c__Clostridia;o__Clostridiales;f__Eubacteriaceae;g__Pseudoramibacter_Eubacterium;s__,kept
k__Bacteria;p__Firmicutes;c__Clostridia;o__Clostridiales;f__Lachnospiraceae;g__;s__,kept
k__Bacteria;p__Firmicutes;c__Clostridia;o__Clostridiales;f__Lachnospiraceae;g__Anaerostipes;s__,kept
k__Bacteria;p__Firmicutes;c__Clostridia;o__Clostridiales;f__Lachnospiraceae;g__Blautia;s__,kept
k__Bacteria;p__Firmicutes;c__Clostridia;o__Clostridiales;f__Lachnospiraceae;g__Blautia;s__obeum,kept
k__Bacteria;p__Firmicutes;c__Clostridia;o__Clostridiales;f__Lachnospiraceae;g__Blautia;s__producta,kept
k__Bacteria;p__Firmicutes;c__Clostridia;o__Clostridiales;f__Lachnospiraceae;g__Butyrivibrio;s__,kept
k__Bacteria;p__Firmicutes;c__Clostridia;o__Clostridiales;f__Lachnospiraceae;g__Butyrivibrio;s__crossotus,kept
k__Bacteria;p__Firmicutes;c__Clostridia;o__Clostridiales;f__Lachnospiraceae;g__Clostridium;s__,kept
k__Bacteria;p__Firmicutes;c__Clostridia;o__Clostridiales;f__Lachnospiraceae;g__Clostridium;s__citroniae,kept
k__Bacteria;p__Firmicutes;c__Clostridia;o__Clostridiales;f__Lachnospiraceae;g__Clostridium;s__hathewayi,kept
k__Bacteria;p__Firmicutes;c__Clostridia;o__Clostridiales;f__Lachnospiraceae;g__Clostridium;s__lavalense,kept
k__Bacteria;p__Firmicutes;c__Clostridia;o__Clostridiales;f__Lachnospiraceae;g__Clostridium;s__symbiosum,kept
k__Bacteria;p__Firmicutes;c__Clostridia;o__Clostridiales;f__Lachnospiraceae;g__Coprococcus;s__,kept
k__Bacteria;p__Firmicutes;c__Clostridia;o__Clostridiales;f__Lachnospiraceae;g__Coprococcus;s__catus,kept
k__Bacteria;p__Firmicutes;c__Clostridia;o__Clostridiales;f__Lachnospiraceae;g__Coprococcus;s__eutactus,kept
k__Bacteria;p__Firmicutes;c__Clostridia;o__Clostridiales;f__Lachnospiraceae;g__Dorea;s__,kept
k__Bacteria;p__Firmicutes;c__Clostridia;o__Clostridiales;f__Lachnospiraceae;g__Dorea;s__formicigenerans,kept
k__Bacteria;p__Firmicutes;c__Clostridia;o__Clostridiales;f__Lachnospiraceae;g__Epulopiscium;s__,kept
k__Bacteria;p__Firmicutes;c__Clostridia;o__Clostridiales;f__Lachnospiraceae;g__Lachnobacterium;s__,kept
k__Bacteria;p__Firmicutes;c__Clostridia;o__Clostridiales;f__Lachnospiraceae;g__Lachnospira;s__,kept
k__Bacteria;p__Firmicutes;c__Clostridia;o__Clostridiales;f__Lachnospiraceae;g__Roseburia;s__,kept
k__Bacteria;p__Firmicutes;c__Clostridia;o__Clostridiales;f__Lachnospiraceae;g__Roseburia;s__faecis,kept
k__Bacteria;p__Firmicutes;c__Clostridia;o__Clostridiales;f__Lachnospiraceae;g__Ruminococcus;s__gauvreauii,kept
k__Bacteria;p__Firmicutes;c__Clostridia;o__Clostridiales;f__Lachnospiraceae;g___Ruminococcus_;s__,kept
k__Bacteria;p__Firmicutes;c__Clostridia;o__Clostridiales;f__Lachnospiraceae;g___Ruminococcus_;s__gnavus,kept
k__Bacteria;p__Firmicutes;c__Clostridia;o__Clostridiales;f__Lachnospiraceae;g___Ruminococcus_;s__torques,kept
k__Bacteria;p__Firmicutes;c__Clostridia;o__Clostridiales;f__Peptococcaceae;g__;s__,kept
k__Bacteria;p__Firmicutes;c__Clostridia;o__Clostridiales;f__Peptococcaceae;g__Peptococcus;s__,kept
k__Bacteria;p__Firmicutes;c__Clostridia;o__Clostridiales;f__Peptococcaceae;g__rc4-4;s__,kept
k__Bacteria;p__Firmicutes;c__Clostridia;o__Clostridiales;f__Peptostreptococcaceae;g__;s__,kept
k__Bacteria;p__Firmicutes;c__Clostridia;o__Clostridiales;f__Peptostreptococcaceae;g__Clostridium;s__ruminantium,kept
k__Bacteria;p__Firmicutes;c__Clostridia;o__Clostridiales;f__Peptostreptococcaceae;g__Peptostreptococcus;s__,kept
k__Bacteria;p__Firmicutes;c__Clostridia;o__Clostridiales;f__Peptostreptococcaceae;g__Peptostreptococcus;s__anaerobius,kept
k__Bacteria;p__Firmicutes;c__Clostridia;o__Clostridiales;f__Ruminococcaceae;g__;s__,kept
k__Bacteria;p__Firmicutes;c__Clostridia;o__Clostridiales;f__Ruminococcaceae;g__Anaerotruncus;s__,kept
k__Bacteria;p__Firmicutes;c__Clostridia;o__Clostridiales;f__Ruminococcaceae;g__Butyricicoccus;s__pullicaecorum,kept
k__Bacteria;p__Firmicutes;c__Clostridia;o__Clostridiales;f__Ruminococcaceae;g__Clostridium;s__,kept
k__Bacteria;p__Firmicutes;c__Clostridia;o__Clostridiales;f__Ruminococcaceae;g__Clostridium;s__methylpentosum,kept
k__Bacteria;p__Firmicutes;c__Clostridia;o__Clostridiales;f__Ruminococcaceae;g__Faecalibacterium;s__,kept
k__Bacteria;p__Firmicutes;c__Clostridia;o__Clostridiales;f__Ruminococcaceae;g__Faecalibacterium;s__prausnitzii,kept
k__Bacteria;p__Firmicutes;c__Clostridia;o__Clostridiales;f__Ruminococcaceae;g__Gemmiger;s__formicilis,kept
k__Bacteria;p__Firmicutes;c__Clostridia;o__Clostridiales;f__Ruminococcaceae;g__Oscillospira;s__,kept
k__Bacteria;p__Firmicutes;c__Clostridia;o__Clostridiales;f__Ruminococcaceae;g__Oscillospira;s__guilliermondii,kept
k__Bacteria;p__Firmicutes;c__Clostridia;o__Clostridiales;f__Ruminococcaceae;g__Ruminococcus;s__,kept
k__Bacteria;p__Firmicutes;c__Clostridia;o__Clostridiales;f__Ruminococcaceae;g__Ruminococcus;s__albus,kept
k__Bacteria;p__Firmicutes;c__Clostridia;o__Clostridiales;f__Ruminococcaceae;g__Ruminococcus;s__bromii,kept
k__Bacteria;p__Firmicutes;c__Clostridia;o__Clostridiales;f__Ruminococcaceae;g__Ruminococcus;s__callidus,kept
k__Bacteria;p__Firmicutes;c__Clostridia;o__Clostridiales;f__Ruminococcaceae;g__Ruminococcus;s__flavefaciens,kept
k__Bacteria;p__Firmicutes;c__Clostridia;o__Clostridiales;f__Syntrophomonadaceae;g__Syntrophomonas;s__,kept
k__Bacteria;p__Firmicutes;c__Clostridia;o__Clostridiales;f__Veillonellaceae;g__;s__,kept
k__Bacteria;p__Firmicutes;c__Clostridia;o__Clostridiales;f__Veillonellaceae;g__Acidaminococcus;s__,kept
k__Bacteria;p__Firmicutes;c__Clostridia;o__Clostridiales;f__Veillonellaceae;g__Dialister;s__,kept
k__Bacteria;p__Firmicutes;c__Clostridia;o__Clostridiales;f__Veillonellaceae;g__Megasphaera;s__,kept
k__Bacteria;p__Firmicutes;c__Clostridia;o__Clostridiales;f__Veillonellaceae;g__Mitsuokella;s__,kept
k__Bacteria;p__Firmicutes;c__Clostridia;o__Clostridiales;f__Veillonellaceae;g__Phascolarctobacterium;s__,kept
k__Bacteria;p__Firmicutes;c__Clostridia;o__Clostridiales;f__Veillonellaceae;g__Veillonella;s__,kept
k__Bacteria;p__Firmicutes;c__Clostridia;o__Clostridiales;f__Veillonellaceae;g__Veillonella;s__dispar,kept
k__Bacteria;p__Firmicutes;c__Clostridia;o__Clostridiales;f__Veillonellaceae;g__Veillonella;s__parvula,kept
k__Bacteria;p__Firmicutes;c__Clostridia;o__Clostridiales;f___Mogibacteriaceae_;g__;s__,kept
k__Bacteria;p__Firmicutes;c__Clostridia;o__Clostridiales;f___Mogibacteriaceae_;g__Mogibacterium;s__,kept
k__Bacteria;p__Firmicutes;c__Clostridia;o__Clostridiales;f___Tissierellaceae_;g__1-68;s__,kept
k__Bacteria;p__Firmicutes;c__Clostridia;o__Clostridiales;f___Tissierellaceae_;g__;s__,kept
k__Bacteria;p__Firmicutes;c__Clostridia;o__Clostridiales;f___Tissierellaceae_;g__Anaerococcus;s__,kept
k__Bacteria;p__Firmicutes;c__Clostridia;o__Clostridiales;f___Tissierellaceae_;g__Finegoldia;s__,kept
k__Bacteria;p__Firmicutes;c__Clostridia;o__Clostridiales;f___Tissierellaceae_;g__Parvimonas;s__,kept
k__Bacteria;p__Firmicutes;c__Clostridia;o__Clostridiales;f___Tissierellaceae_;g__Peptoniphilus;s__,kept
k__Bacteria;p__Firmicutes;c__Erysipelotrichi;o__Erysipelotrichales;f__Erysipelotrichaceae;g__;s__,kept
k__Bacteria;p__Firmicutes;c__Erysipelotrichi;o__Erysipelotrichales;f__Erysipelotrichaceae;g__Bulleidia;s__,kept
k__Bacteria;p__Firmicutes;c__Erysipelotrichi;o__Erysipelotrichales;f__Erysipelotrichaceae;g__Bulleidia;s__moorei,kept
k__Bacteria;p__Firmicutes;c__Erysipelotrichi;o__Erysipelotrichales;f__Erysipelotrichaceae;g__Bulleidia;s__p-1630-c5,kept
k__Bacteria;p__Firmicutes;c__Erysipelotrichi;o__Erysipelotrichales;f__Erysipelotrichaceae;g__Catenibacterium;s__,kept
k__Bacteria;p__Firmicutes;c__Erysipelotrichi;o__Erysipelotrichales;f__Erysipelotrichaceae;g__Clostridium;s__,kept
k__Bacteria;p__Firmicutes;c__Erysipelotrichi;o__Erysipelotrichales;f__Erysipelotrichaceae;g__Clostridium;s__ramosum,kept
k__Bacteria;p__Firmicutes;c__Erysipelotrichi;o__Erysipelotrichales;f__Erysipelotrichaceae;g__Clostridium;s__spiroforme,kept
k__Bacteria;p__Firmicutes;c__Erysipelotrichi;o__Erysipelotrichales;f__Erysipelotrichaceae;g__Coprobacillus;s__,kept
k__Bacteria;p__Firmicutes;c__Erysipelotrichi;o__Erysipelotrichales;f__Erysipelotrichaceae;g__Coprobacillus;s__cateniformis,kept
k__Bacteria;p__Firmicutes;c__Erysipelotrichi;o__Erysipelotrichales;f__Erysipelotrichaceae;g__Holdemania;s__,kept
k__Bacteria;p__Firmicutes;c__Erysipelotrichi;o__Erysipelotrichales;f__Erysipelotrichaceae;g__RFN20;s__,kept
k__Bacteria;p__Firmicutes;c__Erysipelotrichi;o__Erysipelotrichales;f__Erysipelotrichaceae;g___Eubacterium_;s__,kept
k__Bacteria;p__Firmicutes;c__Erysipelotrichi;o__Erysipelotrichales;f__Erysipelotrichaceae;g___Eubacterium_;s__biforme,kept
k__Bacteria;p__Firmicutes;c__Erysipelotrichi;o__Erysipelotrichales;f__Erysipelotrichaceae;g___Eubacterium_;s__cylindroides,kept
k__Bacteria;p__Firmicutes;c__Erysipelotrichi;o__Erysipelotrichales;f__Erysipelotrichaceae;g___Eubacterium_;s__dolichum,kept
k__Bacteria;p__Firmicutes;c__Erysipelotrichi;o__Erysipelotrichales;f__Erysipelotrichaceae;g__cc_115;s__,kept
k__Bacteria;p__Fusobacteria;c__Fusobacteriia;o__Fusobacteriales;f__Fusobacteriaceae;g__;s__,kept
k__Bacteria;p__Fusobacteria;c__Fusobacteriia;o__Fusobacteriales;f__Fusobacteriaceae;g__Fusobacterium;s__,kept
k__Bacteria;p__Lentisphaerae;c___Lentisphaeria_;o__Victivallales;f__Victivallaceae;g__;s__,kept
k__Bacteria;p__Lentisphaerae;c___Lentisphaeria_;o__Victivallales;f__Victivallaceae;g__Victivallis;s__vadensis,kept
k__Bacteria;p__OD1;c__;o__;f__;g__;s__,kept
k__Bacteria;p__Proteobacteria;c__Alphaproteobacteria;o__Caulobacterales;f__Caulobacteraceae;g__Brevundimonas;s__vesicularis,kept
k__Bacteria;p__Proteobacteria;c__Alphaproteobacteria;o__RF32;f__;g__;s__,kept
k__Bacteria;p__Proteobacteria;c__Betaproteobacteria;o__Burkholderiales;f__;g__;s__,kept
k__Bacteria;p__Proteobacteria;c__Betaproteobacteria;o__Burkholderiales;f__Alcaligenaceae;g__Sutterella;s__,kept
k__Bacteria;p__Proteobacteria;c__Betaproteobacteria;o__Burkholderiales;f__Comamonadaceae;g__;s__,kept
k__Bacteria;p__Proteobacteria;c__Betaproteobacteria;o__Burkholderiales;f__Oxalobacteraceae;g__;s__,kept
k__Bacteria;p__Proteobacteria;c__Betaproteobacteria;o__Burkholderiales;f__Oxalobacteraceae;g__Oxalobacter;s__,kept
k__Bacteria;p__Proteobacteria;c__Betaproteobacteria;o__Neisseriales;f__Neisseriaceae;g__Neisseria;s__,kept
k__Bacteria;p__Proteobacteria;c__Deltaproteobacteria;o__Desulfovibrionales;f__Desulfovibrionaceae;g__;s__,kept
k__Bacteria;p__Proteobacteria;c__Deltaproteobacteria;o__Desulfovibrionales;f__Desulfovibrionaceae;g__Bilophila;s__,kept
k__Bacteria;p__Proteobacteria;c__Deltaproteobacteria;o__Desulfovibrionales;f__Desulfovibrionaceae;g__Desulfovibrio;s__,kept
k__Bacteria;p__Proteobacteria;c__Deltaproteobacteria;o__Desulfovibrionales;f__Desulfovibrionaceae;g__Desulfovibrio;s__D168,kept
k__Bacteria;p__Proteobacteria;c__Epsilonproteobacteria;o__Campylobacterales;f__Campylobacteraceae;g__Campylobacter;s__,kept
k__Bacteria;p__Proteobacteria;c__Gammaproteobacteria;o__Aeromonadales;f__Succinivibrionaceae;g__Succinivibrio;s__,kept
k__Bacteria;p__Proteobacteria;c__Gammaproteobacteria;o__Enterobacteriales;f__Enterobacteriaceae;g__;s__,kept
k__Bacteria;p__Proteobacteria;c__Gammaproteobacteria;o__Pasteurellales;f__Pasteurellaceae;g__;s__,kept
k__Bacteria;p__Proteobacteria;c__Gammaproteobacteria;o__Pseudomonadales;f__Pseudomonadaceae;g__Pseudomonas;s__,kept
k__Bacteria;p__Synergistetes;c__Synergistia;o__Synergistales;f__Dethiosulfovibrionaceae;g__Pyramidobacter;s__piscolens,kept
k__Bacteria;p__Synergistetes;c__Synergistia;o__Synergistales;f__Synergistaceae;g__Cloacibacillus;s__,kept
k__Bacteria;p__Synergistetes;c__Synergistia;o__Synergistales;f__Synergistaceae;g__Synergistes;s__,kept
k__Bacteria;p__TM7;c__TM7-3;o__;f__;g__;s__,kept
k__Bacteria;p__TM7;c__TM7-3;o__CW040;f__;g__;s__,kept
k__Bacteria;p__Tenericutes;c__;o__;f__;g__;s__,kept
k__Bacteria;p__Tenericutes;c__Mollicutes;o__RF39;f__;g__;s__,kept
k__Bacteria;p__Tenericutes;c__RF3;o__ML615J-28;f__;g__;s__,kept
k__Bacteria;p__Verrucomicrobia;c__Opitutae;o___Cerasicoccales_;f___Cerasicoccaceae_;g__;s__,kept
k__Bacteria;p__Verrucomicrobia;c__Verrucomicrobiae;o__Verrucomicrobiales;f__Verrucomicrobiaceae;g__Akkermansia;s__muciniphila,kept
