microbe,status
k__Archaea,kept
k__Archaea;p__Euryarchaeota,kept
k__Archaea;p__Euryarchaeota;c__Methanobacteria,kept
k__Archaea;p__Euryarchaeota;c__Methanobacteria;o__Methanobacteriales,kept
k__Archaea;p__Euryarchaeota;c__Methanobacteria;o__Methanobacteriales;f__Methanobacteriaceae,kept
k__Archaea;p__Euryarchaeota;c__Methanobacteria;o__Methanobacteriales;f__Methanobacteriaceae;g__Methanobrevibacter,kept
k__Archaea;p__Euryarchaeota;c__Methanobacteria;o__Methanobacteriales;f__Methanobacteriaceae;g__Methanobrevibacter;s__Methanobrevibacter_smithii,kept
k__Archaea_p__Euryarchaeota,kept
k__Archaea_p__Euryarchaeota_c__Methanobacteria,kept
k__Archaea_p__Euryarchaeota_c__Methanobacteria_o__Methanobacteriales,kept
k__Archaea_p__Euryarchaeota_c__Methanobacteria_o__Methanobacteriales_f__Methanobacteriaceae,kept
k__Archaea_p__Euryarchaeota_c__Methanobacteria_o__Methanobacteriales_f__Methanobacteriaceae_g__Methanobrevibacter,kept
k__Archaea_p__Euryarchaeota_c__Methanobacteria_o__Methanobacteriales_f__Methanobacteriaceae_g__Methanobrevibacter_s__Methanobrevibacter_smithii,kept
k__Bacteria,kept
k__Bacteria;p__Actinobacteria,kept
k__Bacteria;p__Actinobacteria;c__Actinobacteria,kept
k__Bacteria;p__Actinobacteria;c__Actinobacteria;o__Actinomycetales,kept
k__Bacteria;p__Actinobacteria;c__Actinobacteria;o__Actinomycetales;f__Actinomycetaceae,kept
k__Bacteria;p__Actinobacteria;c__Actinobacteria;o__Actinomycetales;f__Actinomycetaceae;g__Actinomyces,kept
k__Bacteria;p__Actinobacteria;c__Actinobacteria;o__Actinomycetales;f__Actinomycetaceae;g__Actinomyces;s__Actinomyces_SGB17154,kept
k__Bacteria;p__Actinobacteria;c__Actinobacteria;o__Actinomycetales;f__Actinomycetaceae;g__Actinomyces;s__Actinomyces_SGB17168,kept
k__Bacteria;p__Actinobacteria;c__Actinobacteria;o__Actinomycetales;f__Actinomycetaceae;g__Actinomyces;s__Actinomyces_bouchesdurhonensis,kept
k__Bacteria;p__Actinobacteria;c__Actinobacteria;o__Actinomycetales;f__Actinomycetaceae;g__Actinomyces;s__Actinomyces_sp_ICM47,kept
k__Bacteria;p__Actinobacteria;c__Actinobacteria;o__Actinomycetales;f__Actinomycetaceae;g__Actinomyces;s__Actinomyces_sp_ICM58,kept
k__Bacteria;p__Actinobacteria;c__Actinobacteria;o__Actinomycetales;f__Actinomycetaceae;g__Actinomyces;s__Actinomyces_sp_S6_Spd3,kept
k__Bacteria;p__Actinobacteria;c__Actinobacteria;o__Actinomycetales;f__Actinomycetaceae;g__Schaalia,kept
k__Bacteria;p__Actinobacteria;c__Actinobacteria;o__Actinomycetales;f__Actinomycetaceae;g__Schaalia;s__Schaalia_cardiffensis,kept
k__Bacteria;p__Actinobacteria;c__Actinobacteria;o__Actinomycetales;f__Actinomycetaceae;g__Trueperella,kept
k__Bacteria;p__Actinobacteria;c__Actinobacteria;o__Actinomycetales;f__Actinomycetaceae;g__Trueperella;s__Trueperella_pyogenes,kept
k__Bacteria;p__Actinobacteria;c__Actinobacteria;o__Bifidobacteriales,kept
k__Bacteria;p__Actinobacteria;c__Actinobacteria;o__Bifidobacteriales;f__Bifidobacteriaceae,kept
k__Bacteria;p__Actinobacteria;c__Actinobacteria;o__Bifidobacteriales;f__Bifidobacteriaceae;g__Bifidobacterium,kept
k__Bacteria;p__Actinobacteria;c__Actinobacteria;o__Bifidobacteriales;f__Bifidobacteriaceae;g__Bifidobacterium;s__Bifidobacterium_adolescentis,kept
k__Bacteria;p__Actinobacteria;c__Actinobacteria;o__Bifidobacteriales;f__Bifidobacteriaceae;g__Bifidobacterium;s__Bifidobacterium_dentium,kept
k__Bacteria;p__Actinobacteria;c__Actinobacteria;o__Bifidobacteriales;f__Bifidobacteriaceae;g__Bifidobacterium;s__Bifidobacterium_longum,kept
k__Bacteria;p__Actinobacteria;c__Actinobacteria;o__Bifidobacteriales;f__Bifidobacteriaceae;g__Scardovia,kept
k__Bacteria;p__Actinobacteria;c__Actinobacteria;o__Bifidobacteriales;f__Bifidobacteriaceae;g__Scardovia;s__Scardovia_wiggsiae,kept
k__Bacteria;p__Actinobacteria;c__Actinobacteria;o__Corynebacteriales;f__Lawsonellaceae,kept
k__Bacteria;p__Actinobacteria;c__Actinobacteria;o__Micrococcales,kept
k__Bacteria;p__Actinobacteria;c__Actinobacteria;o__Micrococcales;f__Micrococcaceae,kept
k__Bacteria;p__Actinobacteria;c__Actinobacteria;o__Micrococcales;f__Micrococcaceae;g__Rothia,kept
k__Bacteria;p__Actinobacteria;c__Actinobacteria;o__Micrococcales;f__Micrococcaceae;g__Rothia;s__Rothia_mucilaginosa,kept
k__Bacteria;p__Actinobacteria;c__Actinobacteria;o__Micrococcales;f__Promicromonosporaceae,kept
k__Bacteria;p__Actinobacteria;c__Actinobacteria;o__Micrococcales;f__Promicromonosporaceae;g__Isoptericola,kept
k__Bacteria;p__Actinobacteria;c__Actinobacteria;o__Micrococcales;f__Promicromonosporaceae;g__Isoptericola;s__Isoptericola_variabilis,kept
k__Bacteria;p__Actinobacteria;c__CFGB9370,kept
k__Bacteria;p__Actinobacteria;c__CFGB9370;o__OFGB9370,kept
k__Bacteria;p__Actinobacteria;c__CFGB9370;o__OFGB9370;f__FGB9370,kept
k__Bacteria;p__Actinobacteria;c__CFGB9370;o__OFGB9370;f__FGB9370;g__GGB51959,kept
k__Bacteria;p__Actinobacteria;c__CFGB9370;o__OFGB9370;f__FGB9370;g__GGB51959;s__GGB51959_SGB72479,kept
k__Bacteria;p__Actinobacteria;c__Coriobacteriia,kept
k__Bacteria;p__Actinobacteria;c__Coriobacteriia;o__Coriobacteriales,kept
k__Bacteria;p__Actinobacteria;c__Coriobacteriia;o__Coriobacteriales;f__Atopobiaceae,kept
k__Bacteria;p__Actinobacteria;c__Coriobacteriia;o__Coriobacteriales;f__Atopobiaceae;g__Lancefieldella,kept
k__Bacteria;p__Actinobacteria;c__Coriobacteriia;o__Coriobacteriales;f__Atopobiaceae;g__Lancefieldella;s__Lancefieldella_parvula,kept
k__Bacteria;p__Actinobacteria;c__Coriobacteriia;o__Coriobacteriales;f__Atopobiaceae;g__Lancefieldella;s__Lancefieldella_rimae,kept
k__Bacteria;p__Actinobacteria;c__Coriobacteriia;o__Coriobacteriales;f__Atopobiaceae;g__Olsenella,kept
k__Bacteria;p__Actinobacteria;c__Coriobacteriia;o__Coriobacteriales;f__Atopobiaceae;g__Olsenella;s__Olsenella_sp_GAM18,kept
k__Bacteria;p__Actinobacteria;c__Coriobacteriia;o__Coriobacteriales;f__Coriobacteriaceae,kept
k__Bacteria;p__Actinobacteria;c__Coriobacteriia;o__Coriobacteriales;f__Coriobacteriaceae;g__Collinsella,kept
k__Bacteria;p__Actinobacteria;c__Coriobacteriia;o__Coriobacteriales;f__Coriobacteriaceae;g__Collinsella;s__Collinsella_aerofaciens,kept
k__Bacteria;p__Actinobacteria;c__Coriobacteriia;o__Coriobacteriales;f__Coriobacteriaceae;g__Collinsella;s__Collinsella_bouchesdurhonensis,kept
k__Bacteria;p__Actinobacteria;c__Coriobacteriia;o__Coriobacteriales;f__Coriobacteriaceae;g__Senegalimassilia,kept
k__Bacteria;p__Actinobacteria;c__Coriobacteriia;o__Coriobacteriales;f__Coriobacteriaceae;g__Senegalimassilia;s__Senegalimassilia_anaerobia,kept
k__Bacteria;p__Actinobacteria;c__Coriobacteriia;o__Coriobacteriia_unclassified,kept
k__Bacteria;p__Actinobacteria;c__Coriobacteriia;o__Coriobacteriia_unclassified;f__Coriobacteriia_unclassified,kept
k__Bacteria;p__Actinobacteria;c__Coriobacteriia;o__Coriobacteriia_unclassified;f__Coriobacteriia_unclassified;g__Coriobacteriia_unclassified,kept
k__Bacteria;p__Actinobacteria;c__Coriobacteriia;o__Eggerthellales,kept
k__Bacteria;p__Actinobacteria;c__Coriobacteriia;o__Eggerthellales;f__Eggerthellaceae,kept
k__Bacteria;p__Actinobacteria;c__Coriobacteriia;o__Eggerthellales;f__Eggerthellaceae;g__Adlercreutzia,kept
k__Bacteria;p__Actinobacteria;c__Coriobacteriia;o__Eggerthellales;f__Eggerthellaceae;g__Adlercreutzia;s__Adlercreutzia_equolifaciens,kept
k__Bacteria;p__Actinobacteria;c__Coriobacteriia;o__Eggerthellales;f__Eggerthellaceae;g__Eggerthella,kept
k__Bacteria;p__Actinobacteria;c__Coriobacteriia;o__Eggerthellales;f__Eggerthellaceae;g__Eggerthella;s__Eggerthella_lenta,kept
k__Bacteria;p__Actinobacteria;c__Coriobacteriia;o__Eggerthellales;f__Eggerthellaceae;g__Eggerthellaceae_unclassified,kept
k__Bacteria;p__Actinobacteria;c__Coriobacteriia;o__Eggerthellales;f__Eggerthellaceae;g__Eggerthellaceae_unclassified;s__Eggerthellaceae_bacterium,kept
k__Bacteria;p__Actinobacteria;c__Coriobacteriia;o__Eggerthellales;f__Eggerthellaceae;g__Eggerthellaceae_unclassified;s__Eggerthellaceae_unclassified_SGB14332,kept
k__Bacteria;p__Actinobacteria;c__Coriobacteriia;o__Eggerthellales;f__Eggerthellaceae;g__Eggerthellaceae_unclassified;s__Eggerthellaceae_unclassified_SGB14341,kept
k__Bacteria;p__Actinobacteria;c__Coriobacteriia;o__Eggerthellales;f__Eggerthellaceae;g__Gordonibacter,kept
k__Bacteria;p__Actinobacteria;c__Coriobacteriia;o__Eggerthellales;f__Eggerthellaceae;g__Gordonibacter;s__Gordonibacter_pamelaeae,kept
k__Bacteria;p__Actinobacteria;c__Coriobacteriia;o__Eggerthellales;f__Eggerthellaceae;g__Gordonibacter;s__Gordonibacter_urolithinfaciens,kept
k__Bacteria;p__Actinobacteria;c__Coriobacteriia;o__Eggerthellales;f__Eggerthellaceae;g__Raoultibacter;s__Raoultibacter_massiliensis,kept
k__Bacteria;p__Actinobacteria;c__Coriobacteriia;o__Eggerthellales;f__Eggerthellaceae;g__Slackia,kept
k__Bacteria;p__Actinobacteria;c__Coriobacteriia;o__Eggerthellales;f__Eggerthellaceae;g__Slackia;s__Slackia_exigua,kept
k__Bacteria;p__Actinobacteria;c__Coriobacteriia;o__Eggerthellales;f__Eggerthellaceae;g__Slackia;s__Slackia_isoflavoniconvertens,kept
k__Bacteria;p__Bacteroidetes,kept
k__Bacteria;p__Bacteroidetes;c__Bacteroidia,kept
k__Bacteria;p__Bacteroidetes;c__Bacteroidia;o__Bacteroidales,kept
k__Bacteria;p__Bacteroidetes;c__Bacteroidia;o__Bacteroidales;f__Bacteroidaceae,kept
k__Bacteria;p__Bacteroidetes;c__Bacteroidia;o__Bacteroidales;f__Bacteroidaceae;g__Bacteroidaceae_unclassified,kept
k__Bacteria;p__Bacteroidetes;c__Bacteroidia;o__Bacteroidales;f__Bacteroidaceae;g__Bacteroidaceae_unclassified;s__Bacteroidaceae_bacterium,kept
k__Bacteria;p__Bacteroidetes;c__Bacteroidia;o__Bacteroidales;f__Bacteroidaceae;g__Bacteroides,kept
k__Bacteria;p__Bacteroidetes;c__Bacteroidia;o__Bacteroidales;f__Bacteroidaceae;g__Bacteroides;s__Bacteroides_caccae,kept
k__Bacteria;p__Bacteroidetes;c__Bacteroidia;o__Bacteroidales;f__Bacteroidaceae;g__Bacteroides;s__Bacteroides_cellulosilyticus,kept
k__Bacteria;p__Bacteroidetes;c__Bacteroidia;o__Bacteroidales;f__Bacteroidaceae;g__Bacteroides;s__Bacteroides_clarus,kept
k__Bacteria;p__Bacteroidetes;c__Bacteroidia;o__Bacteroidales;f__Bacteroidaceae;g__Bacteroides;s__Bacteroides_congonensis,kept
k__Bacteria;p__Bacteroidetes;c__Bacteroidia;o__Bacteroidales;f__Bacteroidaceae;g__Bacteroides;s__Bacteroides_eggerthii,kept
k__Bacteria;p__Bacteroidetes;c__Bacteroidia;o__Bacteroidales;f__Bacteroidaceae;g__Bacteroides;s__Bacteroides_faecis,kept
k__Bacteria;p__Bacteroidetes;c__Bacteroidia;o__Bacteroidales;f__Bacteroidaceae;g__Bacteroides;s__Bacteroides_finegoldii,kept
k__Bacteria;p__Bacteroidetes;c__Bacteroidia;o__Bacteroidales;f__Bacteroidaceae;g__Bacteroides;s__Bacteroides_fragilis,kept
k__Bacteria;p__Bacteroidetes;c__Bacteroidia;o__Bacteroidales;f__Bacteroidaceae;g__Bacteroides;s__Bacteroides_intestinalis,kept
k__Bacteria;p__Bacteroidetes;c__Bacteroidia;o__Bacteroidales;f__Bacteroidaceae;g__Bacteroides;s__Bacteroides_nordii,kept
k__Bacteria;p__Bacteroidetes;c__Bacteroidia;o__Bacteroidales;f__Bacteroidaceae;g__Bacteroides;s__Bacteroides_ovatus,kept
k__Bacteria;p__Bacteroidetes;c__Bacteroidia;o__Bacteroidales;f__Bacteroidaceae;g__Bacteroides;s__Bacteroides_salyersiae,kept
k__Bacteria;p__Bacteroidetes;c__Bacteroidia;o__Bacteroidales;f__Bacteroidaceae;g__Bacteroides;s__Bacteroides_sp_AM10_21B,kept
k__Bacteria;p__Bacteroidetes;c__Bacteroidia;o__Bacteroidales;f__Bacteroidaceae;g__Bacteroides;s__Bacteroides_stercoris,kept
k__Bacteria;p__Bacteroidetes;c__Bacteroidia;o__Bacteroidales;f__Bacteroidaceae;g__Bacteroides;s__Bacteroides_thetaiotaomicron,kept
k__Bacteria;p__Bacteroidetes;c__Bacteroidia;o__Bacteroidales;f__Bacteroidaceae;g__Bacteroides;s__Bacteroides_uniformis,kept
k__Bacteria;p__Bacteroidetes;c__Bacteroidia;o__Bacteroidales;f__Bacteroidaceae;g__Bacteroides;s__Bacteroides_xylanisolvens,kept
k__Bacteria;p__Bacteroidetes;c__Bacteroidia;o__Bacteroidales;f__Bacteroidales_unclassified,kept
k__Bacteria;p__Bacteroidetes;c__Bacteroidia;o__Bacteroidales;f__Bacteroidales_unclassified;g__Phocaeicola,kept
k__Bacteria;p__Bacteroidetes;c__Bacteroidia;o__Bacteroidales;f__Bacteroidales_unclassified;g__Phocaeicola;s__Phocaeicola_dorei,kept
k__Bacteria;p__Bacteroidetes;c__Bacteroidia;o__Bacteroidales;f__Bacteroidales_unclassified;g__Phocaeicola;s__Phocaeicola_massiliensis,kept
k__Bacteria;p__Bacteroidetes;c__Bacteroidia;o__Bacteroidales;f__Bacteroidales_unclassified;g__Phocaeicola;s__Phocaeicola_plebeius,kept
k__Bacteria;p__Bacteroidetes;c__Bacteroidia;o__Bacteroidales;f__Bacteroidales_unclassified;g__Phocaeicola;s__Phocaeicola_vulgatus,kept
k__Bacteria;p__Bacteroidetes;c__Bacteroidia;o__Bacteroidales;f__Barnesiellaceae,kept
k__Bacteria;p__Bacteroidetes;c__Bacteroidia;o__Bacteroidales;f__Barnesiellaceae;g__Barnesiella,kept
k__Bacteria;p__Bacteroidetes;c__Bacteroidia;o__Bacteroidales;f__Barnesiellaceae;g__Barnesiella;s__Barnesiella_intestinihominis,kept
k__Bacteria;p__Bacteroidetes;c__Bacteroidia;o__Bacteroidales;f__Barnesiellaceae;g__Coprobacter,kept
k__Bacteria;p__Bacteroidetes;c__Bacteroidia;o__Bacteroidales;f__Barnesiellaceae;g__Coprobacter;s__Coprobacter_fastidiosus,kept
k__Bacteria;p__Bacteroidetes;c__Bacteroidia;o__Bacteroidales;f__Barnesiellaceae;g__Coprobacter;s__Coprobacter_secundus,kept
k__Bacteria;p__Bacteroidetes;c__Bacteroidia;o__Bacteroidales;f__Odoribacteraceae,kept
k__Bacteria;p__Bacteroidetes;c__Bacteroidia;o__Bacteroidales;f__Odoribacteraceae;g__Butyricimonas,kept
k__Bacteria;p__Bacteroidetes;c__Bacteroidia;o__Bacteroidales;f__Odoribacteraceae;g__Butyricimonas;s__Butyricimonas_faecalis,kept
k__Bacteria;p__Bacteroidetes;c__Bacteroidia;o__Bacteroidales;f__Odoribacteraceae;g__Butyricimonas;s__Butyricimonas_faecihominis,kept
k__Bacteria;p__Bacteroidetes;c__Bacteroidia;o__Bacteroidales;f__Odoribacteraceae;g__Butyricimonas;s__Butyricimonas_paravirosa,kept
k__Bacteria;p__Bacteroidetes;c__Bacteroidia;o__Bacteroidales;f__Odoribacteraceae;g__Butyricimonas;s__Butyricimonas_virosa,kept
k__Bacteria;p__Bacteroidetes;c__Bacteroidia;o__Bacteroidales;f__Odoribacteraceae;g__Odoribacter,kept
k__Bacteria;p__Bacteroidetes;c__Bacteroidia;o__Bacteroidales;f__Odoribacteraceae;g__Odoribacter;s__Odoribacter_splanchnicus,kept
k__Bacteria;p__Bacteroidetes;c__Bacteroidia;o__Bacteroidales;f__Porphyromonadaceae,kept
k__Bacteria;p__Bacteroidetes;c__Bacteroidia;o__Bacteroidales;f__Porphyromonadaceae;g__Porphyromonas,kept
k__Bacteria;p__Bacteroidetes;c__Bacteroidia;o__Bacteroidales;f__Prevotellaceae,kept
k__Bacteria;p__Bacteroidetes;c__Bacteroidia;o__Bacteroidales;f__Prevotellaceae;g__Paraprevotella,kept
k__Bacteria;p__Bacteroidetes;c__Bacteroidia;o__Bacteroidales;f__Prevotellaceae;g__Paraprevotella;s__Paraprevotella_clara,kept
k__Bacteria;p__Bacteroidetes;c__Bacteroidia;o__Bacteroidales;f__Prevotellaceae;g__Prevotella,kept
k__Bacteria;p__Bacteroidetes;c__Bacteroidia;o__Bacteroidales;f__Prevotellaceae;g__Prevotella;s__Prevotella_copri_clade_A,kept
k__Bacteria;p__Bacteroidetes;c__Bacteroidia;o__Bacteroidales;f__Prevotellaceae;g__Prevotella;s__Prevotella_lascolaii,kept
k__Bacteria;p__Bacteroidetes;c__Bacteroidia;o__Bacteroidales;f__Rikenellaceae,kept
k__Bacteria;p__Bacteroidetes;c__Bacteroidia;o__Bacteroidales;f__Rikenellaceae;g__Alistipes,kept
k__Bacteria;p__Bacteroidetes;c__Bacteroidia;o__Bacteroidales;f__Rikenellaceae;g__Alistipes;s__Alistipes_communis,kept
k__Bacteria;p__Bacteroidetes;c__Bacteroidia;o__Bacteroidales;f__Rikenellaceae;g__Alistipes;s__Alistipes_finegoldii,kept
k__Bacteria;p__Bacteroidetes;c__Bacteroidia;o__Bacteroidales;f__Rikenellaceae;g__Alistipes;s__Alistipes_ihumii,kept
k__Bacteria;p__Bacteroidetes;c__Bacteroidia;o__Bacteroidales;f__Rikenellaceae;g__Alistipes;s__Alistipes_indistinctus,kept
k__Bacteria;p__Bacteroidetes;c__Bacteroidia;o__Bacteroidales;f__Rikenellaceae;g__Alistipes;s__Alistipes_onderdonkii,kept
k__Bacteria;p__Bacteroidetes;c__Bacteroidia;o__Bacteroidales;f__Rikenellaceae;g__Alistipes;s__Alistipes_putredinis,kept
k__Bacteria;p__Bacteroidetes;c__Bacteroidia;o__Bacteroidales;f__Rikenellaceae;g__Alistipes;s__Alistipes_senegalensis,kept
k__Bacteria;p__Bacteroidetes;c__Bacteroidia;o__Bacteroidales;f__Rikenellaceae;g__Alistipes;s__Alistipes_shahii,kept
k__Bacteria;p__Bacteroidetes;c__Bacteroidia;o__Bacteroidales;f__Rikenellaceae;g__Alistipes;s__Alistipes_sp_AF17_16,kept
k__Bacteria;p__Bacteroidetes;c__Bacteroidia;o__Bacteroidales;f__Rikenellaceae;g__Rikenellaceae_unclassified,kept
k__Bacteria;p__Bacteroidetes;c__Bacteroidia;o__Bacteroidales;f__Rikenellaceae;g__Rikenellaceae_unclassified;s__Rikenellaceae_bacterium,kept
k__Bacteria;p__Bacteroidetes;c__Bacteroidia;o__Bacteroidales;f__Tannerellaceae,kept
k__Bacteria;p__Bacteroidetes;c__Bacteroidia;o__Bacteroidales;f__Tannerellaceae;g__Parabacteroides,kept
k__Bacteria;p__Bacteroidetes;c__Bacteroidia;o__Bacteroidales;f__Tannerellaceae;g__Parabacteroides;s__Parabacteroides_distasonis,kept
k__Bacteria;p__Bacteroidetes;c__Bacteroidia;o__Bacteroidales;f__Tannerellaceae;g__Parabacteroides;s__Parabacteroides_johnsonii,kept
k__Bacteria;p__Bacteroidetes;c__Bacteroidia;o__Bacteroidales;f__Tannerellaceae;g__Parabacteroides;s__Parabacteroides_massiliensis,kept
k__Bacteria;p__Bacteroidetes;c__Bacteroidia;o__Bacteroidales;f__Tannerellaceae;g__Parabacteroides;s__Parabacteroides_merdae,kept
k__Bacteria;p__Bacteroidetes;c__Bacteroidia;o__Marinilabiliales,kept
k__Bacteria;p__Bacteroidetes;c__Bacteroidia;o__Marinilabiliales;f__Marinilabiliaceae,kept
k__Bacteria;p__Bacteroidetes;c__Bacteroidia;o__Marinilabiliales;f__Marinilabiliaceae;g__GGB58233,kept
k__Bacteria;p__Bacteroidetes;c__Bacteroidia;o__Marinilabiliales;f__Marinilabiliaceae;g__GGB58233;s__GGB58233_SGB79883,kept
k__Bacteria;p__Candidatus_Melainabacteria;c__Candidatus_Melainabacteria_unclassified;o__Candidatus_Gastranaerophilales;f__Candidatus_Gastranaerophilales_unclassified;g__GGB6021,kept
k__Bacteria;p__Candidatus_Melainabacteria;c__Candidatus_Melainabacteria_unclassified;o__Candidatus_Gastranaerophilales;f__Candidatus_Gastranaerophilales_unclassified;g__GGB6021;s__GGB6021_SGB8655,kept
k__Bacteria;p__Candidatus_Saccharibacteria,kept
k__Bacteria;p__Candidatus_Saccharibacteria;c__Candidatus_Nanoperiomorbia,kept
k__Bacteria;p__Candidatus_Saccharibacteria;c__Candidatus_Nanoperiomorbia;o__Candidatus_Nanoperiomorbales,kept
k__Bacteria;p__Candidatus_Saccharibacteria;c__Candidatus_Nanoperiomorbia;o__Candidatus_Nanoperiomorbales;f__Candidatus_Nanoperiomorbaceae,kept
k__Bacteria;p__Candidatus_Saccharibacteria;c__Candidatus_Nanoperiomorbia;o__Candidatus_Nanoperiomorbales;f__Candidatus_Nanoperiomorbaceae;g__Candidatus_Nanoperiomorbus,kept
k__Bacteria;p__Candidatus_Saccharibacteria;c__Candidatus_Nanoperiomorbia;o__Candidatus_Nanoperiomorbales;f__Candidatus_Nanoperiomorbaceae;g__Candidatus_Nanoperiomorbus;s__Candidatus_Nanoperiomorbus_periodonticus,kept
k__Bacteria;p__Candidatus_Saccharibacteria;c__Candidatus_Saccharibacteria_unclassified,kept
k__Bacteria;p__Candidatus_Saccharibacteria;c__Candidatus_Saccharibacteria_unclassified;o__Candidatus_Saccharibacteria_unclassified,kept
k__Bacteria;p__Candidatus_Saccharibacteria;c__Candidatus_Saccharibacteria_unclassified;o__Candidatus_Saccharibacteria_unclassified;f__Candidatus_Saccharibacteria_unclassified,kept
k__Bacteria;p__Candidatus_Saccharibacteria;c__Candidatus_Saccharibacteria_unclassified;o__Candidatus_Saccharibacteria_unclassified;f__Candidatus_Saccharibacteria_unclassified;g__Candidatus_Saccharibacteria_unclassified,kept
k__Bacteria;p__Candidatus_Saccharibacteria;c__Candidatus_Saccharibacteria_unclassified;o__Candidatus_Saccharibacteria_unclassified;f__Candidatus_Saccharibacteria_unclassified;g__Candidatus_Saccharibacteria_unclassified;s__Candidatus_Saccharibacteria_unclassified_SGB19850,kept
k__Bacteria;p__Candidatus_Saccharibacteria;c__Candidatus_Saccharimonia,kept
k__Bacteria;p__Candidatus_Saccharibacteria;c__Candidatus_Saccharimonia;o__Candidatus_Saccharimonales,kept
k__Bacteria;p__Candidatus_Saccharibacteria;c__Candidatus_Saccharimonia;o__Candidatus_Saccharimonales;f__Candidatus_Sacchiramonaceaea,kept
k__Bacteria;p__Candidatus_Saccharibacteria;c__Candidatus_Saccharimonia;o__Candidatus_Saccharimonales;f__Candidatus_Sacchiramonaceaea;g__Candidatus_Nanosynsacchari,kept
k__Bacteria;p__Candidatus_Saccharibacteria;c__Candidatus_Saccharimonia;o__Candidatus_Saccharimonales;f__Candidatus_Sacchiramonaceaea;g__Candidatus_Nanosynsacchari;s__Candidatus_Nanosynsacchari_sp_TM7_ANC_38_39_G1_1,kept
k__Bacteria;p__Firmicutes,kept
k__Bacteria;p__Firmicutes;c__Bacilli,kept
k__Bacteria;p__Firmicutes;c__Bacilli;o__Bacillales,kept
k__Bacteria;p__Firmicutes;c__Bacilli;o__Bacillales;f__Bacillales_unclassified,kept
k__Bacteria;p__Firmicutes;c__Bacilli;o__Bacillales;f__Bacillales_unclassified;g__Gemella,kept
k__Bacteria;p__Firmicutes;c__Bacilli;o__Bacillales;f__Bacillales_unclassified;g__Gemella;s__Gemella_haemolysans,kept
k__Bacteria;p__Firmicutes;c__Bacilli;o__Bacillales;f__Bacillales_unclassified;g__Gemella;s__Gemella_morbillorum,kept
k__Bacteria;p__Firmicutes;c__Bacilli;o__Bacillales;f__Bacillales_unclassified;g__Gemella;s__Gemella_sanguinis,kept
k__Bacteria;p__Firmicutes;c__Bacilli;o__Bacilli_unclassified,kept
k__Bacteria;p__Firmicutes;c__Bacilli;o__Bacilli_unclassified;f__Bacilli_unclassified,kept
k__Bacteria;p__Firmicutes;c__Bacilli;o__Bacilli_unclassified;f__Bacilli_unclassified;g__Bacilli_unclassified,kept
k__Bacteria;p__Firmicutes;c__Bacilli;o__Bacilli_unclassified;f__Bacilli_unclassified;g__Bacilli_unclassified;s__Bacilli_bacterium,kept
k__Bacteria;p__Firmicutes;c__Bacilli;o__Bacilli_unclassified;f__Bacilli_unclassified;g__Bacilli_unclassified;s__Bacilli_unclassified_SGB6422,kept
k__Bacteria;p__Firmicutes;c__Bacilli;o__Bacilli_unclassified;f__Bacilli_unclassified;g__Bacilli_unclassified;s__Bacilli_unclassified_SGB6428,kept
k__Bacteria;p__Firmicutes;c__Bacilli;o__Bacilli_unclassified;f__Bacilli_unclassified;g__Bacilli_unclassified;s__Bacilli_unclassified_SGB6473,kept
k__Bacteria;p__Firmicutes;c__Bacilli;o__Bacilli_unclassified;f__Bacilli_unclassified;g__Bacilli_unclassified;s__Bacilli_unclassified_SGB6478,kept
k__Bacteria;p__Firmicutes;c__Bacilli;o__Bacilli_unclassified;f__Bacilli_unclassified;g__Bacilli_unclassified;s__Bacilli_unclassified_SGB6540,kept
k__Bacteria;p__Firmicutes;c__Bacilli;o__Bacilli_unclassified;f__Bacilli_unclassified;g__GGB4676,kept
k__Bacteria;p__Firmicutes;c__Bacilli;o__Bacilli_unclassified;f__Bacilli_unclassified;g__GGB4676;s__GGB4676_SGB6465,kept
k__Bacteria;p__Firmicutes;c__Bacilli;o__Lactobacillales,kept
k__Bacteria;p__Firmicutes;c__Bacilli;o__Lactobacillales;f__Aerococcaceae,kept
k__Bacteria;p__Firmicutes;c__Bacilli;o__Lactobacillales;f__Aerococcaceae;g__Abiotrophia,kept
k__Bacteria;p__Firmicutes;c__Bacilli;o__Lactobacillales;f__Carnobacteriaceae,kept
k__Bacteria;p__Firmicutes;c__Bacilli;o__Lactobacillales;f__Carnobacteriaceae;g__Granulicatella,kept
k__Bacteria;p__Firmicutes;c__Bacilli;o__Lactobacillales;f__Carnobacteriaceae;g__Granulicatella;s__Granulicatella_adiacens,kept
k__Bacteria;p__Firmicutes;c__Bacilli;o__Lactobacillales;f__Enterococcaceae,kept
k__Bacteria;p__Firmicutes;c__Bacilli;o__Lactobacillales;f__Lactobacillaceae,kept
k__Bacteria;p__Firmicutes;c__Bacilli;o__Lactobacillales;f__Lactobacillaceae;g__Lactobacillus,kept
k__Bacteria;p__Firmicutes;c__Bacilli;o__Lactobacillales;f__Lactobacillaceae;g__Lactobacillus;s__Lactobacillus_gasseri,kept
k__Bacteria;p__Firmicutes;c__Bacilli;o__Lactobacillales;f__Lactobacillaceae;g__Ligilactobacillus,kept
k__Bacteria;p__Firmicutes;c__Bacilli;o__Lactobacillales;f__Streptococcaceae,kept
k__Bacteria;p__Firmicutes;c__Bacilli;o__Lactobacillales;f__Streptococcaceae;g__Lactococcus,kept
k__Bacteria;p__Firmicutes;c__Bacilli;o__Lactobacillales;f__Streptococcaceae;g__Streptococcus,kept
k__Bacteria;p__Firmicutes;c__Bacilli;o__Lactobacillales;f__Streptococcaceae;g__Streptococcus;s__Streptococcus_anginosus,kept
k__Bacteria;p__Firmicutes;c__Bacilli;o__Lactobacillales;f__Streptococcaceae;g__Streptococcus;s__Streptococcus_cristatus,kept
k__Bacteria;p__Firmicutes;c__Bacilli;o__Lactobacillales;f__Streptococcaceae;g__Streptococcus;s__Streptococcus_gordonii,kept
k__Bacteria;p__Firmicutes;c__Bacilli;o__Lactobacillales;f__Streptococcaceae;g__Streptococcus;s__Streptococcus_infantis,kept
k__Bacteria;p__Firmicutes;c__Bacilli;o__Lactobacillales;f__Streptococcaceae;g__Streptococcus;s__Streptococcus_mitis,kept
k__Bacteria;p__Firmicutes;c__Bacilli;o__Lactobacillales;f__Streptococcaceae;g__Streptococcus;s__Streptococcus_mutans,kept
k__Bacteria;p__Firmicutes;c__Bacilli;o__Lactobacillales;f__Streptococcaceae;g__Streptococcus;s__Streptococcus_oralis,kept
k__Bacteria;p__Firmicutes;c__Bacilli;o__Lactobacillales;f__Streptococcaceae;g__Streptococcus;s__Streptococcus_parasanguinis,kept
k__Bacteria;p__Firmicutes;c__Bacilli;o__Lactobacillales;f__Streptococcaceae;g__Streptococcus;s__Streptococcus_pneumoniae,kept
k__Bacteria;p__Firmicutes;c__Bacilli;o__Lactobacillales;f__Streptococcaceae;g__Streptococcus;s__Streptococcus_salivarius,kept
k__Bacteria;p__Firmicutes;c__Bacilli;o__Lactobacillales;f__Streptococcaceae;g__Streptococcus;s__Streptococcus_sanguinis,kept
k__Bacteria;p__Firmicutes;c__Bacilli;o__Lactobacillales;f__Streptococcaceae;g__Streptococcus;s__Streptococcus_sp_263_SSPC,kept
k__Bacteria;p__Firmicutes;c__Bacilli;o__Lactobacillales;f__Streptococcaceae;g__Streptococcus;s__Streptococcus_sp_A12,kept
k__Bacteria;p__Firmicutes;c__CFGB1217,kept
k__Bacteria;p__Firmicutes;c__CFGB1217;o__OFGB1217,kept
k__Bacteria;p__Firmicutes;c__CFGB1217;o__OFGB1217;f__FGB1217,kept
k__Bacteria;p__Firmicutes;c__CFGB1217;o__OFGB1217;f__FGB1217;g__GGB2982,kept
k__Bacteria;p__Firmicutes;c__CFGB1217;o__OFGB1217;f__FGB1217;g__GGB2982;s__GGB2982_SGB3964,kept
k__Bacteria;p__Firmicutes;c__CFGB12277,kept
k__Bacteria;p__Firmicutes;c__CFGB12277;o__OFGB12277,kept
k__Bacteria;p__Firmicutes;c__CFGB12277;o__OFGB12277;f__FGB12277,kept
k__Bacteria;p__Firmicutes;c__CFGB12277;o__OFGB12277;f__FGB12277;g__GGB35068,kept
k__Bacteria;p__Firmicutes;c__CFGB12277;o__OFGB12277;f__FGB12277;g__GGB35068;s__GGB35068_SGB47850,kept
k__Bacteria;p__Firmicutes;c__CFGB12541,kept
k__Bacteria;p__Firmicutes;c__CFGB12541;o__OFGB12541,kept
k__Bacteria;p__Firmicutes;c__CFGB12541;o__OFGB12541;f__FGB12541,kept
k__Bacteria;p__Firmicutes;c__CFGB12541;o__OFGB12541;f__FGB12541;g__GGB35551,kept
k__Bacteria;p__Firmicutes;c__CFGB12541;o__OFGB12541;f__FGB12541;g__GGB35551;s__GGB35551_SGB53794,kept
k__Bacteria;p__Firmicutes;c__CFGB1340,kept
k__Bacteria;p__Firmicutes;c__CFGB1340;o__OFGB1340,kept
k__Bacteria;p__Firmicutes;c__CFGB1340;o__OFGB1340;f__FGB1340,kept
k__Bacteria;p__Firmicutes;c__CFGB1340;o__OFGB1340;f__FGB1340;g__GGB3256,kept
k__Bacteria;p__Firmicutes;c__CFGB1340;o__OFGB1340;f__FGB1340;g__GGB3256;s__GGB3256_SGB4303,kept
k__Bacteria;p__Firmicutes;c__CFGB16911,kept
k__Bacteria;p__Firmicutes;c__CFGB16911;o__OFGB16911,kept
k__Bacteria;p__Firmicutes;c__CFGB16911;o__OFGB16911;f__FGB16911,kept
k__Bacteria;p__Firmicutes;c__CFGB16911;o__OFGB16911;f__FGB16911;g__GGB49418,kept
k__Bacteria;p__Firmicutes;c__CFGB16911;o__OFGB16911;f__FGB16911;g__GGB49418;s__GGB49418_SGB69331,kept
k__Bacteria;p__Firmicutes;c__CFGB2882,kept
k__Bacteria;p__Firmicutes;c__CFGB2882;o__OFGB2882,kept
k__Bacteria;p__Firmicutes;c__CFGB2882;o__OFGB2882;f__FGB2882,kept
k__Bacteria;p__Firmicutes;c__CFGB2882;o__OFGB2882;f__FGB2882;g__GGB9186,kept
k__Bacteria;p__Firmicutes;c__CFGB2882;o__OFGB2882;f__FGB2882;g__GGB9186;s__GGB9186_SGB14125,kept
k__Bacteria;p__Firmicutes;c__CFGB2897,kept
k__Bacteria;p__Firmicutes;c__CFGB2897;o__OFGB2897,kept
k__Bacteria;p__Firmicutes;c__CFGB2897;o__OFGB2897;f__FGB2897,kept
k__Bacteria;p__Firmicutes;c__CFGB2897;o__OFGB2897;f__FGB2897;g__GGB9209,kept
k__Bacteria;p__Firmicutes;c__CFGB2897;o__OFGB2897;f__FGB2897;g__GGB9209;s__GGB9209_SGB14148,kept
k__Bacteria;p__Firmicutes;c__CFGB2916,kept
k__Bacteria;p__Firmicutes;c__CFGB2916;o__OFGB2916,kept
k__Bacteria;p__Firmicutes;c__CFGB2916;o__OFGB2916;f__FGB2916,kept
k__Bacteria;p__Firmicutes;c__CFGB2916;o__OFGB2916;f__FGB2916;g__GGB9237,kept
k__Bacteria;p__Firmicutes;c__CFGB2916;o__OFGB2916;f__FGB2916;g__GGB9237;s__GGB9237_SGB14179,kept
k__Bacteria;p__Firmicutes;c__CFGB3035,kept
k__Bacteria;p__Firmicutes;c__CFGB3035;o__OFGB3035,kept
k__Bacteria;p__Firmicutes;c__CFGB3035;o__OFGB3035;f__FGB3035,kept
k__Bacteria;p__Firmicutes;c__CFGB3035;o__OFGB3035;f__FGB3035;g__GGB9524,kept
k__Bacteria;p__Firmicutes;c__CFGB3035;o__OFGB3035;f__FGB3035;g__GGB9524;s__GGB9524_SGB14924,kept
k__Bacteria;p__Firmicutes;c__CFGB3047,kept
k__Bacteria;p__Firmicutes;c__CFGB3047;o__OFGB3047,kept
k__Bacteria;p__Firmicutes;c__CFGB3047;o__OFGB3047;f__FGB3047,kept
k__Bacteria;p__Firmicutes;c__CFGB3047;o__OFGB3047;f__FGB3047;g__GGB9557,kept
k__Bacteria;p__Firmicutes;c__CFGB3047;o__OFGB3047;f__FGB3047;g__GGB9557;s__GGB9557_SGB14966,kept
k__Bacteria;p__Firmicutes;c__CFGB3048,kept
k__Bacteria;p__Firmicutes;c__CFGB3048;o__OFGB3048,kept
k__Bacteria;p__Firmicutes;c__CFGB3048;o__OFGB3048;f__FGB3048,kept
k__Bacteria;p__Firmicutes;c__CFGB3048;o__OFGB3048;f__FGB3048;g__GGB9559,kept
k__Bacteria;p__Firmicutes;c__CFGB3048;o__OFGB3048;f__FGB3048;g__GGB9559;s__GGB9559_SGB14969,kept
k__Bacteria;p__Firmicutes;c__CFGB3048;o__OFGB3048;f__FGB3048;g__GGB9561,kept
k__Bacteria;p__Firmicutes;c__CFGB3048;o__OFGB3048;f__FGB3048;g__GGB9561;s__GGB9561_SGB14972,kept
k__Bacteria;p__Firmicutes;c__CFGB3053,kept
k__Bacteria;p__Firmicutes;c__CFGB3053;o__OFGB3053,kept
k__Bacteria;p__Firmicutes;c__CFGB3053;o__OFGB3053;f__FGB3053,kept
k__Bacteria;p__Firmicutes;c__CFGB3053;o__OFGB3053;f__FGB3053;g__GGB9581,kept
k__Bacteria;p__Firmicutes;c__CFGB3053;o__OFGB3053;f__FGB3053;g__GGB9581;s__GGB9581_SGB14999,kept
k__Bacteria;p__Firmicutes;c__CFGB3608,kept
k__Bacteria;p__Firmicutes;c__CFGB3608;o__OFGB3608,kept
k__Bacteria;p__Firmicutes;c__CFGB3608;o__OFGB3608;f__FGB3608,kept
k__Bacteria;p__Firmicutes;c__CFGB3608;o__OFGB3608;f__FGB3608;g__GGB58158,kept
k__Bacteria;p__Firmicutes;c__CFGB3608;o__OFGB3608;f__FGB3608;g__GGB58158;s__GGB58158_SGB79798,kept
k__Bacteria;p__Firmicutes;c__CFGB40183,kept
k__Bacteria;p__Firmicutes;c__CFGB40183;o__OFGB40183,kept
k__Bacteria;p__Firmicutes;c__CFGB40183;o__OFGB40183;f__FGB40183,kept
k__Bacteria;p__Firmicutes;c__CFGB40183;o__OFGB40183;f__FGB40183;g__GGB42389,kept
k__Bacteria;p__Firmicutes;c__CFGB40183;o__OFGB40183;f__FGB40183;g__GGB42389;s__GGB42389_SGB59559,kept
k__Bacteria;p__Firmicutes;c__CFGB40382,kept
k__Bacteria;p__Firmicutes;c__CFGB40382;o__OFGB40382,kept
k__Bacteria;p__Firmicutes;c__CFGB40382;o__OFGB40382;f__FGB40382,kept
k__Bacteria;p__Firmicutes;c__CFGB40382;o__OFGB40382;f__FGB40382;g__GGB45491,kept
k__Bacteria;p__Firmicutes;c__CFGB40382;o__OFGB40382;f__FGB40382;g__GGB45491;s__GGB45491_SGB63163,kept
k__Bacteria;p__Firmicutes;c__CFGB42691,kept
k__Bacteria;p__Firmicutes;c__CFGB42691;o__OFGB42691,kept
k__Bacteria;p__Firmicutes;c__CFGB42691;o__OFGB42691;f__FGB42691,kept
k__Bacteria;p__Firmicutes;c__CFGB42691;o__OFGB42691;f__FGB42691;g__GGB51441,kept
k__Bacteria;p__Firmicutes;c__CFGB42691;o__OFGB42691;f__FGB42691;g__GGB51441;s__GGB51441_SGB71759,kept
k__Bacteria;p__Firmicutes;c__CFGB9612,kept
k__Bacteria;p__Firmicutes;c__CFGB9612;o__OFGB9612,kept
k__Bacteria;p__Firmicutes;c__CFGB9612;o__OFGB9612;f__FGB9612,kept
k__Bacteria;p__Firmicutes;c__CFGB9612;o__OFGB9612;f__FGB9612;g__GGB45495,kept
k__Bacteria;p__Firmicutes;c__CFGB9612;o__OFGB9612;f__FGB9612;g__GGB45495;s__GGB45495_SGB63167,kept
k__Bacteria;p__Firmicutes;c__Clostridia,kept
k__Bacteria;p__Firmicutes;c__Clostridia;o__Clostridia_unclassified,kept
k__Bacteria;p__Firmicutes;c__Clostridia;o__Clostridia_unclassified;f__Clostridia_unclassified,kept
k__Bacteria;p__Firmicutes;c__Clostridia;o__Clostridia_unclassified;f__Clostridia_unclassified;g__Candidatus_Allobutyricicoccus,kept
k__Bacteria;p__Firmicutes;c__Clostridia;o__Clostridia_unclassified;f__Clostridia_unclassified;g__Candidatus_Allobutyricicoccus;s__Candidatus_Allobutyricicoccus_pentlandensis,kept
k__Bacteria;p__Firmicutes;c__Clostridia;o__Clostridia_unclassified;f__Clostridia_unclassified;g__Candidatus_Allochristensenella,kept
k__Bacteria;p__Firmicutes;c__Clostridia;o__Clostridia_unclassified;f__Clostridia_unclassified;g__Candidatus_Allochristensenella;s__Candidatus_Allochristensenella_caecavium,kept
k__Bacteria;p__Firmicutes;c__Clostridia;o__Clostridia_unclassified;f__Clostridia_unclassified;g__Candidatus_Alloruminococcus,kept
k__Bacteria;p__Firmicutes;c__Clostridia;o__Clostridia_unclassified;f__Clostridia_unclassified;g__Candidatus_Alloruminococcus;s__Candidatus_Alloruminococcus_vanvlietii,kept
k__Bacteria;p__Firmicutes;c__Clostridia;o__Clostridia_unclassified;f__Clostridia_unclassified;g__Candidatus_Alloscillospira,kept
k__Bacteria;p__Firmicutes;c__Clostridia;o__Clostridia_unclassified;f__Clostridia_unclassified;g__Candidatus_Alloscillospira;s__Candidatus_Alloscillospira_gallinarum,kept
k__Bacteria;p__Firmicutes;c__Clostridia;o__Clostridia_unclassified;f__Clostridia_unclassified;g__Candidatus_Avimicrobium,kept
k__Bacteria;p__Firmicutes;c__Clostridia;o__Clostridia_unclassified;f__Clostridia_unclassified;g__Candidatus_Avimicrobium;s__Candidatus_Avimicrobium_caecorum,kept
k__Bacteria;p__Firmicutes;c__Clostridia;o__Clostridia_unclassified;f__Clostridia_unclassified;g__Candidatus_Avimonas,kept
k__Bacteria;p__Firmicutes;c__Clostridia;o__Clostridia_unclassified;f__Clostridia_unclassified;g__Candidatus_Avimonas;s__Candidatus_Avimonas_narfia,kept
k__Bacteria;p__Firmicutes;c__Clostridia;o__Clostridia_unclassified;f__Clostridia_unclassified;g__Candidatus_Geddesella,kept
k__Bacteria;p__Firmicutes;c__Clostridia;o__Clostridia_unclassified;f__Clostridia_unclassified;g__Candidatus_Geddesella;s__Candidatus_Geddesella_stercoravicola,kept
k__Bacteria;p__Firmicutes;c__Clostridia;o__Clostridia_unclassified;f__Clostridia_unclassified;g__Candidatus_Heteroruminococcus,kept
k__Bacteria;p__Firmicutes;c__Clostridia;o__Clostridia_unclassified;f__Clostridia_unclassified;g__Candidatus_Heteroruminococcus;s__Candidatus_Heteroruminococcus_faecigallinarum,kept
k__Bacteria;p__Firmicutes;c__Clostridia;o__Clostridia_unclassified;f__Clostridia_unclassified;g__Candidatus_Heteroscilispira,kept
k__Bacteria;p__Firmicutes;c__Clostridia;o__Clostridia_unclassified;f__Clostridia_unclassified;g__Candidatus_Heteroscilispira;s__Candidatus_Heteroscilispira_lomanii,kept
k__Bacteria;p__Firmicutes;c__Clostridia;o__Clostridia_unclassified;f__Clostridia_unclassified;g__Candidatus_Metaruminococcus,kept
k__Bacteria;p__Firmicutes;c__Clostridia;o__Clostridia_unclassified;f__Clostridia_unclassified;g__Candidatus_Neochristensenella,kept
k__Bacteria;p__Firmicutes;c__Clostridia;o__Clostridia_unclassified;f__Clostridia_unclassified;g__Candidatus_Neochristensenella;s__Candidatus_Neochristensenella_gallicola,kept
k__Bacteria;p__Firmicutes;c__Clostridia;o__Clostridia_unclassified;f__Clostridia_unclassified;g__Candidatus_Neoruminococcus,kept
k__Bacteria;p__Firmicutes;c__Clostridia;o__Clostridia_unclassified;f__Clostridia_unclassified;g__Candidatus_Neoruminococcus;s__Candidatus_Neoruminococcus_faecicola,kept
k__Bacteria;p__Firmicutes;c__Clostridia;o__Clostridia_unclassified;f__Clostridia_unclassified;g__Candidatus_Parachristensenella,kept
k__Bacteria;p__Firmicutes;c__Clostridia;o__Clostridia_unclassified;f__Clostridia_unclassified;g__Candidatus_Parachristensenella;s__Candidatus_Parachristensenella_avicola,kept
k__Bacteria;p__Firmicutes;c__Clostridia;o__Clostridia_unclassified;f__Clostridia_unclassified;g__Candidatus_Paralachnospira,kept
k__Bacteria;p__Firmicutes;c__Clostridia;o__Clostridia_unclassified;f__Clostridia_unclassified;g__Candidatus_Paralachnospira;s__Candidatus_Paralachnospira_caecorum,kept
k__Bacteria;p__Firmicutes;c__Clostridia;o__Clostridia_unclassified;f__Clostridia_unclassified;g__Candidatus_Pararuminococcus,kept
k__Bacteria;p__Firmicutes;c__Clostridia;o__Clostridia_unclassified;f__Clostridia_unclassified;g__Candidatus_Pararuminococcus;s__Candidatus_Pararuminococcus_gallinarum,kept
k__Bacteria;p__Firmicutes;c__Clostridia;o__Clostridia_unclassified;f__Clostridia_unclassified;g__Candidatus_Pseudoruminococcus,kept
k__Bacteria;p__Firmicutes;c__Clostridia;o__Clostridia_unclassified;f__Clostridia_unclassified;g__Candidatus_Pseudoruminococcus;s__Candidatus_Pseudoruminococcus_merdavium,kept
k__Bacteria;p__Firmicutes;c__Clostridia;o__Clostridia_unclassified;f__Clostridia_unclassified;g__Candidatus_Schneewindia,kept
k__Bacteria;p__Firmicutes;c__Clostridia;o__Clostridia_unclassified;f__Clostridia_unclassified;g__Candidatus_Schneewindia;s__Candidatus_Schneewindia_gallinarum,kept
k__Bacteria;p__Firmicutes;c__Clostridia;o__Clostridia_unclassified;f__Clostridia_unclassified;g__Clostridia_unclassified,kept
k__Bacteria;p__Firmicutes;c__Clostridia;o__Clostridia_unclassified;f__Clostridia_unclassified;g__Clostridia_unclassified;s__Clostridia_bacterium,kept
k__Bacteria;p__Firmicutes;c__Clostridia;o__Clostridia_unclassified;f__Clostridia_unclassified;g__Clostridia_unclassified;s__Clostridia_bacterium_UC5_1_1D1,kept
k__Bacteria;p__Firmicutes;c__Clostridia;o__Clostridia_unclassified;f__Clostridia_unclassified;g__Clostridia_unclassified;s__Clostridia_unclassified_SGB14844,kept
k__Bacteria;p__Firmicutes;c__Clostridia;o__Clostridia_unclassified;f__Clostridia_unclassified;g__Clostridia_unclassified;s__Clostridia_unclassified_SGB14951,kept
k__Bacteria;p__Firmicutes;c__Clostridia;o__Clostridia_unclassified;f__Clostridia_unclassified;g__Clostridia_unclassified;s__Clostridia_unclassified_SGB15402,kept
k__Bacteria;p__Firmicutes;c__Clostridia;o__Clostridia_unclassified;f__Clostridia_unclassified;g__Clostridia_unclassified;s__Clostridia_unclassified_SGB4121,kept
k__Bacteria;p__Firmicutes;c__Clostridia;o__Clostridia_unclassified;f__Clostridia_unclassified;g__Clostridia_unclassified;s__Clostridia_unclassified_SGB4367,kept
k__Bacteria;p__Firmicutes;c__Clostridia;o__Clostridia_unclassified;f__Clostridia_unclassified;g__Clostridia_unclassified;s__Clostridia_unclassified_SGB4447,kept
k__Bacteria;p__Firmicutes;c__Clostridia;o__Clostridia_unclassified;f__Clostridia_unclassified;g__Clostridia_unclassified;s__Clostridia_unclassified_SGB6276,kept
k__Bacteria;p__Firmicutes;c__Clostridia;o__Clostridia_unclassified;f__Clostridia_unclassified;g__Clostridia_unclassified;s__Clostridia_unclassified_SGB6369,kept
k__Bacteria;p__Firmicutes;c__Clostridia;o__Clostridia_unclassified;f__Clostridia_unclassified;g__Clostridia_unclassified;s__Clostridia_unclassified_SGB6376,kept
k__Bacteria;p__Firmicutes;c__Clostridia;o__Clostridia_unclassified;f__Clostridia_unclassified;g__Clostridia_unclassified;s__Clostridia_unclassified_SGB66170,kept
k__Bacteria;p__Firmicutes;c__Clostridia;o__Clostridia_unclassified;f__Clostridia_unclassified;g__Clostridia_unclassified;s__Clostridia_unclassified_SGB71368,kept
k__Bacteria;p__Firmicutes;c__Clostridia;o__Clostridia_unclassified;f__Clostridia_unclassified;g__GGB2980,kept
k__Bacteria;p__Firmicutes;c__Clostridia;o__Clostridia_unclassified;f__Clostridia_unclassified;g__GGB2980;s__GGB2980_SGB3962,kept
k__Bacteria;p__Firmicutes;c__Clostridia;o__Clostridia_unclassified;f__Clostridia_unclassified;g__GGB3005,kept
k__Bacteria;p__Firmicutes;c__Clostridia;o__Clostridia_unclassified;f__Clostridia_unclassified;g__GGB3005;s__GGB3005_SGB3996,kept
k__Bacteria;p__Firmicutes;c__Clostridia;o__Clostridia_unclassified;f__Clostridia_unclassified;g__GGB3277,kept
k__Bacteria;p__Firmicutes;c__Clostridia;o__Clostridia_unclassified;f__Clostridia_unclassified;g__GGB3277;s__GGB3277_SGB4327,kept
k__Bacteria;p__Firmicutes;c__Clostridia;o__Clostridia_unclassified;f__Clostridia_unclassified;g__GGB3293,kept
k__Bacteria;p__Firmicutes;c__Clostridia;o__Clostridia_unclassified;f__Clostridia_unclassified;g__GGB3293;s__GGB3293_SGB4348,kept
k__Bacteria;p__Firmicutes;c__Clostridia;o__Clostridia_unclassified;f__Clostridia_unclassified;g__GGB3817,kept
k__Bacteria;p__Firmicutes;c__Clostridia;o__Clostridia_unclassified;f__Clostridia_unclassified;g__GGB3817;s__GGB3817_SGB5182,kept
k__Bacteria;p__Firmicutes;c__Clostridia;o__Clostridia_unclassified;f__Clostridia_unclassified;g__GGB4569,kept
k__Bacteria;p__Firmicutes;c__Clostridia;o__Clostridia_unclassified;f__Clostridia_unclassified;g__GGB4584,kept
k__Bacteria;p__Firmicutes;c__Clostridia;o__Clostridia_unclassified;f__Clostridia_unclassified;g__GGB4584;s__GGB4584_SGB6338,kept
k__Bacteria;p__Firmicutes;c__Clostridia;o__Clostridia_unclassified;f__Clostridia_unclassified;g__GGB4585,kept
k__Bacteria;p__Firmicutes;c__Clostridia;o__Clostridia_unclassified;f__Clostridia_unclassified;g__GGB4585;s__GGB4585_SGB6340,kept
k__Bacteria;p__Firmicutes;c__Clostridia;o__Clostridia_unclassified;f__Clostridia_unclassified;g__GGB4588,kept
k__Bacteria;p__Firmicutes;c__Clostridia;o__Clostridia_unclassified;f__Clostridia_unclassified;g__GGB4588;s__GGB4588_SGB6347,kept
k__Bacteria;p__Firmicutes;c__Clostridia;o__Clostridia_unclassified;f__Clostridia_unclassified;g__GGB9342,kept
k__Bacteria;p__Firmicutes;c__Clostridia;o__Clostridia_unclassified;f__Clostridia_unclassified;g__GGB9342;s__GGB9342_SGB14306,kept
k__Bacteria;p__Firmicutes;c__Clostridia;o__Clostridia_unclassified;f__Clostridia_unclassified;g__GGB9347,kept
k__Bacteria;p__Firmicutes;c__Clostridia;o__Clostridia_unclassified;f__Clostridia_unclassified;g__GGB9347;s__GGB9347_SGB14313,kept
k__Bacteria;p__Firmicutes;c__Clostridia;o__Clostridia_unclassified;f__Clostridia_unclassified;g__GGB9350,kept
k__Bacteria;p__Firmicutes;c__Clostridia;o__Clostridia_unclassified;f__Clostridia_unclassified;g__GGB9350;s__GGB9350_SGB14317,kept
k__Bacteria;p__Firmicutes;c__Clostridia;o__Clostridia_unclassified;f__Clostridia_unclassified;g__GGB9522,kept
k__Bacteria;p__Firmicutes;c__Clostridia;o__Clostridia_unclassified;f__Clostridia_unclassified;g__GGB9522;s__GGB9522_SGB14921,kept
k__Bacteria;p__Firmicutes;c__Clostridia;o__Clostridia_unclassified;f__Clostridia_unclassified;g__GGB9537,kept
k__Bacteria;p__Firmicutes;c__Clostridia;o__Clostridia_unclassified;f__Clostridia_unclassified;g__GGB9537;s__GGB9537_SGB14940,kept
k__Bacteria;p__Firmicutes;c__Clostridia;o__Clostridia_unclassified;f__Clostridia_unclassified;g__GGB9758,kept
k__Bacteria;p__Firmicutes;c__Clostridia;o__Clostridia_unclassified;f__Clostridia_unclassified;g__GGB9758;s__GGB9758_SGB15368,kept
k__Bacteria;p__Firmicutes;c__Clostridia;o__Clostridia_unclassified;f__Clostridia_unclassified;g__GGB9787,kept
k__Bacteria;p__Firmicutes;c__Clostridia;o__Clostridia_unclassified;f__Clostridia_unclassified;g__GGB9787;s__GGB9787_SGB15410,kept
k__Bacteria;p__Firmicutes;c__Clostridia;o__Clostridiales,kept
k__Bacteria;p__Firmicutes;c__Clostridia;o__Clostridiales;f__Christensenellaceae,kept
k__Bacteria;p__Firmicutes;c__Clostridia;o__Clostridiales;f__Christensenellaceae;g__Christensenella,kept
k__Bacteria;p__Firmicutes;c__Clostridia;o__Clostridiales;f__Christensenellaceae;g__Christensenella;s__Christensenella_massiliensis,kept
k__Bacteria;p__Firmicutes;c__Clostridia;o__Clostridiales;f__Christensenellaceae;g__Christensenella;s__Christensenella_minuta,kept
k__Bacteria;p__Firmicutes;c__Clostridia;o__Clostridiales;f__Christensenellaceae;g__Christensenellaceae_unclassified,kept
k__Bacteria;p__Firmicutes;c__Clostridia;o__Clostridiales;f__Christensenellaceae;g__Christensenellaceae_unclassified;s__Christensenellaceae_bacterium,kept
k__Bacteria;p__Firmicutes;c__Clostridia;o__Clostridiales;f__Christensenellaceae;g__Christensenellaceae_unclassified;s__Christensenellaceae_bacterium_NSJ_44,kept
k__Bacteria;p__Firmicutes;c__Clostridia;o__Clostridiales;f__Clostridiaceae,kept
k__Bacteria;p__Firmicutes;c__Clostridia;o__Clostridiales;f__Clostridiaceae;g__Butyricicoccus,kept
k__Bacteria;p__Firmicutes;c__Clostridia;o__Clostridiales;f__Clostridiaceae;g__Butyricicoccus;s__Butyricicoccus_SGB14990,kept
k__Bacteria;p__Firmicutes;c__Clostridia;o__Clostridiales;f__Clostridiaceae;g__Butyricicoccus;s__Butyricicoccus_sp_AM29_23AC,kept
k__Bacteria;p__Firmicutes;c__Clostridia;o__Clostridiales;f__Clostridiaceae;g__Clostridiaceae_unclassified,kept
k__Bacteria;p__Firmicutes;c__Clostridia;o__Clostridiales;f__Clostridiaceae;g__Clostridiaceae_unclassified;s__Clostridiaceae_bacterium,kept
k__Bacteria;p__Firmicutes;c__Clostridia;o__Clostridiales;f__Clostridiaceae;g__Clostridiaceae_unclassified;s__Clostridiaceae_bacterium_NSJ_31,kept
k__Bacteria;p__Firmicutes;c__Clostridia;o__Clostridiales;f__Clostridiaceae;g__Clostridiaceae_unclassified;s__Clostridiaceae_bacterium_OM08_6BH,kept
k__Bacteria;p__Firmicutes;c__Clostridia;o__Clostridiales;f__Clostridiaceae;g__Clostridiaceae_unclassified;s__Clostridiaceae_unclassified_SGB4769,kept
k__Bacteria;p__Firmicutes;c__Clostridia;o__Clostridiales;f__Clostridiaceae;g__Clostridium,kept
k__Bacteria;p__Firmicutes;c__Clostridia;o__Clostridiales;f__Clostridiaceae;g__Clostridium;s__Clostridium_SGB6179,kept
k__Bacteria;p__Firmicutes;c__Clostridia;o__Clostridiales;f__Clostridiaceae;g__Clostridium;s__Clostridium_disporicum,kept
k__Bacteria;p__Firmicutes;c__Clostridia;o__Clostridiales;f__Clostridiaceae;g__Clostridium;s__Clostridium_fessum,kept
k__Bacteria;p__Firmicutes;c__Clostridia;o__Clostridiales;f__Clostridiaceae;g__Clostridium;s__Clostridium_paraputrificum,kept
k__Bacteria;p__Firmicutes;c__Clostridia;o__Clostridiales;f__Clostridiaceae;g__Clostridium;s__Clostridium_phoceensis,kept
k__Bacteria;p__Firmicutes;c__Clostridia;o__Clostridiales;f__Clostridiaceae;g__Clostridium;s__Clostridium_sp_AF15_49,kept
k__Bacteria;p__Firmicutes;c__Clostridia;o__Clostridiales;f__Clostridiaceae;g__Clostridium;s__Clostridium_sp_AF20_17LB,kept
k__Bacteria;p__Firmicutes;c__Clostridia;o__Clostridiales;f__Clostridiaceae;g__Clostridium;s__Clostridium_sp_AF27_2AA,kept
k__Bacteria;p__Firmicutes;c__Clostridia;o__Clostridiales;f__Clostridiaceae;g__Clostridium;s__Clostridium_sp_AF34_10BH,kept
k__Bacteria;p__Firmicutes;c__Clostridia;o__Clostridiales;f__Clostridiaceae;g__Clostridium;s__Clostridium_sp_AF34_13,kept
k__Bacteria;p__Firmicutes;c__Clostridia;o__Clostridiales;f__Clostridiaceae;g__Clostridium;s__Clostridium_sp_AF36_4,kept
k__Bacteria;p__Firmicutes;c__Clostridia;o__Clostridiales;f__Clostridiaceae;g__Clostridium;s__Clostridium_sp_AM22_11AC,kept
k__Bacteria;p__Firmicutes;c__Clostridia;o__Clostridiales;f__Clostridiaceae;g__Clostridium;s__Clostridium_sp_AM33_3,kept
k__Bacteria;p__Firmicutes;c__Clostridia;o__Clostridiales;f__Clostridiaceae;g__Clostridium;s__Clostridium_sp_AM49_4BH,kept
k__Bacteria;p__Firmicutes;c__Clostridia;o__Clostridiales;f__Clostridiaceae;g__Clostridium;s__Clostridium_sp_AT4,kept
k__Bacteria;p__Firmicutes;c__Clostridia;o__Clostridiales;f__Clostridiaceae;g__Clostridium;s__Clostridium_sp_Marseille_P3244,kept
k__Bacteria;p__Firmicutes;c__Clostridia;o__Clostridiales;f__Clostridiaceae;g__Clostridium;s__Clostridium_sp_NSJ_42,kept
k__Bacteria;p__Firmicutes;c__Clostridia;o__Clostridiales;f__Clostridiaceae;g__Clostridium;s__Clostridium_sp_OM07_10AC,kept
k__Bacteria;p__Firmicutes;c__Clostridia;o__Clostridiales;f__Clostridiaceae;g__GGB4482,kept
k__Bacteria;p__Firmicutes;c__Clostridia;o__Clostridiales;f__Clostridiaceae;g__GGB9568,kept
k__Bacteria;p__Firmicutes;c__Clostridia;o__Clostridiales;f__Clostridiaceae;g__GGB9568;s__GGB9568_SGB14980,kept
k__Bacteria;p__Firmicutes;c__Clostridia;o__Clostridiales;f__Clostridiaceae;g__Hungatella,kept
k__Bacteria;p__Firmicutes;c__Clostridia;o__Clostridiales;f__Clostridiaceae;g__Hungatella;s__Hungatella_hathewayi,kept
k__Bacteria;p__Firmicutes;c__Clostridia;o__Clostridiales;f__Clostridiaceae;g__Lactonifactor,kept
k__Bacteria;p__Firmicutes;c__Clostridia;o__Clostridiales;f__Clostridiaceae;g__Massilioclostridium,kept
k__Bacteria;p__Firmicutes;c__Clostridia;o__Clostridiales;f__Clostridiaceae;g__Massilioclostridium;s__Massilioclostridium_coli,kept
k__Bacteria;p__Firmicutes;c__Clostridia;o__Clostridiales;f__Clostridiales_Family_XIII_Incertae_Sedis,kept
k__Bacteria;p__Firmicutes;c__Clostridia;o__Clostridiales;f__Clostridiales_Family_XIII_Incertae_Sedis;g__Clostridiales_Family_XIII_Incertae_Sedis_unclassified,kept
k__Bacteria;p__Firmicutes;c__Clostridia;o__Clostridiales;f__Clostridiales_Family_XIII_Incertae_Sedis;g__Clostridiales_Family_XIII_Incertae_Sedis_unclassified;s__Clostridiales_Family_XIII_Incertae_Sedis_unclassified_SGB3978,kept
k__Bacteria;p__Firmicutes;c__Clostridia;o__Clostridiales;f__Clostridiales_Family_XIII_Incertae_Sedis;g__Clostridiales_Family_XIII_Incertae_Sedis_unclassified;s__Eubacterium_sulci,kept
k__Bacteria;p__Firmicutes;c__Clostridia;o__Clostridiales;f__Clostridiales_Family_XIII_Incertae_Sedis;g__Mogibacterium,kept
k__Bacteria;p__Firmicutes;c__Clostridia;o__Clostridiales;f__Clostridiales_Family_XIII_Incertae_Sedis;g__Mogibacterium;s__Mogibacterium_diversum,kept
k__Bacteria;p__Firmicutes;c__Clostridia;o__Clostridiales;f__Clostridiales_unclassified,kept
k__Bacteria;p__Firmicutes;c__Clostridia;o__Clostridiales;f__Clostridiales_unclassified;g__Clostridiales_unclassified,kept
k__Bacteria;p__Firmicutes;c__Clostridia;o__Clostridiales;f__Clostridiales_unclassified;g__Clostridiales_unclassified;s__Clostridiales_bacterium,kept
k__Bacteria;p__Firmicutes;c__Clostridia;o__Clostridiales;f__Clostridiales_unclassified;g__Clostridiales_unclassified;s__Clostridiales_bacterium_BX7,kept
k__Bacteria;p__Firmicutes;c__Clostridia;o__Clostridiales;f__Clostridiales_unclassified;g__Clostridiales_unclassified;s__Clostridiales_bacterium_Choco116,kept
k__Bacteria;p__Firmicutes;c__Clostridia;o__Clostridiales;f__Clostridiales_unclassified;g__Clostridiales_unclassified;s__Clostridiales_bacterium_KLE1615,kept
k__Bacteria;p__Firmicutes;c__Clostridia;o__Clostridiales;f__Clostridiales_unclassified;g__Clostridiales_unclassified;s__Clostridiales_bacterium_NSJ_40,kept
k__Bacteria;p__Firmicutes;c__Clostridia;o__Clostridiales;f__Clostridiales_unclassified;g__Clostridiales_unclassified;s__Clostridiales_unclassified_SGB15145,kept
k__Bacteria;p__Firmicutes;c__Clostridia;o__Clostridiales;f__Clostridiales_unclassified;g__Clostridiales_unclassified;s__Clostridiales_unclassified_SGB15150,kept
k__Bacteria;p__Firmicutes;c__Clostridia;o__Clostridiales;f__Clostridiales_unclassified;g__Evtepia,kept
k__Bacteria;p__Firmicutes;c__Clostridia;o__Clostridiales;f__Clostridiales_unclassified;g__Evtepia;s__Evtepia_gabavorous,kept
k__Bacteria;p__Firmicutes;c__Clostridia;o__Clostridiales;f__Clostridiales_unclassified;g__Fenollaria,kept
k__Bacteria;p__Firmicutes;c__Clostridia;o__Clostridiales;f__Clostridiales_unclassified;g__Fenollaria;s__Fenollaria_timonensis,kept
k__Bacteria;p__Firmicutes;c__Clostridia;o__Clostridiales;f__Clostridiales_unclassified;g__Intestinimonas,kept
k__Bacteria;p__Firmicutes;c__Clostridia;o__Clostridiales;f__Clostridiales_unclassified;g__Intestinimonas;s__Intestinimonas_butyriciproducens,kept
k__Bacteria;p__Firmicutes;c__Clostridia;o__Clostridiales;f__Clostridiales_unclassified;g__Intestinimonas;s__Intestinimonas_gabonensis,kept
k__Bacteria;p__Firmicutes;c__Clostridia;o__Clostridiales;f__Clostridiales_unclassified;g__Intestinimonas;s__Intestinimonas_massiliensis,kept
k__Bacteria;p__Firmicutes;c__Clostridia;o__Clostridiales;f__Clostridiales_unclassified;g__Intestinimonas;s__Intestinimonas_timonensis,kept
k__Bacteria;p__Firmicutes;c__Clostridia;o__Clostridiales;f__Clostridiales_unclassified;g__Lawsonibacter,kept
k__Bacteria;p__Firmicutes;c__Clostridia;o__Clostridiales;f__Clostridiales_unclassified;g__Lawsonibacter;s__Lawsonibacter_sp_NSJ_51,kept
k__Bacteria;p__Firmicutes;c__Clostridia;o__Clostridiales;f__Eubacteriaceae,kept
k__Bacteria;p__Firmicutes;c__Clostridia;o__Clostridiales;f__Eubacteriaceae;g__Anaerofustis,kept
k__Bacteria;p__Firmicutes;c__Clostridia;o__Clostridiales;f__Eubacteriaceae;g__Anaerofustis;s__Anaerofustis_stercorihominis,kept
k__Bacteria;p__Firmicutes;c__Clostridia;o__Clostridiales;f__Eubacteriaceae;g__Eubacteriaceae_unclassified,kept
k__Bacteria;p__Firmicutes;c__Clostridia;o__Clostridiales;f__Eubacteriaceae;g__Eubacteriaceae_unclassified;s__Eubacteriaceae_bacterium,kept
k__Bacteria;p__Firmicutes;c__Clostridia;o__Clostridiales;f__Eubacteriaceae;g__Eubacterium,kept
k__Bacteria;p__Firmicutes;c__Clostridia;o__Clostridiales;f__Eubacteriaceae;g__Eubacterium;s__Eubacterium_ramulus,kept
k__Bacteria;p__Firmicutes;c__Clostridia;o__Clostridiales;f__Eubacteriaceae;g__Eubacterium;s__Eubacterium_sp_AF15_50,kept
k__Bacteria;p__Firmicutes;c__Clostridia;o__Clostridiales;f__Eubacteriaceae;g__Eubacterium;s__Eubacterium_sp_AF34_35BH,kept
k__Bacteria;p__Firmicutes;c__Clostridia;o__Clostridiales;f__Eubacteriaceae;g__Eubacterium;s__Eubacterium_sp_AM28_29,kept
k__Bacteria;p__Firmicutes;c__Clostridia;o__Clostridiales;f__Eubacteriaceae;g__Eubacterium;s__Eubacterium_ventriosum,kept
k__Bacteria;p__Firmicutes;c__Clostridia;o__Clostridiales;f__Eubacteriaceae;g__Intestinibacillus,kept
k__Bacteria;p__Firmicutes;c__Clostridia;o__Clostridiales;f__Eubacteriaceae;g__Intestinibacillus;s__Intestinibacillus_sp_Marseille_P6563,kept
k__Bacteria;p__Firmicutes;c__Clostridia;o__Clostridiales;f__Lachnospiraceae,kept
k__Bacteria;p__Firmicutes;c__Clostridia;o__Clostridiales;f__Lachnospiraceae;g__Anaerobutyricum,kept
k__Bacteria;p__Firmicutes;c__Clostridia;o__Clostridiales;f__Lachnospiraceae;g__Anaerobutyricum;s__Anaerobutyricum_hallii,kept
k__Bacteria;p__Firmicutes;c__Clostridia;o__Clostridiales;f__Lachnospiraceae;g__Anaerosacchariphilus,kept
k__Bacteria;p__Firmicutes;c__Clostridia;o__Clostridiales;f__Lachnospiraceae;g__Anaerosacchariphilus;s__Anaerosacchariphilus_sp_NSJ_68,kept
k__Bacteria;p__Firmicutes;c__Clostridia;o__Clostridiales;f__Lachnospiraceae;g__Anaerostipes,kept
k__Bacteria;p__Firmicutes;c__Clostridia;o__Clostridiales;f__Lachnospiraceae;g__Anaerostipes;s__Anaerostipes_caccae,kept
k__Bacteria;p__Firmicutes;c__Clostridia;o__Clostridiales;f__Lachnospiraceae;g__Anaerostipes;s__Anaerostipes_hadrus,kept
k__Bacteria;p__Firmicutes;c__Clostridia;o__Clostridiales;f__Lachnospiraceae;g__Anaerotignum,kept
k__Bacteria;p__Firmicutes;c__Clostridia;o__Clostridiales;f__Lachnospiraceae;g__Anaerotignum;s__Anaerotignum_faecicola,kept
k__Bacteria;p__Firmicutes;c__Clostridia;o__Clostridiales;f__Lachnospiraceae;g__Blautia,kept
k__Bacteria;p__Firmicutes;c__Clostridia;o__Clostridiales;f__Lachnospiraceae;g__Blautia;s__Blautia_SGB4805,kept
k__Bacteria;p__Firmicutes;c__Clostridia;o__Clostridiales;f__Lachnospiraceae;g__Blautia;s__Blautia_SGB4815,kept
k__Bacteria;p__Firmicutes;c__Clostridia;o__Clostridiales;f__Lachnospiraceae;g__Blautia;s__Blautia_SGB4831,kept
k__Bacteria;p__Firmicutes;c__Clostridia;o__Clostridiales;f__Lachnospiraceae;g__Blautia;s__Blautia_faecicola,kept
k__Bacteria;p__Firmicutes;c__Clostridia;o__Clostridiales;f__Lachnospiraceae;g__Blautia;s__Blautia_faecis,kept
k__Bacteria;p__Firmicutes;c__Clostridia;o__Clostridiales;f__Lachnospiraceae;g__Blautia;s__Blautia_glucerasea,kept
k__Bacteria;p__Firmicutes;c__Clostridia;o__Clostridiales;f__Lachnospiraceae;g__Blautia;s__Blautia_hydrogenotrophica,kept
k__Bacteria;p__Firmicutes;c__Clostridia;o__Clostridiales;f__Lachnospiraceae;g__Blautia;s__Blautia_massiliensis,kept
k__Bacteria;p__Firmicutes;c__Clostridia;o__Clostridiales;f__Lachnospiraceae;g__Blautia;s__Blautia_obeum,kept
k__Bacteria;p__Firmicutes;c__Clostridia;o__Clostridiales;f__Lachnospiraceae;g__Blautia;s__Blautia_schinkii,kept
k__Bacteria;p__Firmicutes;c__Clostridia;o__Clostridiales;f__Lachnospiraceae;g__Blautia;s__Blautia_sp_AF19_10LB,kept
k__Bacteria;p__Firmicutes;c__Clostridia;o__Clostridiales;f__Lachnospiraceae;g__Blautia;s__Blautia_sp_OF03_15BH,kept
k__Bacteria;p__Firmicutes;c__Clostridia;o__Clostridiales;f__Lachnospiraceae;g__Blautia;s__Blautia_stercoris,kept
k__Bacteria;p__Firmicutes;c__Clostridia;o__Clostridiales;f__Lachnospiraceae;g__Blautia;s__Blautia_wexlerae,kept
k__Bacteria;p__Firmicutes;c__Clostridia;o__Clostridiales;f__Lachnospiraceae;g__Catenibacillus,kept
k__Bacteria;p__Firmicutes;c__Clostridia;o__Clostridiales;f__Lachnospiraceae;g__Catenibacillus;s__Catenibacillus_scindens,kept
k__Bacteria;p__Firmicutes;c__Clostridia;o__Clostridiales;f__Lachnospiraceae;g__Coprococcus,kept
k__Bacteria;p__Firmicutes;c__Clostridia;o__Clostridiales;f__Lachnospiraceae;g__Coprococcus;s__Coprococcus_catus,kept
k__Bacteria;p__Firmicutes;c__Clostridia;o__Clostridiales;f__Lachnospiraceae;g__Coprococcus;s__Coprococcus_comes,kept
k__Bacteria;p__Firmicutes;c__Clostridia;o__Clostridiales;f__Lachnospiraceae;g__Coprococcus;s__Coprococcus_eutactus,kept
k__Bacteria;p__Firmicutes;c__Clostridia;o__Clostridiales;f__Lachnospiraceae;g__Dorea,kept
k__Bacteria;p__Firmicutes;c__Clostridia;o__Clostridiales;f__Lachnospiraceae;g__Dorea;s__Dorea_formicigenerans,kept
k__Bacteria;p__Firmicutes;c__Clostridia;o__Clostridiales;f__Lachnospiraceae;g__Dorea;s__Dorea_longicatena,kept
k__Bacteria;p__Firmicutes;c__Clostridia;o__Clostridiales;f__Lachnospiraceae;g__Dorea;s__Dorea_sp_AF24_7LB,kept
k__Bacteria;p__Firmicutes;c__Clostridia;o__Clostridiales;f__Lachnospiraceae;g__Dorea;s__Dorea_sp_AF36_15AT,kept
k__Bacteria;p__Firmicutes;c__Clostridia;o__Clostridiales;f__Lachnospiraceae;g__Eisenbergiella,kept
k__Bacteria;p__Firmicutes;c__Clostridia;o__Clostridiales;f__Lachnospiraceae;g__Eisenbergiella;s__Eisenbergiella_massiliensis,kept
k__Bacteria;p__Firmicutes;c__Clostridia;o__Clostridiales;f__Lachnospiraceae;g__Eisenbergiella;s__Eisenbergiella_tayi,kept
k__Bacteria;p__Firmicutes;c__Clostridia;o__Clostridiales;f__Lachnospiraceae;g__Enterocloster,kept
k__Bacteria;p__Firmicutes;c__Clostridia;o__Clostridiales;f__Lachnospiraceae;g__Enterocloster;s__Enterocloster_aldensis,kept
k__Bacteria;p__Firmicutes;c__Clostridia;o__Clostridiales;f__Lachnospiraceae;g__Enterocloster;s__Enterocloster_bolteae,kept
k__Bacteria;p__Firmicutes;c__Clostridia;o__Clostridiales;f__Lachnospiraceae;g__Enterocloster;s__Enterocloster_citroniae,kept
k__Bacteria;p__Firmicutes;c__Clostridia;o__Clostridiales;f__Lachnospiraceae;g__Enterocloster;s__Enterocloster_clostridioformis,kept
k__Bacteria;p__Firmicutes;c__Clostridia;o__Clostridiales;f__Lachnospiraceae;g__Enterocloster;s__Enterocloster_lavalensis,kept
k__Bacteria;p__Firmicutes;c__Clostridia;o__Clostridiales;f__Lachnospiraceae;g__Faecalicatena,kept
k__Bacteria;p__Firmicutes;c__Clostridia;o__Clostridiales;f__Lachnospiraceae;g__Faecalicatena;s__Faecalicatena_contorta,kept
k__Bacteria;p__Firmicutes;c__Clostridia;o__Clostridiales;f__Lachnospiraceae;g__Faecalicatena;s__Faecalicatena_fissicatena,kept
k__Bacteria;p__Firmicutes;c__Clostridia;o__Clostridiales;f__Lachnospiraceae;g__Fusicatenibacter,kept
k__Bacteria;p__Firmicutes;c__Clostridia;o__Clostridiales;f__Lachnospiraceae;g__Fusicatenibacter;s__Fusicatenibacter_saccharivorans,kept
k__Bacteria;p__Firmicutes;c__Clostridia;o__Clostridiales;f__Lachnospiraceae;g__GGB3523,kept
k__Bacteria;p__Firmicutes;c__Clostridia;o__Clostridiales;f__Lachnospiraceae;g__GGB3537,kept
k__Bacteria;p__Firmicutes;c__Clostridia;o__Clostridiales;f__Lachnospiraceae;g__GGB3537;s__GGB3537_SGB4727,kept
k__Bacteria;p__Firmicutes;c__Clostridia;o__Clostridiales;f__Lachnospiraceae;g__GGB3570,kept
k__Bacteria;p__Firmicutes;c__Clostridia;o__Clostridiales;f__Lachnospiraceae;g__GGB3570;s__GGB3570_SGB4777,kept
k__Bacteria;p__Firmicutes;c__Clostridia;o__Clostridiales;f__Lachnospiraceae;g__GGB3571,kept
k__Bacteria;p__Firmicutes;c__Clostridia;o__Clostridiales;f__Lachnospiraceae;g__GGB3571;s__GGB3571_SGB4778,kept
k__Bacteria;p__Firmicutes;c__Clostridia;o__Clostridiales;f__Lachnospiraceae;g__GGB3614,kept
k__Bacteria;p__Firmicutes;c__Clostridia;o__Clostridiales;f__Lachnospiraceae;g__GGB3614;s__GGB3614_SGB4886,kept
k__Bacteria;p__Firmicutes;c__Clostridia;o__Clostridiales;f__Lachnospiraceae;g__GGB3678;s__GGB3678_SGB4991,kept
k__Bacteria;p__Firmicutes;c__Clostridia;o__Clostridiales;f__Lachnospiraceae;g__GGB3746,kept
k__Bacteria;p__Firmicutes;c__Clostridia;o__Clostridiales;f__Lachnospiraceae;g__GGB3746;s__GGB3746_SGB5089,kept
k__Bacteria;p__Firmicutes;c__Clostridia;o__Clostridiales;f__Lachnospiraceae;g__Lachnoclostridium,kept
k__Bacteria;p__Firmicutes;c__Clostridia;o__Clostridiales;f__Lachnospiraceae;g__Lachnoclostridium;s__Clostridium_scindens,kept
k__Bacteria;p__Firmicutes;c__Clostridia;o__Clostridiales;f__Lachnospiraceae;g__Lachnoclostridium;s__Clostridium_symbiosum,kept
k__Bacteria;p__Firmicutes;c__Clostridia;o__Clostridiales;f__Lachnospiraceae;g__Lachnoclostridium;s__Lachnoclostridium_phocaeense,kept
k__Bacteria;p__Firmicutes;c__Clostridia;o__Clostridiales;f__Lachnospiraceae;g__Lachnoclostridium;s__Lachnoclostridium_sp_An131,kept
k__Bacteria;p__Firmicutes;c__Clostridia;o__Clostridiales;f__Lachnospiraceae;g__Lachnoclostridium;s__Lachnoclostridium_sp_An138,kept
k__Bacteria;p__Firmicutes;c__Clostridia;o__Clostridiales;f__Lachnospiraceae;g__Lachnospira,kept
k__Bacteria;p__Firmicutes;c__Clostridia;o__Clostridiales;f__Lachnospiraceae;g__Lachnospira;s__Lachnospira_SGB5076,kept
k__Bacteria;p__Firmicutes;c__Clostridia;o__Clostridiales;f__Lachnospiraceae;g__Lachnospira;s__Lachnospira_SGB5077,kept
k__Bacteria;p__Firmicutes;c__Clostridia;o__Clostridiales;f__Lachnospiraceae;g__Lachnospira;s__Lachnospira_eligens,kept
k__Bacteria;p__Firmicutes;c__Clostridia;o__Clostridiales;f__Lachnospiraceae;g__Lachnospira;s__Lachnospira_pectinoschiza,kept
k__Bacteria;p__Firmicutes;c__Clostridia;o__Clostridiales;f__Lachnospiraceae;g__Lachnospira;s__Lachnospira_sp_NSJ_43,kept
k__Bacteria;p__Firmicutes;c__Clostridia;o__Clostridiales;f__Lachnospiraceae;g__Lachnospiraceae_unclassified,kept
k__Bacteria;p__Firmicutes;c__Clostridia;o__Clostridiales;f__Lachnospiraceae;g__Lachnospiraceae_unclassified;s__Eubacterium_rectale,kept
k__Bacteria;p__Firmicutes;c__Clostridia;o__Clostridiales;f__Lachnospiraceae;g__Lachnospiraceae_unclassified;s__Lachnospiraceae_bacterium,kept
k__Bacteria;p__Firmicutes;c__Clostridia;o__Clostridiales;f__Lachnospiraceae;g__Lachnospiraceae_unclassified;s__Lachnospiraceae_bacterium_BX3,kept
k__Bacteria;p__Firmicutes;c__Clostridia;o__Clostridiales;f__Lachnospiraceae;g__Lachnospiraceae_unclassified;s__Lachnospiraceae_bacterium_NSJ_29,kept
k__Bacteria;p__Firmicutes;c__Clostridia;o__Clostridiales;f__Lachnospiraceae;g__Lachnospiraceae_unclassified;s__Lachnospiraceae_bacterium_NSJ_46,kept
k__Bacteria;p__Firmicutes;c__Clostridia;o__Clostridiales;f__Lachnospiraceae;g__Lachnospiraceae_unclassified;s__Lachnospiraceae_bacterium_OF09_6,kept
k__Bacteria;p__Firmicutes;c__Clostridia;o__Clostridiales;f__Lachnospiraceae;g__Lachnospiraceae_unclassified;s__Lachnospiraceae_bacterium_OM04_12BH,kept
k__Bacteria;p__Firmicutes;c__Clostridia;o__Clostridiales;f__Lachnospiraceae;g__Lachnospiraceae_unclassified;s__Lachnospiraceae_bacterium_WCA3_601_WT_6H,kept
k__Bacteria;p__Firmicutes;c__Clostridia;o__Clostridiales;f__Lachnospiraceae;g__Lachnospiraceae_unclassified;s__Lachnospiraceae_bacterium_oral_taxon_096,kept
k__Bacteria;p__Firmicutes;c__Clostridia;o__Clostridiales;f__Lachnospiraceae;g__Lachnospiraceae_unclassified;s__Lachnospiraceae_unclassified_SGB4882,kept
k__Bacteria;p__Firmicutes;c__Clostridia;o__Clostridiales;f__Lachnospiraceae;g__Lachnospiraceae_unclassified;s__Lachnospiraceae_unclassified_SGB4894,kept
k__Bacteria;p__Firmicutes;c__Clostridia;o__Clostridiales;f__Lachnospiraceae;g__Lacrimispora,kept
k__Bacteria;p__Firmicutes;c__Clostridia;o__Clostridiales;f__Lachnospiraceae;g__Lacrimispora;s__Lacrimispora_amygdalina,kept
k__Bacteria;p__Firmicutes;c__Clostridia;o__Clostridiales;f__Lachnospiraceae;g__Lacrimispora;s__Lacrimispora_celerecrescens,kept
k__Bacteria;p__Firmicutes;c__Clostridia;o__Clostridiales;f__Lachnospiraceae;g__Lacrimispora;s__Lacrimispora_saccharolytica,kept
k__Bacteria;p__Firmicutes;c__Clostridia;o__Clostridiales;f__Lachnospiraceae;g__Marvinbryantia,kept
k__Bacteria;p__Firmicutes;c__Clostridia;o__Clostridiales;f__Lachnospiraceae;g__Marvinbryantia;s__Marvinbryantia_SGB4691,kept
k__Bacteria;p__Firmicutes;c__Clostridia;o__Clostridiales;f__Lachnospiraceae;g__Mediterraneibacter,kept
k__Bacteria;p__Firmicutes;c__Clostridia;o__Clostridiales;f__Lachnospiraceae;g__Mediterraneibacter;s__Mediterraneibacter_butyricigenes,kept
k__Bacteria;p__Firmicutes;c__Clostridia;o__Clostridiales;f__Lachnospiraceae;g__Mediterraneibacter;s__Mediterraneibacter_glycyrrhizinilyticus,kept
k__Bacteria;p__Firmicutes;c__Clostridia;o__Clostridiales;f__Lachnospiraceae;g__Mediterraneibacter;s__Mediterraneibacter_massiliensis,kept
k__Bacteria;p__Firmicutes;c__Clostridia;o__Clostridiales;f__Lachnospiraceae;g__Mediterraneibacter;s__Mediterraneibacter_sp_gm002,kept
k__Bacteria;p__Firmicutes;c__Clostridia;o__Clostridiales;f__Lachnospiraceae;g__Mediterraneibacter;s__Ruminococcus_gnavus,kept
k__Bacteria;p__Firmicutes;c__Clostridia;o__Clostridiales;f__Lachnospiraceae;g__Mediterraneibacter;s__Ruminococcus_lactaris,kept
k__Bacteria;p__Firmicutes;c__Clostridia;o__Clostridiales;f__Lachnospiraceae;g__Mediterraneibacter;s__Ruminococcus_torques,kept
k__Bacteria;p__Firmicutes;c__Clostridia;o__Clostridiales;f__Lachnospiraceae;g__Oribacterium,kept
k__Bacteria;p__Firmicutes;c__Clostridia;o__Clostridiales;f__Lachnospiraceae;g__Oribacterium;s__Oribacterium_parvum,kept
k__Bacteria;p__Firmicutes;c__Clostridia;o__Clostridiales;f__Lachnospiraceae;g__Roseburia,kept
k__Bacteria;p__Firmicutes;c__Clostridia;o__Clostridiales;f__Lachnospiraceae;g__Roseburia;s__Roseburia_faecis,kept
k__Bacteria;p__Firmicutes;c__Clostridia;o__Clostridiales;f__Lachnospiraceae;g__Roseburia;s__Roseburia_hominis,kept
k__Bacteria;p__Firmicutes;c__Clostridia;o__Clostridiales;f__Lachnospiraceae;g__Roseburia;s__Roseburia_intestinalis,kept
k__Bacteria;p__Firmicutes;c__Clostridia;o__Clostridiales;f__Lachnospiraceae;g__Roseburia;s__Roseburia_inulinivorans,kept
k__Bacteria;p__Firmicutes;c__Clostridia;o__Clostridiales;f__Lachnospiraceae;g__Roseburia;s__Roseburia_sp_AF02_12,kept
k__Bacteria;p__Firmicutes;c__Clostridia;o__Clostridiales;f__Lachnospiraceae;g__Roseburia;s__Roseburia_sp_AM59_24XD,kept
k__Bacteria;p__Firmicutes;c__Clostridia;o__Clostridiales;f__Lachnospiraceae;g__Sellimonas,kept
k__Bacteria;p__Firmicutes;c__Clostridia;o__Clostridiales;f__Lachnospiraceae;g__Sellimonas;s__Sellimonas_intestinalis,kept
k__Bacteria;p__Firmicutes;c__Clostridia;o__Clostridiales;f__Lachnospiraceae;g__Tyzzerella,kept
k__Bacteria;p__Firmicutes;c__Clostridia;o__Clostridiales;f__Lachnospiraceae;g__Tyzzerella;s__Tyzzerella_nexilis,kept
k__Bacteria;p__Firmicutes;c__Clostridia;o__Clostridiales;f__Oscillospiraceae,kept
k__Bacteria;p__Firmicutes;c__Clostridia;o__Clostridiales;f__Oscillospiraceae;g__Dysosmobacter,kept
k__Bacteria;p__Firmicutes;c__Clostridia;o__Clostridiales;f__Oscillospiraceae;g__Dysosmobacter;s__Dysosmobacter_sp_NSJ_60,kept
k__Bacteria;p__Firmicutes;c__Clostridia;o__Clostridiales;f__Oscillospiraceae;g__Dysosmobacter;s__Dysosmobacter_welbionis,kept
k__Bacteria;p__Firmicutes;c__Clostridia;o__Clostridiales;f__Oscillospiraceae;g__Oscillibacter,kept
k__Bacteria;p__Firmicutes;c__Clostridia;o__Clostridiales;f__Oscillospiraceae;g__Oscillibacter;s__Oscillibacter_SGB15077,kept
k__Bacteria;p__Firmicutes;c__Clostridia;o__Clostridiales;f__Oscillospiraceae;g__Oscillibacter;s__Oscillibacter_ruminantium,kept
k__Bacteria;p__Firmicutes;c__Clostridia;o__Clostridiales;f__Oscillospiraceae;g__Oscillibacter;s__Oscillibacter_sp_ER4,kept
k__Bacteria;p__Firmicutes;c__Clostridia;o__Clostridiales;f__Oscillospiraceae;g__Oscillospiraceae_unclassified,kept
k__Bacteria;p__Firmicutes;c__Clostridia;o__Clostridiales;f__Oscillospiraceae;g__Oscillospiraceae_unclassified;s__Oscillospiraceae_bacterium_NSJ_64,kept
k__Bacteria;p__Firmicutes;c__Clostridia;o__Clostridiales;f__Peptococcaceae,kept
k__Bacteria;p__Firmicutes;c__Clostridia;o__Clostridiales;f__Peptococcaceae;g__Peptococcaceae_unclassified,kept
k__Bacteria;p__Firmicutes;c__Clostridia;o__Clostridiales;f__Peptococcaceae;g__Peptococcaceae_unclassified;s__Peptococcaceae_bacterium,kept
k__Bacteria;p__Firmicutes;c__Clostridia;o__Clostridiales;f__Peptostreptococcaceae,kept
k__Bacteria;p__Firmicutes;c__Clostridia;o__Clostridiales;f__Peptostreptococcaceae;g__GGB4456,kept
k__Bacteria;p__Firmicutes;c__Clostridia;o__Clostridiales;f__Peptostreptococcaceae;g__GGB4456;s__GGB4456_SGB6141,kept
k__Bacteria;p__Firmicutes;c__Clostridia;o__Clostridiales;f__Peptostreptococcaceae;g__Intestinibacter,kept
k__Bacteria;p__Firmicutes;c__Clostridia;o__Clostridiales;f__Peptostreptococcaceae;g__Intestinibacter;s__Intestinibacter_SGB6139,kept
k__Bacteria;p__Firmicutes;c__Clostridia;o__Clostridiales;f__Peptostreptococcaceae;g__Intestinibacter;s__Intestinibacter_bartlettii,kept
k__Bacteria;p__Firmicutes;c__Clostridia;o__Clostridiales;f__Peptostreptococcaceae;g__Peptostreptococcus,kept
k__Bacteria;p__Firmicutes;c__Clostridia;o__Clostridiales;f__Peptostreptococcaceae;g__Romboutsia,kept
k__Bacteria;p__Firmicutes;c__Clostridia;o__Clostridiales;f__Peptostreptococcaceae;g__Romboutsia;s__Romboutsia_timonensis,kept
k__Bacteria;p__Firmicutes;c__Clostridia;o__Clostridiales;f__Ruminococcaceae,kept
k__Bacteria;p__Firmicutes;c__Clostridia;o__Clostridiales;f__Ruminococcaceae;g__Agathobaculum,kept
k__Bacteria;p__Firmicutes;c__Clostridia;o__Clostridiales;f__Ruminococcaceae;g__Agathobaculum;s__Agathobaculum_butyriciproducens,kept
k__Bacteria;p__Firmicutes;c__Clostridia;o__Clostridiales;f__Ruminococcaceae;g__Anaeromassilibacillus,kept
k__Bacteria;p__Firmicutes;c__Clostridia;o__Clostridiales;f__Ruminococcaceae;g__Anaeromassilibacillus;s__Anaeromassilibacillus_sp_An250,kept
k__Bacteria;p__Firmicutes;c__Clostridia;o__Clostridiales;f__Ruminococcaceae;g__Anaerotruncus,kept
k__Bacteria;p__Firmicutes;c__Clostridia;o__Clostridiales;f__Ruminococcaceae;g__Anaerotruncus;s__Anaerotruncus_colihominis,kept
k__Bacteria;p__Firmicutes;c__Clostridia;o__Clostridiales;f__Ruminococcaceae;g__Anaerotruncus;s__Anaerotruncus_rubiinfantis,kept
k__Bacteria;p__Firmicutes;c__Clostridia;o__Clostridiales;f__Ruminococcaceae;g__Bittarella,kept
k__Bacteria;p__Firmicutes;c__Clostridia;o__Clostridiales;f__Ruminococcaceae;g__Bittarella;s__Bittarella_massiliensis,kept
k__Bacteria;p__Firmicutes;c__Clostridia;o__Clostridiales;f__Ruminococcaceae;g__Candidatus_Cibiobacter,kept
k__Bacteria;p__Firmicutes;c__Clostridia;o__Clostridiales;f__Ruminococcaceae;g__Candidatus_Cibiobacter;s__Candidatus_Cibiobacter_qucibialis,kept
k__Bacteria;p__Firmicutes;c__Clostridia;o__Clostridiales;f__Ruminococcaceae;g__Faecalibacterium,kept
k__Bacteria;p__Firmicutes;c__Clostridia;o__Clostridiales;f__Ruminococcaceae;g__Faecalibacterium;s__Faecalibacterium_SGB15345,kept
k__Bacteria;p__Firmicutes;c__Clostridia;o__Clostridiales;f__Ruminococcaceae;g__Faecalibacterium;s__Faecalibacterium_SGB15346,kept
k__Bacteria;p__Firmicutes;c__Clostridia;o__Clostridiales;f__Ruminococcaceae;g__Faecalibacterium;s__Faecalibacterium_prausnitzii,kept
k__Bacteria;p__Firmicutes;c__Clostridia;o__Clostridiales;f__Ruminococcaceae;g__Flavonifractor,kept
k__Bacteria;p__Firmicutes;c__Clostridia;o__Clostridiales;f__Ruminococcaceae;g__Flavonifractor;s__Flavonifractor_plautii,kept
k__Bacteria;p__Firmicutes;c__Clostridia;o__Clostridiales;f__Ruminococcaceae;g__Flavonifractor;s__Flavonifractor_sp_An10,kept
k__Bacteria;p__Firmicutes;c__Clostridia;o__Clostridiales;f__Ruminococcaceae;g__Flavonifractor;s__Flavonifractor_sp_An135,kept
k__Bacteria;p__Firmicutes;c__Clostridia;o__Clostridiales;f__Ruminococcaceae;g__GGB3341,kept
k__Bacteria;p__Firmicutes;c__Clostridia;o__Clostridiales;f__Ruminococcaceae;g__GGB3341;s__GGB3341_SGB4420,kept
k__Bacteria;p__Firmicutes;c__Clostridia;o__Clostridiales;f__Ruminococcaceae;g__GGB9457,kept
k__Bacteria;p__Firmicutes;c__Clostridia;o__Clostridiales;f__Ruminococcaceae;g__GGB9457;s__GGB9457_SGB14849,kept
k__Bacteria;p__Firmicutes;c__Clostridia;o__Clostridiales;f__Ruminococcaceae;g__GGB9501,kept
k__Bacteria;p__Firmicutes;c__Clostridia;o__Clostridiales;f__Ruminococcaceae;g__GGB9501;s__GGB9501_SGB14898,kept
k__Bacteria;p__Firmicutes;c__Clostridia;o__Clostridiales;f__Ruminococcaceae;g__GGB9512,kept
k__Bacteria;p__Firmicutes;c__Clostridia;o__Clostridiales;f__Ruminococcaceae;g__GGB9512;s__GGB9512_SGB14909,kept
k__Bacteria;p__Firmicutes;c__Clostridia;o__Clostridiales;f__Ruminococcaceae;g__GGB9590,kept
k__Bacteria;p__Firmicutes;c__Clostridia;o__Clostridiales;f__Ruminococcaceae;g__GGB9590;s__GGB9590_SGB15012,kept
k__Bacteria;p__Firmicutes;c__Clostridia;o__Clostridiales;f__Ruminococcaceae;g__GGB9595,kept
k__Bacteria;p__Firmicutes;c__Clostridia;o__Clostridiales;f__Ruminococcaceae;g__GGB9597,kept
k__Bacteria;p__Firmicutes;c__Clostridia;o__Clostridiales;f__Ruminococcaceae;g__GGB9597;s__GGB9597_SGB15022,kept
k__Bacteria;p__Firmicutes;c__Clostridia;o__Clostridiales;f__Ruminococcaceae;g__GGB9602,kept
k__Bacteria;p__Firmicutes;c__Clostridia;o__Clostridiales;f__Ruminococcaceae;g__GGB9602;s__GGB9602_SGB15031,kept
k__Bacteria;p__Firmicutes;c__Clostridia;o__Clostridiales;f__Ruminococcaceae;g__GGB9610,kept
k__Bacteria;p__Firmicutes;c__Clostridia;o__Clostridiales;f__Ruminococcaceae;g__GGB9610;s__GGB9610_SGB15045,kept
k__Bacteria;p__Firmicutes;c__Clostridia;o__Clostridiales;f__Ruminococcaceae;g__GGB9614,kept
k__Bacteria;p__Firmicutes;c__Clostridia;o__Clostridiales;f__Ruminococcaceae;g__GGB9614;s__GGB9614_SGB15049,kept
k__Bacteria;p__Firmicutes;c__Clostridia;o__Clostridiales;f__Ruminococcaceae;g__GGB9615,kept
k__Bacteria;p__Firmicutes;c__Clostridia;o__Clostridiales;f__Ruminococcaceae;g__GGB9615;s__GGB9615_SGB15051,kept
k__Bacteria;p__Firmicutes;c__Clostridia;o__Clostridiales;f__Ruminococcaceae;g__GGB9615;s__GGB9615_SGB15052,kept
k__Bacteria;p__Firmicutes;c__Clostridia;o__Clostridiales;f__Ruminococcaceae;g__GGB9615;s__GGB9615_SGB15053,kept
k__Bacteria;p__Firmicutes;c__Clostridia;o__Clostridiales;f__Ruminococcaceae;g__GGB9618,kept
k__Bacteria;p__Firmicutes;c__Clostridia;o__Clostridiales;f__Ruminococcaceae;g__GGB9618;s__GGB9618_SGB15065,kept
k__Bacteria;p__Firmicutes;c__Clostridia;o__Clostridiales;f__Ruminococcaceae;g__GGB9619,kept
k__Bacteria;p__Firmicutes;c__Clostridia;o__Clostridiales;f__Ruminococcaceae;g__GGB9619;s__GGB9619_SGB15067,kept
k__Bacteria;p__Firmicutes;c__Clostridia;o__Clostridiales;f__Ruminococcaceae;g__GGB9620,kept
k__Bacteria;p__Firmicutes;c__Clostridia;o__Clostridiales;f__Ruminococcaceae;g__GGB9620;s__GGB9620_SGB15068,kept
k__Bacteria;p__Firmicutes;c__Clostridia;o__Clostridiales;f__Ruminococcaceae;g__GGB9621,kept
k__Bacteria;p__Firmicutes;c__Clostridia;o__Clostridiales;f__Ruminococcaceae;g__GGB9621;s__GGB9621_SGB15072,kept
k__Bacteria;p__Firmicutes;c__Clostridia;o__Clostridiales;f__Ruminococcaceae;g__GGB9623,kept
k__Bacteria;p__Firmicutes;c__Clostridia;o__Clostridiales;f__Ruminococcaceae;g__GGB9627,kept
k__Bacteria;p__Firmicutes;c__Clostridia;o__Clostridiales;f__Ruminococcaceae;g__GGB9627;s__GGB9627_SGB15081,kept
k__Bacteria;p__Firmicutes;c__Clostridia;o__Clostridiales;f__Ruminococcaceae;g__GGB9631,kept
k__Bacteria;p__Firmicutes;c__Clostridia;o__Clostridiales;f__Ruminococcaceae;g__GGB9631;s__GGB9631_SGB15085,kept
k__Bacteria;p__Firmicutes;c__Clostridia;o__Clostridiales;f__Ruminococcaceae;g__GGB9631;s__GGB9631_SGB15087,kept
k__Bacteria;p__Firmicutes;c__Clostridia;o__Clostridiales;f__Ruminococcaceae;g__GGB9632,kept
k__Bacteria;p__Firmicutes;c__Clostridia;o__Clostridiales;f__Ruminococcaceae;g__GGB9632;s__GGB9632_SGB15089,kept
k__Bacteria;p__Firmicutes;c__Clostridia;o__Clostridiales;f__Ruminococcaceae;g__GGB9633,kept
k__Bacteria;p__Firmicutes;c__Clostridia;o__Clostridiales;f__Ruminococcaceae;g__GGB9633;s__GGB9633_SGB15091,kept
k__Bacteria;p__Firmicutes;c__Clostridia;o__Clostridiales;f__Ruminococcaceae;g__GGB9634,kept
k__Bacteria;p__Firmicutes;c__Clostridia;o__Clostridiales;f__Ruminococcaceae;g__GGB9634;s__GGB9634_SGB15093,kept
k__Bacteria;p__Firmicutes;c__Clostridia;o__Clostridiales;f__Ruminococcaceae;g__GGB9635,kept
k__Bacteria;p__Firmicutes;c__Clostridia;o__Clostridiales;f__Ruminococcaceae;g__GGB9635;s__GGB9635_SGB15101,kept
k__Bacteria;p__Firmicutes;c__Clostridia;o__Clostridiales;f__Ruminococcaceae;g__GGB9635;s__GGB9635_SGB15103,kept
k__Bacteria;p__Firmicutes;c__Clostridia;o__Clostridiales;f__Ruminococcaceae;g__GGB9635;s__GGB9635_SGB15106,kept
k__Bacteria;p__Firmicutes;c__Clostridia;o__Clostridiales;f__Ruminococcaceae;g__GGB9636;s__GGB9636_SGB15107,kept
k__Bacteria;p__Firmicutes;c__Clostridia;o__Clostridiales;f__Ruminococcaceae;g__GGB9644,kept
k__Bacteria;p__Firmicutes;c__Clostridia;o__Clostridiales;f__Ruminococcaceae;g__GGB9644;s__GGB9644_SGB15121,kept
k__Bacteria;p__Firmicutes;c__Clostridia;o__Clostridiales;f__Ruminococcaceae;g__GGB9646,kept
k__Bacteria;p__Firmicutes;c__Clostridia;o__Clostridiales;f__Ruminococcaceae;g__GGB9646;s__GGB9646_SGB15123,kept
k__Bacteria;p__Firmicutes;c__Clostridia;o__Clostridiales;f__Ruminococcaceae;g__GGB9667,kept
k__Bacteria;p__Firmicutes;c__Clostridia;o__Clostridiales;f__Ruminococcaceae;g__GGB9667;s__GGB9667_SGB15164,kept
k__Bacteria;p__Firmicutes;c__Clostridia;o__Clostridiales;f__Ruminococcaceae;g__GGB9691,kept
k__Bacteria;p__Firmicutes;c__Clostridia;o__Clostridiales;f__Ruminococcaceae;g__GGB9691;s__GGB9691_SGB15198,kept
k__Bacteria;p__Firmicutes;c__Clostridia;o__Clostridiales;f__Ruminococcaceae;g__GGB9694,kept
k__Bacteria;p__Firmicutes;c__Clostridia;o__Clostridiales;f__Ruminococcaceae;g__GGB9694;s__GGB9694_SGB15201,kept
k__Bacteria;p__Firmicutes;c__Clostridia;o__Clostridiales;f__Ruminococcaceae;g__GGB9694;s__GGB9694_SGB15203,kept
k__Bacteria;p__Firmicutes;c__Clostridia;o__Clostridiales;f__Ruminococcaceae;g__GGB9694;s__GGB9694_SGB15204,kept
k__Bacteria;p__Firmicutes;c__Clostridia;o__Clostridiales;f__Ruminococcaceae;g__GGB9695,kept
k__Bacteria;p__Firmicutes;c__Clostridia;o__Clostridiales;f__Ruminococcaceae;g__GGB9697,kept
k__Bacteria;p__Firmicutes;c__Clostridia;o__Clostridiales;f__Ruminococcaceae;g__GGB9697;s__GGB9697_SGB15213,kept
k__Bacteria;p__Firmicutes;c__Clostridia;o__Clostridiales;f__Ruminococcaceae;g__GGB9699,kept
k__Bacteria;p__Firmicutes;c__Clostridia;o__Clostridiales;f__Ruminococcaceae;g__GGB9699;s__GGB9699_SGB15216,kept
k__Bacteria;p__Firmicutes;c__Clostridia;o__Clostridiales;f__Ruminococcaceae;g__GGB9705,kept
k__Bacteria;p__Firmicutes;c__Clostridia;o__Clostridiales;f__Ruminococcaceae;g__GGB9705;s__GGB9705_SGB15225,kept
k__Bacteria;p__Firmicutes;c__Clostridia;o__Clostridiales;f__Ruminococcaceae;g__GGB9707,kept
k__Bacteria;p__Firmicutes;c__Clostridia;o__Clostridiales;f__Ruminococcaceae;g__GGB9707;s__GGB9707_SGB15229,kept
k__Bacteria;p__Firmicutes;c__Clostridia;o__Clostridiales;f__Ruminococcaceae;g__GGB9709,kept
k__Bacteria;p__Firmicutes;c__Clostridia;o__Clostridiales;f__Ruminococcaceae;g__GGB9709;s__GGB9709_SGB15238,kept
k__Bacteria;p__Firmicutes;c__Clostridia;o__Clostridiales;f__Ruminococcaceae;g__GGB9712,kept
k__Bacteria;p__Firmicutes;c__Clostridia;o__Clostridiales;f__Ruminococcaceae;g__GGB9712;s__GGB9712_SGB15244,kept
k__Bacteria;p__Firmicutes;c__Clostridia;o__Clostridiales;f__Ruminococcaceae;g__GGB9730,kept
k__Bacteria;p__Firmicutes;c__Clostridia;o__Clostridiales;f__Ruminococcaceae;g__GGB9730;s__GGB9730_SGB15291,kept
k__Bacteria;p__Firmicutes;c__Clostridia;o__Clostridiales;f__Ruminococcaceae;g__Gemmiger,kept
k__Bacteria;p__Firmicutes;c__Clostridia;o__Clostridiales;f__Ruminococcaceae;g__Gemmiger;s__Gemmiger_SGB15295,kept
k__Bacteria;p__Firmicutes;c__Clostridia;o__Clostridiales;f__Ruminococcaceae;g__Gemmiger;s__Gemmiger_SGB15299,kept
k__Bacteria;p__Firmicutes;c__Clostridia;o__Clostridiales;f__Ruminococcaceae;g__Gemmiger;s__Gemmiger_formicilis,kept
k__Bacteria;p__Firmicutes;c__Clostridia;o__Clostridiales;f__Ruminococcaceae;g__Harryflintia,kept
k__Bacteria;p__Firmicutes;c__Clostridia;o__Clostridiales;f__Ruminococcaceae;g__Harryflintia;s__Harryflintia_acetispora,kept
k__Bacteria;p__Firmicutes;c__Clostridia;o__Clostridiales;f__Ruminococcaceae;g__Hydrogeniiclostidium,kept
k__Bacteria;p__Firmicutes;c__Clostridia;o__Clostridiales;f__Ruminococcaceae;g__Hydrogeniiclostidium;s__Hydrogeniiclostidium_mannosilyticum,kept
k__Bacteria;p__Firmicutes;c__Clostridia;o__Clostridiales;f__Ruminococcaceae;g__Massilimaliae,kept
k__Bacteria;p__Firmicutes;c__Clostridia;o__Clostridiales;f__Ruminococcaceae;g__Massilimaliae;s__Massilimaliae_massiliensis,kept
k__Bacteria;p__Firmicutes;c__Clostridia;o__Clostridiales;f__Ruminococcaceae;g__Massilimaliae;s__Massilimaliae_timonensis,kept
k__Bacteria;p__Firmicutes;c__Clostridia;o__Clostridiales;f__Ruminococcaceae;g__Neobittarella,kept
k__Bacteria;p__Firmicutes;c__Clostridia;o__Clostridiales;f__Ruminococcaceae;g__Neobittarella;s__Neobittarella_massiliensis,kept
k__Bacteria;p__Firmicutes;c__Clostridia;o__Clostridiales;f__Ruminococcaceae;g__Phocea,kept
k__Bacteria;p__Firmicutes;c__Clostridia;o__Clostridiales;f__Ruminococcaceae;g__Phocea;s__Phocea_massiliensis,kept
k__Bacteria;p__Firmicutes;c__Clostridia;o__Clostridiales;f__Ruminococcaceae;g__Pseudoflavonifractor,kept
k__Bacteria;p__Firmicutes;c__Clostridia;o__Clostridiales;f__Ruminococcaceae;g__Pseudoflavonifractor;s__Pseudoflavonifractor_SGB15156,kept
k__Bacteria;p__Firmicutes;c__Clostridia;o__Clostridiales;f__Ruminococcaceae;g__Pseudoflavonifractor;s__Pseudoflavonifractor_sp_AF19_9AC,kept
k__Bacteria;p__Firmicutes;c__Clostridia;o__Clostridiales;f__Ruminococcaceae;g__Pseudoflavonifractor;s__Pseudoflavonifractor_sp_An176,kept
k__Bacteria;p__Firmicutes;c__Clostridia;o__Clostridiales;f__Ruminococcaceae;g__Pseudoruminococcus,kept
k__Bacteria;p__Firmicutes;c__Clostridia;o__Clostridiales;f__Ruminococcaceae;g__Pseudoruminococcus;s__Pseudoruminococcus_massiliensis,kept
k__Bacteria;p__Firmicutes;c__Clostridia;o__Clostridiales;f__Ruminococcaceae;g__Ruminococcaceae_unclassified,kept
k__Bacteria;p__Firmicutes;c__Clostridia;o__Clostridiales;f__Ruminococcaceae;g__Ruminococcaceae_unclassified;s__Clostridium_leptum,kept
k__Bacteria;p__Firmicutes;c__Clostridia;o__Clostridiales;f__Ruminococcaceae;g__Ruminococcaceae_unclassified;s__Clostridium_methylpentosum,kept
k__Bacteria;p__Firmicutes;c__Clostridia;o__Clostridiales;f__Ruminococcaceae;g__Ruminococcaceae_unclassified;s__Eubacterium_siraeum,kept
k__Bacteria;p__Firmicutes;c__Clostridia;o__Clostridiales;f__Ruminococcaceae;g__Ruminococcaceae_unclassified;s__Ruminococcaceae_bacterium,kept
k__Bacteria;p__Firmicutes;c__Clostridia;o__Clostridiales;f__Ruminococcaceae;g__Ruminococcaceae_unclassified;s__Ruminococcaceae_bacterium_AM07_15,kept
k__Bacteria;p__Firmicutes;c__Clostridia;o__Clostridiales;f__Ruminococcaceae;g__Ruminococcaceae_unclassified;s__Ruminococcaceae_unclassified_SGB15234,kept
k__Bacteria;p__Firmicutes;c__Clostridia;o__Clostridiales;f__Ruminococcaceae;g__Ruminococcaceae_unclassified;s__Ruminococcaceae_unclassified_SGB15236,kept
k__Bacteria;p__Firmicutes;c__Clostridia;o__Clostridiales;f__Ruminococcaceae;g__Ruminococcaceae_unclassified;s__Ruminococcaceae_unclassified_SGB15257,kept
k__Bacteria;p__Firmicutes;c__Clostridia;o__Clostridiales;f__Ruminococcaceae;g__Ruminococcaceae_unclassified;s__Ruminococcaceae_unclassified_SGB15260,kept
k__Bacteria;p__Firmicutes;c__Clostridia;o__Clostridiales;f__Ruminococcaceae;g__Ruminococcaceae_unclassified;s__Ruminococcaceae_unclassified_SGB15265,kept
k__Bacteria;p__Firmicutes;c__Clostridia;o__Clostridiales;f__Ruminococcaceae;g__Ruminococcaceae_unclassified;s__Ruminococcaceae_unclassified_SGB4191,kept
k__Bacteria;p__Firmicutes;c__Clostridia;o__Clostridiales;f__Ruminococcaceae;g__Ruminococcaceae_unclassified;s__Ruminococcaceae_unclassified_SGB4425,kept
k__Bacteria;p__Firmicutes;c__Clostridia;o__Clostridiales;f__Ruminococcaceae;g__Ruminococcus,kept
k__Bacteria;p__Firmicutes;c__Clostridia;o__Clostridiales;f__Ruminococcaceae;g__Ruminococcus;s__Ruminococcus_SGB4421,kept
k__Bacteria;p__Firmicutes;c__Clostridia;o__Clostridiales;f__Ruminococcaceae;g__Ruminococcus;s__Ruminococcus_bicirculans,kept
k__Bacteria;p__Firmicutes;c__Clostridia;o__Clostridiales;f__Ruminococcaceae;g__Ruminococcus;s__Ruminococcus_bromii,kept
k__Bacteria;p__Firmicutes;c__Clostridia;o__Clostridiales;f__Ruminococcaceae;g__Ruminococcus;s__Ruminococcus_callidus,kept
k__Bacteria;p__Firmicutes;c__Clostridia;o__Clostridiales;f__Ruminococcaceae;g__Ruminococcus;s__Ruminococcus_sp_NSJ_71,kept
k__Bacteria;p__Firmicutes;c__Clostridia;o__Clostridiales;f__Ruminococcaceae;g__Ruthenibacterium,kept
k__Bacteria;p__Firmicutes;c__Clostridia;o__Clostridiales;f__Ruminococcaceae;g__Ruthenibacterium;s__Ruthenibacterium_lactatiformans,kept
k__Bacteria;p__Firmicutes;c__Erysipelotrichia,kept
k__Bacteria;p__Firmicutes;c__Erysipelotrichia;o__Erysipelotrichales,kept
k__Bacteria;p__Firmicutes;c__Erysipelotrichia;o__Erysipelotrichales;f__Erysipelotrichaceae,kept
k__Bacteria;p__Firmicutes;c__Erysipelotrichia;o__Erysipelotrichales;f__Erysipelotrichaceae;g__Catenibacterium,kept
k__Bacteria;p__Firmicutes;c__Erysipelotrichia;o__Erysipelotrichales;f__Erysipelotrichaceae;g__Catenibacterium;s__Catenibacterium_sp_AM22_15,kept
k__Bacteria;p__Firmicutes;c__Erysipelotrichia;o__Erysipelotrichales;f__Erysipelotrichaceae;g__Coprobacillus,kept
k__Bacteria;p__Firmicutes;c__Erysipelotrichia;o__Erysipelotrichales;f__Erysipelotrichaceae;g__Coprobacillus;s__Coprobacillus_cateniformis,kept
k__Bacteria;p__Firmicutes;c__Erysipelotrichia;o__Erysipelotrichales;f__Erysipelotrichaceae;g__Dielma,kept
k__Bacteria;p__Firmicutes;c__Erysipelotrichia;o__Erysipelotrichales;f__Erysipelotrichaceae;g__Dielma;s__Dielma_fastidiosa,kept
k__Bacteria;p__Firmicutes;c__Erysipelotrichia;o__Erysipelotrichales;f__Erysipelotrichaceae;g__Erysipelatoclostridium,kept
k__Bacteria;p__Firmicutes;c__Erysipelotrichia;o__Erysipelotrichales;f__Erysipelotrichaceae;g__Erysipelatoclostridium;s__Clostridium_innocuum,kept
k__Bacteria;p__Firmicutes;c__Erysipelotrichia;o__Erysipelotrichales;f__Erysipelotrichaceae;g__Erysipelatoclostridium;s__Clostridium_saccharogumia,kept
k__Bacteria;p__Firmicutes;c__Erysipelotrichia;o__Erysipelotrichales;f__Erysipelotrichaceae;g__Erysipelatoclostridium;s__Clostridium_spiroforme,kept
k__Bacteria;p__Firmicutes;c__Erysipelotrichia;o__Erysipelotrichales;f__Erysipelotrichaceae;g__Erysipelatoclostridium;s__Erysipelatoclostridium_ramosum,kept
k__Bacteria;p__Firmicutes;c__Erysipelotrichia;o__Erysipelotrichales;f__Erysipelotrichaceae;g__Erysipelotrichaceae_unclassified,kept
k__Bacteria;p__Firmicutes;c__Erysipelotrichia;o__Erysipelotrichales;f__Erysipelotrichaceae;g__Erysipelotrichaceae_unclassified;s__Erysipelotrichaceae_bacterium,kept
k__Bacteria;p__Firmicutes;c__Erysipelotrichia;o__Erysipelotrichales;f__Erysipelotrichaceae;g__Erysipelotrichaceae_unclassified;s__Erysipelotrichaceae_bacterium_3_1_53,kept
k__Bacteria;p__Firmicutes;c__Erysipelotrichia;o__Erysipelotrichales;f__Erysipelotrichaceae;g__Faecalibacillus,kept
k__Bacteria;p__Firmicutes;c__Erysipelotrichia;o__Erysipelotrichales;f__Erysipelotrichaceae;g__Faecalibacillus;s__Faecalibacillus_faecis,kept
k__Bacteria;p__Firmicutes;c__Erysipelotrichia;o__Erysipelotrichales;f__Erysipelotrichaceae;g__Faecalibacillus;s__Faecalibacillus_intestinalis,kept
k__Bacteria;p__Firmicutes;c__Erysipelotrichia;o__Erysipelotrichales;f__Erysipelotrichaceae;g__Faecalicoccus,kept
k__Bacteria;p__Firmicutes;c__Erysipelotrichia;o__Erysipelotrichales;f__Erysipelotrichaceae;g__Faecalicoccus;s__Faecalicoccus_pleomorphus,kept
k__Bacteria;p__Firmicutes;c__Erysipelotrichia;o__Erysipelotrichales;f__Erysipelotrichaceae;g__Faecalitalea,kept
k__Bacteria;p__Firmicutes;c__Erysipelotrichia;o__Erysipelotrichales;f__Erysipelotrichaceae;g__Faecalitalea;s__Faecalitalea_cylindroides,kept
k__Bacteria;p__Firmicutes;c__Erysipelotrichia;o__Erysipelotrichales;f__Erysipelotrichaceae;g__GGB3034,kept
k__Bacteria;p__Firmicutes;c__Erysipelotrichia;o__Erysipelotrichales;f__Erysipelotrichaceae;g__GGB3034;s__GGB3034_SGB4030,kept
k__Bacteria;p__Firmicutes;c__Erysipelotrichia;o__Erysipelotrichales;f__Erysipelotrichaceae;g__Holdemanella,kept
k__Bacteria;p__Firmicutes;c__Erysipelotrichia;o__Erysipelotrichales;f__Erysipelotrichaceae;g__Holdemanella;s__Holdemanella_biformis,kept
k__Bacteria;p__Firmicutes;c__Erysipelotrichia;o__Erysipelotrichales;f__Erysipelotrichaceae;g__Holdemania,kept
k__Bacteria;p__Firmicutes;c__Erysipelotrichia;o__Erysipelotrichales;f__Erysipelotrichaceae;g__Holdemania;s__Holdemania_filiformis,kept
k__Bacteria;p__Firmicutes;c__Erysipelotrichia;o__Erysipelotrichales;f__Erysipelotrichaceae;g__Holdemania;s__Holdemania_massiliensis,kept
k__Bacteria;p__Firmicutes;c__Erysipelotrichia;o__Erysipelotrichales;f__Erysipelotrichaceae;g__Massilimicrobiota,kept
k__Bacteria;p__Firmicutes;c__Erysipelotrichia;o__Erysipelotrichales;f__Erysipelotrichaceae;g__Massilimicrobiota;s__Massilimicrobiota_sp_An134,kept
k__Bacteria;p__Firmicutes;c__Erysipelotrichia;o__Erysipelotrichales;f__Erysipelotrichaceae;g__Solobacterium,kept
k__Bacteria;p__Firmicutes;c__Erysipelotrichia;o__Erysipelotrichales;f__Erysipelotrichaceae;g__Solobacterium;s__Solobacterium_SGB6833,kept
k__Bacteria;p__Firmicutes;c__Erysipelotrichia;o__Erysipelotrichales;f__Erysipelotrichaceae;g__Turicibacter,kept
k__Bacteria;p__Firmicutes;c__Erysipelotrichia;o__Erysipelotrichales;f__Erysipelotrichaceae;g__Turicibacter;s__Turicibacter_sanguinis,kept
k__Bacteria;p__Firmicutes;c__Firmicutes_unclassified,kept
k__Bacteria;p__Firmicutes;c__Firmicutes_unclassified;o__Firmicutes_unclassified,kept
k__Bacteria;p__Firmicutes;c__Firmicutes_unclassified;o__Firmicutes_unclassified;f__Firmicutes_unclassified,kept
k__Bacteria;p__Firmicutes;c__Firmicutes_unclassified;o__Firmicutes_unclassified;f__Firmicutes_unclassified;g__Firmicutes_unclassified,kept
k__Bacteria;p__Firmicutes;c__Firmicutes_unclassified;o__Firmicutes_unclassified;f__Firmicutes_unclassified;g__Firmicutes_unclassified;s__Firmicutes_bacterium,kept
k__Bacteria;p__Firmicutes;c__Firmicutes_unclassified;o__Firmicutes_unclassified;f__Firmicutes_unclassified;g__Firmicutes_unclassified;s__Firmicutes_bacterium_AF16_15,kept
k__Bacteria;p__Firmicutes;c__Negativicutes,kept
k__Bacteria;p__Firmicutes;c__Negativicutes;o__Acidaminococcales,kept
k__Bacteria;p__Firmicutes;c__Negativicutes;o__Acidaminococcales;f__Acidaminococcaceae,kept
k__Bacteria;p__Firmicutes;c__Negativicutes;o__Acidaminococcales;f__Acidaminococcaceae;g__Phascolarctobacterium,kept
k__Bacteria;p__Firmicutes;c__Negativicutes;o__Acidaminococcales;f__Acidaminococcaceae;g__Phascolarctobacterium;s__Phascolarctobacterium_succinatutens,kept
k__Bacteria;p__Firmicutes;c__Negativicutes;o__Veillonellales,kept
k__Bacteria;p__Firmicutes;c__Negativicutes;o__Veillonellales;f__Veillonellaceae,kept
k__Bacteria;p__Firmicutes;c__Negativicutes;o__Veillonellales;f__Veillonellaceae;g__Allisonella,kept
k__Bacteria;p__Firmicutes;c__Negativicutes;o__Veillonellales;f__Veillonellaceae;g__Allisonella;s__Allisonella_histaminiformans,kept
k__Bacteria;p__Firmicutes;c__Negativicutes;o__Veillonellales;f__Veillonellaceae;g__Dialister,kept
k__Bacteria;p__Firmicutes;c__Negativicutes;o__Veillonellales;f__Veillonellaceae;g__Dialister;s__Dialister_invisus,kept
k__Bacteria;p__Firmicutes;c__Negativicutes;o__Veillonellales;f__Veillonellaceae;g__Dialister;s__Dialister_succinatiphilus,kept
k__Bacteria;p__Firmicutes;c__Negativicutes;o__Veillonellales;f__Veillonellaceae;g__Veillonella,kept
k__Bacteria;p__Firmicutes;c__Negativicutes;o__Veillonellales;f__Veillonellaceae;g__Veillonella;s__Veillonella_atypica,kept
k__Bacteria;p__Firmicutes;c__Negativicutes;o__Veillonellales;f__Veillonellaceae;g__Veillonella;s__Veillonella_dispar,kept
k__Bacteria;p__Firmicutes;c__Negativicutes;o__Veillonellales;f__Veillonellaceae;g__Veillonella;s__Veillonella_parvula,kept
k__Bacteria;p__Firmicutes;c__Negativicutes;o__Veillonellales;f__Veillonellaceae;g__Veillonella;s__Veillonella_rogosae,kept
k__Bacteria;p__Firmicutes;c__Tissierellia,kept
k__Bacteria;p__Firmicutes;c__Tissierellia;o__Tissierellales,kept
k__Bacteria;p__Firmicutes;c__Tissierellia;o__Tissierellales;f__Peptoniphilaceae,kept
k__Bacteria;p__Firmicutes;c__Tissierellia;o__Tissierellales;f__Peptoniphilaceae;g__Anaerococcus,kept
k__Bacteria;p__Firmicutes;c__Tissierellia;o__Tissierellales;f__Peptoniphilaceae;g__Anaerococcus;s__Anaerococcus_obesiensis,kept
k__Bacteria;p__Firmicutes;c__Tissierellia;o__Tissierellales;f__Peptoniphilaceae;g__Parvimonas,kept
k__Bacteria;p__Firmicutes;c__Tissierellia;o__Tissierellales;f__Peptoniphilaceae;g__Parvimonas;s__Parvimonas_micra,kept
k__Bacteria;p__Firmicutes;c__Tissierellia;o__Tissierellales;f__Peptoniphilaceae;g__Parvimonas;s__Parvimonas_sp_KA00067,kept
k__Bacteria;p__Firmicutes;c__Tissierellia;o__Tissierellales;f__Peptoniphilaceae;g__Peptoniphilus,kept
k__Bacteria;p__Firmicutes;c__Tissierellia;o__Tissierellales;f__Peptoniphilaceae;g__Peptoniphilus;s__Peptoniphilus_harei,kept
k__Bacteria;p__Firmicutes;c__Tissierellia;o__Tissierellales;f__Peptoniphilaceae;g__Peptoniphilus;s__Peptoniphilus_lacrimalis,kept
k__Bacteria;p__Fusobacteria;c__Fusobacteriia;o__Fusobacteriales;f__Fusobacteriaceae;g__Fusobacterium,kept
k__Bacteria;p__Fusobacteria;c__Fusobacteriia;o__Fusobacteriales;f__Fusobacteriaceae;g__Fusobacterium;s__Fusobacterium_nucleatum,kept
k__Bacteria;p__Fusobacteria;c__Fusobacteriia;o__Fusobacteriales;f__Leptotrichiaceae;g__Leptotrichia,kept
k__Bacteria;p__Lentisphaerae,kept
k__Bacteria;p__Lentisphaerae;c__Lentisphaeria,kept
k__Bacteria;p__Lentisphaerae;c__Lentisphaeria;o__Victivallales,kept
k__Bacteria;p__Lentisphaerae;c__Lentisphaeria;o__Victivallales;f__Victivallaceae,kept
k__Bacteria;p__Lentisphaerae;c__Lentisphaeria;o__Victivallales;f__Victivallaceae;g__Victivallis,kept
k__Bacteria;p__Lentisphaerae;c__Lentisphaeria;o__Victivallales;f__Victivallaceae;g__Victivallis;s__Victivallis_vadensis,kept
k__Bacteria;p__Proteobacteria,kept
k__Bacteria;p__Proteobacteria;c__Alphaproteobacteria,kept
k__Bacteria;p__Proteobacteria;c__Betaproteobacteria,kept
k__Bacteria;p__Proteobacteria;c__Betaproteobacteria;o__Burkholderiales,kept
k__Bacteria;p__Proteobacteria;c__Betaproteobacteria;o__Burkholderiales;f__Oxalobacteraceae,kept
k__Bacteria;p__Proteobacteria;c__Betaproteobacteria;o__Burkholderiales;f__Oxalobacteraceae;g__GGB6649,kept
k__Bacteria;p__Proteobacteria;c__Betaproteobacteria;o__Burkholderiales;f__Oxalobacteraceae;g__GGB6649;s__GGB6649_SGB9391,kept
k__Bacteria;p__Proteobacteria;c__Betaproteobacteria;o__Burkholderiales;f__Sutterellaceae,kept
k__Bacteria;p__Proteobacteria;c__Betaproteobacteria;o__Burkholderiales;f__Sutterellaceae;g__Parasutterella,kept
k__Bacteria;p__Proteobacteria;c__Betaproteobacteria;o__Burkholderiales;f__Sutterellaceae;g__Parasutterella;s__Parasutterella_SGB9260,kept
k__Bacteria;p__Proteobacteria;c__Betaproteobacteria;o__Burkholderiales;f__Sutterellaceae;g__Parasutterella;s__Parasutterella_excrementihominis,kept
k__Bacteria;p__Proteobacteria;c__Betaproteobacteria;o__Burkholderiales;f__Sutterellaceae;g__Sutterella,kept
k__Bacteria;p__Proteobacteria;c__Betaproteobacteria;o__Burkholderiales;f__Sutterellaceae;g__Sutterella;s__Sutterella_sp_AM11_39,kept
k__Bacteria;p__Proteobacteria;c__Betaproteobacteria;o__Burkholderiales;f__Sutterellaceae;g__Sutterella;s__Sutterella_wadsworthensis,kept
k__Bacteria;p__Proteobacteria;c__Deltaproteobacteria,kept
k__Bacteria;p__Proteobacteria;c__Deltaproteobacteria;o__Desulfovibrionales,kept
k__Bacteria;p__Proteobacteria;c__Deltaproteobacteria;o__Desulfovibrionales;f__Desulfovibrionaceae,kept
k__Bacteria;p__Proteobacteria;c__Deltaproteobacteria;o__Desulfovibrionales;f__Desulfovibrionaceae;g__Bilophila,kept
k__Bacteria;p__Proteobacteria;c__Deltaproteobacteria;o__Desulfovibrionales;f__Desulfovibrionaceae;g__Bilophila;s__Bilophila_wadsworthia,kept
k__Bacteria;p__Proteobacteria;c__Deltaproteobacteria;o__Desulfovibrionales;f__Desulfovibrionaceae;g__Desulfovibrio;s__Desulfovibrio_piger,kept
k__Bacteria;p__Proteobacteria;c__Epsilonproteobacteria,kept
k__Bacteria;p__Proteobacteria;c__Epsilonproteobacteria;o__Campylobacterales,kept
k__Bacteria;p__Proteobacteria;c__Epsilonproteobacteria;o__Campylobacterales;f__Campylobacteraceae,kept
k__Bacteria;p__Proteobacteria;c__Epsilonproteobacteria;o__Campylobacterales;f__Campylobacteraceae;g__Campylobacter,kept
k__Bacteria;p__Proteobacteria;c__Epsilonproteobacteria;o__Campylobacterales;f__Campylobacteraceae;g__Campylobacter;s__Campylobacter_ureolyticus,kept
k__Bacteria;p__Proteobacteria;c__Gammaproteobacteria,kept
k__Bacteria;p__Proteobacteria;c__Gammaproteobacteria;o__Enterobacterales,kept
k__Bacteria;p__Proteobacteria;c__Gammaproteobacteria;o__Enterobacterales;f__Enterobacteriaceae,kept
k__Bacteria;p__Proteobacteria;c__Gammaproteobacteria;o__Enterobacterales;f__Enterobacteriaceae;g__Citrobacter,kept
k__Bacteria;p__Proteobacteria;c__Gammaproteobacteria;o__Enterobacterales;f__Enterobacteriaceae;g__Citrobacter;s__Citrobacter_freundii,kept
k__Bacteria;p__Proteobacteria;c__Gammaproteobacteria;o__Enterobacterales;f__Enterobacteriaceae;g__Escherichia,kept
k__Bacteria;p__Proteobacteria;c__Gammaproteobacteria;o__Enterobacterales;f__Enterobacteriaceae;g__Escherichia;s__Escherichia_coli,kept
k__Bacteria;p__Proteobacteria;c__Gammaproteobacteria;o__Enterobacterales;f__Enterobacteriaceae;g__Raoultella,kept
k__Bacteria;p__Proteobacteria;c__Gammaproteobacteria;o__Enterobacterales;f__Enterobacteriaceae;g__Raoultella;s__Raoultella_ornithinolytica,kept
k__Bacteria;p__Proteobacteria;c__Gammaproteobacteria;o__Pasteurellales,kept
k__Bacteria;p__Proteobacteria;c__Gammaproteobacteria;o__Pasteurellales;f__Pasteurellaceae,kept
k__Bacteria;p__Proteobacteria;c__Gammaproteobacteria;o__Pasteurellales;f__Pasteurellaceae;g__Haemophilus,kept
k__Bacteria;p__Proteobacteria;c__Gammaproteobacteria;o__Pasteurellales;f__Pasteurellaceae;g__Haemophilus;s__Haemophilus_parainfluenzae,kept
k__Bacteria;p__Spirochaetes;c__Spirochaetia;o__Spirochaetales,kept
k__Bacteria;p__Spirochaetes;c__Spirochaetia;o__Spirochaetales;f__Spirochaetaceae,kept
k__Bacteria;p__Spirochaetes;c__Spirochaetia;o__Spirochaetales;f__Spirochaetaceae;g__Treponema,kept
k__Bacteria;p__Verrucomicrobia,kept
k__Bacteria;p__Verrucomicrobia;c__Verrucomicrobiae,kept
k__Bacteria;p__Verrucomicrobia;c__Verrucomicrobiae;o__Verrucomicrobiales,kept
k__Bacteria;p__Verrucomicrobia;c__Verrucomicrobiae;o__Verrucomicrobiales;f__Akkermansiaceae,kept
k__Bacteria;p__Verrucomicrobia;c__Verrucomicrobiae;o__Verrucomicrobiales;f__Akkermansiaceae;g__Akkermansia,kept
k__Bacteria;p__Verrucomicrobia;c__Verrucomicrobiae;o__Verrucomicrobiales;f__Akkermansiaceae;g__Akkermansia;s__Akkermansia_muciniphila,kept
k__Bacteria_p__Actinobacteria,kept
k__Bacteria_p__Actinobacteria_c__Actinobacteria,kept
k__Bacteria_p__Actinobacteria_c__Actinobacteria_o__Actinomycetales,kept
k__Bacteria_p__Actinobacteria_c__Actinobacteria_o__Actinomycetales_f__Actinomycetaceae,kept
k__Bacteria_p__Actinobacteria_c__Actinobacteria_o__Actinomycetales_f__Actinomycetaceae_g__Actinomyces,kept
k__Bacteria_p__Actinobacteria_c__Actinobacteria_o__Bifidobacteriales,kept
k__Bacteria_p__Actinobacteria_c__Actinobacteria_o__Bifidobacteriales_f__Bifidobacteriaceae,kept
k__Bacteria_p__Actinobacteria_c__Actinobacteria_o__Bifidobacteriales_f__Bifidobacteriaceae_g__Bifidobacterium,kept
k__Bacteria_p__Actinobacteria_c__Actinobacteria_o__Bifidobacteriales_f__Bifidobacteriaceae_g__Bifidobacterium_s__Bifidobacterium_adolescentis,kept
k__Bacteria_p__Actinobacteria_c__Actinobacteria_o__Bifidobacteriales_f__Bifidobacteriaceae_g__Bifidobacterium_s__Bifidobacterium_angulatum,kept
k__Bacteria_p__Actinobacteria_c__Actinobacteria_o__Bifidobacteriales_f__Bifidobacteriaceae_g__Bifidobacterium_s__Bifidobacterium_animalis,kept
k__Bacteria_p__Actinobacteria_c__Actinobacteria_o__Bifidobacteriales_f__Bifidobacteriaceae_g__Bifidobacterium_s__Bifidobacterium_bifidum,kept
k__Bacteria_p__Actinobacteria_c__Actinobacteria_o__Bifidobacteriales_f__Bifidobacteriaceae_g__Bifidobacterium_s__Bifidobacterium_breve,kept
k__Bacteria_p__Actinobacteria_c__Actinobacteria_o__Bifidobacteriales_f__Bifidobacteriaceae_g__Bifidobacterium_s__Bifidobacterium_catenulatum,kept
k__Bacteria_p__Actinobacteria_c__Actinobacteria_o__Bifidobacteriales_f__Bifidobacteriaceae_g__Bifidobacterium_s__Bifidobacterium_dentium,kept
k__Bacteria_p__Actinobacteria_c__Actinobacteria_o__Bifidobacteriales_f__Bifidobacteriaceae_g__Bifidobacterium_s__Bifidobacterium_longum,kept
k__Bacteria_p__Actinobacteria_c__Actinobacteria_o__Bifidobacteriales_f__Bifidobacteriaceae_g__Bifidobacterium_s__Bifidobacterium_pseudocatenulatum,kept
k__Bacteria_p__Actinobacteria_c__Actinobacteria_o__Corynebacteriales_f__Corynebacteriaceae_g__Corynebacterium_s__Corynebacterium_argentoratense,kept
k__Bacteria_p__Actinobacteria_c__Actinobacteria_o__Micrococcales,kept
k__Bacteria_p__Actinobacteria_c__Actinobacteria_o__Micrococcales_f__Micrococcaceae,kept
k__Bacteria_p__Actinobacteria_c__Actinobacteria_o__Micrococcales_f__Micrococcaceae_g__Rothia,kept
k__Bacteria_p__Actinobacteria_c__Actinobacteria_o__Micrococcales_f__Micrococcaceae_g__Rothia_s__Rothia_mucilaginosa,kept
k__Bacteria_p__Actinobacteria_c__Actinobacteria_o__Propionibacteriales_f__Propionibacteriaceae_g__Propionibacterium,kept
k__Bacteria_p__Actinobacteria_c__Coriobacteriia,kept
k__Bacteria_p__Actinobacteria_c__Coriobacteriia_o__Coriobacteriales,kept
k__Bacteria_p__Actinobacteria_c__Coriobacteriia_o__Coriobacteriales_f__Coriobacteriaceae,kept
k__Bacteria_p__Actinobacteria_c__Coriobacteriia_o__Coriobacteriales_f__Coriobacteriaceae_g__Collinsella,kept
k__Bacteria_p__Actinobacteria_c__Coriobacteriia_o__Coriobacteriales_f__Coriobacteriaceae_g__Collinsella_s__Collinsella_aerofaciens,kept
k__Bacteria_p__Actinobacteria_c__Coriobacteriia_o__Coriobacteriales_f__Coriobacteriaceae_g__Collinsella_s__Collinsella_intestinalis,kept
k__Bacteria_p__Actinobacteria_c__Coriobacteriia_o__Coriobacteriales_f__Coriobacteriaceae_g__Collinsella_s__Collinsella_sp_CAG_289,kept
k__Bacteria_p__Actinobacteria_c__Coriobacteriia_o__Coriobacteriales_f__Coriobacteriaceae_g__Collinsella_s__Collinsella_stercoris,kept
k__Bacteria_p__Actinobacteria_c__Coriobacteriia_o__Coriobacteriales_f__Coriobacteriaceae_g__Collinsella_s__Collinsella_tanakaei,kept
k__Bacteria_p__Actinobacteria_c__Coriobacteriia_o__Coriobacteriales_f__Coriobacteriaceae_g__Senegalimassilia,kept
k__Bacteria_p__Actinobacteria_c__Coriobacteriia_o__Coriobacteriales_f__Coriobacteriaceae_g__Senegalimassilia_s__Senegalimassilia_anaerobia,kept
k__Bacteria_p__Actinobacteria_c__Coriobacteriia_o__Eggerthellales,kept
k__Bacteria_p__Actinobacteria_c__Coriobacteriia_o__Eggerthellales_f__Eggerthellaceae,kept
k__Bacteria_p__Actinobacteria_c__Coriobacteriia_o__Eggerthellales_f__Eggerthellaceae_g__Asaccharobacter,kept
k__Bacteria_p__Actinobacteria_c__Coriobacteriia_o__Eggerthellales_f__Eggerthellaceae_g__Asaccharobacter_s__Asaccharobacter_celatus,kept
k__Bacteria_p__Actinobacteria_c__Coriobacteriia_o__Eggerthellales_f__Eggerthellaceae_g__Cryptobacterium,kept
k__Bacteria_p__Actinobacteria_c__Coriobacteriia_o__Eggerthellales_f__Eggerthellaceae_g__Cryptobacterium_s__Cryptobacterium_sp_CAG_338,kept
k__Bacteria_p__Actinobacteria_c__Coriobacteriia_o__Eggerthellales_f__Eggerthellaceae_g__Eggerthella,kept
k__Bacteria_p__Actinobacteria_c__Coriobacteriia_o__Eggerthellales_f__Eggerthellaceae_g__Eggerthella_s__Eggerthella_lenta,kept
k__Bacteria_p__Actinobacteria_c__Coriobacteriia_o__Eggerthellales_f__Eggerthellaceae_g__Eggerthella_s__Eggerthella_sp_CAG_209,kept
k__Bacteria_p__Actinobacteria_c__Coriobacteriia_o__Eggerthellales_f__Eggerthellaceae_g__Eggerthella_s__Eggerthella_sp_CAG_298,kept
k__Bacteria_p__Actinobacteria_c__Coriobacteriia_o__Eggerthellales_f__Eggerthellaceae_g__Eggerthella_s__Eggerthella_sp_CAG_368,kept
k__Bacteria_p__Actinobacteria_c__Coriobacteriia_o__Eggerthellales_f__Eggerthellaceae_g__Enteroscipio,kept
k__Bacteria_p__Actinobacteria_c__Coriobacteriia_o__Eggerthellales_f__Eggerthellaceae_g__Enteroscipio_s__Enteroscipio_rubneri,kept
k__Bacteria_p__Actinobacteria_c__Coriobacteriia_o__Eggerthellales_f__Eggerthellaceae_g__Gordonibacter,kept
k__Bacteria_p__Actinobacteria_c__Coriobacteriia_o__Eggerthellales_f__Eggerthellaceae_g__Gordonibacter_s__Gordonibacter_pamelaeae,kept
k__Bacteria_p__Actinobacteria_c__Coriobacteriia_o__Eggerthellales_f__Eggerthellaceae_g__Gordonibacter_s__Gordonibacter_urolithinfaciens,kept
k__Bacteria_p__Actinobacteria_c__Coriobacteriia_o__Eggerthellales_f__Eggerthellaceae_g__Slackia,kept
k__Bacteria_p__Actinobacteria_c__Coriobacteriia_o__Eggerthellales_f__Eggerthellaceae_g__Slackia_s__Slackia_isoflavoniconvertens,kept
k__Bacteria_p__Actinobacteria_c__Coriobacteriia_o__Eggerthellales_f__Eggerthellaceae_g__Slackia_s__Slackia_piriformis,kept
k__Bacteria_p__Bacteroidetes,kept
k__Bacteria_p__Bacteroidetes_c__Bacteroidia,kept
k__Bacteria_p__Bacteroidetes_c__Bacteroidia_o__Bacteroidales,kept
k__Bacteria_p__Bacteroidetes_c__Bacteroidia_o__Bacteroidales_f__Bacteroidaceae,kept
k__Bacteria_p__Bacteroidetes_c__Bacteroidia_o__Bacteroidales_f__Bacteroidaceae_g__Bacteroides,kept
k__Bacteria_p__Bacteroidetes_c__Bacteroidia_o__Bacteroidales_f__Bacteroidaceae_g__Bacteroides_s__Bacteroides_caccae,kept
k__Bacteria_p__Bacteroidetes_c__Bacteroidia_o__Bacteroidales_f__Bacteroidaceae_g__Bacteroides_s__Bacteroides_cellulosilyticus,kept
k__Bacteria_p__Bacteroidetes_c__Bacteroidia_o__Bacteroidales_f__Bacteroidaceae_g__Bacteroides_s__Bacteroides_clarus,kept
k__Bacteria_p__Bacteroidetes_c__Bacteroidia_o__Bacteroidales_f__Bacteroidaceae_g__Bacteroides_s__Bacteroides_coprophilus,kept
k__Bacteria_p__Bacteroidetes_c__Bacteroidia_o__Bacteroidales_f__Bacteroidaceae_g__Bacteroides_s__Bacteroides_dorei,kept
k__Bacteria_p__Bacteroidetes_c__Bacteroidia_o__Bacteroidales_f__Bacteroidaceae_g__Bacteroides_s__Bacteroides_eggerthii,kept
k__Bacteria_p__Bacteroidetes_c__Bacteroidia_o__Bacteroidales_f__Bacteroidaceae_g__Bacteroides_s__Bacteroides_faecis,kept
k__Bacteria_p__Bacteroidetes_c__Bacteroidia_o__Bacteroidales_f__Bacteroidaceae_g__Bacteroides_s__Bacteroides_finegoldii,kept
k__Bacteria_p__Bacteroidetes_c__Bacteroidia_o__Bacteroidales_f__Bacteroidaceae_g__Bacteroides_s__Bacteroides_fragilis,kept
k__Bacteria_p__Bacteroidetes_c__Bacteroidia_o__Bacteroidales_f__Bacteroidaceae_g__Bacteroides_s__Bacteroides_galacturonicus,kept
k__Bacteria_p__Bacteroidetes_c__Bacteroidia_o__Bacteroidales_f__Bacteroidaceae_g__Bacteroides_s__Bacteroides_intestinalis,kept
k__Bacteria_p__Bacteroidetes_c__Bacteroidia_o__Bacteroidales_f__Bacteroidaceae_g__Bacteroides_s__Bacteroides_massiliensis,kept
k__Bacteria_p__Bacteroidetes_c__Bacteroidia_o__Bacteroidales_f__Bacteroidaceae_g__Bacteroides_s__Bacteroides_nordii,kept
k__Bacteria_p__Bacteroidetes_c__Bacteroidia_o__Bacteroidales_f__Bacteroidaceae_g__Bacteroides_s__Bacteroides_ovatus,kept
k__Bacteria_p__Bacteroidetes_c__Bacteroidia_o__Bacteroidales_f__Bacteroidaceae_g__Bacteroides_s__Bacteroides_plebeius,kept
k__Bacteria_p__Bacteroidetes_c__Bacteroidia_o__Bacteroidales_f__Bacteroidaceae_g__Bacteroides_s__Bacteroides_salyersiae,kept
k__Bacteria_p__Bacteroidetes_c__Bacteroidia_o__Bacteroidales_f__Bacteroidaceae_g__Bacteroides_s__Bacteroides_sp_CAG_754,kept
k__Bacteria_p__Bacteroidetes_c__Bacteroidia_o__Bacteroidales_f__Bacteroidaceae_g__Bacteroides_s__Bacteroides_sp_D2,kept
k__Bacteria_p__Bacteroidetes_c__Bacteroidia_o__Bacteroidales_f__Bacteroidaceae_g__Bacteroides_s__Bacteroides_stercoris,kept
k__Bacteria_p__Bacteroidetes_c__Bacteroidia_o__Bacteroidales_f__Bacteroidaceae_g__Bacteroides_s__Bacteroides_thetaiotaomicron,kept
k__Bacteria_p__Bacteroidetes_c__Bacteroidia_o__Bacteroidales_f__Bacteroidaceae_g__Bacteroides_s__Bacteroides_uniformis,kept
k__Bacteria_p__Bacteroidetes_c__Bacteroidia_o__Bacteroidales_f__Bacteroidaceae_g__Bacteroides_s__Bacteroides_vulgatus,kept
k__Bacteria_p__Bacteroidetes_c__Bacteroidia_o__Bacteroidales_f__Bacteroidaceae_g__Bacteroides_s__Bacteroides_xylanisolvens,kept
k__Bacteria_p__Bacteroidetes_c__Bacteroidia_o__Bacteroidales_f__Barnesiellaceae,kept
k__Bacteria_p__Bacteroidetes_c__Bacteroidia_o__Bacteroidales_f__Barnesiellaceae_g__Barnesiella,kept
k__Bacteria_p__Bacteroidetes_c__Bacteroidia_o__Bacteroidales_f__Barnesiellaceae_g__Barnesiella_s__Barnesiella_intestinihominis,kept
k__Bacteria_p__Bacteroidetes_c__Bacteroidia_o__Bacteroidales_f__Barnesiellaceae_g__Barnesiella_s__Barnesiella_sp_An22,kept
k__Bacteria_p__Bacteroidetes_c__Bacteroidia_o__Bacteroidales_f__Barnesiellaceae_g__Coprobacter,kept
k__Bacteria_p__Bacteroidetes_c__Bacteroidia_o__Bacteroidales_f__Barnesiellaceae_g__Coprobacter_s__Coprobacter_fastidiosus,kept
k__Bacteria_p__Bacteroidetes_c__Bacteroidia_o__Bacteroidales_f__Barnesiellaceae_g__Coprobacter_s__Coprobacter_secundus,kept
k__Bacteria_p__Bacteroidetes_c__Bacteroidia_o__Bacteroidales_f__Odoribacteraceae,kept
k__Bacteria_p__Bacteroidetes_c__Bacteroidia_o__Bacteroidales_f__Odoribacteraceae_g__Butyricimonas,kept
k__Bacteria_p__Bacteroidetes_c__Bacteroidia_o__Bacteroidales_f__Odoribacteraceae_g__Butyricimonas_s__Butyricimonas_sp,kept
k__Bacteria_p__Bacteroidetes_c__Bacteroidia_o__Bacteroidales_f__Odoribacteraceae_g__Butyricimonas_s__Butyricimonas_synergistica,kept
k__Bacteria_p__Bacteroidetes_c__Bacteroidia_o__Bacteroidales_f__Odoribacteraceae_g__Butyricimonas_s__Butyricimonas_virosa,kept
k__Bacteria_p__Bacteroidetes_c__Bacteroidia_o__Bacteroidales_f__Odoribacteraceae_g__Odoribacter,kept
k__Bacteria_p__Bacteroidetes_c__Bacteroidia_o__Bacteroidales_f__Odoribacteraceae_g__Odoribacter_s__Odoribacter_laneus,kept
k__Bacteria_p__Bacteroidetes_c__Bacteroidia_o__Bacteroidales_f__Odoribacteraceae_g__Odoribacter_s__Odoribacter_splanchnicus,kept
k__Bacteria_p__Bacteroidetes_c__Bacteroidia_o__Bacteroidales_f__Porphyromonadaceae,kept
k__Bacteria_p__Bacteroidetes_c__Bacteroidia_o__Bacteroidales_f__Porphyromonadaceae_g__Porphyromonas,kept
k__Bacteria_p__Bacteroidetes_c__Bacteroidia_o__Bacteroidales_f__Porphyromonadaceae_g__Porphyromonas_s__Porphyromonas_asaccharolytica,kept
k__Bacteria_p__Bacteroidetes_c__Bacteroidia_o__Bacteroidales_f__Porphyromonadaceae_g__Porphyromonas_s__Porphyromonas_sp_31_2,kept
k__Bacteria_p__Bacteroidetes_c__Bacteroidia_o__Bacteroidales_f__Prevotellaceae,kept
k__Bacteria_p__Bacteroidetes_c__Bacteroidia_o__Bacteroidales_f__Prevotellaceae_g__Paraprevotella,kept
k__Bacteria_p__Bacteroidetes_c__Bacteroidia_o__Bacteroidales_f__Prevotellaceae_g__Paraprevotella_s__Paraprevotella_clara,kept
k__Bacteria_p__Bacteroidetes_c__Bacteroidia_o__Bacteroidales_f__Prevotellaceae_g__Paraprevotella_s__Paraprevotella_xylaniphila,kept
k__Bacteria_p__Bacteroidetes_c__Bacteroidia_o__Bacteroidales_f__Prevotellaceae_g__Prevotella,kept
k__Bacteria_p__Bacteroidetes_c__Bacteroidia_o__Bacteroidales_f__Prevotellaceae_g__Prevotella_s__Prevotella_bivia,kept
k__Bacteria_p__Bacteroidetes_c__Bacteroidia_o__Bacteroidales_f__Prevotellaceae_g__Prevotella_s__Prevotella_buccae,kept
k__Bacteria_p__Bacteroidetes_c__Bacteroidia_o__Bacteroidales_f__Prevotellaceae_g__Prevotella_s__Prevotella_buccalis,kept
k__Bacteria_p__Bacteroidetes_c__Bacteroidia_o__Bacteroidales_f__Prevotellaceae_g__Prevotella_s__Prevotella_copri,kept
k__Bacteria_p__Bacteroidetes_c__Bacteroidia_o__Bacteroidales_f__Prevotellaceae_g__Prevotella_s__Prevotella_sp_CAG_1092,kept
k__Bacteria_p__Bacteroidetes_c__Bacteroidia_o__Bacteroidales_f__Prevotellaceae_g__Prevotella_s__Prevotella_sp_CAG_1185,kept
k__Bacteria_p__Bacteroidetes_c__Bacteroidia_o__Bacteroidales_f__Prevotellaceae_g__Prevotella_s__Prevotella_sp_CAG_279,kept
k__Bacteria_p__Bacteroidetes_c__Bacteroidia_o__Bacteroidales_f__Prevotellaceae_g__Prevotella_s__Prevotella_sp_CAG_386,kept
k__Bacteria_p__Bacteroidetes_c__Bacteroidia_o__Bacteroidales_f__Prevotellaceae_g__Prevotella_s__Prevotella_sp_CAG_891,kept
k__Bacteria_p__Bacteroidetes_c__Bacteroidia_o__Bacteroidales_f__Prevotellaceae_g__Prevotella_s__Prevotella_timonensis,kept
k__Bacteria_p__Bacteroidetes_c__Bacteroidia_o__Bacteroidales_f__Rikenellaceae,kept
k__Bacteria_p__Bacteroidetes_c__Bacteroidia_o__Bacteroidales_f__Rikenellaceae_g__Alistipes,kept
k__Bacteria_p__Bacteroidetes_c__Bacteroidia_o__Bacteroidales_f__Rikenellaceae_g__Alistipes_s__Alistipes_finegoldii,kept
k__Bacteria_p__Bacteroidetes_c__Bacteroidia_o__Bacteroidales_f__Rikenellaceae_g__Alistipes_s__Alistipes_indistinctus,kept
k__Bacteria_p__Bacteroidetes_c__Bacteroidia_o__Bacteroidales_f__Rikenellaceae_g__Alistipes_s__Alistipes_inops,kept
k__Bacteria_p__Bacteroidetes_c__Bacteroidia_o__Bacteroidales_f__Rikenellaceae_g__Alistipes_s__Alistipes_obesi,kept
k__Bacteria_p__Bacteroidetes_c__Bacteroidia_o__Bacteroidales_f__Rikenellaceae_g__Alistipes_s__Alistipes_onderdonkii,kept
k__Bacteria_p__Bacteroidetes_c__Bacteroidia_o__Bacteroidales_f__Rikenellaceae_g__Alistipes_s__Alistipes_putredinis,kept
k__Bacteria_p__Bacteroidetes_c__Bacteroidia_o__Bacteroidales_f__Rikenellaceae_g__Alistipes_s__Alistipes_shahii,kept
k__Bacteria_p__Bacteroidetes_c__Bacteroidia_o__Bacteroidales_f__Rikenellaceae_g__Alistipes_s__Alistipes_sp_CAG_268,kept
k__Bacteria_p__Bacteroidetes_c__Bacteroidia_o__Bacteroidales_f__Tannerellaceae,kept
k__Bacteria_p__Bacteroidetes_c__Bacteroidia_o__Bacteroidales_f__Tannerellaceae_g__Parabacteroides,kept
k__Bacteria_p__Bacteroidetes_c__Bacteroidia_o__Bacteroidales_f__Tannerellaceae_g__Parabacteroides_s__Parabacteroides_distasonis,kept
k__Bacteria_p__Bacteroidetes_c__Bacteroidia_o__Bacteroidales_f__Tannerellaceae_g__Parabacteroides_s__Parabacteroides_goldsteinii,kept
k__Bacteria_p__Bacteroidetes_c__Bacteroidia_o__Bacteroidales_f__Tannerellaceae_g__Parabacteroides_s__Parabacteroides_johnsonii,kept
k__Bacteria_p__Bacteroidetes_c__Bacteroidia_o__Bacteroidales_f__Tannerellaceae_g__Parabacteroides_s__Parabacteroides_merdae,kept
k__Bacteria_p__Firmicutes,kept
k__Bacteria_p__Firmicutes_c__Bacilli,kept
k__Bacteria_p__Firmicutes_c__Bacilli_o__Lactobacillales,kept
k__Bacteria_p__Firmicutes_c__Bacilli_o__Lactobacillales_f__Enterococcaceae,kept
k__Bacteria_p__Firmicutes_c__Bacilli_o__Lactobacillales_f__Enterococcaceae_g__Enterococcus,kept
k__Bacteria_p__Firmicutes_c__Bacilli_o__Lactobacillales_f__Enterococcaceae_g__Enterococcus_s__Enterococcus_faecalis,kept
k__Bacteria_p__Firmicutes_c__Bacilli_o__Lactobacillales_f__Enterococcaceae_g__Enterococcus_s__Enterococcus_faecium,kept
k__Bacteria_p__Firmicutes_c__Bacilli_o__Lactobacillales_f__Lactobacillaceae,kept
k__Bacteria_p__Firmicutes_c__Bacilli_o__Lactobacillales_f__Lactobacillaceae_g__Lactobacillus,kept
k__Bacteria_p__Firmicutes_c__Bacilli_o__Lactobacillales_f__Lactobacillaceae_g__Lactobacillus_s__Lactobacillus_acidophilus,kept
k__Bacteria_p__Firmicutes_c__Bacilli_o__Lactobacillales_f__Lactobacillaceae_g__Lactobacillus_s__Lactobacillus_casei_group,kept
k__Bacteria_p__Firmicutes_c__Bacilli_o__Lactobacillales_f__Lactobacillaceae_g__Lactobacillus_s__Lactobacillus_fermentum,kept
k__Bacteria_p__Firmicutes_c__Bacilli_o__Lactobacillales_f__Lactobacillaceae_g__Lactobacillus_s__Lactobacillus_rhamnosus,kept
k__Bacteria_p__Firmicutes_c__Bacilli_o__Lactobacillales_f__Lactobacillaceae_g__Lactobacillus_s__Lactobacillus_rogosae,kept
k__Bacteria_p__Firmicutes_c__Bacilli_o__Lactobacillales_f__Lactobacillaceae_g__Lactobacillus_s__Lactobacillus_ruminis,kept
k__Bacteria_p__Firmicutes_c__Bacilli_o__Lactobacillales_f__Lactobacillaceae_g__Lactobacillus_s__Lactobacillus_salivarius,kept
k__Bacteria_p__Firmicutes_c__Bacilli_o__Lactobacillales_f__Streptococcaceae,kept
k__Bacteria_p__Firmicutes_c__Bacilli_o__Lactobacillales_f__Streptococcaceae_g__Lactococcus,kept
k__Bacteria_p__Firmicutes_c__Bacilli_o__Lactobacillales_f__Streptococcaceae_g__Lactococcus_s__Lactococcus_lactis,kept
k__Bacteria_p__Firmicutes_c__Bacilli_o__Lactobacillales_f__Streptococcaceae_g__Streptococcus,kept
k__Bacteria_p__Firmicutes_c__Bacilli_o__Lactobacillales_f__Streptococcaceae_g__Streptococcus_s__Streptococcus_gordonii,kept
k__Bacteria_p__Firmicutes_c__Bacilli_o__Lactobacillales_f__Streptococcaceae_g__Streptococcus_s__Streptococcus_lutetiensis,kept
k__Bacteria_p__Firmicutes_c__Bacilli_o__Lactobacillales_f__Streptococcaceae_g__Streptococcus_s__Streptococcus_mitis,kept
k__Bacteria_p__Firmicutes_c__Bacilli_o__Lactobacillales_f__Streptococcaceae_g__Streptococcus_s__Streptococcus_parasanguinis,kept
k__Bacteria_p__Firmicutes_c__Bacilli_o__Lactobacillales_f__Streptococcaceae_g__Streptococcus_s__Streptococcus_salivarius,kept
k__Bacteria_p__Firmicutes_c__Bacilli_o__Lactobacillales_f__Streptococcaceae_g__Streptococcus_s__Streptococcus_sp_A12,kept
k__Bacteria_p__Firmicutes_c__Bacilli_o__Lactobacillales_f__Streptococcaceae_g__Streptococcus_s__Streptococcus_thermophilus,kept
k__Bacteria_p__Firmicutes_c__Clostridia,kept
k__Bacteria_p__Firmicutes_c__Clostridia_o__Clostridiales,kept
k__Bacteria_p__Firmicutes_c__Clostridia_o__Clostridiales_f__Christensenellaceae,kept
k__Bacteria_p__Firmicutes_c__Clostridia_o__Clostridiales_f__Christensenellaceae_g__Christensenella,kept
k__Bacteria_p__Firmicutes_c__Clostridia_o__Clostridiales_f__Christensenellaceae_g__Christensenella_s__Christensenella_minuta,kept
k__Bacteria_p__Firmicutes_c__Clostridia_o__Clostridiales_f__Clostridiaceae,kept
k__Bacteria_p__Firmicutes_c__Clostridia_o__Clostridiales_f__Clostridiaceae_g__Butyricicoccus,kept
k__Bacteria_p__Firmicutes_c__Clostridia_o__Clostridiales_f__Clostridiaceae_g__Butyricicoccus_s__Butyricicoccus_pullicaecorum,kept
k__Bacteria_p__Firmicutes_c__Clostridia_o__Clostridiales_f__Clostridiaceae_g__Clostridium,kept
k__Bacteria_p__Firmicutes_c__Clostridia_o__Clostridiales_f__Clostridiaceae_g__Clostridium_s__Butyribacterium_methylotrophicum,kept
k__Bacteria_p__Firmicutes_c__Clostridia_o__Clostridiales_f__Clostridiaceae_g__Clostridium_s__Clostridium_butyricum,kept
k__Bacteria_p__Firmicutes_c__Clostridia_o__Clostridiales_f__Clostridiaceae_g__Clostridium_s__Clostridium_disporicum,kept
k__Bacteria_p__Firmicutes_c__Clostridia_o__Clostridiales_f__Clostridiaceae_g__Clostridium_s__Clostridium_paraputrificum,kept
k__Bacteria_p__Firmicutes_c__Clostridia_o__Clostridiales_f__Clostridiaceae_g__Clostridium_s__Clostridium_perfringens,kept
k__Bacteria_p__Firmicutes_c__Clostridia_o__Clostridiales_f__Clostridiaceae_g__Clostridium_s__Clostridium_sp_AF36_4,kept
k__Bacteria_p__Firmicutes_c__Clostridia_o__Clostridiales_f__Clostridiaceae_g__Clostridium_s__Clostridium_sp_AM22_11AC,kept
k__Bacteria_p__Firmicutes_c__Clostridia_o__Clostridiales_f__Clostridiaceae_g__Clostridium_s__Clostridium_sp_CAG_122,kept
k__Bacteria_p__Firmicutes_c__Clostridia_o__Clostridiales_f__Clostridiaceae_g__Clostridium_s__Clostridium_sp_CAG_12237_41,kept
k__Bacteria_p__Firmicutes_c__Clostridia_o__Clostridiales_f__Clostridiaceae_g__Clostridium_s__Clostridium_sp_CAG_138,kept
k__Bacteria_p__Firmicutes_c__Clostridia_o__Clostridiales_f__Clostridiaceae_g__Clostridium_s__Clostridium_sp_CAG_167,kept
k__Bacteria_p__Firmicutes_c__Clostridia_o__Clostridiales_f__Clostridiaceae_g__Clostridium_s__Clostridium_sp_CAG_169,kept
k__Bacteria_p__Firmicutes_c__Clostridia_o__Clostridiales_f__Clostridiaceae_g__Clostridium_s__Clostridium_sp_CAG_217,kept
k__Bacteria_p__Firmicutes_c__Clostridia_o__Clostridiales_f__Clostridiaceae_g__Clostridium_s__Clostridium_sp_CAG_221,kept
k__Bacteria_p__Firmicutes_c__Clostridia_o__Clostridiales_f__Clostridiaceae_g__Clostridium_s__Clostridium_sp_CAG_226,kept
k__Bacteria_p__Firmicutes_c__Clostridia_o__Clostridiales_f__Clostridiaceae_g__Clostridium_s__Clostridium_sp_CAG_230,kept
k__Bacteria_p__Firmicutes_c__Clostridia_o__Clostridiales_f__Clostridiaceae_g__Clostridium_s__Clostridium_sp_CAG_242,kept
k__Bacteria_p__Firmicutes_c__Clostridia_o__Clostridiales_f__Clostridiaceae_g__Clostridium_s__Clostridium_sp_CAG_245,kept
k__Bacteria_p__Firmicutes_c__Clostridia_o__Clostridiales_f__Clostridiaceae_g__Clostridium_s__Clostridium_sp_CAG_253,kept
k__Bacteria_p__Firmicutes_c__Clostridia_o__Clostridiales_f__Clostridiaceae_g__Clostridium_s__Clostridium_sp_CAG_265,kept
k__Bacteria_p__Firmicutes_c__Clostridia_o__Clostridiales_f__Clostridiaceae_g__Clostridium_s__Clostridium_sp_CAG_269,kept
k__Bacteria_p__Firmicutes_c__Clostridia_o__Clostridiales_f__Clostridiaceae_g__Clostridium_s__Clostridium_sp_CAG_299,kept
k__Bacteria_p__Firmicutes_c__Clostridia_o__Clostridiales_f__Clostridiaceae_g__Clostridium_s__Clostridium_sp_CAG_302,kept
k__Bacteria_p__Firmicutes_c__Clostridia_o__Clostridiales_f__Clostridiaceae_g__Clostridium_s__Clostridium_sp_CAG_349,kept
k__Bacteria_p__Firmicutes_c__Clostridia_o__Clostridiales_f__Clostridiaceae_g__Clostridium_s__Clostridium_sp_CAG_356,kept
k__Bacteria_p__Firmicutes_c__Clostridia_o__Clostridiales_f__Clostridiaceae_g__Clostridium_s__Clostridium_sp_CAG_389,kept
k__Bacteria_p__Firmicutes_c__Clostridia_o__Clostridiales_f__Clostridiaceae_g__Clostridium_s__Clostridium_sp_CAG_417,kept
k__Bacteria_p__Firmicutes_c__Clostridia_o__Clostridiales_f__Clostridiaceae_g__Clostridium_s__Clostridium_sp_CAG_440,kept
k__Bacteria_p__Firmicutes_c__Clostridia_o__Clostridiales_f__Clostridiaceae_g__Clostridium_s__Clostridium_sp_CAG_451,kept
k__Bacteria_p__Firmicutes_c__Clostridia_o__Clostridiales_f__Clostridiaceae_g__Clostridium_s__Clostridium_sp_CAG_465,kept
k__Bacteria_p__Firmicutes_c__Clostridia_o__Clostridiales_f__Clostridiaceae_g__Clostridium_s__Clostridium_sp_CAG_492,kept
k__Bacteria_p__Firmicutes_c__Clostridia_o__Clostridiales_f__Clostridiaceae_g__Clostridium_s__Clostridium_sp_CAG_505,kept
k__Bacteria_p__Firmicutes_c__Clostridia_o__Clostridiales_f__Clostridiaceae_g__Clostridium_s__Clostridium_sp_CAG_58,kept
k__Bacteria_p__Firmicutes_c__Clostridia_o__Clostridiales_f__Clostridiaceae_g__Clostridium_s__Clostridium_sp_CAG_594,kept
k__Bacteria_p__Firmicutes_c__Clostridia_o__Clostridiales_f__Clostridiaceae_g__Clostridium_s__Clostridium_sp_CAG_678,kept
k__Bacteria_p__Firmicutes_c__Clostridia_o__Clostridiales_f__Clostridiaceae_g__Clostridium_s__Clostridium_sp_CAG_75,kept
k__Bacteria_p__Firmicutes_c__Clostridia_o__Clostridiales_f__Clostridiaceae_g__Clostridium_s__Clostridium_sp_CAG_780,kept
k__Bacteria_p__Firmicutes_c__Clostridia_o__Clostridiales_f__Clostridiaceae_g__Hungatella,kept
k__Bacteria_p__Firmicutes_c__Clostridia_o__Clostridiales_f__Clostridiaceae_g__Hungatella_s__Hungatella_hathewayi,kept
k__Bacteria_p__Firmicutes_c__Clostridia_o__Clostridiales_f__Clostridiales_Family_XIII_Incertae_Sedis,kept
k__Bacteria_p__Firmicutes_c__Clostridia_o__Clostridiales_f__Clostridiales_Family_XIII_Incertae_Sedis_g__Clostridiales_Family_XIII_Incertae_Sedis_unclassified,kept
k__Bacteria_p__Firmicutes_c__Clostridia_o__Clostridiales_f__Clostridiales_Family_XIII_Incertae_Sedis_g__Clostridiales_Family_XIII_Incertae_Sedis_unclassified_s__Clostridiales_Family_XIII_bacterium,kept
k__Bacteria_p__Firmicutes_c__Clostridia_o__Clostridiales_f__Clostridiales_unclassified,kept
k__Bacteria_p__Firmicutes_c__Clostridia_o__Clostridiales_f__Clostridiales_unclassified_g__Clostridiales_unclassified,kept
k__Bacteria_p__Firmicutes_c__Clostridia_o__Clostridiales_f__Clostridiales_unclassified_g__Clostridiales_unclassified_s__Clostridiales_bacterium_KLE1615,kept
k__Bacteria_p__Firmicutes_c__Clostridia_o__Clostridiales_f__Clostridiales_unclassified_g__Intestinimonas,kept
k__Bacteria_p__Firmicutes_c__Clostridia_o__Clostridiales_f__Clostridiales_unclassified_g__Intestinimonas_s__Intestinimonas_butyriciproducens,kept
k__Bacteria_p__Firmicutes_c__Clostridia_o__Clostridiales_f__Clostridiales_unclassified_g__Lawsonibacter,kept
k__Bacteria_p__Firmicutes_c__Clostridia_o__Clostridiales_f__Clostridiales_unclassified_g__Lawsonibacter_s__Lawsonibacter_asaccharolyticus,kept
k__Bacteria_p__Firmicutes_c__Clostridia_o__Clostridiales_f__Clostridiales_unclassified_g__Monoglobus,kept
k__Bacteria_p__Firmicutes_c__Clostridia_o__Clostridiales_f__Clostridiales_unclassified_g__Monoglobus_s__Monoglobus_pectinilyticus,kept
k__Bacteria_p__Firmicutes_c__Clostridia_o__Clostridiales_f__Eubacteriaceae,kept
k__Bacteria_p__Firmicutes_c__Clostridia_o__Clostridiales_f__Eubacteriaceae_g__Eubacterium,kept
k__Bacteria_p__Firmicutes_c__Clostridia_o__Clostridiales_f__Eubacteriaceae_g__Eubacterium_s__Eubacterium_eligens,kept
k__Bacteria_p__Firmicutes_c__Clostridia_o__Clostridiales_f__Eubacteriaceae_g__Eubacterium_s__Eubacterium_hallii,kept
k__Bacteria_p__Firmicutes_c__Clostridia_o__Clostridiales_f__Eubacteriaceae_g__Eubacterium_s__Eubacterium_ramulus,kept
k__Bacteria_p__Firmicutes_c__Clostridia_o__Clostridiales_f__Eubacteriaceae_g__Eubacterium_s__Eubacterium_sp_36_13,kept
k__Bacteria_p__Firmicutes_c__Clostridia_o__Clostridiales_f__Eubacteriaceae_g__Eubacterium_s__Eubacterium_sp_AF17_7,kept
k__Bacteria_p__Firmicutes_c__Clostridia_o__Clostridiales_f__Eubacteriaceae_g__Eubacterium_s__Eubacterium_sp_CAG_115,kept
k__Bacteria_p__Firmicutes_c__Clostridia_o__Clostridiales_f__Eubacteriaceae_g__Eubacterium_s__Eubacterium_sp_CAG_161,kept
k__Bacteria_p__Firmicutes_c__Clostridia_o__Clostridiales_f__Eubacteriaceae_g__Eubacterium_s__Eubacterium_sp_CAG_180,kept
k__Bacteria_p__Firmicutes_c__Clostridia_o__Clostridiales_f__Eubacteriaceae_g__Eubacterium_s__Eubacterium_sp_CAG_192,kept
k__Bacteria_p__Firmicutes_c__Clostridia_o__Clostridiales_f__Eubacteriaceae_g__Eubacterium_s__Eubacterium_sp_CAG_251,kept
k__Bacteria_p__Firmicutes_c__Clostridia_o__Clostridiales_f__Eubacteriaceae_g__Eubacterium_s__Eubacterium_sp_CAG_252,kept
k__Bacteria_p__Firmicutes_c__Clostridia_o__Clostridiales_f__Eubacteriaceae_g__Eubacterium_s__Eubacterium_sp_CAG_274,kept
k__Bacteria_p__Firmicutes_c__Clostridia_o__Clostridiales_f__Eubacteriaceae_g__Eubacterium_s__Eubacterium_sp_CAG_38,kept
k__Bacteria_p__Firmicutes_c__Clostridia_o__Clostridiales_f__Eubacteriaceae_g__Eubacterium_s__Eubacterium_sp_CAG_581,kept
k__Bacteria_p__Firmicutes_c__Clostridia_o__Clostridiales_f__Eubacteriaceae_g__Eubacterium_s__Eubacterium_sp_OM08_24,kept
k__Bacteria_p__Firmicutes_c__Clostridia_o__Clostridiales_f__Eubacteriaceae_g__Eubacterium_s__Eubacterium_ventriosum,kept
k__Bacteria_p__Firmicutes_c__Clostridia_o__Clostridiales_f__Lachnospiraceae,kept
k__Bacteria_p__Firmicutes_c__Clostridia_o__Clostridiales_f__Lachnospiraceae_g__Anaerostipes,kept
k__Bacteria_p__Firmicutes_c__Clostridia_o__Clostridiales_f__Lachnospiraceae_g__Anaerostipes_s__Anaerostipes_hadrus,kept
k__Bacteria_p__Firmicutes_c__Clostridia_o__Clostridiales_f__Lachnospiraceae_g__Anaerotignum,kept
k__Bacteria_p__Firmicutes_c__Clostridia_o__Clostridiales_f__Lachnospiraceae_g__Anaerotignum_s__Anaerotignum_lactatifermentans,kept
k__Bacteria_p__Firmicutes_c__Clostridia_o__Clostridiales_f__Lachnospiraceae_g__Blautia,kept
k__Bacteria_p__Firmicutes_c__Clostridia_o__Clostridiales_f__Lachnospiraceae_g__Blautia_s__Blautia_hansenii,kept
k__Bacteria_p__Firmicutes_c__Clostridia_o__Clostridiales_f__Lachnospiraceae_g__Blautia_s__Blautia_hydrogenotrophica,kept
k__Bacteria_p__Firmicutes_c__Clostridia_o__Clostridiales_f__Lachnospiraceae_g__Blautia_s__Blautia_obeum,kept
k__Bacteria_p__Firmicutes_c__Clostridia_o__Clostridiales_f__Lachnospiraceae_g__Blautia_s__Blautia_producta,kept
k__Bacteria_p__Firmicutes_c__Clostridia_o__Clostridiales_f__Lachnospiraceae_g__Blautia_s__Blautia_sp,kept
k__Bacteria_p__Firmicutes_c__Clostridia_o__Clostridiales_f__Lachnospiraceae_g__Blautia_s__Blautia_sp_AF19_10LB,kept
k__Bacteria_p__Firmicutes_c__Clostridia_o__Clostridiales_f__Lachnospiraceae_g__Blautia_s__Blautia_sp_CAG_257,kept
k__Bacteria_p__Firmicutes_c__Clostridia_o__Clostridiales_f__Lachnospiraceae_g__Blautia_s__Blautia_sp_CAG_52,kept
k__Bacteria_p__Firmicutes_c__Clostridia_o__Clostridiales_f__Lachnospiraceae_g__Blautia_s__Blautia_wexlerae,kept
k__Bacteria_p__Firmicutes_c__Clostridia_o__Clostridiales_f__Lachnospiraceae_g__Blautia_s__Ruminococcus_gnavus,kept
k__Bacteria_p__Firmicutes_c__Clostridia_o__Clostridiales_f__Lachnospiraceae_g__Blautia_s__Ruminococcus_torques,kept
k__Bacteria_p__Firmicutes_c__Clostridia_o__Clostridiales_f__Lachnospiraceae_g__Coprococcus,kept
k__Bacteria_p__Firmicutes_c__Clostridia_o__Clostridiales_f__Lachnospiraceae_g__Coprococcus_s__Coprococcus_catus,kept
k__Bacteria_p__Firmicutes_c__Clostridia_o__Clostridiales_f__Lachnospiraceae_g__Coprococcus_s__Coprococcus_comes,kept
k__Bacteria_p__Firmicutes_c__Clostridia_o__Clostridiales_f__Lachnospiraceae_g__Coprococcus_s__Coprococcus_eutactus,kept
k__Bacteria_p__Firmicutes_c__Clostridia_o__Clostridiales_f__Lachnospiraceae_g__Dorea,kept
k__Bacteria_p__Firmicutes_c__Clostridia_o__Clostridiales_f__Lachnospiraceae_g__Dorea_s__Dorea_formicigenerans,kept
k__Bacteria_p__Firmicutes_c__Clostridia_o__Clostridiales_f__Lachnospiraceae_g__Dorea_s__Dorea_longicatena,kept
k__Bacteria_p__Firmicutes_c__Clostridia_o__Clostridiales_f__Lachnospiraceae_g__Dorea_s__Dorea_sp_CAG_317,kept
k__Bacteria_p__Firmicutes_c__Clostridia_o__Clostridiales_f__Lachnospiraceae_g__Eisenbergiella,kept
k__Bacteria_p__Firmicutes_c__Clostridia_o__Clostridiales_f__Lachnospiraceae_g__Eisenbergiella_s__Eisenbergiella_massiliensis,kept
k__Bacteria_p__Firmicutes_c__Clostridia_o__Clostridiales_f__Lachnospiraceae_g__Eisenbergiella_s__Eisenbergiella_tayi,kept
k__Bacteria_p__Firmicutes_c__Clostridia_o__Clostridiales_f__Lachnospiraceae_g__Fusicatenibacter,kept
k__Bacteria_p__Firmicutes_c__Clostridia_o__Clostridiales_f__Lachnospiraceae_g__Fusicatenibacter_s__Fusicatenibacter_saccharivorans,kept
k__Bacteria_p__Firmicutes_c__Clostridia_o__Clostridiales_f__Lachnospiraceae_g__Lachnoclostridium,kept
k__Bacteria_p__Firmicutes_c__Clostridia_o__Clostridiales_f__Lachnospiraceae_g__Lachnoclostridium_s__Clostridium_aldenense,kept
k__Bacteria_p__Firmicutes_c__Clostridia_o__Clostridiales_f__Lachnospiraceae_g__Lachnoclostridium_s__Clostridium_asparagiforme,kept
k__Bacteria_p__Firmicutes_c__Clostridia_o__Clostridiales_f__Lachnospiraceae_g__Lachnoclostridium_s__Clostridium_bolteae,kept
k__Bacteria_p__Firmicutes_c__Clostridia_o__Clostridiales_f__Lachnospiraceae_g__Lachnoclostridium_s__Clostridium_citroniae,kept
k__Bacteria_p__Firmicutes_c__Clostridia_o__Clostridiales_f__Lachnospiraceae_g__Lachnoclostridium_s__Clostridium_clostridioforme,kept
k__Bacteria_p__Firmicutes_c__Clostridia_o__Clostridiales_f__Lachnospiraceae_g__Lachnoclostridium_s__Clostridium_lavalense,kept
k__Bacteria_p__Firmicutes_c__Clostridia_o__Clostridiales_f__Lachnospiraceae_g__Lachnoclostridium_s__Clostridium_saccharolyticum,kept
k__Bacteria_p__Firmicutes_c__Clostridia_o__Clostridiales_f__Lachnospiraceae_g__Lachnoclostridium_s__Clostridium_scindens,kept
k__Bacteria_p__Firmicutes_c__Clostridia_o__Clostridiales_f__Lachnospiraceae_g__Lachnoclostridium_s__Clostridium_symbiosum,kept
k__Bacteria_p__Firmicutes_c__Clostridia_o__Clostridiales_f__Lachnospiraceae_g__Lachnospira,kept
k__Bacteria_p__Firmicutes_c__Clostridia_o__Clostridiales_f__Lachnospiraceae_g__Lachnospira_s__Lachnospira_pectinoschiza,kept
k__Bacteria_p__Firmicutes_c__Clostridia_o__Clostridiales_f__Lachnospiraceae_g__Lachnospiraceae_unclassified,kept
k__Bacteria_p__Firmicutes_c__Clostridia_o__Clostridiales_f__Lachnospiraceae_g__Lachnospiraceae_unclassified_s__Eubacterium_rectale,kept
k__Bacteria_p__Firmicutes_c__Clostridia_o__Clostridiales_f__Lachnospiraceae_g__Lachnospiraceae_unclassified_s__Lachnospiraceae_bacterium_OF09_33XD,kept
k__Bacteria_p__Firmicutes_c__Clostridia_o__Clostridiales_f__Lachnospiraceae_g__Roseburia,kept
k__Bacteria_p__Firmicutes_c__Clostridia_o__Clostridiales_f__Lachnospiraceae_g__Roseburia_s__Roseburia_faecis,kept
k__Bacteria_p__Firmicutes_c__Clostridia_o__Clostridiales_f__Lachnospiraceae_g__Roseburia_s__Roseburia_hominis,kept
k__Bacteria_p__Firmicutes_c__Clostridia_o__Clostridiales_f__Lachnospiraceae_g__Roseburia_s__Roseburia_intestinalis,kept
k__Bacteria_p__Firmicutes_c__Clostridia_o__Clostridiales_f__Lachnospiraceae_g__Roseburia_s__Roseburia_inulinivorans,kept
k__Bacteria_p__Firmicutes_c__Clostridia_o__Clostridiales_f__Lachnospiraceae_g__Roseburia_s__Roseburia_sp_CAG_100,kept
k__Bacteria_p__Firmicutes_c__Clostridia_o__Clostridiales_f__Lachnospiraceae_g__Roseburia_s__Roseburia_sp_CAG_10041_57,kept
k__Bacteria_p__Firmicutes_c__Clostridia_o__Clostridiales_f__Lachnospiraceae_g__Roseburia_s__Roseburia_sp_CAG_182,kept
k__Bacteria_p__Firmicutes_c__Clostridia_o__Clostridiales_f__Lachnospiraceae_g__Roseburia_s__Roseburia_sp_CAG_303,kept
k__Bacteria_p__Firmicutes_c__Clostridia_o__Clostridiales_f__Lachnospiraceae_g__Roseburia_s__Roseburia_sp_CAG_309,kept
k__Bacteria_p__Firmicutes_c__Clostridia_o__Clostridiales_f__Lachnospiraceae_g__Roseburia_s__Roseburia_sp_CAG_380,kept
k__Bacteria_p__Firmicutes_c__Clostridia_o__Clostridiales_f__Lachnospiraceae_g__Roseburia_s__Roseburia_sp_CAG_471,kept
k__Bacteria_p__Firmicutes_c__Clostridia_o__Clostridiales_f__Lachnospiraceae_g__Sellimonas,kept
k__Bacteria_p__Firmicutes_c__Clostridia_o__Clostridiales_f__Lachnospiraceae_g__Sellimonas_s__Sellimonas_intestinalis,kept
k__Bacteria_p__Firmicutes_c__Clostridia_o__Clostridiales_f__Lachnospiraceae_g__Tyzzerella,kept
k__Bacteria_p__Firmicutes_c__Clostridia_o__Clostridiales_f__Lachnospiraceae_g__Tyzzerella_s__Tyzzerella_nexilis,kept
k__Bacteria_p__Firmicutes_c__Clostridia_o__Clostridiales_f__Lachnospiraceae_g__Tyzzerella_s__Tyzzerella_sp,kept
k__Bacteria_p__Firmicutes_c__Clostridia_o__Clostridiales_f__Oscillospiraceae,kept
k__Bacteria_p__Firmicutes_c__Clostridia_o__Clostridiales_f__Oscillospiraceae_g__Oscillibacter,kept
k__Bacteria_p__Firmicutes_c__Clostridia_o__Clostridiales_f__Oscillospiraceae_g__Oscillibacter_s__Oscillibacter_sp_57_20,kept
k__Bacteria_p__Firmicutes_c__Clostridia_o__Clostridiales_f__Oscillospiraceae_g__Oscillibacter_s__Oscillibacter_sp_CAG_241,kept
k__Bacteria_p__Firmicutes_c__Clostridia_o__Clostridiales_f__Peptostreptococcaceae,kept
k__Bacteria_p__Firmicutes_c__Clostridia_o__Clostridiales_f__Peptostreptococcaceae_g__Intestinibacter,kept
k__Bacteria_p__Firmicutes_c__Clostridia_o__Clostridiales_f__Peptostreptococcaceae_g__Intestinibacter_s__Intestinibacter_bartlettii,kept
k__Bacteria_p__Firmicutes_c__Clostridia_o__Clostridiales_f__Peptostreptococcaceae_g__Peptostreptococcaceae_unclassified,kept
k__Bacteria_p__Firmicutes_c__Clostridia_o__Clostridiales_f__Peptostreptococcaceae_g__Peptostreptococcaceae_unclassified_s__Peptostreptococcaceae_bacterium_oral_taxon_929,kept
k__Bacteria_p__Firmicutes_c__Clostridia_o__Clostridiales_f__Ruminococcaceae,kept
k__Bacteria_p__Firmicutes_c__Clostridia_o__Clostridiales_f__Ruminococcaceae_g__Agathobaculum,kept
k__Bacteria_p__Firmicutes_c__Clostridia_o__Clostridiales_f__Ruminococcaceae_g__Agathobaculum_s__Agathobaculum_butyriciproducens,kept
k__Bacteria_p__Firmicutes_c__Clostridia_o__Clostridiales_f__Ruminococcaceae_g__Anaeromassilibacillus,kept
k__Bacteria_p__Firmicutes_c__Clostridia_o__Clostridiales_f__Ruminococcaceae_g__Anaeromassilibacillus_s__Anaeromassilibacillus_sp_An250,kept
k__Bacteria_p__Firmicutes_c__Clostridia_o__Clostridiales_f__Ruminococcaceae_g__Anaerotruncus,kept
k__Bacteria_p__Firmicutes_c__Clostridia_o__Clostridiales_f__Ruminococcaceae_g__Anaerotruncus_s__Anaerotruncus_colihominis,kept
k__Bacteria_p__Firmicutes_c__Clostridia_o__Clostridiales_f__Ruminococcaceae_g__Faecalibacterium,kept
k__Bacteria_p__Firmicutes_c__Clostridia_o__Clostridiales_f__Ruminococcaceae_g__Faecalibacterium_s__Faecalibacterium_prausnitzii,kept
k__Bacteria_p__Firmicutes_c__Clostridia_o__Clostridiales_f__Ruminococcaceae_g__Faecalibacterium_s__Faecalibacterium_sp_CAG_74,kept
k__Bacteria_p__Firmicutes_c__Clostridia_o__Clostridiales_f__Ruminococcaceae_g__Faecalibacterium_s__Faecalibacterium_sp_CAG_74_58_120,kept
k__Bacteria_p__Firmicutes_c__Clostridia_o__Clostridiales_f__Ruminococcaceae_g__Flavonifractor,kept
k__Bacteria_p__Firmicutes_c__Clostridia_o__Clostridiales_f__Ruminococcaceae_g__Flavonifractor_s__Flavonifractor_plautii,kept
k__Bacteria_p__Firmicutes_c__Clostridia_o__Clostridiales_f__Ruminococcaceae_g__Gemmiger,kept
k__Bacteria_p__Firmicutes_c__Clostridia_o__Clostridiales_f__Ruminococcaceae_g__Gemmiger_s__Gemmiger_formicilis,kept
k__Bacteria_p__Firmicutes_c__Clostridia_o__Clostridiales_f__Ruminococcaceae_g__Harryflintia,kept
k__Bacteria_p__Firmicutes_c__Clostridia_o__Clostridiales_f__Ruminococcaceae_g__Harryflintia_s__Harryflintia_acetispora,kept
k__Bacteria_p__Firmicutes_c__Clostridia_o__Clostridiales_f__Ruminococcaceae_g__Ruminococcaceae_unclassified,kept
k__Bacteria_p__Firmicutes_c__Clostridia_o__Clostridiales_f__Ruminococcaceae_g__Ruminococcaceae_unclassified_s__Clostridium_leptum,kept
k__Bacteria_p__Firmicutes_c__Clostridia_o__Clostridiales_f__Ruminococcaceae_g__Ruminococcaceae_unclassified_s__Eubacterium_siraeum,kept
k__Bacteria_p__Firmicutes_c__Clostridia_o__Clostridiales_f__Ruminococcaceae_g__Ruminococcaceae_unclassified_s__Ruminococcaceae_bacterium_D16,kept
k__Bacteria_p__Firmicutes_c__Clostridia_o__Clostridiales_f__Ruminococcaceae_g__Ruminococcaceae_unclassified_s__Ruminococcaceae_bacterium_D5,kept
k__Bacteria_p__Firmicutes_c__Clostridia_o__Clostridiales_f__Ruminococcaceae_g__Ruminococcaceae_unclassified_s__Ruminococcaceae_bacterium_KLE1738,kept
k__Bacteria_p__Firmicutes_c__Clostridia_o__Clostridiales_f__Ruminococcaceae_g__Ruminococcus,kept
k__Bacteria_p__Firmicutes_c__Clostridia_o__Clostridiales_f__Ruminococcaceae_g__Ruminococcus_s__Ruminococcus_bicirculans,kept
k__Bacteria_p__Firmicutes_c__Clostridia_o__Clostridiales_f__Ruminococcaceae_g__Ruminococcus_s__Ruminococcus_bromii,kept
k__Bacteria_p__Firmicutes_c__Clostridia_o__Clostridiales_f__Ruminococcaceae_g__Ruminococcus_s__Ruminococcus_callidus,kept
k__Bacteria_p__Firmicutes_c__Clostridia_o__Clostridiales_f__Ruminococcaceae_g__Ruminococcus_s__Ruminococcus_champanellensis,kept
k__Bacteria_p__Firmicutes_c__Clostridia_o__Clostridiales_f__Ruminococcaceae_g__Ruminococcus_s__Ruminococcus_lactaris,kept
k__Bacteria_p__Firmicutes_c__Clostridia_o__Clostridiales_f__Ruminococcaceae_g__Ruminococcus_s__Ruminococcus_sp_37_24,kept
k__Bacteria_p__Firmicutes_c__Clostridia_o__Clostridiales_f__Ruminococcaceae_g__Ruminococcus_s__Ruminococcus_sp_AF31_8BH,kept
k__Bacteria_p__Firmicutes_c__Clostridia_o__Clostridiales_f__Ruminococcaceae_g__Ruminococcus_s__Ruminococcus_sp_CAG_177,kept
k__Bacteria_p__Firmicutes_c__Clostridia_o__Clostridiales_f__Ruminococcaceae_g__Ruminococcus_s__Ruminococcus_sp_CAG_254,kept
k__Bacteria_p__Firmicutes_c__Clostridia_o__Clostridiales_f__Ruminococcaceae_g__Ruminococcus_s__Ruminococcus_sp_CAG_382,kept
k__Bacteria_p__Firmicutes_c__Clostridia_o__Clostridiales_f__Ruminococcaceae_g__Ruminococcus_s__Ruminococcus_sp_CAG_403,kept
k__Bacteria_p__Firmicutes_c__Clostridia_o__Clostridiales_f__Ruminococcaceae_g__Ruthenibacterium,kept
k__Bacteria_p__Firmicutes_c__Clostridia_o__Clostridiales_f__Ruminococcaceae_g__Ruthenibacterium_s__Ruthenibacterium_lactatiformans,kept
k__Bacteria_p__Firmicutes_c__Clostridia_o__Clostridiales_f__Ruminococcaceae_g__Subdoligranulum,kept
k__Bacteria_p__Firmicutes_c__Clostridia_o__Clostridiales_f__Ruminococcaceae_g__Subdoligranulum_s__Subdoligranulum_sp,kept
k__Bacteria_p__Firmicutes_c__Clostridia_o__Clostridiales_f__Ruminococcaceae_g__Subdoligranulum_s__Subdoligranulum_sp_APC924_74,kept
k__Bacteria_p__Firmicutes_c__Erysipelotrichia,kept
k__Bacteria_p__Firmicutes_c__Erysipelotrichia_o__Erysipelotrichales,kept
k__Bacteria_p__Firmicutes_c__Erysipelotrichia_o__Erysipelotrichales_f__Erysipelotrichaceae,kept
k__Bacteria_p__Firmicutes_c__Erysipelotrichia_o__Erysipelotrichales_f__Erysipelotrichaceae_g__Absiella,kept
k__Bacteria_p__Firmicutes_c__Erysipelotrichia_o__Erysipelotrichales_f__Erysipelotrichaceae_g__Absiella_s__Absiella_dolichum,kept
k__Bacteria_p__Firmicutes_c__Erysipelotrichia_o__Erysipelotrichales_f__Erysipelotrichaceae_g__Candidatus_Stoquefichus,kept
k__Bacteria_p__Firmicutes_c__Erysipelotrichia_o__Erysipelotrichales_f__Erysipelotrichaceae_g__Candidatus_Stoquefichus_s__Candidatus_Stoquefichus_sp_KLE1796,kept
k__Bacteria_p__Firmicutes_c__Erysipelotrichia_o__Erysipelotrichales_f__Erysipelotrichaceae_g__Catenibacterium,kept
k__Bacteria_p__Firmicutes_c__Erysipelotrichia_o__Erysipelotrichales_f__Erysipelotrichaceae_g__Catenibacterium_s__Catenibacterium_mitsuokai,kept
k__Bacteria_p__Firmicutes_c__Erysipelotrichia_o__Erysipelotrichales_f__Erysipelotrichaceae_g__Coprobacillus,kept
k__Bacteria_p__Firmicutes_c__Erysipelotrichia_o__Erysipelotrichales_f__Erysipelotrichaceae_g__Coprobacillus_s__Coprobacillus_cateniformis,kept
k__Bacteria_p__Firmicutes_c__Erysipelotrichia_o__Erysipelotrichales_f__Erysipelotrichaceae_g__Coprobacillus_s__Coprobacillus_sp_CAG_605,kept
k__Bacteria_p__Firmicutes_c__Erysipelotrichia_o__Erysipelotrichales_f__Erysipelotrichaceae_g__Dielma,kept
k__Bacteria_p__Firmicutes_c__Erysipelotrichia_o__Erysipelotrichales_f__Erysipelotrichaceae_g__Dielma_s__Dielma_fastidiosa,kept
k__Bacteria_p__Firmicutes_c__Erysipelotrichia_o__Erysipelotrichales_f__Erysipelotrichaceae_g__Erysipelatoclostridium,kept
k__Bacteria_p__Firmicutes_c__Erysipelotrichia_o__Erysipelotrichales_f__Erysipelotrichaceae_g__Erysipelatoclostridium_s__Clostridium_innocuum,kept
k__Bacteria_p__Firmicutes_c__Erysipelotrichia_o__Erysipelotrichales_f__Erysipelotrichaceae_g__Erysipelatoclostridium_s__Clostridium_spiroforme,kept
k__Bacteria_p__Firmicutes_c__Erysipelotrichia_o__Erysipelotrichales_f__Erysipelotrichaceae_g__Erysipelatoclostridium_s__Erysipelatoclostridium_ramosum,kept
k__Bacteria_p__Firmicutes_c__Erysipelotrichia_o__Erysipelotrichales_f__Erysipelotrichaceae_g__Erysipelotrichaceae_unclassified,kept
k__Bacteria_p__Firmicutes_c__Erysipelotrichia_o__Erysipelotrichales_f__Erysipelotrichaceae_g__Erysipelotrichaceae_unclassified_s__Erysipelotrichaceae_bacterium_3_1_53,kept
k__Bacteria_p__Firmicutes_c__Erysipelotrichia_o__Erysipelotrichales_f__Erysipelotrichaceae_g__Faecalicoccus,kept
k__Bacteria_p__Firmicutes_c__Erysipelotrichia_o__Erysipelotrichales_f__Erysipelotrichaceae_g__Faecalicoccus_s__Faecalicoccus_pleomorphus,kept
k__Bacteria_p__Firmicutes_c__Erysipelotrichia_o__Erysipelotrichales_f__Erysipelotrichaceae_g__Holdemanella,kept
k__Bacteria_p__Firmicutes_c__Erysipelotrichia_o__Erysipelotrichales_f__Erysipelotrichaceae_g__Holdemanella_s__Holdemanella_biformis,kept
k__Bacteria_p__Firmicutes_c__Erysipelotrichia_o__Erysipelotrichales_f__Erysipelotrichaceae_g__Holdemania,kept
k__Bacteria_p__Firmicutes_c__Erysipelotrichia_o__Erysipelotrichales_f__Erysipelotrichaceae_g__Holdemania_s__Holdemania_filiformis,kept
k__Bacteria_p__Firmicutes_c__Erysipelotrichia_o__Erysipelotrichales_f__Erysipelotrichaceae_g__Turicibacter,kept
k__Bacteria_p__Firmicutes_c__Erysipelotrichia_o__Erysipelotrichales_f__Erysipelotrichaceae_g__Turicibacter_s__Turicibacter_sanguinis,kept
k__Bacteria_p__Firmicutes_c__Firmicutes_unclassified,kept
k__Bacteria_p__Firmicutes_c__Firmicutes_unclassified_o__Firmicutes_unclassified,kept
k__Bacteria_p__Firmicutes_c__Firmicutes_unclassified_o__Firmicutes_unclassified_f__Firmicutes_unclassified,kept
k__Bacteria_p__Firmicutes_c__Firmicutes_unclassified_o__Firmicutes_unclassified_f__Firmicutes_unclassified_g__Firmicutes_unclassified,kept
k__Bacteria_p__Firmicutes_c__Firmicutes_unclassified_o__Firmicutes_unclassified_f__Firmicutes_unclassified_g__Firmicutes_unclassified_s__Firmicutes_bacterium_AF16_15,kept
k__Bacteria_p__Firmicutes_c__Firmicutes_unclassified_o__Firmicutes_unclassified_f__Firmicutes_unclassified_g__Firmicutes_unclassified_s__Firmicutes_bacterium_AM10_47,kept
k__Bacteria_p__Firmicutes_c__Firmicutes_unclassified_o__Firmicutes_unclassified_f__Firmicutes_unclassified_g__Firmicutes_unclassified_s__Firmicutes_bacterium_CAG_102,kept
k__Bacteria_p__Firmicutes_c__Firmicutes_unclassified_o__Firmicutes_unclassified_f__Firmicutes_unclassified_g__Firmicutes_unclassified_s__Firmicutes_bacterium_CAG_103,kept
k__Bacteria_p__Firmicutes_c__Firmicutes_unclassified_o__Firmicutes_unclassified_f__Firmicutes_unclassified_g__Firmicutes_unclassified_s__Firmicutes_bacterium_CAG_110,kept
k__Bacteria_p__Firmicutes_c__Firmicutes_unclassified_o__Firmicutes_unclassified_f__Firmicutes_unclassified_g__Firmicutes_unclassified_s__Firmicutes_bacterium_CAG_114,kept
k__Bacteria_p__Firmicutes_c__Firmicutes_unclassified_o__Firmicutes_unclassified_f__Firmicutes_unclassified_g__Firmicutes_unclassified_s__Firmicutes_bacterium_CAG_124,kept
k__Bacteria_p__Firmicutes_c__Firmicutes_unclassified_o__Firmicutes_unclassified_f__Firmicutes_unclassified_g__Firmicutes_unclassified_s__Firmicutes_bacterium_CAG_129,kept
k__Bacteria_p__Firmicutes_c__Firmicutes_unclassified_o__Firmicutes_unclassified_f__Firmicutes_unclassified_g__Firmicutes_unclassified_s__Firmicutes_bacterium_CAG_137,kept
k__Bacteria_p__Firmicutes_c__Firmicutes_unclassified_o__Firmicutes_unclassified_f__Firmicutes_unclassified_g__Firmicutes_unclassified_s__Firmicutes_bacterium_CAG_145,kept
k__Bacteria_p__Firmicutes_c__Firmicutes_unclassified_o__Firmicutes_unclassified_f__Firmicutes_unclassified_g__Firmicutes_unclassified_s__Firmicutes_bacterium_CAG_170,kept
k__Bacteria_p__Firmicutes_c__Firmicutes_unclassified_o__Firmicutes_unclassified_f__Firmicutes_unclassified_g__Firmicutes_unclassified_s__Firmicutes_bacterium_CAG_176,kept
k__Bacteria_p__Firmicutes_c__Firmicutes_unclassified_o__Firmicutes_unclassified_f__Firmicutes_unclassified_g__Firmicutes_unclassified_s__Firmicutes_bacterium_CAG_194,kept
k__Bacteria_p__Firmicutes_c__Firmicutes_unclassified_o__Firmicutes_unclassified_f__Firmicutes_unclassified_g__Firmicutes_unclassified_s__Firmicutes_bacterium_CAG_240,kept
k__Bacteria_p__Firmicutes_c__Firmicutes_unclassified_o__Firmicutes_unclassified_f__Firmicutes_unclassified_g__Firmicutes_unclassified_s__Firmicutes_bacterium_CAG_24053_14,kept
k__Bacteria_p__Firmicutes_c__Firmicutes_unclassified_o__Firmicutes_unclassified_f__Firmicutes_unclassified_g__Firmicutes_unclassified_s__Firmicutes_bacterium_CAG_321,kept
k__Bacteria_p__Firmicutes_c__Firmicutes_unclassified_o__Firmicutes_unclassified_f__Firmicutes_unclassified_g__Firmicutes_unclassified_s__Firmicutes_bacterium_CAG_41,kept
k__Bacteria_p__Firmicutes_c__Firmicutes_unclassified_o__Firmicutes_unclassified_f__Firmicutes_unclassified_g__Firmicutes_unclassified_s__Firmicutes_bacterium_CAG_424,kept
k__Bacteria_p__Firmicutes_c__Firmicutes_unclassified_o__Firmicutes_unclassified_f__Firmicutes_unclassified_g__Firmicutes_unclassified_s__Firmicutes_bacterium_CAG_466,kept
k__Bacteria_p__Firmicutes_c__Firmicutes_unclassified_o__Firmicutes_unclassified_f__Firmicutes_unclassified_g__Firmicutes_unclassified_s__Firmicutes_bacterium_CAG_56,kept
k__Bacteria_p__Firmicutes_c__Firmicutes_unclassified_o__Firmicutes_unclassified_f__Firmicutes_unclassified_g__Firmicutes_unclassified_s__Firmicutes_bacterium_CAG_646,kept
k__Bacteria_p__Firmicutes_c__Firmicutes_unclassified_o__Firmicutes_unclassified_f__Firmicutes_unclassified_g__Firmicutes_unclassified_s__Firmicutes_bacterium_CAG_65_45_313,kept
k__Bacteria_p__Firmicutes_c__Firmicutes_unclassified_o__Firmicutes_unclassified_f__Firmicutes_unclassified_g__Firmicutes_unclassified_s__Firmicutes_bacterium_CAG_83,kept
k__Bacteria_p__Firmicutes_c__Firmicutes_unclassified_o__Firmicutes_unclassified_f__Firmicutes_unclassified_g__Firmicutes_unclassified_s__Firmicutes_bacterium_CAG_95,kept
k__Bacteria_p__Firmicutes_c__Negativicutes,kept
k__Bacteria_p__Firmicutes_c__Negativicutes_o__Acidaminococcales,kept
k__Bacteria_p__Firmicutes_c__Negativicutes_o__Acidaminococcales_f__Acidaminococcaceae,kept
k__Bacteria_p__Firmicutes_c__Negativicutes_o__Acidaminococcales_f__Acidaminococcaceae_g__Acidaminococcus,kept
k__Bacteria_p__Firmicutes_c__Negativicutes_o__Acidaminococcales_f__Acidaminococcaceae_g__Acidaminococcus_s__Acidaminococcus_intestini,kept
k__Bacteria_p__Firmicutes_c__Negativicutes_o__Acidaminococcales_f__Acidaminococcaceae_g__Acidaminococcus_s__Acidaminococcus_sp_CAG_542,kept
k__Bacteria_p__Firmicutes_c__Negativicutes_o__Acidaminococcales_f__Acidaminococcaceae_g__Phascolarctobacterium,kept
k__Bacteria_p__Firmicutes_c__Negativicutes_o__Acidaminococcales_f__Acidaminococcaceae_g__Phascolarctobacterium_s__Phascolarctobacterium_faecium,kept
k__Bacteria_p__Firmicutes_c__Negativicutes_o__Acidaminococcales_f__Acidaminococcaceae_g__Phascolarctobacterium_s__Phascolarctobacterium_succinatutens,kept
k__Bacteria_p__Firmicutes_c__Negativicutes_o__Selenomonadales,kept
k__Bacteria_p__Firmicutes_c__Negativicutes_o__Selenomonadales_f__Selenomonadaceae,kept
k__Bacteria_p__Firmicutes_c__Negativicutes_o__Selenomonadales_f__Selenomonadaceae_g__Megamonas,kept
k__Bacteria_p__Firmicutes_c__Negativicutes_o__Selenomonadales_f__Selenomonadaceae_g__Megamonas_s__Megamonas_funiformis,kept
k__Bacteria_p__Firmicutes_c__Negativicutes_o__Veillonellales,kept
k__Bacteria_p__Firmicutes_c__Negativicutes_o__Veillonellales_f__Veillonellaceae,kept
k__Bacteria_p__Firmicutes_c__Negativicutes_o__Veillonellales_f__Veillonellaceae_g__Allisonella,kept
k__Bacteria_p__Firmicutes_c__Negativicutes_o__Veillonellales_f__Veillonellaceae_g__Allisonella_s__Allisonella_histaminiformans,kept
k__Bacteria_p__Firmicutes_c__Negativicutes_o__Veillonellales_f__Veillonellaceae_g__Dialister,kept
k__Bacteria_p__Firmicutes_c__Negativicutes_o__Veillonellales_f__Veillonellaceae_g__Dialister_s__Dialister_invisus,kept
k__Bacteria_p__Firmicutes_c__Negativicutes_o__Veillonellales_f__Veillonellaceae_g__Dialister_s__Dialister_pneumosintes,kept
k__Bacteria_p__Firmicutes_c__Negativicutes_o__Veillonellales_f__Veillonellaceae_g__Dialister_s__Dialister_sp_CAG_357,kept
k__Bacteria_p__Firmicutes_c__Negativicutes_o__Veillonellales_f__Veillonellaceae_g__Megasphaera,kept
k__Bacteria_p__Firmicutes_c__Negativicutes_o__Veillonellales_f__Veillonellaceae_g__Megasphaera_s__Megasphaera_elsdenii,kept
k__Bacteria_p__Firmicutes_c__Negativicutes_o__Veillonellales_f__Veillonellaceae_g__Megasphaera_s__Megasphaera_micronuciformis,kept
k__Bacteria_p__Firmicutes_c__Negativicutes_o__Veillonellales_f__Veillonellaceae_g__Veillonella,kept
k__Bacteria_p__Firmicutes_c__Negativicutes_o__Veillonellales_f__Veillonellaceae_g__Veillonella_s__Veillonella_atypica,kept
k__Bacteria_p__Firmicutes_c__Negativicutes_o__Veillonellales_f__Veillonellaceae_g__Veillonella_s__Veillonella_dispar,kept
k__Bacteria_p__Firmicutes_c__Negativicutes_o__Veillonellales_f__Veillonellaceae_g__Veillonella_s__Veillonella_infantium,kept
k__Bacteria_p__Firmicutes_c__Negativicutes_o__Veillonellales_f__Veillonellaceae_g__Veillonella_s__Veillonella_parvula,kept
k__Bacteria_p__Firmicutes_c__Negativicutes_o__Veillonellales_f__Veillonellaceae_g__Veillonella_s__Veillonella_rogosae,kept
k__Bacteria_p__Firmicutes_c__Negativicutes_o__Veillonellales_f__Veillonellaceae_g__Veillonella_s__Veillonella_sp_DORA_A_3_16_22,kept
k__Bacteria_p__Firmicutes_c__Negativicutes_o__Veillonellales_f__Veillonellaceae_g__Veillonella_s__Veillonella_sp_T11011_6,kept
k__Bacteria_p__Firmicutes_c__Tissierellia,kept
k__Bacteria_p__Firmicutes_c__Tissierellia_o__Tissierellales,kept
k__Bacteria_p__Firmicutes_c__Tissierellia_o__Tissierellales_f__Peptoniphilaceae,kept
k__Bacteria_p__Fusobacteria,kept
k__Bacteria_p__Fusobacteria_c__Fusobacteriia,kept
k__Bacteria_p__Fusobacteria_c__Fusobacteriia_o__Fusobacteriales,kept
k__Bacteria_p__Fusobacteria_c__Fusobacteriia_o__Fusobacteriales_f__Fusobacteriaceae,kept
k__Bacteria_p__Fusobacteria_c__Fusobacteriia_o__Fusobacteriales_f__Fusobacteriaceae_g__Fusobacterium,kept
k__Bacteria_p__Fusobacteria_c__Fusobacteriia_o__Fusobacteriales_f__Fusobacteriaceae_g__Fusobacterium_s__Fusobacterium_nucleatum,kept
k__Bacteria_p__Lentisphaerae,kept
k__Bacteria_p__Lentisphaerae_c__Lentisphaerae_unclassified,kept
k__Bacteria_p__Lentisphaerae_c__Lentisphaerae_unclassified_o__Lentisphaerae_unclassified,kept
k__Bacteria_p__Lentisphaerae_c__Lentisphaerae_unclassified_o__Lentisphaerae_unclassified_f__Lentisphaerae_unclassified,kept
k__Bacteria_p__Lentisphaerae_c__Lentisphaerae_unclassified_o__Lentisphaerae_unclassified_f__Lentisphaerae_unclassified_g__Lentisphaerae_unclassified,kept
k__Bacteria_p__Lentisphaerae_c__Lentisphaerae_unclassified_o__Lentisphaerae_unclassified_f__Lentisphaerae_unclassified_g__Lentisphaerae_unclassified_s__Lentisphaerae_bacterium,kept
k__Bacteria_p__Lentisphaerae_c__Lentisphaeria,kept
k__Bacteria_p__Lentisphaerae_c__Lentisphaeria_o__Victivallales,kept
k__Bacteria_p__Lentisphaerae_c__Lentisphaeria_o__Victivallales_f__Victivallaceae,kept
k__Bacteria_p__Lentisphaerae_c__Lentisphaeria_o__Victivallales_f__Victivallaceae_g__Victivallis,kept
k__Bacteria_p__Lentisphaerae_c__Lentisphaeria_o__Victivallales_f__Victivallaceae_g__Victivallis_s__Victivallis_vadensis,kept
k__Bacteria_p__Lentisphaerae_c__Lentisphaeria_o__Victivallales_f__Victivallales_unclassified,kept
k__Bacteria_p__Lentisphaerae_c__Lentisphaeria_o__Victivallales_f__Victivallales_unclassified_g__Victivallales_unclassified,kept
k__Bacteria_p__Lentisphaerae_c__Lentisphaeria_o__Victivallales_f__Victivallales_unclassified_g__Victivallales_unclassified_s__Victivallales_bacterium_CCUG_44730,kept
k__Bacteria_p__Proteobacteria,kept
k__Bacteria_p__Proteobacteria_c__Alphaproteobacteria,kept
k__Bacteria_p__Proteobacteria_c__Alphaproteobacteria_o__Rhodospirillales,kept
k__Bacteria_p__Proteobacteria_c__Alphaproteobacteria_o__Rhodospirillales_f__Rhodospirillaceae,kept
k__Bacteria_p__Proteobacteria_c__Alphaproteobacteria_o__Rhodospirillales_f__Rhodospirillaceae_g__Azospirillum,kept
k__Bacteria_p__Proteobacteria_c__Alphaproteobacteria_o__Rhodospirillales_f__Rhodospirillaceae_g__Azospirillum_s__Azospirillum_sp_CAG_260,kept
k__Bacteria_p__Proteobacteria_c__Betaproteobacteria,kept
k__Bacteria_p__Proteobacteria_c__Betaproteobacteria_o__Burkholderiales,kept
k__Bacteria_p__Proteobacteria_c__Betaproteobacteria_o__Burkholderiales_f__Oxalobacteraceae,kept
k__Bacteria_p__Proteobacteria_c__Betaproteobacteria_o__Burkholderiales_f__Oxalobacteraceae_g__Oxalobacter,kept
k__Bacteria_p__Proteobacteria_c__Betaproteobacteria_o__Burkholderiales_f__Oxalobacteraceae_g__Oxalobacter_s__Oxalobacter_formigenes,kept
k__Bacteria_p__Proteobacteria_c__Betaproteobacteria_o__Burkholderiales_f__Sutterellaceae,kept
k__Bacteria_p__Proteobacteria_c__Betaproteobacteria_o__Burkholderiales_f__Sutterellaceae_g__Mesosutterella,kept
k__Bacteria_p__Proteobacteria_c__Betaproteobacteria_o__Burkholderiales_f__Sutterellaceae_g__Mesosutterella_s__Mesosutterella_multiformis,kept
k__Bacteria_p__Proteobacteria_c__Betaproteobacteria_o__Burkholderiales_f__Sutterellaceae_g__Parasutterella,kept
k__Bacteria_p__Proteobacteria_c__Betaproteobacteria_o__Burkholderiales_f__Sutterellaceae_g__Parasutterella_s__Parasutterella_excrementihominis,kept
k__Bacteria_p__Proteobacteria_c__Betaproteobacteria_o__Burkholderiales_f__Sutterellaceae_g__Sutterella,kept
k__Bacteria_p__Proteobacteria_c__Betaproteobacteria_o__Burkholderiales_f__Sutterellaceae_g__Sutterella_s__Sutterella_sp_CAG_351,kept
k__Bacteria_p__Proteobacteria_c__Betaproteobacteria_o__Burkholderiales_f__Sutterellaceae_g__Sutterella_s__Sutterella_sp_CAG_521,kept
k__Bacteria_p__Proteobacteria_c__Betaproteobacteria_o__Burkholderiales_f__Sutterellaceae_g__Sutterella_s__Sutterella_wadsworthensis,kept
k__Bacteria_p__Proteobacteria_c__Betaproteobacteria_o__Neisseriales,kept
k__Bacteria_p__Proteobacteria_c__Deltaproteobacteria,kept
k__Bacteria_p__Proteobacteria_c__Deltaproteobacteria_o__Desulfovibrionales,kept
k__Bacteria_p__Proteobacteria_c__Deltaproteobacteria_o__Desulfovibrionales_f__Desulfovibrionaceae,kept
k__Bacteria_p__Proteobacteria_c__Deltaproteobacteria_o__Desulfovibrionales_f__Desulfovibrionaceae_g__Bilophila,kept
k__Bacteria_p__Proteobacteria_c__Deltaproteobacteria_o__Desulfovibrionales_f__Desulfovibrionaceae_g__Bilophila_s__Bilophila_wadsworthia,kept
k__Bacteria_p__Proteobacteria_c__Deltaproteobacteria_o__Desulfovibrionales_f__Desulfovibrionaceae_g__Desulfovibrio,kept
k__Bacteria_p__Proteobacteria_c__Deltaproteobacteria_o__Desulfovibrionales_f__Desulfovibrionaceae_g__Desulfovibrio_s__Desulfovibrio_desulfuricans,kept
k__Bacteria_p__Proteobacteria_c__Deltaproteobacteria_o__Desulfovibrionales_f__Desulfovibrionaceae_g__Desulfovibrio_s__Desulfovibrio_piger,kept
k__Bacteria_p__Proteobacteria_c__Epsilonproteobacteria,kept
k__Bacteria_p__Proteobacteria_c__Epsilonproteobacteria_o__Campylobacterales,kept
k__Bacteria_p__Proteobacteria_c__Epsilonproteobacteria_o__Campylobacterales_f__Campylobacteraceae,kept
k__Bacteria_p__Proteobacteria_c__Epsilonproteobacteria_o__Campylobacterales_f__Campylobacteraceae_g__Campylobacter,kept
k__Bacteria_p__Proteobacteria_c__Epsilonproteobacteria_o__Campylobacterales_f__Campylobacteraceae_g__Campylobacter_s__Campylobacter_concisus,kept
k__Bacteria_p__Proteobacteria_c__Gammaproteobacteria,kept
k__Bacteria_p__Proteobacteria_c__Gammaproteobacteria_o__Enterobacterales,kept
k__Bacteria_p__Proteobacteria_c__Gammaproteobacteria_o__Enterobacterales_f__Enterobacteriaceae,kept
k__Bacteria_p__Proteobacteria_c__Gammaproteobacteria_o__Enterobacterales_f__Enterobacteriaceae_g__Citrobacter,kept
k__Bacteria_p__Proteobacteria_c__Gammaproteobacteria_o__Enterobacterales_f__Enterobacteriaceae_g__Citrobacter_s__Citrobacter_amalonaticus,kept
k__Bacteria_p__Proteobacteria_c__Gammaproteobacteria_o__Enterobacterales_f__Enterobacteriaceae_g__Citrobacter_s__Citrobacter_farmeri,kept
k__Bacteria_p__Proteobacteria_c__Gammaproteobacteria_o__Enterobacterales_f__Enterobacteriaceae_g__Citrobacter_s__Citrobacter_freundii,kept
k__Bacteria_p__Proteobacteria_c__Gammaproteobacteria_o__Enterobacterales_f__Enterobacteriaceae_g__Enterobacter,kept
k__Bacteria_p__Proteobacteria_c__Gammaproteobacteria_o__Enterobacterales_f__Enterobacteriaceae_g__Enterobacter_s__Enterobacter_cloacae_complex,kept
k__Bacteria_p__Proteobacteria_c__Gammaproteobacteria_o__Enterobacterales_f__Enterobacteriaceae_g__Escherichia,kept
k__Bacteria_p__Proteobacteria_c__Gammaproteobacteria_o__Enterobacterales_f__Enterobacteriaceae_g__Escherichia_s__Escherichia_coli,kept
k__Bacteria_p__Proteobacteria_c__Gammaproteobacteria_o__Enterobacterales_f__Enterobacteriaceae_g__Klebsiella,kept
k__Bacteria_p__Proteobacteria_c__Gammaproteobacteria_o__Enterobacterales_f__Enterobacteriaceae_g__Klebsiella_s__Klebsiella_michiganensis,kept
k__Bacteria_p__Proteobacteria_c__Gammaproteobacteria_o__Enterobacterales_f__Enterobacteriaceae_g__Klebsiella_s__Klebsiella_oxytoca,kept
k__Bacteria_p__Proteobacteria_c__Gammaproteobacteria_o__Enterobacterales_f__Enterobacteriaceae_g__Klebsiella_s__Klebsiella_pneumoniae,kept
k__Bacteria_p__Proteobacteria_c__Gammaproteobacteria_o__Enterobacterales_f__Enterobacteriaceae_g__Klebsiella_s__Klebsiella_quasipneumoniae,kept
k__Bacteria_p__Proteobacteria_c__Gammaproteobacteria_o__Enterobacterales_f__Enterobacteriaceae_g__Klebsiella_s__Klebsiella_variicola,kept
k__Bacteria_p__Proteobacteria_c__Gammaproteobacteria_o__Enterobacterales_f__Enterobacteriaceae_g__Raoultella,kept
k__Bacteria_p__Proteobacteria_c__Gammaproteobacteria_o__Enterobacterales_f__Morganellaceae,kept
k__Bacteria_p__Proteobacteria_c__Gammaproteobacteria_o__Enterobacterales_f__Morganellaceae_g__Proteus_s__Proteus_mirabilis,kept
k__Bacteria_p__Proteobacteria_c__Gammaproteobacteria_o__Pasteurellales,kept
k__Bacteria_p__Proteobacteria_c__Gammaproteobacteria_o__Pasteurellales_f__Pasteurellaceae,kept
k__Bacteria_p__Proteobacteria_c__Gammaproteobacteria_o__Pasteurellales_f__Pasteurellaceae_g__Aggregatibacter,kept
k__Bacteria_p__Proteobacteria_c__Gammaproteobacteria_o__Pasteurellales_f__Pasteurellaceae_g__Haemophilus,kept
k__Bacteria_p__Proteobacteria_c__Gammaproteobacteria_o__Pasteurellales_f__Pasteurellaceae_g__Haemophilus_s__Haemophilus_parainfluenzae,kept
k__Bacteria_p__Proteobacteria_c__Gammaproteobacteria_o__Pasteurellales_f__Pasteurellaceae_g__Haemophilus_s__Haemophilus_sp_HMSC71H05,kept
k__Bacteria_p__Proteobacteria_c__Proteobacteria_unclassified,kept
k__Bacteria_p__Proteobacteria_c__Proteobacteria_unclassified_o__Proteobacteria_unclassified,kept
k__Bacteria_p__Proteobacteria_c__Proteobacteria_unclassified_o__Proteobacteria_unclassified_f__Proteobacteria_unclassified,kept
k__Bacteria_p__Proteobacteria_c__Proteobacteria_unclassified_o__Proteobacteria_unclassified_f__Proteobacteria_unclassified_g__Proteobacteria_unclassified,kept
k__Bacteria_p__Proteobacteria_c__Proteobacteria_unclassified_o__Proteobacteria_unclassified_f__Proteobacteria_unclassified_g__Proteobacteria_unclassified_s__Proteobacteria_bacterium_CAG_139,kept
k__Bacteria_p__Verrucomicrobia,kept
k__Bacteria_p__Verrucomicrobia_c__Verrucomicrobiae,kept
k__Bacteria_p__Verrucomicrobia_c__Verrucomicrobiae_o__Verrucomicrobiales,kept
k__Bacteria_p__Verrucomicrobia_c__Verrucomicrobiae_o__Verrucomicrobiales_f__Akkermansiaceae,kept
k__Bacteria_p__Verrucomicrobia_c__Verrucomicrobiae_o__Verrucomicrobiales_f__Akkermansiaceae_g__Akkermansia,kept
k__Bacteria_p__Verrucomicrobia_c__Verrucomicrobiae_o__Verrucomicrobiales_f__Akkermansiaceae_g__Akkermansia_s__Akkermansia_muciniphila,kept
k__Eukaryota,kept
