microbe,status,taxonomy_level,nonzero_fraction,mean_nonzero_abund,std_abund,prevalence_datasets,cv_across_datasets,mean_MI_with_target
Unassigned,kept,unknown,0.0042766827817032355,407.0869565217391,33.95516135483286,0.06666666666666667,4.393876220690685,0.02308696853725074
Unassigned.1,dropped,unknown,0.0011156563778356265,37.666666666666664,1.4100322547669464,0.03333333333333333,5.47722557505166,0.005887241798065168
d__Bacteria;p__Actinobacteriota;c__Actinobacteria;o__Actinomycetales;f__Actinomycetaceae;g__Actinomyces,kept,genus,0.13666790628486425,0.008784042220330883,0.01457696906529272,0.36666666666666664,1.8303131413067577,0.009574638408051358
d__Bacteria;p__Actinobacteriota;c__Actinobacteria;o__Actinomycetales;f__Actinomycetaceae;g__Varibaculum,kept,genus,0.006322052807735217,0.004222980182091059,0.0009461366472191458,0.13333333333333333,3.0997017409481002,0.01803543619534524
d__Bacteria;p__Actinobacteriota;c__Actinobacteria;o__Bifidobacteriales;f__Bifidobacteriaceae;g__Bifidobacterium,kept,genus,0.5425808850873931,0.2649963032043981,0.23521394470183277,0.6333333333333333,0.8627174865413185,0.014688127811852202
d__Bacteria;p__Actinobacteriota;c__Actinobacteria;o__Corynebacteriales;f__Corynebacteriaceae;g__Corynebacterium,kept,genus,0.11658609148382298,0.0013417517037231713,0.0021672364224519,0.23333333333333334,2.8182566127366027,0.02225657516005739
d__Bacteria;p__Actinobacteriota;c__Actinobacteria;o__Micrococcales;f__Micrococcaceae;g__Rothia,kept,genus,0.010226850130159911,0.0037447317554424207,0.0009652980764613754,0.13333333333333333,2.917736087890656,0.01738616294009844
d__Bacteria;p__Actinobacteriota;c__Coriobacteriia;o__Coriobacteriales;f__Atopobiaceae;g__Atopobium,kept,genus,0.05708441799925623,0.0008299327915767335,0.0004995428738805547,0.23333333333333334,2.7089167751066427,0.00934596413328351
d__Bacteria;p__Actinobacteriota;c__Coriobacteriia;o__Coriobacteriales;f__Coriobacteriaceae;g__Collinsella,kept,genus,0.15414652287095573,0.026815579263552793,0.024757745669546187,0.6333333333333333,1.1944148376655934,0.017949041754494854
d__Bacteria;p__Actinobacteriota;c__Coriobacteriia;o__Coriobacteriales;f__Eggerthellaceae;g__Eggerthella,kept,genus,0.16158423205652658,0.0020728532944591627,0.0013784381370117828,0.4,1.7388678694693507,0.01339837945724612
d__Bacteria;p__Bacteroidota;c__Bacteroidia;o__Bacteroidales;f__Bacteroidaceae;g__Bacteroides,kept,genus,0.559687616214206,0.21442589604585446,0.2306254830062465,0.6333333333333333,0.8312726585291844,0.03830520616790587
d__Bacteria;p__Bacteroidota;c__Bacteroidia;o__Bacteroidales;f__Barnesiellaceae;g__Barnesiella,kept,genus,0.02714763852733358,0.010390355820865504,0.004534896458777348,0.26666666666666666,1.9797098066007786,0.02164428101077281
d__Bacteria;p__Bacteroidota;c__Bacteroidia;o__Bacteroidales;f__Marinifilaceae;g__Odoribacter,kept,genus,0.030494607660840462,0.005346212962580404,0.003774075614861809,0.26666666666666666,2.012876181277739,0.021749843402988436
d__Bacteria;p__Bacteroidota;c__Bacteroidia;o__Bacteroidales;f__Prevotellaceae;g__Prevotella,kept,genus,0.16753439940498327,0.04406083131593146,0.06065908215888707,0.5,1.5013062660621568,0.013884034773500724
d__Bacteria;p__Bacteroidota;c__Bacteroidia;o__Bacteroidales;f__Rikenellaceae;g__Alistipes,kept,genus,0.17720342134622535,0.01812046172452063,0.02351655924917851,0.6333333333333333,1.3090248118184926,0.017252692173126423
d__Bacteria;p__Bacteroidota;c__Bacteroidia;o__Bacteroidales;f__Tannerellaceae;g__Parabacteroides,kept,genus,0.28226106359241354,0.02281305506179248,0.03775232593647083,0.6333333333333333,1.0332190622923043,0.028718664283057648
d__Bacteria;p__Desulfobacterota;c__Desulfovibrionia;o__Desulfovibrionales;f__Desulfovibrionaceae;g__Bilophila,kept,genus,0.030866493120119003,0.0027221647443030576,0.0012809506473549445,0.36666666666666664,1.8269871117416987,0.020963843833235456
d__Bacteria;p__Firmicutes;c__Bacilli;o__Erysipelotrichales;f__Erysipelatoclostridiaceae;g__Coprobacillus,kept,genus,0.0669393826701376,0.002120414358522909,0.0025516868710927856,0.26666666666666666,2.8700277916446595,0.012613037265673251
d__Bacteria;p__Firmicutes;c__Bacilli;o__Erysipelotrichales;f__Erysipelatoclostridiaceae;g__Erysipelatoclostridium,kept,genus,0.3843436221643734,0.028934302465384195,0.05407781558200115,0.6333333333333333,1.0730697792728845,0.020815875113546344
d__Bacteria;p__Firmicutes;c__Bacilli;o__Erysipelotrichales;f__Erysipelatoclostridiaceae;g__Erysipelotrichaceae_UCG-003,kept,genus,0.08386017106731126,0.010773391074649676,0.008857803462773326,0.26666666666666666,2.1699063749484897,0.010797664181098258
d__Bacteria;p__Firmicutes;c__Bacilli;o__Erysipelotrichales;f__Erysipelotrichaceae;g__Turicibacter,kept,genus,0.08311640014875418,0.00303038594102039,0.0023568693101364965,0.26666666666666666,2.476762531377238,0.008949853508984428
d__Bacteria;p__Firmicutes;c__Bacilli;o__Erysipelotrichales;f__Erysipelotrichaceae;g___Clostridium__innocuum_group,kept,genus,0.25697285236147266,0.011279525305995512,0.01823858105838559,0.6333333333333333,1.2194487046919307,0.01714344531777984
d__Bacteria;p__Firmicutes;c__Bacilli;o__Lactobacillales;f__Carnobacteriaceae;g__Granulicatella,kept,genus,0.11509854964670882,0.0009961905925015945,0.0007509623905836325,0.26666666666666666,2.2041438318037567,0.015944346279695973
d__Bacteria;p__Firmicutes;c__Bacilli;o__Lactobacillales;f__Enterococcaceae;g__Enterococcus,kept,genus,0.38583116400148754,0.024058896956317386,0.03902454182514644,0.6333333333333333,0.9646252026365075,0.01855072668268666
d__Bacteria;p__Firmicutes;c__Bacilli;o__Lactobacillales;f__Lactobacillaceae;g__Lactobacillus,kept,genus,0.3319077724060989,0.018250363653871775,0.029359208163940734,0.6333333333333333,1.0756978121551541,0.016361249584429867
d__Bacteria;p__Firmicutes;c__Bacilli;o__Lactobacillales;f__Streptococcaceae;g__Lactococcus,kept,genus,0.04927482335440684,0.008176746765794312,0.009414235782520125,0.23333333333333334,3.501227568574499,0.014960823245520822
d__Bacteria;p__Firmicutes;c__Bacilli;o__Lactobacillales;f__Streptococcaceae;g__Streptococcus,kept,genus,0.56377835626627,0.047853888196049556,0.07145230484736212,0.6333333333333333,0.8281550825024947,0.014932162897304969
d__Bacteria;p__Firmicutes;c__Bacilli;o__Staphylococcales;f__Gemellaceae;g__Gemella,kept,genus,0.09390107846783191,0.0005714852080074849,0.001199730654320474,0.26666666666666666,2.7452247668811527,0.018428263010928102
d__Bacteria;p__Firmicutes;c__Bacilli;o__Staphylococcales;f__Staphylococcaceae;g__Staphylococcus,kept,genus,0.2058386017106731,0.017402792615497504,0.02513745313306755,0.23333333333333334,2.088641866635917,0.011518523652382677
d__Bacteria;p__Firmicutes;c__Clostridia;o__Clostridia_UCG-014;f__Clostridia_UCG-014;g__Clostridia_UCG-014,kept,genus,0.05280773521755299,0.013902040649658822,0.012965680447624542,0.26666666666666666,2.1140219585343756,0.019891376570995364
d__Bacteria;p__Firmicutes;c__Clostridia;o__Clostridiales;f__Clostridiaceae;g__Clostridium_sensu_stricto_1,kept,genus,0.5065079955373745,0.04896407732970191,0.08480327053581925,0.6333333333333333,0.8483902838890816,0.02780713592254857
d__Bacteria;p__Firmicutes;c__Clostridia;o__Eubacteriales;f__Eubacteriaceae;g__Eubacterium,kept,genus,0.007251766455931573,0.003614060858869136,0.0004426433828218538,0.13333333333333333,4.063593443203885,0.023440195758442178
d__Bacteria;p__Firmicutes;c__Clostridia;o__Lachnospirales;f__Lachnospiraceae;__,kept,family,0.1846411305317962,0.07224030624498319,0.06882342663615855,0.26666666666666666,2.043302864668539,0.012080375337886551
d__Bacteria;p__Firmicutes;c__Clostridia;o__Lachnospirales;f__Lachnospiraceae;g__Anaerostipes,kept,genus,0.05076236519152101,0.010182545832382069,0.005001091123835202,0.36666666666666664,2.163638031432648,0.02015651122422694
d__Bacteria;p__Firmicutes;c__Clostridia;o__Lachnospirales;f__Lachnospiraceae;g__Blautia,kept,genus,0.42692450725176645,0.07177911764538207,0.0822582634101264,0.6333333333333333,1.0385681174980121,0.01756826664933579
d__Bacteria;p__Firmicutes;c__Clostridia;o__Lachnospirales;f__Lachnospiraceae;g__Epulopiscium,kept,genus,0.014875418371141688,0.02121152803822004,0.006939330499513968,0.36666666666666664,1.7106213589699542,0.010871728186592107
d__Bacteria;p__Firmicutes;c__Clostridia;o__Lachnospirales;f__Lachnospiraceae;g__Fusicatenibacter,kept,genus,0.012086277426552623,0.05864250346692406,0.012368982325399682,0.13333333333333333,3.411283851132305,0.013047855824881941
d__Bacteria;p__Firmicutes;c__Clostridia;o__Lachnospirales;f__Lachnospiraceae;g__Hungatella,kept,genus,0.15396058014131647,0.006874508452314501,0.009177923431400498,0.4,1.5752291526163784,0.014729206424957616
d__Bacteria;p__Firmicutes;c__Clostridia;o__Lachnospirales;f__Lachnospiraceae;g__Lachnoclostridium,kept,genus,0.3183339531424321,0.014450107922732165,0.021511016295138526,0.6333333333333333,1.2384653357978264,0.017202356546931436
d__Bacteria;p__Firmicutes;c__Clostridia;o__Lachnospirales;f__Lachnospiraceae;g__Lachnospira,kept,genus,0.1158423205652659,0.008073639036939905,0.00917989739407242,0.4,1.8805529140100745,0.015295577774732923
d__Bacteria;p__Firmicutes;c__Clostridia;o__Lachnospirales;f__Lachnospiraceae;g__Lachnospiraceae_NK4A136_group,kept,genus,0.005950167348456675,0.016410214800543575,0.002611538776160743,0.13333333333333333,4.103991784847701,0.018669081696201052
d__Bacteria;p__Firmicutes;c__Clostridia;o__Lachnospirales;f__Lachnospiraceae;g__Roseburia,kept,genus,0.21383413908516177,0.012924792385070277,0.01477526789641023,0.6333333333333333,1.4553253582453616,0.013199966929149686
d__Bacteria;p__Firmicutes;c__Clostridia;o__Lachnospirales;f__Lachnospiraceae;g__Sellimonas,kept,genus,0.012458162885831164,0.016355346530939677,0.0027996487293813826,0.13333333333333333,3.6720984914267008,0.01599656814832365
d__Bacteria;p__Firmicutes;c__Clostridia;o__Lachnospirales;f__Lachnospiraceae;g__Tyzzerella,kept,genus,0.056154704351059875,0.015386474027183584,0.010111610946616495,0.36666666666666664,1.8728452303842125,0.01666189825270805
d__Bacteria;p__Firmicutes;c__Clostridia;o__Lachnospirales;f__Lachnospiraceae;g___Eubacterium__eligens_group,kept,genus,0.09854964670881368,0.011210845552400237,0.00754961977715272,0.26666666666666666,1.8264713297550925,0.022201746204515642
d__Bacteria;p__Firmicutes;c__Clostridia;o__Lachnospirales;f__Lachnospiraceae;g___Eubacterium__hallii_group,kept,genus,0.004090740052063964,0.03962505411246437,0.004949593443908956,0.13333333333333333,3.2510241825637154,0.021369809183429744
d__Bacteria;p__Firmicutes;c__Clostridia;o__Lachnospirales;f__Lachnospiraceae;g___Ruminococcus__gnavus_group,kept,species,0.19449609520267758,0.04142027834912776,0.04472076350139521,0.36666666666666664,1.747423433987077,0.016667875343644962
d__Bacteria;p__Firmicutes;c__Clostridia;o__Lachnospirales;f__Lachnospiraceae;g___Ruminococcus__torques_group,kept,species,0.10078095946448494,0.01655633417159277,0.018496549035159477,0.36666666666666664,2.3354278240020374,0.011527511690148429
d__Bacteria;p__Firmicutes;c__Clostridia;o__Monoglobales;f__Monoglobaceae;g__Monoglobus,kept,genus,0.12030494607660841,0.011590749691726672,0.0093738448841114,0.26666666666666666,1.7552365362046827,0.025051440297054625
d__Bacteria;p__Firmicutes;c__Clostridia;o__Oscillospirales;f__Butyricicoccaceae;g__Butyricicoccus,kept,genus,0.092599479360357,0.003350920586091984,0.0018958771271913412,0.26666666666666666,2.2543074510657015,0.014117407327127822
d__Bacteria;p__Firmicutes;c__Clostridia;o__Oscillospirales;f__Oscillospiraceae;g__Flavonifractor,kept,genus,0.2491632577166233,0.006609444215491932,0.010491029434749418,0.6333333333333333,1.3028586076406647,0.013887725433705873
d__Bacteria;p__Firmicutes;c__Clostridia;o__Oscillospirales;f__Oscillospiraceae;g__Oscillibacter,kept,genus,0.007065823726292302,0.006619446127320213,0.00106190194058447,0.13333333333333333,3.5397319143553267,0.01620021988952526
d__Bacteria;p__Firmicutes;c__Clostridia;o__Oscillospirales;f__Oscillospiraceae;g__uncultured,kept,genus,0.06229081442915582,0.0014368193368544822,0.0008588962485594806,0.4,2.1142665419872526,0.011392108572264137
d__Bacteria;p__Firmicutes;c__Clostridia;o__Oscillospirales;f__Ruminococcaceae;g__Faecalibacterium,kept,genus,0.3311640014875418,0.05834386063874218,0.06461655220338589,0.6333333333333333,1.2777329741768662,0.010951897995840516
d__Bacteria;p__Firmicutes;c__Clostridia;o__Oscillospirales;f__Ruminococcaceae;g__Incertae_Sedis,kept,genus,0.2155076236519152,0.0041649686628309575,0.008628958061002908,0.6333333333333333,1.2863314730786448,0.018992157898355268
d__Bacteria;p__Firmicutes;c__Clostridia;o__Oscillospirales;f__Ruminococcaceae;g__Ruminococcus,kept,genus,0.13034585347712904,0.017380562492970545,0.016010245366814894,0.26666666666666666,1.93719969984362,0.009326973583668585
d__Bacteria;p__Firmicutes;c__Clostridia;o__Oscillospirales;f__Ruminococcaceae;g__Subdoligranulum,kept,genus,0.1017106731126813,0.022927442540723677,0.015843497199734675,0.4,1.948326087313273,0.010873533986791695
d__Bacteria;p__Firmicutes;c__Clostridia;o__Oscillospirales;f__Ruminococcaceae;g__UBA1819,kept,genus,0.11342506507995537,0.005621443179401095,0.006386439707167119,0.4,1.8332161311775623,0.011326169004714696
d__Bacteria;p__Firmicutes;c__Clostridia;o__Oscillospirales;f___Eubacterium__coprostanoligenes_group;g___Eubacterium__coprostanoligenes_group,kept,genus,0.09613239122350316,0.016266092496677445,0.020627664065127577,0.26666666666666666,1.8807131416487533,0.02230763788146013
d__Bacteria;p__Firmicutes;c__Clostridia;o__Peptostreptococcales-Tissierellales;f__Anaerovoracaceae;g__Family_XIII_AD3011_group,kept,genus,0.025102268501301598,0.0019825080834155098,0.0006272366211076723,0.26666666666666666,1.9755082594049127,0.008723908155804238
d__Bacteria;p__Firmicutes;c__Clostridia;o__Peptostreptococcales-Tissierellales;f__Peptostreptococcaceae;g__Clostridioides,kept,genus,0.023056898475269618,0.00988562323482171,0.002671690025862687,0.13333333333333333,2.9858787271186125,0.014881468439984887
d__Bacteria;p__Firmicutes;c__Clostridia;o__Peptostreptococcales-Tissierellales;f__Peptostreptococcaceae;g__Intestinibacter,kept,genus,0.060989215321680924,0.008249893685223872,0.003965133829339959,0.36666666666666664,2.008686784297997,0.013746776421105066
d__Bacteria;p__Firmicutes;c__Clostridia;o__Peptostreptococcales-Tissierellales;f__Peptostreptococcaceae;g__Peptostreptococcus,kept,genus,0.016177017478616586,0.00411679895887651,0.0032509851193076485,0.23333333333333334,2.276078816683335,0.019119019467058976
d__Bacteria;p__Firmicutes;c__Clostridia;o__Peptostreptococcales-Tissierellales;f__Peptostreptococcaceae;g__Romboutsia,kept,genus,0.01171439196727408,0.010155592589568578,0.003512951991613306,0.13333333333333333,3.609660574317569,0.012881360226451826
d__Bacteria;p__Firmicutes;c__Clostridia;o__Peptostreptococcales-Tissierellales;f__Peptostreptococcales-Tissierellales;g__Anaerococcus,kept,genus,0.08460394198586835,0.002724768567223153,0.00406513332250765,0.36666666666666664,2.2927459581053045,0.009575403583871885
d__Bacteria;p__Firmicutes;c__Clostridia;o__Peptostreptococcales-Tissierellales;f__Peptostreptococcales-Tissierellales;g__Finegoldia,kept,genus,0.09892153216809223,0.0032903740587138576,0.004193132063240283,0.23333333333333334,2.7570293497592693,0.018170771244177732
d__Bacteria;p__Firmicutes;c__Clostridia;o__Peptostreptococcales-Tissierellales;f__Peptostreptococcales-Tissierellales;g__Peptoniphilus,kept,genus,0.0695425808850874,0.0023491052711333777,0.002445717818552284,0.36666666666666664,2.3385829601202706,0.015152787722170302
d__Bacteria;p__Firmicutes;c__Negativicutes;o__Acidaminococcales;f__Acidaminococcaceae;g__Phascolarctobacterium,kept,genus,0.050204537002603196,0.021256889921701553,0.01368158551447552,0.5,1.5717023449314749,0.0158240893304481
d__Bacteria;p__Firmicutes;c__Negativicutes;o__Veillonellales-Selenomonadales;f__Veillonellaceae;g__Dialister,kept,genus,0.13592413536630718,0.019006557458888764,0.01925801197099348,0.26666666666666666,2.005732603433992,0.011894410092413047
d__Bacteria;p__Firmicutes;c__Negativicutes;o__Veillonellales-Selenomonadales;f__Veillonellaceae;g__Megasphaera,kept,genus,0.10728895500185942,0.02955778135969451,0.030098747718708824,0.6333333333333333,1.3284655972439243,0.017098161000475943
d__Bacteria;p__Firmicutes;c__Negativicutes;o__Veillonellales-Selenomonadales;f__Veillonellaceae;g__Negativicoccus,kept,genus,0.04016362960208256,0.0035399427738630087,0.0023965665743624245,0.23333333333333334,2.6045279912616475,0.012927297690810809
d__Bacteria;p__Firmicutes;c__Negativicutes;o__Veillonellales-Selenomonadales;f__Veillonellaceae;g__Veillonella,kept,genus,0.5509483079211602,0.05780943641292545,0.09951831270158448,0.6333333333333333,0.8012177930345779,0.013745762527627861
d__Bacteria;p__Proteobacteria;c__Gammaproteobacteria;o__Burkholderiales;f__Sutterellaceae;g__Parasutterella,kept,genus,0.004834510970621049,0.019534517236601046,0.0023474278313937746,0.13333333333333333,3.0089895791823205,0.01689297428521257
d__Bacteria;p__Proteobacteria;c__Gammaproteobacteria;o__Burkholderiales;f__Sutterellaceae;g__Sutterella,kept,genus,0.12588322796578655,0.0059092154433350065,0.006333642037538409,0.6333333333333333,1.243902508736997,0.019932361306862698
d__Bacteria;p__Proteobacteria;c__Gammaproteobacteria;o__Enterobacterales;f__Enterobacteriaceae;__,kept,family,0.2458162885831164,0.08594321170097129,0.09549592532269147,0.36666666666666664,1.5027192188168332,0.010513366567959299
d__Bacteria;p__Proteobacteria;c__Gammaproteobacteria;o__Enterobacterales;f__Enterobacteriaceae;g__Escherichia-Shigella,kept,genus,0.5014875418371142,0.11194796752843325,0.13522185805790796,0.6333333333333333,0.836012224143058,0.016758386417853027
d__Bacteria;p__Proteobacteria;c__Gammaproteobacteria;o__Pasteurellales;f__Pasteurellaceae;g__Haemophilus,kept,genus,0.17664559315730755,0.011026146392689139,0.018405608703243235,0.36666666666666664,1.6461005022680228,0.017283717153432784
d__Bacteria;p__Verrucomicrobiota;c__Verrucomicrobiae;o__Verrucomicrobiales;f__Akkermansiaceae;g__Akkermansia,kept,genus,0.011342506507995537,0.07673995958687868,0.014611347176563547,0.13333333333333333,2.7601348106732995,0.020550357948215345
k__Archaea;_p__Crenarchaeota;_c__Thaumarchaeota;_o__Nitrososphaerales;_f__Nitrososphaeraceae;_g__Candidatus_Nitrososphaera;_s__,dropped,genus,0.0005578281889178133,236.0,6.340954050541209,0.03333333333333333,5.47722557505166,0.007582582888985308
k__Archaea;_p__Crenarchaeota;_c__Thaumarchaeota;_o__Nitrososphaerales;_f__Nitrososphaeraceae;_g__Candidatus_Nitrososphaera;_s__SCA1170,dropped,species,0.0009297136481963555,344.2,14.756635090327455,0.03333333333333333,5.47722557505166,0.013026229851966546
k__Archaea;_p__Crenarchaeota;_c__Thaumarchaeota;_o__Nitrososphaerales;_f__Nitrososphaeraceae;_g__Candidatus_Nitrososphaera;_s__gargensis,dropped,species,0.0005578281889178133,100.66666666666667,3.098201836175919,0.03333333333333333,5.47722557505166,0.01807801992555694
k__Archaea;_p__Euryarchaeota;_c__Methanobacteria;_o__Methanobacteriales;_f__Methanobacteriaceae;_g__Methanobrevibacter;_s__,kept,genus,0.009669021941242098,409.2307692307692,138.60149013976664,0.2,3.491533193113381,0.012692472093079369
k__Archaea;_p__Euryarchaeota;_c__Methanobacteria;_o__Methanobacteriales;_f__Methanobacteriaceae;_g__Methanobrevibacter;_s__.1,dropped,genus,0.0009297136481963555,259.6,12.414174190734142,0.03333333333333333,5.47722557505166,0.0184428115850981
k__Archaea;_p__Euryarchaeota;_c__Methanomicrobia;_o__Methanomicrobiales;_f__Methanocorpusculaceae;_g__;_s__,dropped,family,0.0007437709185570844,66.25,1.9863745544394835,0.03333333333333333,5.477225575051661,0.010718157969814146
k__Archaea;_p__Euryarchaeota;_c__Thermoplasmata;_o__E2;_f___Methanomassiliicoccaceae_;_g__vadinCA11;_s__,dropped,genus,0.0005578281889178133,380.3333333333333,10.882151653213281,0.03333333333333333,5.47722557505166,0.021170879644917453
k__Archaea;p__Euryarchaeota;c__Methanobacteria;o__Methanobacteriales;f__Methanobacteriaceae;g__Methanobrevibacter;s__,kept,genus,0.05224990702863518,0.02995201256300538,0.01617758308094495,0.1,3.6177801837268277,0.014806271624371906
k__Archaea;p__Euryarchaeota;c__Methanobacteria;o__Methanobacteriales;f__Methanobacteriaceae;g__Methanobrevibacter;s__arboriphilus,dropped,species,0.0013015991074748978,0.006051516571428571,0.0003759348883753683,0.03333333333333333,5.477225575051661,0.02366502719648865
k__Archaea;p__Euryarchaeota;c__Methanobacteria;o__Methanobacteriales;f__Methanobacteriaceae;g__Methanosphaera;s__,kept,genus,0.008181480104127928,0.0056317810780984285,0.0008924026601994002,0.1,4.311539956693047,0.01744292497658043
k__Archaea;p__Euryarchaeota;c__Thermoplasmata;o__E2;f___Methanomassiliicoccaceae_;g__;s__,kept,family,0.0011156563778356265,0.0032595874833633806,0.00014730978200966008,0.06666666666666667,4.8808626762059335,0.016757466831189654
k__Archaea;p__Euryarchaeota;c__Thermoplasmata;o__E2;f___Methanomassiliicoccaceae_;g__Methanomassiliicoccus;s__,dropped,genus,0.009111193752324285,0.021896173163265305,0.004128609929993211,0.03333333333333333,5.477225575051661,0.011944542377020643
k__Archaea;p__Euryarchaeota;c__Thermoplasmata;o__E2;f___Methanomassiliicoccaceae_;g__vadinCA11;s__,dropped,genus,0.004090740052063964,0.01744019068181818,0.002336294223636521,0.03333333333333333,5.477225575051662,0.019936842874143226
k__Bacteria,kept,unknown,0.013759761993306061,49.36486486486486,15.715705297592143,0.16666666666666666,2.9400293719637753,0.016975256056331524
k__Bacteria.1,kept,unknown,0.00502045370026032,33.074074074074076,4.229969154389656,0.16666666666666666,3.2806475601852303,0.024425739821004096
k__Bacteria.10,kept,unknown,0.0042766827817032355,134.6086956521739,14.909806943279989,0.1,3.595586208439987,0.015485211935836162
k__Bacteria.100,kept,unknown,0.051320193380438826,40.289855072463766,13.132331464288718,0.06666666666666667,5.181307624660722,0.016644013081085273
k__Bacteria.101,kept,unknown,0.002045370026031982,174.45454545454547,11.51787231474011,0.06666666666666667,4.552541030912534,0.015154990964044749
k__Bacteria.102,kept,unknown,0.0026031982149497955,11.928571428571429,0.6964153070801091,0.06666666666666667,3.8058510704470887,0.03589305169160387
k__Bacteria.103,kept,unknown,0.004090740052063964,98.81818181818181,11.983011216263638,0.06666666666666667,3.9578234350089336,0.020041481382189478
k__Bacteria.104,kept,unknown,0.03904797322424693,45.02857142857143,19.33677991841807,0.06666666666666667,5.2159651397005256,0.0207842392308566
k__Bacteria.105,kept,unknown,0.017478616586091483,12.904255319148936,2.3244945669912824,0.06666666666666667,5.0551701511550755,0.013869875739969287
k__Bacteria.106,kept,unknown,0.007437709185570844,83.225,17.65144274225224,0.06666666666666667,4.224221349448675,0.019765362495534948
k__Bacteria.107,kept,unknown,0.00167348456675344,76.22222222222223,5.631589746042713,0.06666666666666667,3.835633828084065,0.013217670358716852
k__Bacteria.108,kept,unknown,0.0042766827817032355,254.95652173913044,28.94232521377956,0.06666666666666667,4.015570527745256,0.011830497414864239
k__Bacteria.109,kept,unknown,0.00334696913350688,75.05555555555556,9.318368488412132,0.06666666666666667,3.835633828084065,0.01686863391876606
k__Bacteria.11,kept,unknown,0.02026775753068055,223.045871559633,53.152151776036725,0.13333333333333333,3.8748543193235316,0.015357737392188627
k__Bacteria.110,kept,unknown,0.0026031982149497955,236.78571428571428,20.249042864697913,0.06666666666666667,3.8058510704470887,0.01241522152496671
k__Bacteria.111,kept,unknown,0.0024172554853105245,55.15384615384615,4.89775331337771,0.06666666666666667,3.8412246109288315,0.016433886320175617
k__Bacteria.112,kept,unknown,0.0014875418371141688,124.375,8.921359065866898,0.06666666666666667,3.8946219940608207,0.01894238411942299
k__Bacteria.113,kept,unknown,0.002045370026031982,229.0,13.53153025350455,0.06666666666666667,4.552541030912534,0.013352340049151883
k__Bacteria.114,kept,unknown,0.0042766827817032355,31.217391304347824,3.389152856930617,0.06666666666666667,3.864127653270999,0.013329352251782911
k__Bacteria.115,kept,unknown,0.0042766827817032355,262.1304347826087,25.318709409751136,0.06666666666666667,4.596624300646545,0.00850559229152934
k__Bacteria.116,kept,unknown,0.011342506507995537,55.80327868852459,10.340200186521923,0.06666666666666667,4.024980273997253,0.015714910497861823
k__Bacteria.117,kept,unknown,0.011528449237634809,22.580645161290324,7.803371567491109,0.06666666666666667,4.700806850347036,0.01864382817902689
k__Bacteria.118,kept,unknown,0.03291186314615099,51.42372881355932,39.23518713504416,0.06666666666666667,5.243367608201198,0.01108493730951526
k__Bacteria.119,kept,unknown,0.0011156563778356265,219.5,10.725656308638374,0.06666666666666667,4.1771512800945825,0.01194814811301248
k__Bacteria.12,kept,unknown,0.003532911863146151,34.21052631578947,4.458630104184217,0.13333333333333333,2.674753145906937,0.020469293753749396
k__Bacteria.120,kept,unknown,0.003532911863146151,280.7368421052632,22.140293709544377,0.06666666666666667,4.685422392007832,0.01480597117088649
k__Bacteria.121,kept,unknown,0.0027891409445890665,189.33333333333334,13.973967270056578,0.06666666666666667,4.6368990874936875,0.01647848866367037
k__Bacteria.122,kept,unknown,0.02882112309408702,31.529032258064515,9.273359516151022,0.06666666666666667,5.12996784561368,0.02194663261496499
k__Bacteria.123,kept,unknown,0.00669393826701376,16.805555555555557,2.2468517975730733,0.06666666666666667,4.52869664246207,0.035649839187220825
k__Bacteria.124,kept,unknown,0.004834510970621049,85.0,12.954418861266426,0.06666666666666667,3.8075190816622255,0.012225254006025595
k__Bacteria.125,kept,unknown,0.00669393826701376,83.38888888888889,13.297753773359961,0.06666666666666667,3.805787439520264,0.023134373500554258
k__Bacteria.126,kept,unknown,0.01171439196727408,42.92063492063492,9.522664234337686,0.06666666666666667,3.930331020345058,0.012328737283424556
k__Bacteria.127,kept,unknown,0.012830048345109707,196.9855072463768,41.12389026313629,0.06666666666666667,4.235012516781577,0.012301228533141632
k__Bacteria.128,kept,unknown,0.004462625511342506,143.54166666666666,18.702730271009088,0.06666666666666667,3.8069051134528338,0.0189675266210942
k__Bacteria.129,kept,unknown,0.00167348456675344,299.22222222222223,16.68884301903263,0.06666666666666667,4.6368990874936875,0.015038816390338565
k__Bacteria.13,kept,unknown,0.005206396429899591,25.0,2.903278980412049,0.13333333333333333,3.0806907406660953,0.006773889430735402
k__Bacteria.130,kept,unknown,0.0027891409445890665,71.06666666666666,7.511403553813754,0.06666666666666667,3.9036697956613233,0.015605674410018618
k__Bacteria.131,dropped,unknown,0.0005578281889178133,283.0,10.324518399121676,0.03333333333333333,5.47722557505166,0.019217863198451
k__Bacteria.132,dropped,unknown,0.0009297136481963555,302.0,10.358822071786184,0.03333333333333333,5.47722557505166,0.014417329250446342
k__Bacteria.133,dropped,unknown,0.0009297136481963555,3.6,0.13496137287956259,0.03333333333333333,5.47722557505166,0.00522012177641756
k__Bacteria.134,dropped,unknown,0.01190033469691335,1079.515625,135.8958295232673,0.03333333333333333,5.477225575051661,0.02079496218994743
k__Bacteria.135,dropped,unknown,0.0005578281889178133,558.6666666666666,19.214458221582607,0.03333333333333333,5.47722557505166,0.01279926126648195
k__Bacteria.136,dropped,unknown,0.002231312755671253,284.5833333333333,14.52222485370184,0.03333333333333333,5.47722557505166,0.013913093776412129
k__Bacteria.137,dropped,unknown,0.00334696913350688,241.33333333333334,16.462282103240454,0.03333333333333333,5.477225575051661,0.025548378504884353
k__Bacteria.138,dropped,unknown,0.00167348456675344,357.44444444444446,15.607961267472515,0.03333333333333333,5.477225575051661,0.01771600739858569
k__Bacteria.139,dropped,unknown,0.0005578281889178133,53.333333333333336,1.551738654597025,0.03333333333333333,5.47722557505166,0.02355956610006135
k__Bacteria.14,kept,unknown,0.010784678319077723,286.3965517241379,44.20924827453182,0.13333333333333333,3.973050221277642,0.016293382458492114
k__Bacteria.140,dropped,unknown,0.0007437709185570844,379.0,12.347433498715352,0.03333333333333333,5.477225575051661,0.018997573266463542
k__Bacteria.141,dropped,unknown,0.0009297136481963555,174.4,6.464860627683056,0.03333333333333333,5.47722557505166,0.014482556732851799
k__Bacteria.142,dropped,unknown,0.002045370026031982,509.54545454545456,26.30823788852382,0.03333333333333333,5.477225575051662,0.019627401559443914
k__Bacteria.143,dropped,unknown,0.0014875418371141688,386.5,17.730245229933,0.03333333333333333,5.477225575051661,0.012774669125721968
k__Bacteria.144,dropped,unknown,0.00167348456675344,468.1111111111111,25.226489887711683,0.03333333333333333,5.477225575051661,0.013705968510537713
k__Bacteria.145,dropped,unknown,0.0007437709185570844,737.75,23.8084060033306,0.03333333333333333,5.477225575051661,0.009079824043221711
k__Bacteria.146,dropped,unknown,0.0007437709185570844,129.5,3.83149121381217,0.03333333333333333,5.477225575051661,0.01318883615778903
k__Bacteria.147,dropped,unknown,0.0007437709185570844,43.5,1.932098720910924,0.03333333333333333,5.477225575051661,0.017457135359998207
k__Bacteria.148,dropped,unknown,0.0005578281889178133,117.66666666666667,3.0064659679127694,0.03333333333333333,5.47722557505166,0.016066312702912054
k__Bacteria.149,dropped,unknown,0.0011156563778356265,72.0,4.3935405487880566,0.03333333333333333,5.47722557505166,0.016504038969138976
k__Bacteria.15,kept,unknown,0.003904797322424693,42.76190476190476,5.621964269401652,0.13333333333333333,2.6669346482821585,0.01610534132734325
k__Bacteria.150,dropped,unknown,0.0005578281889178133,63.0,1.738874833661272,0.03333333333333333,5.47722557505166,0.01863722214622535
k__Bacteria.151,dropped,unknown,0.0005578281889178133,222.66666666666666,9.027276953591276,0.03333333333333333,5.47722557505166,0.007786025342435761
k__Bacteria.152,dropped,unknown,0.003904797322424693,553.1428571428571,56.49931900089619,0.03333333333333333,5.47722557505166,0.013146425782484046
k__Bacteria.153,dropped,unknown,0.0005578281889178133,511.3333333333333,13.766500726886303,0.03333333333333333,5.47722557505166,0.019194267130488368
k__Bacteria.154,dropped,unknown,0.0005578281889178133,141.66666666666666,3.458712993688473,0.03333333333333333,5.47722557505166,0.011730165476763813
k__Bacteria.155,dropped,unknown,0.0009297136481963555,191.8,6.133776037759719,0.03333333333333333,5.47722557505166,0.020007010874315757
k__Bacteria.156,dropped,unknown,0.0013015991074748978,333.42857142857144,12.778546585927014,0.03333333333333333,5.477225575051661,0.015609014010679444
k__Bacteria.157,dropped,unknown,0.005206396429899591,426.0,38.37310977314974,0.03333333333333333,5.477225575051661,0.01076682514970558
k__Bacteria.158,dropped,unknown,0.0007437709185570844,97.25,2.7315874869816,0.03333333333333333,5.477225575051661,0.03241815484125278
k__Bacteria.159,dropped,unknown,0.0009297136481963555,310.0,10.103474992143836,0.03333333333333333,5.47722557505166,0.011773904999383097
k__Bacteria.16,kept,unknown,0.012086277426552623,25.523076923076925,5.840977925637947,0.1,3.98313665954005,0.02385462436038989
k__Bacteria.160,dropped,unknown,0.0011156563778356265,168.5,6.6254639221419005,0.03333333333333333,5.47722557505166,0.01667100131735007
k__Bacteria.161,dropped,unknown,0.001859427296392711,127.0,7.2351775971085,0.03333333333333333,5.47722557505166,0.014307519613022561
k__Bacteria.162,dropped,unknown,0.0014875418371141688,292.0,13.307896796267835,0.03333333333333333,5.477225575051661,0.012975138780395867
k__Bacteria.163,dropped,unknown,0.0005578281889178133,174.33333333333334,4.222871809749168,0.03333333333333333,5.47722557505166,0.022596402259274943
k__Bacteria.164,dropped,unknown,0.0005578281889178133,138.66666666666666,3.306651608015829,0.03333333333333333,5.47722557505166,0.017839135411724053
k__Bacteria.165,dropped,unknown,0.0007437709185570844,334.75,9.284838383110909,0.03333333333333333,5.477225575051661,0.009282181043785576
k__Bacteria.166,dropped,unknown,0.003718854592785422,354.95,25.948204754103692,0.03333333333333333,5.47722557505166,0.009731907215494403
k__Bacteria.167,dropped,unknown,0.0011156563778356265,271.0,9.614944725553913,0.03333333333333333,5.47722557505166,0.012794045093904227
k__Bacteria.168,dropped,unknown,0.002231312755671253,230.33333333333334,14.625048089820433,0.03333333333333333,5.47722557505166,0.011286030803795281
k__Bacteria.169,dropped,unknown,0.0009297136481963555,582.8,23.325701604398116,0.03333333333333333,5.47722557505166,0.021202597133779907
k__Bacteria.17,kept,unknown,0.005206396429899591,199.85714285714286,22.454877629133406,0.1,3.5972534711931186,0.011440513618120011
k__Bacteria.170,dropped,unknown,0.0007437709185570844,4.5,0.12642327491533867,0.03333333333333333,5.477225575051661,0.015253453201805156
k__Bacteria.171,dropped,unknown,0.006322052807735217,324.29411764705884,29.967996210473153,0.03333333333333333,5.477225575051661,0.018860973118688278
k__Bacteria.172,dropped,unknown,0.0013015991074748978,574.5714285714286,24.50686065487276,0.03333333333333333,5.477225575051661,0.012226929222077975
k__Bacteria.173,dropped,unknown,0.002045370026031982,5.636363636363637,0.29980008097495264,0.03333333333333333,5.477225575051662,0.007807771771342871
k__Bacteria.174,dropped,unknown,0.002045370026031982,640.2727272727273,33.160868612917284,0.03333333333333333,5.477225575051662,0.023102752441948593
k__Bacteria.175,dropped,unknown,0.00167348456675344,75.0,3.9774396296833165,0.03333333333333333,5.477225575051661,0.014168132316283718
k__Bacteria.176,dropped,unknown,0.00167348456675344,372.77777777777777,20.52414366359261,0.03333333333333333,5.477225575051661,0.01203684856078029
k__Bacteria.177,dropped,unknown,0.0009297136481963555,156.2,5.316985358834493,0.03333333333333333,5.47722557505166,0.01338613470241671
k__Bacteria.178,dropped,unknown,0.0046485682409817776,131.08,12.898613323454923,0.03333333333333333,5.477225575051661,0.012767786898702593
k__Bacteria.179,dropped,unknown,0.002231312755671253,406.5833333333333,20.328713508471193,0.03333333333333333,5.47722557505166,0.011505742241147901
k__Bacteria.18,kept,unknown,0.006507995537374489,281.1142857142857,30.651358727712882,0.1,3.9476415134155247,0.009553640157135978
k__Bacteria.180,dropped,unknown,0.0005578281889178133,335.3333333333333,9.79575518533638,0.03333333333333333,5.47722557505166,0.0196891790394424
k__Bacteria.181,dropped,unknown,0.003718854592785422,447.8,39.722267970592235,0.03333333333333333,5.47722557505166,0.020631304877460937
k__Bacteria.182,dropped,unknown,0.002045370026031982,298.3636363636364,14.457656317338122,0.03333333333333333,5.477225575051662,0.015792534216973315
k__Bacteria.183,dropped,unknown,0.001859427296392711,877.8,42.37098590693799,0.03333333333333333,5.47722557505166,0.02041262264753602
k__Bacteria.184,dropped,unknown,0.009483079211602826,493.62745098039215,60.962865034865736,0.03333333333333333,5.477225575051661,0.018390028744190247
k__Bacteria.185,dropped,unknown,0.0005578281889178133,150.66666666666666,3.9210170111138116,0.03333333333333333,5.47722557505166,0.009226170571558005
k__Bacteria.186,dropped,unknown,0.0013015991074748978,262.0,10.345119314148391,0.03333333333333333,5.477225575051661,0.020006616983460446
k__Bacteria.187,dropped,unknown,0.0007437709185570844,2.75,0.08292753572748052,0.03333333333333333,5.477225575051661,0.010195006460608506
k__Bacteria.188,dropped,unknown,0.0007437709185570844,231.25,6.566039151703701,0.03333333333333333,5.477225575051661,0.013121095894723671
k__Bacteria.189,dropped,unknown,0.005392339159538862,270.55172413793105,23.28835111051755,0.03333333333333333,5.47722557505166,0.02238180582248161
k__Bacteria.19,kept,unknown,0.008553365563406471,82.54347826086956,14.628422435213112,0.1,3.2295829531082987,0.0202340385661571
k__Bacteria.190,dropped,unknown,0.0005578281889178133,158.0,4.584994307230488,0.03333333333333333,5.47722557505166,0.015696438015410572
k__Bacteria.191,dropped,unknown,0.0005578281889178133,133.33333333333334,3.3166037389778493,0.03333333333333333,5.47722557505166,0.008294111912366493
k__Bacteria.192,dropped,unknown,0.0014875418371141688,166.25,8.054365741380021,0.03333333333333333,5.477225575051661,0.008366160438710864
k__Bacteria.193,dropped,unknown,0.0007437709185570844,119.25,3.70636707535543,0.03333333333333333,5.477225575051661,0.011476240125763574
k__Bacteria.194,dropped,unknown,0.00167348456675344,174.77777777777777,8.62688140958658,0.03333333333333333,5.477225575051661,0.016926057184402033
k__Bacteria.195,dropped,unknown,0.0007437709185570844,562.5,17.019241399625,0.03333333333333333,5.477225575051661,0.005705669441226561
k__Bacteria.196,dropped,unknown,0.0007437709185570844,247.5,7.481199019099642,0.03333333333333333,5.477225575051661,0.015293305118376248
k__Bacteria.197,dropped,unknown,0.0007437709185570844,127.75,4.200313635669844,0.03333333333333333,5.477225575051661,0.010601630184820616
k__Bacteria.198,dropped,unknown,0.0057642246188174045,335.6774193548387,31.1114287832107,0.03333333333333333,5.477225575051661,0.0042661758090126
k__Bacteria.199,dropped,unknown,0.0009297136481963555,15.8,0.9303271256931651,0.03333333333333333,5.47722557505166,0.014766294857703326
k__Bacteria.2,kept,unknown,0.02714763852733358,209.91095890410958,81.62644653025161,0.16666666666666666,3.412648861044488,0.026475594260375986
k__Bacteria.20,kept,unknown,0.007251766455931573,13.743589743589743,1.5520585955000674,0.1,3.6663502478184946,0.01591254001146205
k__Bacteria.200,dropped,unknown,0.0007437709185570844,189.5,5.997568846021279,0.03333333333333333,5.477225575051661,0.011213406718259034
k__Bacteria.201,dropped,unknown,0.0007437709185570844,106.75,3.2791828581569455,0.03333333333333333,5.477225575051661,0.013117196057694406
k__Bacteria.202,dropped,unknown,0.0005578281889178133,430.3333333333333,10.227494994196674,0.03333333333333333,5.47722557505166,0.013939837489005957
k__Bacteria.203,dropped,unknown,0.0005578281889178133,242.66666666666666,5.732092268927693,0.03333333333333333,5.47722557505166,0.01586848988358848
k__Bacteria.204,dropped,unknown,0.0007437709185570844,32.25,1.0673703542505701,0.03333333333333333,5.477225575051661,0.022144405791537668
k__Bacteria.205,dropped,unknown,0.0031610264038676086,304.2352941176471,19.444986891724245,0.03333333333333333,5.477225575051661,0.01429550923038206
k__Bacteria.206,dropped,unknown,0.00167348456675344,11.666666666666666,0.5473574200864876,0.03333333333333333,5.477225575051661,0.01224316121592528
k__Bacteria.207,dropped,unknown,0.0005578281889178133,69.33333333333333,1.7539750212744667,0.03333333333333333,5.47722557505166,0.02230507554283286
k__Bacteria.208,dropped,unknown,0.0024172554853105245,445.53846153846155,26.054092206250804,0.03333333333333333,5.477225575051661,0.023780616250176474
k__Bacteria.209,dropped,unknown,0.0005578281889178133,126.33333333333333,3.0370072225299474,0.03333333333333333,5.47722557505166,0.011923568023699501
k__Bacteria.21,kept,unknown,0.05485310524358498,256.4508474576271,111.28556505050548,0.1,4.991942880727039,0.026526851972852976
k__Bacteria.210,dropped,unknown,0.0031610264038676086,256.05882352941177,16.18059716878957,0.03333333333333333,5.477225575051661,0.006073878369641424
k__Bacteria.211,dropped,unknown,0.003904797322424693,438.42857142857144,34.15172757477371,0.03333333333333333,5.47722557505166,0.014810671639928738
k__Bacteria.212,dropped,unknown,0.0013015991074748978,59.857142857142854,2.707979231324544,0.03333333333333333,5.477225575051661,0.011383359074772096
k__Bacteria.213,dropped,unknown,0.002231312755671253,346.9166666666667,17.7776782694486,0.03333333333333333,5.47722557505166,0.014617047313979637
k__Bacteria.214,dropped,unknown,0.00167348456675344,135.77777777777777,7.088908197603841,0.03333333333333333,5.477225575051661,0.018707550350145354
k__Bacteria.215,dropped,unknown,0.002231312755671253,201.16666666666666,10.620724264824986,0.03333333333333333,5.47722557505166,0.01947861187472991
k__Bacteria.216,dropped,unknown,0.002045370026031982,856.2727272727273,43.126567245801986,0.03333333333333333,5.477225575051662,0.016312977170511115
k__Bacteria.217,dropped,unknown,0.00167348456675344,264.77777777777777,14.67804054673913,0.03333333333333333,5.477225575051661,0.023144243931380593
k__Bacteria.218,dropped,unknown,0.0005578281889178133,89.33333333333333,2.479622919185025,0.03333333333333333,5.47722557505166,0.01390318119917584
k__Bacteria.219,dropped,unknown,0.0057642246188174045,208.0,20.25172217616984,0.03333333333333333,5.477225575051661,0.009513357732048503
k__Bacteria.22,kept,unknown,0.03402751952398661,43.10928961748634,11.957308977140723,0.1,4.735996785919974,0.01371088281512356
k__Bacteria.220,dropped,unknown,0.0013015991074748978,402.14285714285717,17.238956342130933,0.03333333333333333,5.477225575051661,0.009643055358517661
k__Bacteria.221,dropped,unknown,0.0031610264038676086,481.1764705882353,30.38351391978362,0.03333333333333333,5.477225575051661,0.011243446634121291
k__Bacteria.222,dropped,unknown,0.007809594644849386,262.6666666666667,32.72297890837598,0.03333333333333333,5.47722557505166,0.014755636663589951
k__Bacteria.223,dropped,unknown,0.0005578281889178133,625.0,15.136643105235665,0.03333333333333333,5.47722557505166,0.01860419616950396
k__Bacteria.224,dropped,unknown,0.0014875418371141688,318.25,13.768001877665068,0.03333333333333333,5.477225575051661,0.012842352143158186
k__Bacteria.225,dropped,unknown,0.0007437709185570844,406.75,13.628829195308574,0.03333333333333333,5.477225575051661,0.01216263581253482
k__Bacteria.226,dropped,unknown,0.0013015991074748978,403.85714285714283,15.444278882975139,0.03333333333333333,5.477225575051661,0.0134836457166248
k__Bacteria.227,dropped,unknown,0.0009297136481963555,3.0,0.09542068682236997,0.03333333333333333,5.47722557505166,0.013617230602034895
k__Bacteria.228,dropped,unknown,0.0009297136481963555,3.2,0.10016946646808085,0.03333333333333333,5.47722557505166,0.02023794081352758
k__Bacteria.229,dropped,unknown,0.0005578281889178133,227.0,5.810707652007837,0.03333333333333333,5.47722557505166,0.014207120254185586
k__Bacteria.23,kept,unknown,0.010226850130159911,44.654545454545456,7.831264093043219,0.1,3.166796138789315,0.01091200699042342
k__Bacteria.230,dropped,unknown,0.007995537374488658,709.2325581395348,71.30502704198278,0.03333333333333333,5.477225575051661,0.016618713773150908
k__Bacteria.231,dropped,unknown,0.0009297136481963555,249.0,8.470153312647902,0.03333333333333333,5.47722557505166,0.019400923389319345
k__Bacteria.232,dropped,unknown,0.0061361100780959466,193.87878787878788,20.36981207661148,0.03333333333333333,5.47722557505166,0.025079924987966438
k__Bacteria.233,dropped,unknown,0.0011156563778356265,6.333333333333333,0.26293273751231316,0.03333333333333333,5.47722557505166,0.02664544943837511
k__Bacteria.234,dropped,unknown,0.0005578281889178133,106.33333333333333,2.627520559194187,0.03333333333333333,5.47722557505166,0.00905489611701363
k__Bacteria.235,dropped,unknown,0.0005578281889178133,46.333333333333336,1.1888302451485333,0.03333333333333333,5.47722557505166,0.010125327601546696
k__Bacteria.236,dropped,unknown,0.0007437709185570844,84.0,2.7734831896166647,0.03333333333333333,5.477225575051661,0.010685743003258915
k__Bacteria.237,dropped,unknown,0.0013015991074748978,354.7142857142857,16.43001631140375,0.03333333333333333,5.477225575051661,0.022638220679867368
k__Bacteria.238,dropped,unknown,0.005950167348456675,661.90625,56.5870137911419,0.03333333333333333,5.477225575051661,0.022499047332445996
k__Bacteria.239,dropped,unknown,0.00167348456675344,261.0,11.67834201099647,0.03333333333333333,5.477225575051661,0.01212697337441296
k__Bacteria.24,kept,unknown,0.012830048345109707,170.02898550724638,44.93976477205871,0.1,3.4593856817589552,0.012005281686084782
k__Bacteria.240,dropped,unknown,0.0061361100780959466,602.939393939394,79.13121810114339,0.03333333333333333,5.47722557505166,0.013844022318606672
k__Bacteria.241,dropped,unknown,0.0011156563778356265,605.6666666666666,20.428378852543055,0.03333333333333333,5.47722557505166,0.03033660965270448
k__Bacteria.242,dropped,unknown,0.0013015991074748978,539.8571428571429,23.53553567974893,0.03333333333333333,5.477225575051661,0.006450621065507829
k__Bacteria.243,dropped,unknown,0.0005578281889178133,362.3333333333333,9.431894180316757,0.03333333333333333,5.47722557505166,0.020062753756436867
k__Bacteria.244,dropped,unknown,0.0005578281889178133,3.3333333333333335,0.08180296495096978,0.03333333333333333,5.47722557505166,0.016837999473981537
k__Bacteria.245,dropped,unknown,0.0005578281889178133,152.0,3.7141525924147816,0.03333333333333333,5.47722557505166,0.012640637352816042
k__Bacteria.246,dropped,unknown,0.004834510970621049,127.84615384615384,13.02938356228624,0.03333333333333333,5.477225575051661,0.010338311077555014
k__Bacteria.247,dropped,unknown,0.003904797322424693,497.85714285714283,38.47099086899143,0.03333333333333333,5.47722557505166,0.022920582498440614
k__Bacteria.248,dropped,unknown,0.0005578281889178133,49.333333333333336,1.4885295175737985,0.03333333333333333,5.47722557505166,0.015661544947489118
k__Bacteria.249,dropped,unknown,0.0007437709185570844,274.0,8.600342998229772,0.03333333333333333,5.477225575051661,0.014310700321381938
k__Bacteria.25,kept,unknown,0.00502045370026032,73.22222222222223,10.508250497557132,0.1,3.1620110348274473,0.01286414835378266
k__Bacteria.250,dropped,unknown,0.0005578281889178133,180.66666666666666,5.59921380410653,0.03333333333333333,5.47722557505166,0.012667322531394893
k__Bacteria.251,dropped,unknown,0.0005578281889178133,117.66666666666667,3.0250282572729885,0.03333333333333333,5.47722557505166,0.013710065516840649
k__Bacteria.252,dropped,unknown,0.003904797322424693,320.57142857142856,24.98749960204174,0.03333333333333333,5.47722557505166,0.012442000225420946
k__Bacteria.253,dropped,unknown,0.016177017478616586,938.2988505747127,156.71383813657212,0.03333333333333333,5.477225575051661,0.013249500930074138
k__Bacteria.254,dropped,unknown,0.0005578281889178133,146.33333333333334,3.7731164619512474,0.03333333333333333,5.47722557505166,0.011444513969885344
k__Bacteria.255,dropped,unknown,0.0013015991074748978,386.42857142857144,15.099967253169899,0.03333333333333333,5.477225575051661,0.016278887220060226
k__Bacteria.256,dropped,unknown,0.0027891409445890665,35.0,3.2515214256965392,0.03333333333333333,5.47722557505166,0.017402677991034773
k__Bacteria.257,dropped,unknown,0.0005578281889178133,18.333333333333332,0.578010916450187,0.03333333333333333,5.47722557505166,0.009817568488567822
k__Bacteria.258,dropped,unknown,0.0007437709185570844,198.0,5.852939647249531,0.03333333333333333,5.477225575051661,0.016370489510371913
k__Bacteria.259,dropped,unknown,0.002045370026031982,187.1818181818182,12.141781437952229,0.03333333333333333,5.477225575051662,0.011608175685999093
k__Bacteria.26,kept,unknown,0.0024172554853105245,42.84615384615385,4.058556684439606,0.1,3.249806801425804,0.02890056301816731
k__Bacteria.260,dropped,unknown,0.0005578281889178133,115.0,3.3070747188895693,0.03333333333333333,5.47722557505166,0.019496305146952116
k__Bacteria.261,dropped,unknown,0.003718854592785422,285.2,25.629127812707733,0.03333333333333333,5.47722557505166,0.013251081380191392
k__Bacteria.262,dropped,unknown,0.0005578281889178133,284.3333333333333,6.992832303572967,0.03333333333333333,5.47722557505166,0.008594756822542966
k__Bacteria.263,dropped,unknown,0.0014875418371141688,420.25,19.549845122835062,0.03333333333333333,5.477225575051661,0.01474657396388001
k__Bacteria.264,dropped,unknown,0.0005578281889178133,219.33333333333334,5.494574284440208,0.03333333333333333,5.47722557505166,0.014215679114724981
k__Bacteria.265,dropped,unknown,0.003532911863146151,499.63157894736844,32.481460327441305,0.03333333333333333,5.477225575051661,0.014532099666290403
k__Bacteria.266,dropped,unknown,0.00167348456675344,399.8888888888889,43.07506395369755,0.03333333333333333,5.477225575051661,0.014796834816976705
k__Bacteria.267,dropped,unknown,0.002045370026031982,428.09090909090907,19.976645185119153,0.03333333333333333,5.477225575051662,0.012193114473050388
k__Bacteria.268,dropped,unknown,0.0005578281889178133,175.0,5.330123766553069,0.03333333333333333,5.47722557505166,0.015608347403424472
k__Bacteria.269,dropped,unknown,0.0014875418371141688,467.875,19.5547705718963,0.03333333333333333,5.477225575051661,0.013042205335975962
k__Bacteria.27,kept,unknown,0.04871699516548903,30.83587786259542,9.41260193445672,0.1,5.117989949759093,0.016046962739686695
k__Bacteria.270,dropped,unknown,0.0013015991074748978,203.0,7.504701109449483,0.03333333333333333,5.477225575051661,0.0122578405389922
k__Bacteria.271,dropped,unknown,0.006879880996653031,350.43243243243245,40.71239303739983,0.03333333333333333,5.477225575051661,0.012820765719119453
k__Bacteria.272,dropped,unknown,0.0005578281889178133,7.666666666666667,0.19038719017474257,0.03333333333333333,5.47722557505166,0.023053981467012697
k__Bacteria.273,dropped,unknown,0.002045370026031982,411.8181818181818,22.702203592432785,0.03333333333333333,5.477225575051662,0.012474240376458367
k__Bacteria.274,dropped,unknown,0.0007437709185570844,292.75,8.235966109352976,0.03333333333333333,5.477225575051661,0.01705012849775096
k__Bacteria.275,dropped,unknown,0.0007437709185570844,250.75,8.38296602560022,0.03333333333333333,5.477225575051661,0.009831519128621442
k__Bacteria.276,dropped,unknown,0.0007437709185570844,816.75,33.65022189260892,0.03333333333333333,5.477225575051661,0.01295599852207947
k__Bacteria.277,dropped,unknown,0.005392339159538862,729.7931034482758,62.76182129239235,0.03333333333333333,5.47722557505166,0.011016779127717228
k__Bacteria.278,dropped,unknown,0.004834510970621049,370.4230769230769,31.0410817622542,0.03333333333333333,5.477225575051661,0.013133876164453873
k__Bacteria.279,dropped,unknown,0.0005578281889178133,114.33333333333333,2.742942794287889,0.03333333333333333,5.47722557505166,0.01567383215882414
k__Bacteria.28,kept,unknown,0.005392339159538862,28.310344827586206,3.8114786787461616,0.1,3.219341026524677,0.008544150467165605
k__Bacteria.280,dropped,unknown,0.0009297136481963555,246.2,8.09589207004135,0.03333333333333333,5.47722557505166,0.01138966083585585
k__Bacteria.281,dropped,unknown,0.0005578281889178133,9.0,0.26262591770816096,0.03333333333333333,5.47722557505166,0.012378158380979021
k__Bacteria.282,dropped,unknown,0.0005578281889178133,7.333333333333333,0.1937799770585364,0.03333333333333333,5.47722557505166,0.021677167285516726
k__Bacteria.283,dropped,unknown,0.0009297136481963555,226.0,7.376893309910812,0.03333333333333333,5.47722557505166,0.014914957975412499
k__Bacteria.284,dropped,unknown,0.0005578281889178133,252.33333333333334,6.0887742587566525,0.03333333333333333,5.47722557505166,0.01565005396574426
k__Bacteria.285,dropped,unknown,0.0005578281889178133,279.6666666666667,7.109626849462077,0.03333333333333333,5.47722557505166,0.009355381799636235
k__Bacteria.286,dropped,unknown,0.008925251022685012,296.0,44.42371316757676,0.03333333333333333,5.47722557505166,0.017832752946258915
k__Bacteria.287,dropped,unknown,0.0009297136481963555,158.8,6.167472055138966,0.03333333333333333,5.47722557505166,0.017590991701868692
k__Bacteria.288,dropped,unknown,0.0013015991074748978,14.142857142857142,0.8491566750758596,0.03333333333333333,5.477225575051661,0.015429179089461346
k__Bacteria.289,dropped,unknown,0.0007437709185570844,34.75,1.2840422996195722,0.03333333333333333,5.477225575051661,0.013905642551142069
k__Bacteria.29,kept,unknown,0.015247303830420231,26.121951219512194,7.228964330096761,0.1,3.6049098137876587,0.019345206361391105
k__Bacteria.290,dropped,unknown,0.0009297136481963555,51.4,1.935577589293491,0.03333333333333333,5.47722557505166,0.016369599858985666
k__Bacteria.291,dropped,unknown,0.0007437709185570844,86.5,2.395354582986965,0.03333333333333333,5.477225575051661,0.0166353291951934
k__Bacteria.292,dropped,unknown,0.0005578281889178133,228.66666666666666,6.076024709331172,0.03333333333333333,5.47722557505166,0.02242975520163258
k__Bacteria.293,dropped,unknown,0.00334696913350688,5.222222222222222,0.3467098765877732,0.03333333333333333,5.477225575051661,0.009429685227067145
k__Bacteria.294,dropped,unknown,0.0014875418371141688,263.125,10.792884050402058,0.03333333333333333,5.477225575051661,0.01687833659013227
k__Bacteria.295,dropped,unknown,0.0011156563778356265,8.166666666666666,0.2790008313993757,0.03333333333333333,5.47722557505166,0.021195118050953213
k__Bacteria.296,dropped,unknown,0.0009297136481963555,280.4,9.029228572365607,0.03333333333333333,5.47722557505166,0.007335353064493599
k__Bacteria.297,dropped,unknown,0.0009297136481963555,46.0,1.6538998513121554,0.03333333333333333,5.47722557505166,0.014510243183320703
k__Bacteria.298,dropped,unknown,0.0005578281889178133,6.666666666666667,0.16919418845444786,0.03333333333333333,5.47722557505166,0.014011714073769584
k__Bacteria.299,dropped,unknown,0.0007437709185570844,366.75,12.596592277632501,0.03333333333333333,5.477225575051661,0.019679548265201893
k__Bacteria.3,kept,unknown,0.008181480104127928,216.54545454545453,31.725610145427375,0.16666666666666666,2.788503978768174,0.033640332323447666
k__Bacteria.30,kept,unknown,0.0061361100780959466,111.42424242424242,18.14987811846418,0.1,3.297508776333909,0.019672574152615755
k__Bacteria.300,dropped,unknown,0.0005578281889178133,101.66666666666667,3.619058274320583,0.03333333333333333,5.47722557505166,0.015895324661806712
k__Bacteria.301,dropped,unknown,0.0005578281889178133,114.33333333333333,3.4991729415179544,0.03333333333333333,5.47722557505166,0.02947349312774888
k__Bacteria.302,dropped,unknown,0.010598735589438453,114.0,77.34087583929087,0.03333333333333333,5.477225575051661,0.019236131105440268
k__Bacteria.303,dropped,unknown,0.00167348456675344,87.22222222222223,4.139927859972677,0.03333333333333333,5.477225575051661,0.014152649760961178
k__Bacteria.304,dropped,unknown,0.0007437709185570844,359.25,10.9709664183431,0.03333333333333333,5.477225575051661,0.02694009370311492
k__Bacteria.305,dropped,unknown,0.0011156563778356265,121.66666666666667,4.451773089185926,0.03333333333333333,5.47722557505166,0.015750371417057627
k__Bacteria.306,dropped,unknown,0.00167348456675344,198.77777777777777,9.373254088389128,0.03333333333333333,5.477225575051661,0.017289589590397333
k__Bacteria.307,dropped,unknown,0.007437709185570844,485.625,51.4377970154468,0.03333333333333333,5.47722557505166,0.01160105034970104
k__Bacteria.308,dropped,unknown,0.0007437709185570844,38.5,1.138174736146687,0.03333333333333333,5.477225575051661,0.017008292968865392
k__Bacteria.309,dropped,unknown,0.0005578281889178133,339.0,8.59177588653984,0.03333333333333333,5.47722557505166,0.014543568747171155
k__Bacteria.31,kept,unknown,0.004462625511342506,210.375,22.42347295506152,0.1,3.772700072748733,0.018503876990323364
k__Bacteria.310,dropped,unknown,0.0005578281889178133,234.33333333333334,5.620128836282982,0.03333333333333333,5.47722557505166,0.010742844250728882
k__Bacteria.311,dropped,unknown,0.0005578281889178133,225.33333333333334,5.649962905389911,0.03333333333333333,5.47722557505166,0.017660505218011723
k__Bacteria.312,dropped,unknown,0.0005578281889178133,61.666666666666664,1.6949111611425356,0.03333333333333333,5.47722557505166,0.016123765822970735
k__Bacteria.313,dropped,unknown,0.0013015991074748978,489.2857142857143,21.079089691843254,0.03333333333333333,5.477225575051661,0.01650157472116065
k__Bacteria.314,dropped,unknown,0.0005578281889178133,71.33333333333333,1.8350970776772086,0.03333333333333333,5.47722557505166,0.016531018999326238
k__Bacteria.315,dropped,unknown,0.0005578281889178133,78.0,1.9220352624016923,0.03333333333333333,5.47722557505166,0.019045292193692404
k__Bacteria.316,dropped,unknown,0.0014875418371141688,30.125,1.504824567777903,0.03333333333333333,5.477225575051661,0.011956977979213534
k__Bacteria.317,dropped,unknown,0.0005578281889178133,31.0,0.8281130401342245,0.03333333333333333,5.47722557505166,0.011807050956071456
k__Bacteria.318,dropped,unknown,0.012644105615470434,779.8970588235294,169.52967970524807,0.03333333333333333,5.477225575051661,0.012757578504008249
k__Bacteria.319,dropped,unknown,0.0005578281889178133,211.66666666666666,5.037003177708446,0.03333333333333333,5.47722557505166,0.018208893008679398
k__Bacteria.32,kept,unknown,0.029193008553365565,35.0828025477707,10.808138413861794,0.1,4.553520776060343,0.011791762408156345
k__Bacteria.320,dropped,unknown,0.0024172554853105245,505.38461538461536,32.28721360378914,0.03333333333333333,5.477225575051661,0.009133038247546217
k__Bacteria.321,dropped,unknown,0.0009297136481963555,104.8,3.692045054921527,0.03333333333333333,5.47722557505166,0.013476790342304682
k__Bacteria.322,dropped,unknown,0.0005578281889178133,54.666666666666664,1.7255962781662044,0.03333333333333333,5.47722557505166,0.015617748088375513
k__Bacteria.323,dropped,unknown,0.0007437709185570844,131.25,3.7265602328278584,0.03333333333333333,5.477225575051661,0.01249745410519317
k__Bacteria.324,dropped,unknown,0.003718854592785422,430.5,37.88774781917983,0.03333333333333333,5.47722557505166,0.010377166790489775
k__Bacteria.325,dropped,unknown,0.0005578281889178133,44.666666666666664,1.1990527856317976,0.03333333333333333,5.47722557505166,0.018673749429861584
k__Bacteria.326,dropped,unknown,0.0005578281889178133,56.666666666666664,1.3539235001181227,0.03333333333333333,5.47722557505166,0.015164750792152841
k__Bacteria.327,dropped,unknown,0.00167348456675344,208.55555555555554,9.288586085247802,0.03333333333333333,5.477225575051661,0.015588263995945964
k__Bacteria.328,dropped,unknown,0.0005578281889178133,143.33333333333334,3.820201658085794,0.03333333333333333,5.47722557505166,0.019914465470590385
k__Bacteria.329,dropped,unknown,0.0011156563778356265,345.3333333333333,15.880058351141841,0.03333333333333333,5.47722557505166,0.007188981508492128
k__Bacteria.33,kept,unknown,0.003532911863146151,17.63157894736842,1.7480365763520236,0.1,4.210312318780205,0.009872739712518733
k__Bacteria.330,dropped,unknown,0.0011156563778356265,302.8333333333333,10.839086381616621,0.03333333333333333,5.47722557505166,0.02534520256588128
k__Bacteria.331,dropped,unknown,0.0007437709185570844,59.0,2.071963798990632,0.03333333333333333,5.477225575051661,0.009426909776631269
k__Bacteria.332,dropped,unknown,0.0005578281889178133,68.33333333333333,1.7196685044132853,0.03333333333333333,5.47722557505166,0.016106582939370603
k__Bacteria.333,dropped,unknown,0.0007437709185570844,348.25,11.179551290093713,0.03333333333333333,5.477225575051661,0.008938542236166776
k__Bacteria.334,dropped,unknown,0.001859427296392711,181.1,8.414666559168632,0.03333333333333333,5.47722557505166,0.025123143218208372
k__Bacteria.335,dropped,unknown,0.0007437709185570844,43.25,1.2209377670735353,0.03333333333333333,5.477225575051661,0.012883867117186986
k__Bacteria.336,dropped,unknown,0.0009297136481963555,159.0,5.067619376210333,0.03333333333333333,5.47722557505166,0.022523974989726425
k__Bacteria.337,dropped,unknown,0.0007437709185570844,4.75,0.14492395360771618,0.03333333333333333,5.477225575051661,0.013340421634031789
k__Bacteria.338,dropped,unknown,0.0011156563778356265,136.5,4.837248476447985,0.03333333333333333,5.47722557505166,0.013321985850000766
k__Bacteria.339,dropped,unknown,0.0005578281889178133,112.66666666666667,3.4225335288019734,0.03333333333333333,5.47722557505166,0.021029759857571405
k__Bacteria.34,kept,unknown,0.002045370026031982,98.0909090909091,7.713974115966467,0.1,3.6481708470008627,0.014470575663439315
k__Bacteria.340,dropped,unknown,0.0005578281889178133,53.666666666666664,1.4318684936198594,0.03333333333333333,5.47722557505166,0.025309507379234757
k__Bacteria.341,dropped,unknown,0.0013015991074748978,89.0,3.448411758368133,0.03333333333333333,5.477225575051661,0.011776072516825256
k__Bacteria.342,dropped,unknown,0.0011156563778356265,440.0,17.391872462124255,0.03333333333333333,5.47722557505166,0.014134799758820104
k__Bacteria.343,dropped,unknown,0.0009297136481963555,4.2,0.14491440866589578,0.03333333333333333,5.47722557505166,0.0207878895750835
k__Bacteria.344,dropped,unknown,0.015991074748977315,1861.3255813953488,509.9878092201116,0.03333333333333333,5.477225575051661,0.021634971142939077
k__Bacteria.345,dropped,unknown,0.0009297136481963555,145.2,5.154196530280972,0.03333333333333333,5.47722557505166,0.014575586763205228
k__Bacteria.346,dropped,unknown,0.0013015991074748978,194.0,10.081360405215696,0.03333333333333333,5.477225575051661,0.031017444117003343
k__Bacteria.347,dropped,unknown,0.0007437709185570844,51.75,1.8928441414032813,0.03333333333333333,5.477225575051661,0.012219078391309297
k__Bacteria.348,dropped,unknown,0.0005578281889178133,158.66666666666666,4.473006465484048,0.03333333333333333,5.47722557505166,0.013877138770246078
k__Bacteria.349,dropped,unknown,0.0007437709185570844,424.0,11.973928278035883,0.03333333333333333,5.477225575051661,0.020523399272588158
k__Bacteria.35,kept,unknown,0.05280773521755299,82.20774647887323,41.3048760079623,0.1,4.649913735498022,0.011797814802142844
k__Bacteria.350,dropped,unknown,0.004834510970621049,84.53846153846153,7.264083532478193,0.03333333333333333,5.477225575051661,0.016242652379840898
k__Bacteria.351,dropped,unknown,0.0011156563778356265,5.0,0.20034963466393685,0.03333333333333333,5.47722557505166,0.015962553927902565
k__Bacteria.352,dropped,unknown,0.0005578281889178133,47.333333333333336,1.1217705202128085,0.03333333333333333,5.47722557505166,0.021222463956192518
k__Bacteria.353,dropped,unknown,0.0009297136481963555,3.8,0.12115990988431996,0.03333333333333333,5.47722557505166,0.01646839671942076
k__Bacteria.354,dropped,unknown,0.0009297136481963555,14.0,0.5670725703978239,0.03333333333333333,5.47722557505166,0.00743064236505618
k__Bacteria.355,dropped,unknown,0.01004090740052064,425.55555555555554,51.403890123563706,0.03333333333333333,5.477225575051661,0.007953590249367933
k__Bacteria.356,dropped,unknown,0.001859427296392711,212.2,10.174328730751936,0.03333333333333333,5.47722557505166,0.014677104960167735
k__Bacteria.357,dropped,unknown,0.0009297136481963555,410.0,14.491585777171503,0.03333333333333333,5.47722557505166,0.011205468798587097
k__Bacteria.358,dropped,unknown,0.0005578281889178133,82.33333333333333,2.0896610364279726,0.03333333333333333,5.47722557505166,0.015647136760216746
k__Bacteria.359,dropped,unknown,0.0009297136481963555,356.4,12.07639139032641,0.03333333333333333,5.47722557505166,0.012613378178453493
k__Bacteria.36,kept,unknown,0.0027891409445890665,90.8,8.934942137973483,0.1,3.6739104973288397,0.006862990278483716
k__Bacteria.360,dropped,unknown,0.0013015991074748978,365.57142857142856,15.266459530737897,0.03333333333333333,5.477225575051661,0.006091263514651072
k__Bacteria.361,dropped,unknown,0.00167348456675344,564.6666666666666,30.138739718957883,0.03333333333333333,5.477225575051661,0.024650416550174283
k__Bacteria.362,dropped,unknown,0.0011156563778356265,249.66666666666666,11.869013765931953,0.03333333333333333,5.47722557505166,0.019267103402198466
k__Bacteria.363,dropped,unknown,0.0007437709185570844,67.25,2.706096444841158,0.03333333333333333,5.477225575051661,0.012677143839109525
k__Bacteria.364,dropped,unknown,0.00669393826701376,707.6388888888889,70.36300665919576,0.03333333333333333,5.477225575051661,0.018960313415244543
k__Bacteria.365,dropped,unknown,0.0007437709185570844,41.5,1.2868974012554448,0.03333333333333333,5.477225575051661,0.017451544881209865
k__Bacteria.366,dropped,unknown,0.0005578281889178133,70.0,1.7985694688294604,0.03333333333333333,5.47722557505166,0.02134147140772442
k__Bacteria.367,dropped,unknown,0.0011156563778356265,240.66666666666666,8.635191933510479,0.03333333333333333,5.47722557505166,0.005892691110201654
k__Bacteria.368,dropped,unknown,0.0009297136481963555,69.0,2.17004768794107,0.03333333333333333,5.47722557505166,0.012083265893497057
k__Bacteria.369,dropped,unknown,0.0013015991074748978,233.0,10.272178067697602,0.03333333333333333,5.477225575051661,0.013483223879712887
k__Bacteria.37,kept,unknown,0.019709929341762737,19.141509433962263,4.647305965105246,0.1,4.147636343498124,0.013135468464553364
k__Bacteria.370,dropped,unknown,0.0024172554853105245,196.23076923076923,11.38213902918932,0.03333333333333333,5.477225575051661,0.0077594536611121845
k__Bacteria.371,dropped,unknown,0.0029750836742283376,447.625,29.77456744777079,0.03333333333333333,5.477225575051661,0.013540783160807786
k__Bacteria.372,dropped,unknown,0.0005578281889178133,34.666666666666664,0.9930003156216338,0.03333333333333333,5.47722557505166,0.017566351355764107
k__Bacteria.373,dropped,unknown,0.0007437709185570844,134.0,3.985387560029141,0.03333333333333333,5.477225575051661,0.013162401281321215
k__Bacteria.374,dropped,unknown,0.0007437709185570844,172.0,5.6210036968409725,0.03333333333333333,5.477225575051661,0.018365441897028104
k__Bacteria.375,dropped,unknown,0.0013015991074748978,82.42857142857143,3.2428543861872288,0.03333333333333333,5.477225575051661,0.01069386546331014
k__Bacteria.376,dropped,unknown,0.0027891409445890665,327.53333333333336,21.122836517097845,0.03333333333333333,5.47722557505166,0.025951324456173784
k__Bacteria.377,dropped,unknown,0.0005578281889178133,311.3333333333333,7.417512311197493,0.03333333333333333,5.47722557505166,0.012181655935469552
k__Bacteria.378,dropped,unknown,0.002045370026031982,153.45454545454547,11.048359261240455,0.03333333333333333,5.477225575051662,0.013130316401862914
k__Bacteria.379,dropped,unknown,0.0007437709185570844,380.25,10.436884283878403,0.03333333333333333,5.477225575051661,0.014259917240110168
k__Bacteria.38,kept,unknown,0.019338043882484196,12.086538461538462,2.8020423944078368,0.1,3.859219195975589,0.00872245987218454
k__Bacteria.380,dropped,unknown,0.0013015991074748978,264.7142857142857,9.919487542125696,0.03333333333333333,5.477225575051661,0.016468262689586715
k__Bacteria.381,dropped,unknown,0.0014875418371141688,252.875,12.645919907546949,0.03333333333333333,5.477225575051661,0.009292006989566432
k__Bacteria.382,dropped,unknown,0.0011156563778356265,11.166666666666666,0.39387284725416233,0.03333333333333333,5.47722557505166,0.008399215880734978
k__Bacteria.383,dropped,unknown,0.0007437709185570844,422.25,13.673322440548471,0.03333333333333333,5.477225575051661,0.007754438489540079
k__Bacteria.384,dropped,unknown,0.0014875418371141688,81.25,5.5133941627401954,0.03333333333333333,5.477225575051661,0.019017816048067033
k__Bacteria.385,dropped,unknown,0.0014875418371141688,200.25,8.306375294259444,0.03333333333333333,5.477225575051661,0.016774771515240518
k__Bacteria.386,dropped,unknown,0.0005578281889178133,192.33333333333334,4.643214111305091,0.03333333333333333,5.47722557505166,0.005485926828149293
k__Bacteria.387,dropped,unknown,0.003532911863146151,833.9473684210526,58.29743189325068,0.03333333333333333,5.477225575051661,0.02266945894037214
k__Bacteria.388,dropped,unknown,0.0007437709185570844,4.25,0.1328828453064601,0.03333333333333333,5.477225575051661,0.025804154596255978
k__Bacteria.389,dropped,unknown,0.002045370026031982,230.0909090909091,12.709013977840785,0.03333333333333333,5.477225575051662,0.015092430498127474
k__Bacteria.39,kept,unknown,0.01357381926366679,25.054794520547944,8.30353334066811,0.1,3.6549065517879487,0.013642748618379153
k__Bacteria.390,dropped,unknown,0.008925251022685012,631.75,68.42906253780048,0.03333333333333333,5.47722557505166,0.009417626372343632
k__Bacteria.391,dropped,unknown,0.0009297136481963555,222.8,7.07983704491386,0.03333333333333333,5.47722557505166,0.009941634662646208
k__Bacteria.392,dropped,unknown,0.0013015991074748978,39.0,3.2139371809000195,0.03333333333333333,5.477225575051661,0.013336859080351227
k__Bacteria.393,dropped,unknown,0.0009297136481963555,415.6,12.73638737102041,0.03333333333333333,5.47722557505166,0.009790947515192154
k__Bacteria.394,dropped,unknown,0.0005578281889178133,49.333333333333336,1.3716168998402818,0.03333333333333333,5.47722557505166,0.009627253426718989
k__Bacteria.395,dropped,unknown,0.0005578281889178133,94.66666666666667,2.4768597123056177,0.03333333333333333,5.47722557505166,0.020363090922761975
k__Bacteria.396,dropped,unknown,0.0007437709185570844,246.5,6.9581659582340825,0.03333333333333333,5.477225575051661,0.0214053993536089
k__Bacteria.397,dropped,unknown,0.006507995537374489,467.77142857142854,51.45643619255843,0.03333333333333333,5.477225575051661,0.008377627427256628
k__Bacteria.398,dropped,unknown,0.0005578281889178133,172.33333333333334,4.2165507992097995,0.03333333333333333,5.47722557505166,0.01695114126645299
k__Bacteria.399,dropped,unknown,0.0011156563778356265,297.0,10.483668094140091,0.03333333333333333,5.47722557505166,0.005336620362029272
k__Bacteria.4,kept,unknown,0.013015991074748977,16.542857142857144,4.0078186904212085,0.16666666666666666,2.839572023884572,0.03423685141103561
k__Bacteria.40,kept,unknown,0.04165117143919673,56.111607142857146,24.466712353575,0.1,4.3822513844292414,0.011503903584063495
k__Bacteria.400,dropped,unknown,0.0007437709185570844,127.25,3.944350330509013,0.03333333333333333,5.477225575051661,0.021412343519028276
k__Bacteria.401,dropped,unknown,0.002045370026031982,227.36363636363637,10.67596279130481,0.03333333333333333,5.477225575051662,0.012765969500218629
k__Bacteria.402,dropped,unknown,0.0007437709185570844,180.25,5.32639933854101,0.03333333333333333,5.477225575051661,0.017139004006624617
k__Bacteria.403,dropped,unknown,0.0007437709185570844,48.25,1.698168987314892,0.03333333333333333,5.477225575051661,0.013756035656375998
k__Bacteria.404,dropped,unknown,0.0005578281889178133,157.33333333333334,5.182920961407059,0.03333333333333333,5.47722557505166,0.01426708583755396
k__Bacteria.405,dropped,unknown,0.0007437709185570844,305.5,9.408628302503434,0.03333333333333333,5.477225575051661,0.013977156917817557
k__Bacteria.406,dropped,unknown,0.00167348456675344,161.11111111111111,10.71164180298611,0.03333333333333333,5.477225575051661,0.013143020547440801
k__Bacteria.407,dropped,unknown,0.0011156563778356265,47.666666666666664,2.086059480530554,0.03333333333333333,5.47722557505166,0.017165957321991214
k__Bacteria.408,dropped,unknown,0.0007437709185570844,174.75,4.8687850174639555,0.03333333333333333,5.477225575051661,0.013207268696685419
k__Bacteria.409,dropped,unknown,0.0005578281889178133,266.0,9.277063119135324,0.03333333333333333,5.47722557505166,0.015823819440157285
k__Bacteria.41,kept,unknown,0.029564894012644106,44.880503144654085,21.43793708316107,0.1,4.627148827731589,0.009048696839750122
k__Bacteria.410,dropped,unknown,0.0014875418371141688,319.625,14.461618702559223,0.03333333333333333,5.477225575051661,0.012500683751375
k__Bacteria.411,dropped,unknown,0.0005578281889178133,80.0,2.004611092248253,0.03333333333333333,5.47722557505166,0.015570585838460804
k__Bacteria.412,dropped,unknown,0.0013015991074748978,200.0,8.45420610933801,0.03333333333333333,5.477225575051661,0.02061463587484648
k__Bacteria.413,dropped,unknown,0.0007437709185570844,190.5,5.61875418902882,0.03333333333333333,5.477225575051661,0.015992799044816652
k__Bacteria.414,dropped,unknown,0.0005578281889178133,281.6666666666667,7.936237343086022,0.03333333333333333,5.47722557505166,0.016151301881983778
k__Bacteria.415,dropped,unknown,0.0014875418371141688,307.625,13.239744621143311,0.03333333333333333,5.477225575051661,0.019043334429865152
k__Bacteria.416,dropped,unknown,0.002045370026031982,7.636363636363637,0.4365417693682204,0.03333333333333333,5.477225575051662,0.020535611495862218
k__Bacteria.417,dropped,unknown,0.0007437709185570844,173.75,5.580312656645753,0.03333333333333333,5.477225575051661,0.01983749810626371
k__Bacteria.418,dropped,unknown,0.0011156563778356265,189.83333333333334,6.79843121791658,0.03333333333333333,5.47722557505166,0.007055651809066362
k__Bacteria.419,dropped,unknown,0.0007437709185570844,181.0,6.21929740985459,0.03333333333333333,5.477225575051661,0.015971180591484058
k__Bacteria.42,kept,unknown,0.0027891409445890665,8.0,0.503534545244184,0.1,3.9434063033315216,0.023318580553551967
k__Bacteria.420,dropped,unknown,0.002045370026031982,378.09090909090907,19.057330068478844,0.03333333333333333,5.477225575051662,0.018209664630384124
k__Bacteria.421,dropped,unknown,0.0007437709185570844,3.5,0.11075976078633394,0.03333333333333333,5.477225575051661,0.012016241287406216
k__Bacteria.422,dropped,unknown,0.0005578281889178133,115.66666666666667,3.013472038893388,0.03333333333333333,5.47722557505166,0.01772036235186413
k__Bacteria.423,dropped,unknown,0.002231312755671253,523.0833333333334,27.372782891765276,0.03333333333333333,5.47722557505166,0.013903533000708937
k__Bacteria.424,dropped,unknown,0.0009297136481963555,335.0,11.511388014189833,0.03333333333333333,5.47722557505166,0.009164467950928156
k__Bacteria.425,dropped,unknown,0.00167348456675344,403.8888888888889,18.5863525419558,0.03333333333333333,5.477225575051661,0.02211020031394025
k__Bacteria.426,dropped,unknown,0.0024172554853105245,249.69230769230768,19.22751621635295,0.03333333333333333,5.477225575051661,0.009080572448050458
k__Bacteria.427,dropped,unknown,0.0007437709185570844,344.75,10.424105157022078,0.03333333333333333,5.477225575051661,0.011071401185478972
k__Bacteria.428,dropped,unknown,0.0007437709185570844,145.0,6.266201969614468,0.03333333333333333,5.477225575051661,0.013768763228389743
k__Bacteria.429,dropped,unknown,0.0007437709185570844,334.5,9.458592129013248,0.03333333333333333,5.477225575051661,0.004219049222955558
k__Bacteria.43,kept,unknown,0.00669393826701376,215.5,29.47944864025741,0.1,4.4001764859278865,0.01037738699770924
k__Bacteria.430,dropped,unknown,0.001859427296392711,9.7,0.4835494394743918,0.03333333333333333,5.47722557505166,0.020605514977168855
k__Bacteria.431,dropped,unknown,0.0007437709185570844,17.25,0.5113760216283204,0.03333333333333333,5.477225575051661,0.018613615696038387
k__Bacteria.432,dropped,unknown,0.005206396429899591,506.5,47.24586096583597,0.03333333333333333,5.477225575051661,0.012295568955211843
k__Bacteria.433,dropped,unknown,0.0005578281889178133,130.66666666666666,3.2678865691832537,0.03333333333333333,5.47722557505166,0.010647148581269339
k__Bacteria.434,dropped,unknown,0.01338787653402752,734.0972222222222,120.55171193579659,0.03333333333333333,5.477225575051661,0.019471032059907
k__Bacteria.435,dropped,unknown,0.0005578281889178133,99.33333333333333,3.7734694269407756,0.03333333333333333,5.47722557505166,0.022411997583320863
k__Bacteria.436,dropped,unknown,0.0007437709185570844,108.5,3.1620711253231466,0.03333333333333333,5.477225575051661,0.013520650939277774
k__Bacteria.437,dropped,unknown,0.0005578281889178133,139.33333333333334,3.558002903986604,0.03333333333333333,5.47722557505166,0.011719911971990626
k__Bacteria.438,dropped,unknown,0.0007437709185570844,63.5,1.7377860236159002,0.03333333333333333,5.477225575051661,0.007024505976886582
k__Bacteria.439,dropped,unknown,0.010412792859799182,540.1071428571429,62.92347075656468,0.03333333333333333,5.477225575051661,0.02106974773159401
k__Bacteria.44,kept,unknown,0.0031610264038676086,136.2941176470588,11.050013683220005,0.1,3.3639098125221767,0.008995696226857445
k__Bacteria.440,dropped,unknown,0.0007437709185570844,170.25,4.6591615463116245,0.03333333333333333,5.477225575051661,0.016632329479009743
k__Bacteria.441,dropped,unknown,0.0005578281889178133,380.6666666666667,10.656290965296256,0.03333333333333333,5.47722557505166,0.0166483623694102
k__Bacteria.442,dropped,unknown,0.0014875418371141688,224.125,9.720582265672222,0.03333333333333333,5.477225575051661,0.012802737623669739
k__Bacteria.443,dropped,unknown,0.005206396429899591,139.96428571428572,13.621365597918345,0.03333333333333333,5.477225575051661,0.013192641435898622
k__Bacteria.444,dropped,unknown,0.0024172554853105245,393.38461538461536,22.94546031905651,0.03333333333333333,5.477225575051661,0.014668177299775483
k__Bacteria.445,dropped,unknown,0.0014875418371141688,228.0,10.993931856283854,0.03333333333333333,5.477225575051661,0.011382128304042904
k__Bacteria.446,dropped,unknown,0.0005578281889178133,359.3333333333333,8.549627780920929,0.03333333333333333,5.47722557505166,0.026786265724063507
k__Bacteria.447,dropped,unknown,0.00167348456675344,129.0,7.312117114940635,0.03333333333333333,5.477225575051661,0.017167782634272138
k__Bacteria.448,dropped,unknown,0.0009297136481963555,6.0,0.2329683491986573,0.03333333333333333,5.47722557505166,0.009369023632708365
k__Bacteria.449,dropped,unknown,0.0005578281889178133,626.6666666666666,16.507102545451186,0.03333333333333333,5.47722557505166,0.017678666673031418
k__Bacteria.45,kept,unknown,0.0046485682409817776,26.56,2.542552807792114,0.1,3.1197871804630948,0.005553430767920283
k__Bacteria.450,dropped,unknown,0.0005578281889178133,94.33333333333333,2.614181010014406,0.03333333333333333,5.47722557505166,0.01321376008940256
k__Bacteria.451,dropped,unknown,0.005578281889178133,1304.2,248.41232839916879,0.03333333333333333,5.47722557505166,0.015049842585476836
k__Bacteria.452,dropped,unknown,0.0007437709185570844,58.0,1.7666549486926861,0.03333333333333333,5.477225575051661,0.016398380702265365
k__Bacteria.453,dropped,unknown,0.0013015991074748978,331.0,14.866755343741927,0.03333333333333333,5.477225575051661,0.01439847450676192
k__Bacteria.454,dropped,unknown,0.0005578281889178133,387.6666666666667,10.24998582151652,0.03333333333333333,5.47722557505166,0.017313540362268922
k__Bacteria.455,dropped,unknown,0.0005578281889178133,194.0,5.630409357099961,0.03333333333333333,5.47722557505166,0.014761114762749935
k__Bacteria.456,dropped,unknown,0.0007437709185570844,523.0,16.025042172476745,0.03333333333333333,5.477225575051661,0.015477210017498532
k__Bacteria.457,dropped,unknown,0.004462625511342506,377.0833333333333,33.051598868436564,0.03333333333333333,5.47722557505166,0.0160426305395579
k__Bacteria.458,dropped,unknown,0.0007437709185570844,382.0,20.50958517930701,0.03333333333333333,5.477225575051661,0.0196777679440488
k__Bacteria.459,dropped,unknown,0.01190033469691335,679.140625,94.83137039594034,0.03333333333333333,5.477225575051661,0.01611478505585761
k__Bacteria.46,kept,unknown,0.0046485682409817776,160.0,21.07930647110845,0.1,3.3862492996637736,0.01413908384656361
k__Bacteria.460,dropped,unknown,0.00669393826701376,306.75,30.85235643117097,0.03333333333333333,5.477225575051661,0.014600603589771385
k__Bacteria.461,dropped,unknown,0.001859427296392711,325.9,17.7158364864692,0.03333333333333333,5.47722557505166,0.011829130612730958
k__Bacteria.462,dropped,unknown,0.00167348456675344,362.3333333333333,17.287037645119756,0.03333333333333333,5.477225575051661,0.01831440062187376
k__Bacteria.463,dropped,unknown,0.0005578281889178133,3.6666666666666665,0.11326186527870409,0.03333333333333333,5.47722557505166,0.009715852006046789
k__Bacteria.464,dropped,unknown,0.0009297136481963555,212.2,7.447662283671387,0.03333333333333333,5.47722557505166,0.01588805245741389
k__Bacteria.465,dropped,unknown,0.0005578281889178133,59.666666666666664,1.7858703066791137,0.03333333333333333,5.47722557505166,0.012776439326081693
k__Bacteria.466,dropped,unknown,0.0005578281889178133,249.33333333333334,7.066700000229828,0.03333333333333333,5.47722557505166,0.010801545343526694
k__Bacteria.467,dropped,unknown,0.005206396429899591,310.85714285714283,29.38112208199678,0.03333333333333333,5.477225575051661,0.015569842392992512
k__Bacteria.468,dropped,unknown,0.003718854592785422,431.3,27.42893974316613,0.03333333333333333,5.47722557505166,0.01335471391896086
k__Bacteria.469,dropped,unknown,0.0061361100780959466,437.7878787878788,43.72080297892245,0.03333333333333333,5.47722557505166,0.01677505889898571
k__Bacteria.47,kept,unknown,0.015247303830420231,27.5609756097561,4.21573429467668,0.1,3.5911815399256053,0.006515618368276418
k__Bacteria.470,dropped,unknown,0.0005578281889178133,253.33333333333334,6.734788333982351,0.03333333333333333,5.47722557505166,0.00990538972764068
k__Bacteria.471,dropped,unknown,0.0005578281889178133,104.33333333333333,2.856260913230543,0.03333333333333333,5.47722557505166,0.007878254722489248
k__Bacteria.472,dropped,unknown,0.00167348456675344,270.0,19.569136234053634,0.03333333333333333,5.477225575051661,0.02221858455974647
k__Bacteria.473,dropped,unknown,0.0007437709185570844,375.5,10.793895743363903,0.03333333333333333,5.477225575051661,0.014336468939479692
k__Bacteria.474,dropped,unknown,0.001859427296392711,289.2,16.941501586528073,0.03333333333333333,5.47722557505166,0.02164373177827393
k__Bacteria.475,dropped,unknown,0.0007437709185570844,2.75,0.0806537138654903,0.03333333333333333,5.477225575051661,0.02311357720792606
k__Bacteria.476,dropped,unknown,0.001859427296392711,231.4,10.3301313940576,0.03333333333333333,5.47722557505166,0.012077998304350383
k__Bacteria.477,dropped,unknown,0.0005578281889178133,404.0,12.473985282311054,0.03333333333333333,5.47722557505166,0.01625969660965032
k__Bacteria.478,dropped,unknown,0.0005578281889178133,23.0,0.5556470754278315,0.03333333333333333,5.47722557505166,0.013893445408242755
k__Bacteria.479,dropped,unknown,0.002231312755671253,373.8333333333333,19.224097862822678,0.03333333333333333,5.47722557505166,0.021987361172727777
k__Bacteria.48,kept,unknown,0.004834510970621049,16.5,1.7532763195581968,0.1,3.249806801425804,0.010859243056974425
k__Bacteria.480,dropped,unknown,0.0011156563778356265,201.33333333333334,8.75112745964048,0.03333333333333333,5.47722557505166,0.01681989973386165
k__Bacteria.481,dropped,unknown,0.00167348456675344,377.6666666666667,21.05878293968747,0.03333333333333333,5.477225575051661,0.014950679816356678
k__Bacteria.482,dropped,unknown,0.0005578281889178133,465.3333333333333,11.288823505644963,0.03333333333333333,5.47722557505166,0.02449681529965358
k__Bacteria.483,dropped,unknown,0.0009297136481963555,405.6,14.740828752392128,0.03333333333333333,5.47722557505166,0.020261722161585498
k__Bacteria.484,dropped,unknown,0.003904797322424693,361.0,30.666153617562355,0.03333333333333333,5.47722557505166,0.014993689475645396
k__Bacteria.485,dropped,unknown,0.0046485682409817776,75.56,6.290404036081101,0.03333333333333333,5.477225575051661,0.019693255227220176
k__Bacteria.486,dropped,unknown,0.0009297136481963555,369.6,12.674748290711255,0.03333333333333333,5.47722557505166,0.012171031148303682
k__Bacteria.487,dropped,unknown,0.001859427296392711,354.4,17.789945458678016,0.03333333333333333,5.47722557505166,0.011826450726318138
k__Bacteria.488,dropped,unknown,0.0013015991074748978,290.0,11.211243232562653,0.03333333333333333,5.477225575051661,0.02004683450782758
k__Bacteria.489,dropped,unknown,0.0005578281889178133,53.666666666666664,1.6225684331783519,0.03333333333333333,5.47722557505166,0.015289881547982298
k__Bacteria.49,kept,unknown,0.009483079211602826,68.74509803921569,11.047519261972594,0.1,4.709887294238381,0.009773225103693843
k__Bacteria.490,dropped,unknown,0.0005578281889178133,175.66666666666666,4.247183059530661,0.03333333333333333,5.47722557505166,0.01115950606185804
k__Bacteria.491,dropped,unknown,0.0007437709185570844,339.0,10.573793758728447,0.03333333333333333,5.477225575051661,0.008568987226457225
k__Bacteria.492,dropped,unknown,0.0029750836742283376,840.25,70.49429943280951,0.03333333333333333,5.477225575051661,0.008956627144632086
k__Bacteria.493,dropped,unknown,0.003904797322424693,540.0,36.764430070583224,0.03333333333333333,5.47722557505166,0.021150083526014433
k__Bacteria.494,dropped,unknown,0.0005578281889178133,41.333333333333336,1.610543934755628,0.03333333333333333,5.47722557505166,0.0122917515220296
k__Bacteria.495,dropped,unknown,0.0009297136481963555,491.2,17.401623940918064,0.03333333333333333,5.47722557505166,0.023527789899800044
k__Bacteria.496,dropped,unknown,0.0014875418371141688,416.25,19.51903597569217,0.03333333333333333,5.477225575051661,0.02035463069011846
k__Bacteria.497,dropped,unknown,0.00167348456675344,449.8888888888889,21.221839770149902,0.03333333333333333,5.477225575051661,0.012238999576203098
k__Bacteria.498,dropped,unknown,0.0005578281889178133,200.66666666666666,6.921336123510534,0.03333333333333333,5.47722557505166,0.019363687492597217
k__Bacteria.499,dropped,unknown,0.011156563778356266,528.7833333333333,68.23692245156134,0.03333333333333333,5.47722557505166,0.01098355724778118
k__Bacteria.5,kept,unknown,0.007437709185570844,68.975,13.306319342304793,0.16666666666666666,3.8530234171882696,0.020538521069051133
k__Bacteria.50,kept,unknown,0.003532911863146151,126.47368421052632,27.663085294481554,0.1,3.571701662121722,0.011873127644877846
k__Bacteria.500,dropped,unknown,0.00167348456675344,432.1111111111111,19.138876297103018,0.03333333333333333,5.477225575051661,0.010175239827868802
k__Bacteria.501,dropped,unknown,0.003904797322424693,1156.952380952381,200.1954525810231,0.03333333333333333,5.47722557505166,0.011851988450786699
k__Bacteria.502,dropped,unknown,0.0011156563778356265,272.8333333333333,11.793971821623222,0.03333333333333333,5.47722557505166,0.022511014552059394
k__Bacteria.503,dropped,unknown,0.0009297136481963555,123.8,4.699877807317306,0.03333333333333333,5.47722557505166,0.02198338854570232
k__Bacteria.504,dropped,unknown,0.0005578281889178133,122.33333333333333,2.9490104681481664,0.03333333333333333,5.47722557505166,0.012301034919354258
k__Bacteria.505,dropped,unknown,0.0007437709185570844,98.0,2.9089917642875354,0.03333333333333333,5.477225575051661,0.025453050165008866
k__Bacteria.506,dropped,unknown,0.0007437709185570844,388.5,13.044985640049587,0.03333333333333333,5.477225575051661,0.01717530768089796
k__Bacteria.507,dropped,unknown,0.0007437709185570844,140.25,4.512880743104682,0.03333333333333333,5.477225575051661,0.010957756763024478
k__Bacteria.508,dropped,unknown,0.00167348456675344,103.0,4.848364878741237,0.03333333333333333,5.477225575051661,0.018038344026315448
k__Bacteria.509,dropped,unknown,0.0011156563778356265,334.1666666666667,12.177622760992193,0.03333333333333333,5.47722557505166,0.0381745657510335
k__Bacteria.51,kept,unknown,0.002045370026031982,147.0909090909091,13.888308255695403,0.06666666666666667,3.806578756000851,0.016650062249654197
k__Bacteria.510,dropped,unknown,0.0013015991074748978,193.28571428571428,11.459128489238143,0.03333333333333333,5.477225575051661,0.01302728877702007
k__Bacteria.511,dropped,unknown,0.0007437709185570844,62.75,2.083048179846773,0.03333333333333333,5.477225575051661,0.01894835136379601
k__Bacteria.512,dropped,unknown,0.0005578281889178133,194.0,5.249565224340569,0.03333333333333333,5.47722557505166,0.013608344857517466
k__Bacteria.513,dropped,unknown,0.0009297136481963555,63.6,2.6635527140840436,0.03333333333333333,5.47722557505166,0.029083035040974523
k__Bacteria.514,dropped,unknown,0.0005578281889178133,1137.3333333333333,32.53709718747482,0.03333333333333333,5.47722557505166,0.025893215630147924
k__Bacteria.515,dropped,unknown,0.0013015991074748978,193.0,8.59745537979757,0.03333333333333333,5.477225575051661,0.018463538617924394
k__Bacteria.52,kept,unknown,0.03030866493120119,32.7239263803681,11.498733586622793,0.06666666666666667,5.224322252998488,0.014426803464943938
k__Bacteria.53,kept,unknown,0.02844923763480848,74.33333333333333,27.63487126861894,0.06666666666666667,3.9331443252018943,0.014775463932026
k__Bacteria.54,kept,unknown,0.005206396429899591,84.17857142857143,11.934029223028876,0.06666666666666667,3.8058510704470887,0.014460297480894864
k__Bacteria.55,kept,unknown,0.026217924879137225,317.02127659574467,231.15638807298228,0.06666666666666667,3.9074091096423937,0.016974090916999234
k__Bacteria.56,kept,unknown,0.0031610264038676086,8.705882352941176,0.5299171477290717,0.06666666666666667,3.97640968996658,0.030620657524024993
k__Bacteria.57,kept,unknown,0.013015991074748977,256.12857142857143,93.14911114338346,0.06666666666666667,4.202698695997766,0.01818085060602456
k__Bacteria.58,kept,unknown,0.007437709185570844,9.5,1.5940626930626627,0.06666666666666667,4.602116952839714,0.022819347264083724
k__Bacteria.59,kept,unknown,0.05448121978430644,191.16382252559728,53.81394928287978,0.06666666666666667,5.153994168440515,0.018863982462104894
k__Bacteria.6,kept,unknown,0.0076236519152101155,32.951219512195124,7.435915751399791,0.16666666666666666,2.3654935887957724,0.017180881637434364
k__Bacteria.60,kept,unknown,0.004090740052063964,489.1363636363636,49.20812584825932,0.06666666666666667,5.0426920291596495,0.014272092773089126
k__Bacteria.61,kept,unknown,0.005578281889178133,334.8666666666667,35.98909870042226,0.06666666666666667,4.6368990874936875,0.014444590889163314
k__Bacteria.62,kept,unknown,0.004834510970621049,104.73076923076923,12.51937152537636,0.06666666666666667,3.8509909799253377,0.023400613317550677
k__Bacteria.63,kept,unknown,0.005578281889178133,215.6,22.522953726546284,0.06666666666666667,4.544078757559,0.011232051335825536
k__Bacteria.64,dropped,unknown,0.04165117143919673,24.566964285714285,14.08756123533778,0.06666666666666667,5.290576487638503,0.02024870469604419
k__Bacteria.65,kept,unknown,0.0013015991074748978,39.857142857142854,1.6695885013396252,0.06666666666666667,4.371244749546376,0.010028367450057928
k__Bacteria.66,kept,unknown,0.004462625511342506,17.083333333333332,1.6864469225138157,0.06666666666666667,4.224221349448674,0.027364023636843617
k__Bacteria.67,kept,unknown,0.0057642246188174045,271.9032258064516,26.328521103412324,0.06666666666666667,5.175238663526005,0.022212110287151317
k__Bacteria.68,kept,unknown,0.004834510970621049,67.15384615384616,11.267233824060368,0.06666666666666667,4.069364115195023,0.015467038729508461
k__Bacteria.69,kept,unknown,0.049460766084046114,122.25187969924812,51.76511177056726,0.06666666666666667,4.744031893659247,0.019222721850527112
k__Bacteria.7,kept,unknown,0.004462625511342506,46.208333333333336,7.493972689002581,0.13333333333333333,2.6834572614859087,0.014922618613125938
k__Bacteria.70,kept,unknown,0.013015991074748977,7.428571428571429,1.0414258517562622,0.06666666666666667,4.927957218590635,0.004726944168598091
k__Bacteria.71,kept,unknown,0.0026031982149497955,159.21428571428572,11.876019024968867,0.06666666666666667,4.001508445940467,0.01644734318593965
k__Bacteria.72,kept,unknown,0.010784678319077723,36.41379310344828,7.8339494063753365,0.06666666666666667,4.658049178148816,0.011923839086626175
k__Bacteria.73,kept,unknown,0.0013015991074748978,56.857142857142854,3.9050604481792863,0.06666666666666667,4.001508445940467,0.018410359185718057
k__Bacteria.74,kept,unknown,0.0013015991074748978,65.85714285714286,2.894059098704544,0.06666666666666667,4.001508445940467,0.013917610298384963
k__Bacteria.75,kept,unknown,0.013201933804388248,34.971830985915496,9.975948473771021,0.06666666666666667,4.644328793914088,0.01126186884767603
k__Bacteria.76,kept,unknown,0.002045370026031982,41.90909090909091,3.51339749017443,0.06666666666666667,3.806578756000851,0.011320347615052007
k__Bacteria.77,kept,unknown,0.001859427296392711,49.9,2.928085419580304,0.06666666666666667,4.450892412042676,0.014017664535258389
k__Bacteria.78,kept,unknown,0.014503532911863145,290.2692307692308,52.619604347817706,0.06666666666666667,4.280368471593912,0.019533415521424995
k__Bacteria.79,kept,unknown,0.053365563406470806,65.2787456445993,21.34676574269112,0.06666666666666667,5.237168920723823,0.016626517800161385
k__Bacteria.8,kept,unknown,0.003532911863146151,119.10526315789474,12.78098914169239,0.16666666666666666,2.62276576216327,0.015240484298405195
k__Bacteria.80,kept,unknown,0.04722945332837486,11.350393700787402,2.9130829111962604,0.06666666666666667,5.013329238240082,0.01678088813330011
k__Bacteria.81,kept,unknown,0.0167348456675344,23.92222222222222,4.368021640874819,0.06666666666666667,5.038192830359579,0.01831593050107292
k__Bacteria.82,kept,unknown,0.010970621048716996,44.20338983050848,5.665285380243789,0.06666666666666667,4.264238969009521,0.02459360395416897
k__Bacteria.83,kept,unknown,0.00167348456675344,65.55555555555556,4.5841637257518695,0.06666666666666667,4.327296802298764,0.006313748853953912
k__Bacteria.84,kept,unknown,0.005392339159538862,101.96551724137932,16.757085526794715,0.06666666666666667,3.8866134719092513,0.009805940271349971
k__Bacteria.85,kept,unknown,0.005392339159538862,153.27586206896552,16.978851831124956,0.06666666666666667,4.508742038140249,0.015792653902336137
k__Bacteria.86,kept,unknown,0.006507995537374489,159.34285714285716,22.038234297819496,0.06666666666666667,4.001508445940468,0.019798875272905116
k__Bacteria.87,kept,unknown,0.02008181480104128,154.38888888888889,43.029198859078974,0.06666666666666667,4.096603396543037,0.020191293404766095
k__Bacteria.88,kept,unknown,0.008181480104127928,419.95454545454544,47.99819902425112,0.06666666666666667,5.0426920291596495,0.010517229260793303
k__Bacteria.89,kept,unknown,0.0027891409445890665,364.6,25.72962615220011,0.06666666666666667,4.450892412042676,0.014320502280618734
k__Bacteria.9,kept,unknown,0.005578281889178133,67.0,12.282133525516832,0.16666666666666666,2.5270984178229265,0.023842216126483105
k__Bacteria.90,kept,unknown,0.013201933804388248,119.46478873239437,48.485108458555985,0.06666666666666667,4.004439037249756,0.014822045803307822
k__Bacteria.91,kept,unknown,0.01859427296392711,130.66,35.93184141210053,0.06666666666666667,3.9036697956613247,0.014167741511003633
k__Bacteria.92,kept,unknown,0.019709929341762737,82.4245283018868,29.75501305023431,0.06666666666666667,4.130375820300062,0.026307905295727418
k__Bacteria.93,kept,unknown,0.002231312755671253,57.583333333333336,5.089166179333877,0.06666666666666667,3.8187732655075837,0.009756303066679147
k__Bacteria.94,kept,unknown,0.017292673856452213,68.15053763440861,19.67475276704085,0.06666666666666667,3.8687826756365666,0.008731102170444668
k__Bacteria.95,kept,unknown,0.005206396429899591,26.25,2.8711900660143668,0.06666666666666667,4.123339942630667,0.009680551190918174
k__Bacteria.96,kept,unknown,0.009669021941242098,25.51923076923077,4.549759358514511,0.06666666666666667,4.768929495795913,0.011313180556890604
k__Bacteria.97,kept,unknown,0.005578281889178133,10.133333333333333,0.8582667957196427,0.06666666666666667,4.1771512800945825,0.019824116692725737
k__Bacteria.98,kept,unknown,0.0046485682409817776,18.12,3.6025026656861074,0.06666666666666667,4.2555157664930165,0.018373436042487697
k__Bacteria.99,kept,unknown,0.002045370026031982,13.909090909090908,0.8779580586408187,0.06666666666666667,4.062093331061141,0.015788937044452316
k__Bacteria;_p__;_c__;_o__;_f__;_g__;_s__,dropped,unknown,0.004462625511342506,418.0,34.07278836098039,0.03333333333333333,5.47722557505166,0.014686877142922753
k__Bacteria;_p__;_c__;_o__;_f__;_g__;_s__.1,dropped,unknown,0.0011156563778356265,507.8333333333333,22.349900921453983,0.03333333333333333,5.47722557505166,0.021031252061237734
k__Bacteria;_p__;_c__;_o__;_f__;_g__;_s__.2,dropped,unknown,0.0005578281889178133,398.0,11.257489093657755,0.03333333333333333,5.47722557505166,0.01579785462866492
k__Bacteria;_p__;_c__;_o__;_f__;_g__;_s__.3,dropped,unknown,0.005950167348456675,114.09375,12.760278272196024,0.03333333333333333,5.477225575051661,0.023833805598123335
k__Bacteria;_p__;_c__;_o__;_f__;_g__;_s__.4,dropped,unknown,0.0005578281889178133,16.666666666666668,0.5220692336883842,0.03333333333333333,5.47722557505166,0.016574463176861946
k__Bacteria;_p__;_c__;_o__;_f__;_g__;_s__.5,dropped,unknown,0.0011156563778356265,263.3333333333333,9.717928158120525,0.03333333333333333,5.47722557505166,0.009006228347456628
k__Bacteria;_p__Acidobacteria;_c__Acidobacteriia;_o__Acidobacteriales;_f__Koribacteraceae;_g__;_s__,dropped,family,0.0,0.0,0.0,0.0,0.0,0.01211072470738966
k__Bacteria;_p__Acidobacteria;_c___Chloracidobacteria_;_o__RB41;_f__;_g__;_s__,dropped,order,0.0005578281889178133,267.6666666666667,6.8448235302459794,0.03333333333333333,5.47722557505166,0.00861448019672566
k__Bacteria;_p__Acidobacteria;_c___Chloracidobacteria_;_o__RB41;_f__Ellin6075;_g__;_s__,dropped,family,0.0,0.0,0.0,0.0,0.0,0.011576555288105299
k__Bacteria;_p__Acidobacteria;_c___Chloracidobacteria_;_o__RB41;_f__Ellin6075;_g__;_s__.1,dropped,family,0.0,0.0,0.0,0.0,0.0,0.015696636257832162
k__Bacteria;_p__Acidobacteria;_c___Chloracidobacteria_;_o__RB41;_f__Ellin6075;_g__;_s__.2,dropped,family,0.0,0.0,0.0,0.0,0.0,0.01617472112796694
k__Bacteria;_p__Actinobacteria,dropped,phylum,0.0003718854592785422,66.0,1.6323150191425064,0.03333333333333333,5.47722557505166,0.011452044142967877
k__Bacteria;_p__Actinobacteria;_c__Acidimicrobiia;_o__Acidimicrobiales;_f__OCS155;_g__;_s__,dropped,family,0.0007437709185570844,62.75,1.8846839895304495,0.03333333333333333,5.477225575051661,0.012610703362676246
k__Bacteria;_p__Actinobacteria;_c__Actinobacteria;_o__Actinomycetales,kept,order,0.005392339159538862,97.82758620689656,14.586702344002926,0.06666666666666667,3.8060098227999006,0.012731321621343288
k__Bacteria;_p__Actinobacteria;_c__Actinobacteria;_o__Actinomycetales.1,dropped,order,0.0007437709185570844,379.0,12.15150359479327,0.03333333333333333,5.477225575051661,0.014674506050989463
k__Bacteria;_p__Actinobacteria;_c__Actinobacteria;_o__Actinomycetales;_f__Actinomycetaceae;_g__Actinomyces;_s__,kept,genus,0.016177017478616586,58.252873563218394,49.108345090646914,0.2,2.953792535673559,0.011312299823052811
k__Bacteria;_p__Actinobacteria;_c__Actinobacteria;_o__Actinomycetales;_f__Actinomycetaceae;_g__Actinomyces;_s__.1,kept,genus,0.005950167348456675,61.21875,9.47079740865414,0.16666666666666666,2.5411940268404267,0.020430573926724642
k__Bacteria;_p__Actinobacteria;_c__Actinobacteria;_o__Actinomycetales;_f__Actinomycetaceae;_g__Actinomyces;_s__.2,kept,genus,0.0014875418371141688,23.75,1.2232092738180178,0.06666666666666667,4.352844914368507,0.016449023404486507
k__Bacteria;_p__Actinobacteria;_c__Actinobacteria;_o__Actinomycetales;_f__Actinomycetaceae;_g__Actinomyces;_s__.3,kept,genus,0.009111193752324285,18.102040816326532,2.324386409863691,0.06666666666666667,5.118280516737666,0.020700578270879032
k__Bacteria;_p__Actinobacteria;_c__Actinobacteria;_o__Actinomycetales;_f__Actinomycetaceae;_g__Actinomyces;_s__.4,dropped,genus,0.0009297136481963555,34.4,1.1849985282897155,0.03333333333333333,5.477225575051663,0.011223286798413298
k__Bacteria;_p__Actinobacteria;_c__Actinobacteria;_o__Actinomycetales;_f__Actinomycetaceae;_g__Actinomyces;_s__.5,dropped,genus,0.004090740052063964,66.04545454545455,5.790888870163524,0.03333333333333333,5.477225575051659,0.0191048237023654
k__Bacteria;_p__Actinobacteria;_c__Actinobacteria;_o__Actinomycetales;_f__Actinomycetaceae;_g__Varibaculum;_s__,kept,genus,0.0013015991074748978,105.14285714285714,5.7267009920866725,0.06666666666666667,4.001508445940467,0.0179033478515088
k__Bacteria;_p__Actinobacteria;_c__Actinobacteria;_o__Actinomycetales;_f__Brevibacteriaceae;_g__Brevibacterium,dropped,genus,0.0007437709185570844,118.75,3.9582404203788286,0.03333333333333333,5.477225575051661,0.02880063106927636
k__Bacteria;_p__Actinobacteria;_c__Actinobacteria;_o__Actinomycetales;_f__Brevibacteriaceae;_g__Brevibacterium.1,dropped,genus,0.002045370026031982,250.72727272727272,13.064037458306856,0.03333333333333333,5.477225575051662,0.008596230510656411
k__Bacteria;_p__Actinobacteria;_c__Actinobacteria;_o__Actinomycetales;_f__Corynebacteriaceae;_g__Corynebacterium,kept,genus,0.003718854592785422,13.1,1.0365494886115327,0.1,3.6418323685670586,0.016767563950823253
k__Bacteria;_p__Actinobacteria;_c__Actinobacteria;_o__Actinomycetales;_f__Corynebacteriaceae;_g__Corynebacterium;_s__,kept,genus,0.002231312755671253,438.9166666666667,25.944937864990756,0.06666666666666667,4.56841763897938,0.011087465789010676
k__Bacteria;_p__Actinobacteria;_c__Actinobacteria;_o__Actinomycetales;_f__Corynebacteriaceae;_g__Corynebacterium;_s__.1,dropped,genus,0.0005578281889178133,130.66666666666666,3.2762985079256217,0.03333333333333333,5.47722557505166,0.011530985560275505
k__Bacteria;_p__Actinobacteria;_c__Actinobacteria;_o__Actinomycetales;_f__Corynebacteriaceae;_g__Corynebacterium;_s__.2,dropped,genus,0.00167348456675344,407.8888888888889,18.275571179744688,0.03333333333333333,5.477225575051661,0.01779398235268382
k__Bacteria;_p__Actinobacteria;_c__Actinobacteria;_o__Actinomycetales;_f__Corynebacteriaceae;_g__Corynebacterium;_s__durum,dropped,species,0.0007437709185570844,6.0,0.17136072003571906,0.03333333333333333,5.47722557505166,0.009129914268944694
k__Bacteria;_p__Actinobacteria;_c__Actinobacteria;_o__Actinomycetales;_f__Corynebacteriaceae;_g__Corynebacterium;_s__simulans,dropped,species,0.0014875418371141688,477.25,47.78236160237385,0.03333333333333333,5.477225575051663,0.017469789839724005
k__Bacteria;_p__Actinobacteria;_c__Actinobacteria;_o__Actinomycetales;_f__Dermabacteraceae;_g__Brachybacterium,dropped,genus,0.0011156563778356265,321.8333333333333,12.387771541502426,0.03333333333333333,5.47722557505166,0.021798689106047136
k__Bacteria;_p__Actinobacteria;_c__Actinobacteria;_o__Actinomycetales;_f__Intrasporangiaceae,dropped,family,0.0005578281889178133,235.33333333333334,5.662330779358009,0.03333333333333333,5.47722557505166,0.013261145889932354
k__Bacteria;_p__Actinobacteria;_c__Actinobacteria;_o__Actinomycetales;_f__Microbacteriaceae,kept,family,0.0014875418371141688,77.375,4.467720566383236,0.06666666666666667,3.809531573710177,0.010395331876720445
k__Bacteria;_p__Actinobacteria;_c__Actinobacteria;_o__Actinomycetales;_f__Microbacteriaceae.1,dropped,family,0.0009297136481963555,438.4,15.122441011448684,0.03333333333333333,5.47722557505166,0.006263288529439715
k__Bacteria;_p__Actinobacteria;_c__Actinobacteria;_o__Actinomycetales;_f__Microbacteriaceae;_g__Leucobacter;_s__,dropped,genus,0.0011156563778356265,254.83333333333334,8.937806054178841,0.03333333333333333,5.47722557505166,0.02119878764060217
k__Bacteria;_p__Actinobacteria;_c__Actinobacteria;_o__Actinomycetales;_f__Microbacteriaceae;_g__Microbacterium,dropped,genus,0.0007437709185570844,220.5,6.893155614481519,0.03333333333333333,5.477225575051661,0.018713731962229103
k__Bacteria;_p__Actinobacteria;_c__Actinobacteria;_o__Actinomycetales;_f__Micrococcaceae,dropped,family,0.0,0.0,0.0,0.0,0.0,0.0071814376360947564
k__Bacteria;_p__Actinobacteria;_c__Actinobacteria;_o__Actinomycetales;_f__Micrococcaceae;_g__Arthrobacter,dropped,genus,0.0,0.0,0.0,0.0,0.0,0.0158987287334607
k__Bacteria;_p__Actinobacteria;_c__Actinobacteria;_o__Actinomycetales;_f__Micrococcaceae;_g__Micrococcus,dropped,genus,0.001859427296392711,251.2,11.121747295167607,0.03333333333333333,5.47722557505166,0.030590585011640477
k__Bacteria;_p__Actinobacteria;_c__Actinobacteria;_o__Actinomycetales;_f__Micrococcaceae;_g__Nesterenkonia;_s__,dropped,genus,0.0007437709185570844,24.5,1.112945967770156,0.03333333333333333,5.477225575051663,0.01998836310850512
k__Bacteria;_p__Actinobacteria;_c__Actinobacteria;_o__Actinomycetales;_f__Micrococcaceae;_g__Rothia,kept,genus,0.01004090740052064,6.314814814814815,0.8004762383688827,0.06666666666666667,3.8740470684911257,0.02234476943881541
k__Bacteria;_p__Actinobacteria;_c__Actinobacteria;_o__Actinomycetales;_f__Micrococcaceae;_g__Rothia.1,dropped,genus,0.0005578281889178133,35.0,0.9504117508095868,0.03333333333333333,5.477225575051664,0.01065027646046084
k__Bacteria;_p__Actinobacteria;_c__Actinobacteria;_o__Actinomycetales;_f__Micrococcaceae;_g__Rothia;_s__dentocariosa,dropped,species,0.0005578281889178133,9.333333333333334,0.24159835259411017,0.03333333333333333,5.477225575051659,0.020717082164820187
k__Bacteria;_p__Actinobacteria;_c__Actinobacteria;_o__Actinomycetales;_f__Micrococcaceae;_g__Rothia;_s__mucilaginosa,kept,species,0.0027891409445890665,61.86666666666667,5.426634956503633,0.1,3.526669792849518,0.017883024219668846
k__Bacteria;_p__Actinobacteria;_c__Actinobacteria;_o__Actinomycetales;_f__Micrococcaceae;_g__Rothia;_s__mucilaginosa.1,kept,species,0.00669393826701376,30.083333333333332,3.3567529780516425,0.06666666666666667,4.644392467922724,0.018744009540842675
k__Bacteria;_p__Actinobacteria;_c__Actinobacteria;_o__Actinomycetales;_f__Mycobacteriaceae;_g__Mycobacterium,dropped,genus,0.0007437709185570844,10.75,0.3810306276438892,0.03333333333333333,5.47722557505166,0.008319690889000374
k__Bacteria;_p__Actinobacteria;_c__Actinobacteria;_o__Actinomycetales;_f__Nocardiaceae;_g__Rhodococcus;_s__,dropped,genus,0.00669393826701376,22.13888888888889,6.198335092119423,0.03333333333333333,5.477225575051661,0.01577784413816102
k__Bacteria;_p__Actinobacteria;_c__Actinobacteria;_o__Actinomycetales;_f__Propionibacteriaceae;_g__;_s__,dropped,family,0.0007437709185570844,4.25,0.1211701844698242,0.03333333333333333,5.47722557505166,0.00812515439449497
k__Bacteria;_p__Actinobacteria;_c__Actinobacteria;_o__Actinomycetales;_f__Propionibacteriaceae;_g__Propionibacterium;_s__acnes,dropped,species,0.0026031982149497955,316.7857142857143,20.48957990350724,0.03333333333333333,5.477225575051661,0.02125004831774675
k__Bacteria;_p__Actinobacteria;_c__Actinobacteria;_o__Actinomycetales;_f__Propionibacteriaceae;_g__Propionibacterium;_s__granulosum,dropped,species,0.0011156563778356265,63.833333333333336,2.629984193540454,0.03333333333333333,5.47722557505166,0.012843439023974772
k__Bacteria;_p__Actinobacteria;_c__Actinobacteria;_o__Actinomycetales;_f__Pseudonocardiaceae;_g__;_s__,dropped,family,0.00167348456675344,1061.0,50.963398764928364,0.03333333333333333,5.477225575051661,0.0166804561863201
k__Bacteria;_p__Actinobacteria;_c__Actinobacteria;_o__Actinomycetales;_f__Pseudonocardiaceae;_g__;_s__.1,dropped,family,0.0005578281889178133,321.6666666666667,13.117938613262902,0.03333333333333333,5.47722557505166,0.010855356359198275
k__Bacteria;_p__Actinobacteria;_c__Actinobacteria;_o__Actinomycetales;_f__Streptomycetaceae,dropped,family,0.0013015991074748978,3.4285714285714284,0.12785180725118453,0.03333333333333333,5.477225575051663,0.016172598909574655
k__Bacteria;_p__Actinobacteria;_c__Actinobacteria;_o__Bifidobacteriales;_f__Bifidobacteriaceae;_g__Bifidobacterium,kept,genus,0.08888062476757158,873.3933054393306,810.0344942384871,0.23333333333333334,2.453649580020078,0.02486670233358038
k__Bacteria;_p__Actinobacteria;_c__Actinobacteria;_o__Bifidobacteriales;_f__Bifidobacteriaceae;_g__Bifidobacterium.1,kept,genus,0.020453700260319823,399.3181818181818,137.2794676272014,0.2,2.835626976250089,0.018901022370040307
k__Bacteria;_p__Actinobacteria;_c__Actinobacteria;_o__Bifidobacteriales;_f__Bifidobacteriaceae;_g__Bifidobacterium.2,dropped,genus,0.004090740052063964,255.6818181818182,20.20562722023781,0.03333333333333333,5.477225575051662,0.016570819542388104
k__Bacteria;_p__Actinobacteria;_c__Actinobacteria;_o__Bifidobacteriales;_f__Bifidobacteriaceae;_g__Bifidobacterium.3,dropped,genus,0.002231312755671253,20.75,2.123027976647062,0.03333333333333333,5.47722557505166,0.016545096760027054
k__Bacteria;_p__Actinobacteria;_c__Actinobacteria;_o__Bifidobacteriales;_f__Bifidobacteriaceae;_g__Bifidobacterium.4,dropped,genus,0.01338787653402752,1539.2222222222222,229.89058576872077,0.03333333333333333,5.477225575051661,0.01769548920945365
k__Bacteria;_p__Actinobacteria;_c__Actinobacteria;_o__Bifidobacteriales;_f__Bifidobacteriaceae;_g__Bifidobacterium.5,dropped,genus,0.0027891409445890665,228.13333333333333,15.720821959282455,0.03333333333333333,5.47722557505166,0.015688985347783815
k__Bacteria;_p__Actinobacteria;_c__Actinobacteria;_o__Bifidobacteriales;_f__Bifidobacteriaceae;_g__Bifidobacterium;_s__,kept,genus,0.027705466716251393,625.3020134228188,197.80822766467065,0.13333333333333333,2.753041294989361,0.0160276819474583
k__Bacteria;_p__Actinobacteria;_c__Actinobacteria;_o__Bifidobacteriales;_f__Bifidobacteriaceae;_g__Bifidobacterium;_s__.1,dropped,genus,0.01338787653402752,1801.2222222222222,353.2894697037475,0.03333333333333333,5.477225575051663,0.011929726654458912
k__Bacteria;_p__Actinobacteria;_c__Actinobacteria;_o__Bifidobacteriales;_f__Bifidobacteriaceae;_g__Bifidobacterium;_s__adolescentis,kept,species,0.00669393826701376,252.41666666666666,50.69980616355596,0.06666666666666667,4.549240944048137,0.01459322330511564
k__Bacteria;_p__Actinobacteria;_c__Actinobacteria;_o__Bifidobacteriales;_f__Bifidobacteriaceae;_g__Bifidobacterium;_s__bifidum,kept,species,0.01822238750464857,117.81632653061224,38.141821900087486,0.2,2.48896549558619,0.010834902406730403
k__Bacteria;_p__Actinobacteria;_c__Actinobacteria;_o__Bifidobacteriales;_f__Bifidobacteriaceae;_g__Bifidobacterium;_s__longum,kept,species,0.025102268501301598,1308.2592592592594,542.1700358187501,0.06666666666666667,3.807347837810288,0.015310684629417018
k__Bacteria;_p__Actinobacteria;_c__Actinobacteria;_o__Bifidobacteriales;_f__Bifidobacteriaceae;_g__Bifidobacterium;_s__longum.1,dropped,species,0.0007437709185570844,385.25,12.214052746553838,0.03333333333333333,5.477225575051663,0.018959450002016345
k__Bacteria;_p__Actinobacteria;_c__Actinobacteria;_o__Bifidobacteriales;_f__Bifidobacteriaceae;_g__Scardovia;_s__,kept,genus,0.0024172554853105245,24.846153846153847,1.5892984581785077,0.06666666666666667,3.9414839536998287,0.02759132911932698
k__Bacteria;_p__Actinobacteria;_c__Coriobacteriia;_o__Coriobacteriales;_f__Coriobacteriaceae,kept,family,0.009297136481963555,46.0,10.100208006669062,0.16666666666666666,3.0826951935986724,0.019921118972522533
k__Bacteria;_p__Actinobacteria;_c__Coriobacteriia;_o__Coriobacteriales;_f__Coriobacteriaceae.1,kept,family,0.006507995537374489,56.285714285714285,10.43990903871155,0.13333333333333333,2.9637160496583808,0.02301952475321641
k__Bacteria;_p__Actinobacteria;_c__Coriobacteriia;_o__Coriobacteriales;_f__Coriobacteriaceae.2,dropped,family,0.0014875418371141688,37.0,1.7200211732675663,0.03333333333333333,5.477225575051663,0.006752397996756258
k__Bacteria;_p__Actinobacteria;_c__Coriobacteriia;_o__Coriobacteriales;_f__Coriobacteriaceae;_g__;_s__,kept,family,0.008925251022685012,33.229166666666664,5.294558722295267,0.16666666666666666,2.748903404306983,0.013797489052074096
k__Bacteria;_p__Actinobacteria;_c__Coriobacteriia;_o__Coriobacteriales;_f__Coriobacteriaceae;_g__;_s__.1,kept,family,0.005392339159538862,40.55172413793103,4.504184520800775,0.2,2.5799000763950435,0.011550035595660375
k__Bacteria;_p__Actinobacteria;_c__Coriobacteriia;_o__Coriobacteriales;_f__Coriobacteriaceae;_g__;_s__.10,dropped,family,0.0011156563778356265,25.833333333333332,0.9203476235487984,0.03333333333333333,5.477225575051661,0.015378800393423823
k__Bacteria;_p__Actinobacteria;_c__Coriobacteriia;_o__Coriobacteriales;_f__Coriobacteriaceae;_g__;_s__.11,dropped,family,0.0042766827817032355,42.869565217391305,4.017703690698888,0.03333333333333333,5.47722557505166,0.018472847791322515
k__Bacteria;_p__Actinobacteria;_c__Coriobacteriia;_o__Coriobacteriales;_f__Coriobacteriaceae;_g__;_s__.2,kept,family,0.010598735589438453,37.98245614035088,6.80788530475382,0.16666666666666666,3.3815340979007718,0.016686979692488824
k__Bacteria;_p__Actinobacteria;_c__Coriobacteriia;_o__Coriobacteriales;_f__Coriobacteriaceae;_g__;_s__.3,kept,family,0.005950167348456675,78.5625,8.341141032161767,0.06666666666666667,3.815987810169017,0.015575574902971042
k__Bacteria;_p__Actinobacteria;_c__Coriobacteriia;_o__Coriobacteriales;_f__Coriobacteriaceae;_g__;_s__.4,kept,family,0.0014875418371141688,36.625,2.1733091458008733,0.06666666666666667,4.612932244692713,0.011317417492494241
k__Bacteria;_p__Actinobacteria;_c__Coriobacteriia;_o__Coriobacteriales;_f__Coriobacteriaceae;_g__;_s__.5,dropped,family,0.00669393826701376,46.27777777777778,4.8700789393027915,0.03333333333333333,5.477225575051663,0.02552612909800432
k__Bacteria;_p__Actinobacteria;_c__Coriobacteriia;_o__Coriobacteriales;_f__Coriobacteriaceae;_g__;_s__.6,dropped,family,0.00167348456675344,48.111111111111114,3.4681294989131626,0.03333333333333333,5.477225575051663,0.012143814774411465
k__Bacteria;_p__Actinobacteria;_c__Coriobacteriia;_o__Coriobacteriales;_f__Coriobacteriaceae;_g__;_s__.7,dropped,family,0.0029750836742283376,46.3125,5.232246164115558,0.03333333333333333,5.477225575051663,0.016721385715768488
k__Bacteria;_p__Actinobacteria;_c__Coriobacteriia;_o__Coriobacteriales;_f__Coriobacteriaceae;_g__;_s__.8,dropped,family,0.0005578281889178133,140.0,4.346041739220869,0.03333333333333333,5.477225575051661,0.014519219795744102
k__Bacteria;_p__Actinobacteria;_c__Coriobacteriia;_o__Coriobacteriales;_f__Coriobacteriaceae;_g__;_s__.9,dropped,family,0.0005578281889178133,77.33333333333333,2.1523692270759125,0.03333333333333333,5.477225575051661,0.01574517972516988
k__Bacteria;_p__Actinobacteria;_c__Coriobacteriia;_o__Coriobacteriales;_f__Coriobacteriaceae;_g__Adlercreutzia;_s__,kept,genus,0.019709929341762737,49.24528301886792,11.97843327409758,0.2,3.049043881312078,0.02068030583192882
k__Bacteria;_p__Actinobacteria;_c__Coriobacteriia;_o__Coriobacteriales;_f__Coriobacteriaceae;_g__Adlercreutzia;_s__.1,kept,genus,0.00334696913350688,51.44444444444444,4.641480755800302,0.1,3.423162075874702,0.014220796864139114
k__Bacteria;_p__Actinobacteria;_c__Coriobacteriia;_o__Coriobacteriales;_f__Coriobacteriaceae;_g__Adlercreutzia;_s__.2,dropped,genus,0.009669021941242098,74.42307692307692,13.36562668297637,0.03333333333333333,5.477225575051662,0.023516775278652494
k__Bacteria;_p__Actinobacteria;_c__Coriobacteriia;_o__Coriobacteriales;_f__Coriobacteriaceae;_g__Atopobium,kept,genus,0.0029750836742283376,39.5,2.5810186089824714,0.06666666666666667,3.875299357350102,0.009621575463009709
k__Bacteria;_p__Actinobacteria;_c__Coriobacteriia;_o__Coriobacteriales;_f__Coriobacteriaceae;_g__Atopobium;_s__,kept,genus,0.003718854592785422,48.75,8.754777522931942,0.06666666666666667,4.426268141159192,0.016244004023509163
k__Bacteria;_p__Actinobacteria;_c__Coriobacteriia;_o__Coriobacteriales;_f__Coriobacteriaceae;_g__Collinsella,kept,genus,0.008739308293045742,366.59574468085106,65.82198625379127,0.06666666666666667,5.211356310161232,0.01177469154307047
k__Bacteria;_p__Actinobacteria;_c__Coriobacteriia;_o__Coriobacteriales;_f__Coriobacteriaceae;_g__Collinsella;_s__,kept,genus,0.0031610264038676086,130.94117647058823,17.47854307539663,0.16666666666666666,2.9803522257952406,0.015463831864190765
k__Bacteria;_p__Actinobacteria;_c__Coriobacteriia;_o__Coriobacteriales;_f__Coriobacteriaceae;_g__Collinsella;_s__.1,kept,genus,0.002231312755671253,211.25,15.988128442793391,0.06666666666666667,3.8666058432119677,0.011351546727952355
k__Bacteria;_p__Actinobacteria;_c__Coriobacteriia;_o__Coriobacteriales;_f__Coriobacteriaceae;_g__Collinsella;_s__.2,dropped,genus,0.0024172554853105245,124.76923076923077,10.453300475935109,0.03333333333333333,5.477225575051662,0.011801367534068952
k__Bacteria;_p__Actinobacteria;_c__Coriobacteriia;_o__Coriobacteriales;_f__Coriobacteriaceae;_g__Collinsella;_s__aerofaciens,kept,species,0.10078095946448494,296.4686346863469,318.17634019661364,0.23333333333333334,2.218947773434594,0.021734506171736015
k__Bacteria;_p__Actinobacteria;_c__Coriobacteriia;_o__Coriobacteriales;_f__Coriobacteriaceae;_g__Collinsella;_s__aerofaciens.1,dropped,species,0.0014875418371141688,96.875,5.073521540290326,0.03333333333333333,5.477225575051661,0.018841798889464488
k__Bacteria;_p__Actinobacteria;_c__Coriobacteriia;_o__Coriobacteriales;_f__Coriobacteriaceae;_g__Collinsella;_s__aerofaciens.2,dropped,species,0.0009297136481963555,66.8,3.1439122008274185,0.03333333333333333,5.47722557505166,0.014690422861546086
k__Bacteria;_p__Actinobacteria;_c__Coriobacteriia;_o__Coriobacteriales;_f__Coriobacteriaceae;_g__Collinsella;_s__stercoris,kept,species,0.012086277426552623,116.98461538461538,32.3558379453106,0.13333333333333333,2.66611157042634,0.015067783846279936
k__Bacteria;_p__Actinobacteria;_c__Coriobacteriia;_o__Coriobacteriales;_f__Coriobacteriaceae;_g__Eggerthella,dropped,genus,0.0007437709185570844,21.0,0.743290362616005,0.03333333333333333,5.477225575051661,0.01723424116977262
k__Bacteria;_p__Actinobacteria;_c__Coriobacteriia;_o__Coriobacteriales;_f__Coriobacteriaceae;_g__Eggerthella;_s__lenta,kept,species,0.06805503904797322,48.09016393442623,28.124536521122856,0.2,2.2137667432554236,0.01185122488158957
k__Bacteria;_p__Actinobacteria;_c__Coriobacteriia;_o__Coriobacteriales;_f__Coriobacteriaceae;_g__Eggerthella;_s__lenta.1,dropped,species,0.001859427296392711,6.3,0.36293341101957766,0.03333333333333333,5.477225575051663,0.01581980552602056
k__Bacteria;_p__Actinobacteria;_c__Coriobacteriia;_o__Coriobacteriales;_f__Coriobacteriaceae;_g__Enterococcus;_s__casseliflavus,kept,species,0.0083674228337672,29.711111111111112,4.2909919559368035,0.16666666666666666,2.7010020069925766,0.018241423053205797
k__Bacteria;_p__Actinobacteria;_c__Coriobacteriia;_o__Coriobacteriales;_f__Coriobacteriaceae;_g__Olsenella,dropped,genus,0.0005578281889178133,29.666666666666668,0.7567841022082379,0.03333333333333333,5.477225575051661,0.02088107064294092
k__Bacteria;_p__Actinobacteria;_c__Coriobacteriia;_o__Coriobacteriales;_f__Coriobacteriaceae;_g__Olsenella;_s__uli,dropped,species,0.0007437709185570844,30.75,0.9089257221942276,0.03333333333333333,5.477225575051663,0.011286512141080458
k__Bacteria;_p__Actinobacteria;_c__Coriobacteriia;_o__Coriobacteriales;_f__Coriobacteriaceae;_g__Paraeggerthella;_s__hongkongensis,dropped,species,0.0005578281889178133,15.0,0.37906521132633625,0.03333333333333333,5.477225575051664,0.017738898731776462
k__Bacteria;_p__Actinobacteria;_c__Coriobacteriia;_o__Coriobacteriales;_f__Coriobacteriaceae;_g__Slackia;_s__,kept,genus,0.008553365563406471,87.80434782608695,17.34180668604568,0.16666666666666666,3.111302373987987,0.020461720636205046
k__Bacteria;_p__Actinobacteria;_c__Coriobacteriia;_o__Coriobacteriales;_f__Coriobacteriaceae;_g__Slackia;_s__.1,dropped,genus,0.0013015991074748978,22.857142857142858,1.0821939454473082,0.03333333333333333,5.47722557505166,0.024060399059940493
k__Bacteria;_p__Actinobacteria;_c__MB-A2-108;_o__0319-7L14;_f__;_g__;_s__,dropped,order,0.0005578281889178133,170.33333333333334,4.592375210105472,0.03333333333333333,5.47722557505166,0.006526257837833701
k__Bacteria;_p__Actinobacteria;_c__Thermoleophilia;_o__Solirubrobacterales,dropped,order,0.0005578281889178133,374.0,9.191229006986465,0.03333333333333333,5.47722557505166,0.012207131755378487
k__Bacteria;_p__Actinobacteria;_c__Thermoleophilia;_o__Solirubrobacterales;_f__;_g__;_s__,dropped,order,0.0005578281889178133,416.6666666666667,11.184185616361818,0.03333333333333333,5.47722557505166,0.021704245840884092
k__Bacteria;_p__Actinobacteria;_c__Thermoleophilia;_o__Solirubrobacterales;_f__;_g__;_s__.1,dropped,order,0.0005578281889178133,230.33333333333334,6.123704857578001,0.03333333333333333,5.47722557505166,0.011873869001545072
k__Bacteria;_p__Armatimonadetes;_c__SHA-37;_o__;_f__;_g__;_s__,dropped,class,0.0005578281889178133,10.333333333333334,0.29274956498566546,0.03333333333333333,5.477225575051659,0.006290354352983707
k__Bacteria;_p__Armatimonadetes;_c__SJA-176;_o__TP122;_f__;_g__;_s__,dropped,order,0.0007437709185570844,17.75,0.6641911132967013,0.03333333333333333,5.47722557505166,0.015142870463239973
k__Bacteria;_p__Armatimonadetes;_c___Fimbriimonadia_;_o___Fimbriimonadales_;_f___Fimbriimonadaceae_,dropped,family,0.0,0.0,0.0,0.0,0.0,0.028815275316372714
k__Bacteria;_p__Armatimonadetes;_c___Fimbriimonadia_;_o___Fimbriimonadales_;_f___Fimbriimonadaceae_;_g__Fimbriimonas;_s__,dropped,genus,0.0,0.0,0.0,0.0,0.0,0.01471343600893608
k__Bacteria;_p__Bacteroidetes,kept,phylum,0.007995537374488658,38.16279069767442,5.046561671527613,0.13333333333333333,3.1191334772445107,0.020724105715102362
k__Bacteria;_p__Bacteroidetes.1,kept,phylum,0.0029750836742283376,7.125,0.7051424446630032,0.06666666666666667,3.8407562955201926,0.016707173188214183
k__Bacteria;_p__Bacteroidetes.10,dropped,phylum,0.04871699516548903,27.396946564885496,8.701543427273817,0.03333333333333333,5.477225575051659,0.01144154001383794
k__Bacteria;_p__Bacteroidetes.2,dropped,phylum,0.01004090740052064,15.38888888888889,2.3042922810750817,0.03333333333333333,5.477225575051663,0.021779853596876692
k__Bacteria;_p__Bacteroidetes.3,dropped,phylum,0.0007437709185570844,10.25,0.28432727499587374,0.03333333333333333,5.477225575051662,0.010629860324234023
k__Bacteria;_p__Bacteroidetes.4,dropped,phylum,0.007437709185570844,35.075,5.4778195567605215,0.03333333333333333,5.477225575051663,0.014363044837189998
k__Bacteria;_p__Bacteroidetes.5,dropped,phylum,0.011528449237634809,50.88709677419355,8.17178999055475,0.03333333333333333,5.47722557505166,0.017388225265432142
k__Bacteria;_p__Bacteroidetes.6,dropped,phylum,0.0005578281889178133,5.333333333333333,0.1278950764439934,0.03333333333333333,5.477225575051662,0.01626290423938621
k__Bacteria;_p__Bacteroidetes.7,dropped,phylum,0.00167348456675344,6.555555555555555,0.3268280538482643,0.03333333333333333,5.477225575051663,0.02263588039765425
k__Bacteria;_p__Bacteroidetes.8,dropped,phylum,0.0005578281889178133,73.33333333333333,1.957755466543702,0.03333333333333333,5.477225575051662,0.011815696161118409
k__Bacteria;_p__Bacteroidetes.9,dropped,phylum,0.001859427296392711,12.5,1.016883203551483,0.03333333333333333,5.477225575051663,0.010671654687669877
k__Bacteria;_p__Bacteroidetes;_c__Bacteroidia;_o__Bacteroidales,kept,order,0.0027891409445890665,34.666666666666664,2.6293475766432284,0.13333333333333333,2.7842694822543828,0.02433854763675772
k__Bacteria;_p__Bacteroidetes;_c__Bacteroidia;_o__Bacteroidales.1,kept,order,0.010226850130159911,81.76363636363637,25.684393242961182,0.13333333333333333,2.9383557397497024,0.016085126962775878
k__Bacteria;_p__Bacteroidetes;_c__Bacteroidia;_o__Bacteroidales.10,dropped,order,0.0005578281889178133,22.333333333333332,0.5403842341606684,0.03333333333333333,5.477225575051662,0.019605017750486873
k__Bacteria;_p__Bacteroidetes;_c__Bacteroidia;_o__Bacteroidales.11,dropped,order,0.0007437709185570844,7.0,0.22895084632210735,0.03333333333333333,5.477225575051662,0.021187227422744193
k__Bacteria;_p__Bacteroidetes;_c__Bacteroidia;_o__Bacteroidales.12,dropped,order,0.004834510970621049,27.192307692307693,3.1664521669169985,0.03333333333333333,5.477225575051662,0.018528156804844282
k__Bacteria;_p__Bacteroidetes;_c__Bacteroidia;_o__Bacteroidales.13,dropped,order,0.0009297136481963555,14.6,0.498091785758347,0.03333333333333333,5.477225575051663,0.015530313750312226
k__Bacteria;_p__Bacteroidetes;_c__Bacteroidia;_o__Bacteroidales.14,dropped,order,0.0007437709185570844,14.5,0.4603235854899074,0.03333333333333333,5.477225575051662,0.03105867302866223
k__Bacteria;_p__Bacteroidetes;_c__Bacteroidia;_o__Bacteroidales.15,dropped,order,0.003904797322424693,160.76190476190476,35.063503432725064,0.03333333333333333,5.477225575051662,0.01714113469887187
k__Bacteria;_p__Bacteroidetes;_c__Bacteroidia;_o__Bacteroidales.16,dropped,order,0.0013015991074748978,21.285714285714285,1.0332821080043098,0.03333333333333333,5.477225575051663,0.017684550692120635
k__Bacteria;_p__Bacteroidetes;_c__Bacteroidia;_o__Bacteroidales.17,dropped,order,0.0014875418371141688,40.0,2.808597532139893,0.03333333333333333,5.477225575051662,0.011246857609195823
k__Bacteria;_p__Bacteroidetes;_c__Bacteroidia;_o__Bacteroidales.18,dropped,order,0.0007437709185570844,19.5,0.5332306197954694,0.03333333333333333,5.477225575051662,0.011553254016963877
k__Bacteria;_p__Bacteroidetes;_c__Bacteroidia;_o__Bacteroidales.19,dropped,order,0.029936779471922647,17.857142857142858,4.511512088964009,0.03333333333333333,5.477225575051662,0.01716829566862723
k__Bacteria;_p__Bacteroidetes;_c__Bacteroidia;_o__Bacteroidales.2,kept,order,0.005206396429899591,78.92857142857143,11.85941326246446,0.1,3.529811914553656,0.010359685530102736
k__Bacteria;_p__Bacteroidetes;_c__Bacteroidia;_o__Bacteroidales.20,dropped,order,0.0011156563778356265,12.0,0.45538051149056247,0.03333333333333333,5.477225575051662,0.015781012149854966
k__Bacteria;_p__Bacteroidetes;_c__Bacteroidia;_o__Bacteroidales.21,dropped,order,0.00502045370026032,134.88888888888889,28.72163680086209,0.03333333333333333,5.477225575051663,0.0094821429587163
k__Bacteria;_p__Bacteroidetes;_c__Bacteroidia;_o__Bacteroidales.22,dropped,order,0.0031610264038676086,205.52941176470588,36.95957309824789,0.03333333333333333,5.477225575051662,0.024092899412689942
k__Bacteria;_p__Bacteroidetes;_c__Bacteroidia;_o__Bacteroidales.23,dropped,order,0.004462625511342506,55.833333333333336,5.750663961061849,0.03333333333333333,5.477225575051662,0.012543185415187175
k__Bacteria;_p__Bacteroidetes;_c__Bacteroidia;_o__Bacteroidales.24,dropped,order,0.010784678319077723,31.03448275862069,5.698414331939245,0.03333333333333333,5.477225575051664,0.017601309029198046
k__Bacteria;_p__Bacteroidetes;_c__Bacteroidia;_o__Bacteroidales.25,dropped,order,0.0024172554853105245,13.538461538461538,0.8012729594775198,0.03333333333333333,5.477225575051662,0.012271968728661068
k__Bacteria;_p__Bacteroidetes;_c__Bacteroidia;_o__Bacteroidales.26,dropped,order,0.017850502045370024,87.125,56.800739350242566,0.03333333333333333,5.477225575051662,0.021657768115906577
k__Bacteria;_p__Bacteroidetes;_c__Bacteroidia;_o__Bacteroidales.27,dropped,order,0.0026031982149497955,25.714285714285715,2.2379344762857887,0.03333333333333333,5.477225575051663,0.011556347013455249
k__Bacteria;_p__Bacteroidetes;_c__Bacteroidia;_o__Bacteroidales.28,dropped,order,0.0046485682409817776,15.92,2.375583517399675,0.03333333333333333,5.477225575051662,0.015140838699477289
k__Bacteria;_p__Bacteroidetes;_c__Bacteroidia;_o__Bacteroidales.29,dropped,order,0.015433246560059502,53.674698795180724,10.261547018795342,0.03333333333333333,5.477225575051659,0.013592072019765023
k__Bacteria;_p__Bacteroidetes;_c__Bacteroidia;_o__Bacteroidales.3,kept,order,0.0031610264038676086,99.88235294117646,9.017288471884648,0.1,3.131467623223108,0.012347989448609738
k__Bacteria;_p__Bacteroidetes;_c__Bacteroidia;_o__Bacteroidales.30,dropped,order,0.0013015991074748978,11.857142857142858,0.4672099215086228,0.03333333333333333,5.477225575051663,0.03313877484706328
k__Bacteria;_p__Bacteroidetes;_c__Bacteroidia;_o__Bacteroidales.31,dropped,order,0.0007437709185570844,109.25,3.6201318232204853,0.03333333333333333,5.477225575051662,0.018494870039009802
k__Bacteria;_p__Bacteroidetes;_c__Bacteroidia;_o__Bacteroidales.32,dropped,order,0.010226850130159911,34.72727272727273,5.8743533442999905,0.03333333333333333,5.477225575051663,0.01728097215500092
k__Bacteria;_p__Bacteroidetes;_c__Bacteroidia;_o__Bacteroidales.33,dropped,order,0.0042766827817032355,24.47826086956522,3.898995877443422,0.03333333333333333,5.477225575051662,0.015356901647183034
k__Bacteria;_p__Bacteroidetes;_c__Bacteroidia;_o__Bacteroidales.34,dropped,order,0.0027891409445890665,16.733333333333334,1.9248135207972172,0.03333333333333333,5.477225575051662,0.0239516280235765
k__Bacteria;_p__Bacteroidetes;_c__Bacteroidia;_o__Bacteroidales.35,dropped,order,0.0014875418371141688,15.75,0.9613168983939974,0.03333333333333333,5.477225575051662,0.009404990415471033
k__Bacteria;_p__Bacteroidetes;_c__Bacteroidia;_o__Bacteroidales.36,dropped,order,0.0007437709185570844,13.5,0.40899723852326014,0.03333333333333333,5.477225575051662,0.010962285146515796
k__Bacteria;_p__Bacteroidetes;_c__Bacteroidia;_o__Bacteroidales.37,dropped,order,0.002231312755671253,8.5,0.4676766939036116,0.03333333333333333,5.477225575051662,0.016254172570018925
k__Bacteria;_p__Bacteroidetes;_c__Bacteroidia;_o__Bacteroidales.38,dropped,order,0.002231312755671253,55.916666666666664,8.05289008218428,0.03333333333333333,5.477225575051662,0.019682624833827805
k__Bacteria;_p__Bacteroidetes;_c__Bacteroidia;_o__Bacteroidales.39,dropped,order,0.0026031982149497955,8.857142857142858,0.5800510043738483,0.03333333333333333,5.477225575051663,0.012591403943945156
k__Bacteria;_p__Bacteroidetes;_c__Bacteroidia;_o__Bacteroidales.4,kept,order,0.026031982149497954,72.91428571428571,101.33864491064382,0.06666666666666667,5.094184228098852,0.012975671212385076
k__Bacteria;_p__Bacteroidetes;_c__Bacteroidia;_o__Bacteroidales.40,dropped,order,0.0029750836742283376,27.8125,3.146836684930172,0.03333333333333333,5.477225575051662,0.010295005662267131
k__Bacteria;_p__Bacteroidetes;_c__Bacteroidia;_o__Bacteroidales.41,dropped,order,0.0009297136481963555,46.6,2.402144962196671,0.03333333333333333,5.477225575051663,0.018661357540969346
k__Bacteria;_p__Bacteroidetes;_c__Bacteroidia;_o__Bacteroidales.5,kept,order,0.009669021941242098,11.173076923076923,1.7860364398434376,0.06666666666666667,4.5902695912077025,0.004464989666907285
k__Bacteria;_p__Bacteroidetes;_c__Bacteroidia;_o__Bacteroidales.6,dropped,order,0.013759761993306061,50.7027027027027,13.29213111497858,0.03333333333333333,5.477225575051661,0.02454227377666777
k__Bacteria;_p__Bacteroidetes;_c__Bacteroidia;_o__Bacteroidales.7,dropped,order,0.003904797322424693,18.761904761904763,2.3381249230799064,0.03333333333333333,5.477225575051662,0.011055960765223171
k__Bacteria;_p__Bacteroidetes;_c__Bacteroidia;_o__Bacteroidales.8,dropped,order,0.0026031982149497955,20.857142857142858,1.555862393838993,0.03333333333333333,5.477225575051663,0.017206014581753453
k__Bacteria;_p__Bacteroidetes;_c__Bacteroidia;_o__Bacteroidales.9,dropped,order,0.01004090740052064,46.01851851851852,13.10838611203611,0.03333333333333333,5.477225575051663,0.01310360754532729
k__Bacteria;_p__Bacteroidetes;_c__Bacteroidia;_o__Bacteroidales;_f__;_g__;_s__,dropped,order,0.00167348456675344,408.22222222222223,23.379072063444447,0.03333333333333333,5.477225575051661,0.018764812175665162
k__Bacteria;_p__Bacteroidetes;_c__Bacteroidia;_o__Bacteroidales;_f__;_g__;_s__.1,dropped,order,0.0009297136481963555,183.4,6.842588939626042,0.03333333333333333,5.47722557505166,0.013210355747758322
k__Bacteria;_p__Bacteroidetes;_c__Bacteroidia;_o__Bacteroidales;_f__;_g__;_s__.2,dropped,order,0.0005578281889178133,262.3333333333333,6.7471376891241,0.03333333333333333,5.47722557505166,0.015323239476866587
k__Bacteria;_p__Bacteroidetes;_c__Bacteroidia;_o__Bacteroidales;_f__Bacteroidaceae,dropped,family,0.010598735589438453,57.54385964912281,10.384728219861174,0.03333333333333333,5.477225575051661,0.015322560490017966
k__Bacteria;_p__Bacteroidetes;_c__Bacteroidia;_o__Bacteroidales;_f__Bacteroidaceae.1,dropped,family,0.0024172554853105245,19.23076923076923,1.0478933390154979,0.03333333333333333,5.477225575051662,0.010738048237100398
k__Bacteria;_p__Bacteroidetes;_c__Bacteroidia;_o__Bacteroidales;_f__Bacteroidaceae.2,dropped,family,0.05317962067683154,881.5174825174826,337.7028644418385,0.03333333333333333,5.47722557505166,0.019966747243146576
k__Bacteria;_p__Bacteroidetes;_c__Bacteroidia;_o__Bacteroidales;_f__Bacteroidaceae.3,dropped,family,0.051320193380438826,85.64855072463769,32.794618948960704,0.03333333333333333,5.477225575051661,0.020259729487222766
k__Bacteria;_p__Bacteroidetes;_c__Bacteroidia;_o__Bacteroidales;_f__Bacteroidaceae.4,dropped,family,0.0009297136481963555,63.4,2.066781415528137,0.03333333333333333,5.477225575051663,0.01657072640381155
k__Bacteria;_p__Bacteroidetes;_c__Bacteroidia;_o__Bacteroidales;_f__Bacteroidaceae;_g__Bacteroides,kept,genus,0.06191892896987728,86.45045045045045,39.98293331085662,0.26666666666666666,3.3691920607030266,0.01855002567287548
k__Bacteria;_p__Bacteroidetes;_c__Bacteroidia;_o__Bacteroidales;_f__Bacteroidaceae;_g__Bacteroides.1,kept,genus,0.046671625139457044,183.37450199203187,75.93163992778054,0.23333333333333334,2.661633692523085,0.009117083705016153
k__Bacteria;_p__Bacteroidetes;_c__Bacteroidia;_o__Bacteroidales;_f__Bacteroidaceae;_g__Bacteroides.10,dropped,genus,0.03235403495723317,61.14367816091954,22.299108144359565,0.03333333333333333,5.47722557505166,0.009883055529507013
k__Bacteria;_p__Bacteroidetes;_c__Bacteroidia;_o__Bacteroidales;_f__Bacteroidaceae;_g__Bacteroides.11,dropped,genus,0.01004090740052064,30.333333333333332,5.3910344344618695,0.03333333333333333,5.477225575051663,0.012893721282116551
k__Bacteria;_p__Bacteroidetes;_c__Bacteroidia;_o__Bacteroidales;_f__Bacteroidaceae;_g__Bacteroides.12,dropped,genus,0.0005578281889178133,53.333333333333336,1.2703423692811544,0.03333333333333333,5.477225575051662,0.025457924427363957
k__Bacteria;_p__Bacteroidetes;_c__Bacteroidia;_o__Bacteroidales;_f__Bacteroidaceae;_g__Bacteroides.13,dropped,genus,0.004462625511342506,63.541666666666664,5.940166715664702,0.03333333333333333,5.477225575051662,0.022104823272294905
k__Bacteria;_p__Bacteroidetes;_c__Bacteroidia;_o__Bacteroidales;_f__Bacteroidaceae;_g__Bacteroides.14,dropped,genus,0.0011156563778356265,52.5,2.375740239080819,0.03333333333333333,5.477225575051662,0.01316167716165683
k__Bacteria;_p__Bacteroidetes;_c__Bacteroidia;_o__Bacteroidales;_f__Bacteroidaceae;_g__Bacteroides.2,kept,genus,0.02658981033841577,3172.3076923076924,1059.7655546908645,0.23333333333333334,3.3469831425907794,0.014793097170060136
k__Bacteria;_p__Bacteroidetes;_c__Bacteroidia;_o__Bacteroidales;_f__Bacteroidaceae;_g__Bacteroides.3,kept,genus,0.012272220156191893,418.6666666666667,214.62455362626213,0.2,4.047731561127137,0.016577340939723777
k__Bacteria;_p__Bacteroidetes;_c__Bacteroidia;_o__Bacteroidales;_f__Bacteroidaceae;_g__Bacteroides.4,kept,genus,0.03904797322424693,228.11428571428573,122.02404044690905,0.2,3.391452093386264,0.012582649485633812
k__Bacteria;_p__Bacteroidetes;_c__Bacteroidia;_o__Bacteroidales;_f__Bacteroidaceae;_g__Bacteroides.5,kept,genus,0.07381926366679063,3192.7833753148616,1545.6299891424014,0.16666666666666666,3.3158096138170703,0.006978474850426642
k__Bacteria;_p__Bacteroidetes;_c__Bacteroidia;_o__Bacteroidales;_f__Bacteroidaceae;_g__Bacteroides.6,kept,genus,0.03198214949795463,244.84883720930233,69.89275243012543,0.1,5.018874318596954,0.011003787464474064
k__Bacteria;_p__Bacteroidetes;_c__Bacteroidia;_o__Bacteroidales;_f__Bacteroidaceae;_g__Bacteroides.7,kept,genus,0.0630345853477129,538.9380530973451,174.4500962995895,0.06666666666666667,3.9188474467535275,0.007521468189190387
k__Bacteria;_p__Bacteroidetes;_c__Bacteroidia;_o__Bacteroidales;_f__Bacteroidaceae;_g__Bacteroides.8,dropped,genus,0.05317962067683154,769.020979020979,244.2780446218438,0.03333333333333333,5.47722557505166,0.022239361917292113
k__Bacteria;_p__Bacteroidetes;_c__Bacteroidia;_o__Bacteroidales;_f__Bacteroidaceae;_g__Bacteroides.9,dropped,genus,0.050204537002603196,364.3296296296296,145.1647903697913,0.03333333333333333,5.47722557505166,0.031165664697378893
k__Bacteria;_p__Bacteroidetes;_c__Bacteroidia;_o__Bacteroidales;_f__Bacteroidaceae;_g__Bacteroides;_s__,kept,genus,0.04704351059873559,705.5454545454545,868.8993931973051,0.26666666666666666,2.7044126894993665,0.025021180859030236
k__Bacteria;_p__Bacteroidetes;_c__Bacteroidia;_o__Bacteroidales;_f__Bacteroidaceae;_g__Bacteroides;_s__.1,kept,genus,0.06582372629230197,4984.050847457627,1546.0275961247435,0.26666666666666666,3.073460785552276,0.016587787447265242
k__Bacteria;_p__Bacteroidetes;_c__Bacteroidia;_o__Bacteroidales;_f__Bacteroidaceae;_g__Bacteroides;_s__.10,dropped,genus,0.0005578281889178133,31.666666666666668,0.7785627243370775,0.03333333333333333,5.47722557505166,0.007224111922735984
k__Bacteria;_p__Bacteroidetes;_c__Bacteroidia;_o__Bacteroidales;_f__Bacteroidaceae;_g__Bacteroides;_s__.11,dropped,genus,0.0005578281889178133,200.33333333333334,5.247914422312458,0.03333333333333333,5.47722557505166,0.02916569028722603
k__Bacteria;_p__Bacteroidetes;_c__Bacteroidia;_o__Bacteroidales;_f__Bacteroidaceae;_g__Bacteroides;_s__.12,dropped,genus,0.0013015991074748978,245.0,10.0350705522419,0.03333333333333333,5.477225575051661,0.012284563442439259
k__Bacteria;_p__Bacteroidetes;_c__Bacteroidia;_o__Bacteroidales;_f__Bacteroidaceae;_g__Bacteroides;_s__.13,dropped,genus,0.0009297136481963555,273.2,8.567632224579137,0.03333333333333333,5.47722557505166,0.017168281246804043
k__Bacteria;_p__Bacteroidetes;_c__Bacteroidia;_o__Bacteroidales;_f__Bacteroidaceae;_g__Bacteroides;_s__.14,dropped,genus,0.0009297136481963555,248.2,8.322098555625011,0.03333333333333333,5.47722557505166,0.014240927520105069
k__Bacteria;_p__Bacteroidetes;_c__Bacteroidia;_o__Bacteroidales;_f__Bacteroidaceae;_g__Bacteroides;_s__.15,dropped,genus,0.003904797322424693,843.6190476190476,82.68439881757426,0.03333333333333333,5.47722557505166,0.01392770567289412
k__Bacteria;_p__Bacteroidetes;_c__Bacteroidia;_o__Bacteroidales;_f__Bacteroidaceae;_g__Bacteroides;_s__.16,dropped,genus,0.0009297136481963555,316.6,10.015879600944444,0.03333333333333333,5.47722557505166,0.011396056365772884
k__Bacteria;_p__Bacteroidetes;_c__Bacteroidia;_o__Bacteroidales;_f__Bacteroidaceae;_g__Bacteroides;_s__.17,dropped,genus,0.0007437709185570844,458.5,13.714662920565972,0.03333333333333333,5.477225575051661,0.01165732626915837
k__Bacteria;_p__Bacteroidetes;_c__Bacteroidia;_o__Bacteroidales;_f__Bacteroidaceae;_g__Bacteroides;_s__.18,dropped,genus,0.0005578281889178133,7.666666666666667,0.21341543458952988,0.03333333333333333,5.47722557505166,0.015524725434808605
k__Bacteria;_p__Bacteroidetes;_c__Bacteroidia;_o__Bacteroidales;_f__Bacteroidaceae;_g__Bacteroides;_s__.19,dropped,genus,0.0024172554853105245,253.84615384615384,14.610401875874723,0.03333333333333333,5.477225575051661,0.01415442668472803
k__Bacteria;_p__Bacteroidetes;_c__Bacteroidia;_o__Bacteroidales;_f__Bacteroidaceae;_g__Bacteroides;_s__.2,kept,genus,0.024544440312383786,111.38636363636364,38.01611844983413,0.23333333333333334,3.0367396398707696,0.01645864084153157
k__Bacteria;_p__Bacteroidetes;_c__Bacteroidia;_o__Bacteroidales;_f__Bacteroidaceae;_g__Bacteroides;_s__.20,dropped,genus,0.01171439196727408,981.4920634920635,158.78213532901654,0.03333333333333333,5.477225575051661,0.019532023162835976
k__Bacteria;_p__Bacteroidetes;_c__Bacteroidia;_o__Bacteroidales;_f__Bacteroidaceae;_g__Bacteroides;_s__.21,dropped,genus,0.0024172554853105245,232.3846153846154,15.27889631532902,0.03333333333333333,5.477225575051661,0.010696392933408834
k__Bacteria;_p__Bacteroidetes;_c__Bacteroidia;_o__Bacteroidales;_f__Bacteroidaceae;_g__Bacteroides;_s__.22,dropped,genus,0.0005578281889178133,214.33333333333334,5.53263303492297,0.03333333333333333,5.47722557505166,0.0102302684107937
k__Bacteria;_p__Bacteroidetes;_c__Bacteroidia;_o__Bacteroidales;_f__Bacteroidaceae;_g__Bacteroides;_s__.23,dropped,genus,0.0014875418371141688,332.25,13.655477661763427,0.03333333333333333,5.477225575051661,0.017541695341386963
k__Bacteria;_p__Bacteroidetes;_c__Bacteroidia;_o__Bacteroidales;_f__Bacteroidaceae;_g__Bacteroides;_s__.24,dropped,genus,0.0007437709185570844,282.0,8.217896995554888,0.03333333333333333,5.477225575051661,0.0230194998050135
k__Bacteria;_p__Bacteroidetes;_c__Bacteroidia;_o__Bacteroidales;_f__Bacteroidaceae;_g__Bacteroides;_s__.25,dropped,genus,0.002231312755671253,438.1666666666667,33.789718629645535,0.03333333333333333,5.47722557505166,0.01465891169694251
k__Bacteria;_p__Bacteroidetes;_c__Bacteroidia;_o__Bacteroidales;_f__Bacteroidaceae;_g__Bacteroides;_s__.3,kept,genus,0.027519523986612122,868.5202702702703,546.5487654517324,0.2,2.5828882719125486,0.011935352937240063
k__Bacteria;_p__Bacteroidetes;_c__Bacteroidia;_o__Bacteroidales;_f__Bacteroidaceae;_g__Bacteroides;_s__.4,kept,genus,0.012830048345109707,93.8695652173913,16.700004945576957,0.13333333333333333,3.020055561254541,0.014846333549596354
k__Bacteria;_p__Bacteroidetes;_c__Bacteroidia;_o__Bacteroidales;_f__Bacteroidaceae;_g__Bacteroides;_s__.5,kept,genus,0.01878021569356638,285.9504950495049,88.44921221117279,0.1,4.185103454779632,0.017913816449903197
k__Bacteria;_p__Bacteroidetes;_c__Bacteroidia;_o__Bacteroidales;_f__Bacteroidaceae;_g__Bacteroides;_s__.6,kept,genus,0.011156563778356266,151.55,29.188480772567008,0.06666666666666667,4.722638888252722,0.014101660030728798
k__Bacteria;_p__Bacteroidetes;_c__Bacteroidia;_o__Bacteroidales;_f__Bacteroidaceae;_g__Bacteroides;_s__.7,dropped,genus,0.004462625511342506,753.5833333333334,92.29938461219824,0.03333333333333333,5.47722557505166,0.013921361565523378
k__Bacteria;_p__Bacteroidetes;_c__Bacteroidia;_o__Bacteroidales;_f__Bacteroidaceae;_g__Bacteroides;_s__.8,dropped,genus,0.0005578281889178133,86.66666666666667,2.080106284724799,0.03333333333333333,5.47722557505166,0.015693697398876626
k__Bacteria;_p__Bacteroidetes;_c__Bacteroidia;_o__Bacteroidales;_f__Bacteroidaceae;_g__Bacteroides;_s__.9,dropped,genus,0.0007437709185570844,253.75,8.241016063567024,0.03333333333333333,5.477225575051661,0.016953671069560968
k__Bacteria;_p__Bacteroidetes;_c__Bacteroidia;_o__Bacteroidales;_f__Bacteroidaceae;_g__Bacteroides;_s__acidifaciens,kept,species,0.004090740052063964,63.36363636363637,4.956884392589787,0.06666666666666667,4.422720972989712,0.01021249878696812
k__Bacteria;_p__Bacteroidetes;_c__Bacteroidia;_o__Bacteroidales;_f__Bacteroidaceae;_g__Bacteroides;_s__barnesiae,kept,species,0.008181480104127928,603.2045454545455,84.74380249315357,0.06666666666666667,3.914803895506438,0.01764152647792428
k__Bacteria;_p__Bacteroidetes;_c__Bacteroidia;_o__Bacteroidales;_f__Bacteroidaceae;_g__Bacteroides;_s__barnesiae.1,dropped,species,0.0026031982149497955,73.14285714285714,6.327480866720509,0.03333333333333333,5.477225575051663,0.01739335255497907
k__Bacteria;_p__Bacteroidetes;_c__Bacteroidia;_o__Bacteroidales;_f__Bacteroidaceae;_g__Bacteroides;_s__caccae,kept,species,0.02714763852733358,512.7397260273973,189.68184814239677,0.23333333333333334,2.4280153340564707,0.016522412559710764
k__Bacteria;_p__Bacteroidetes;_c__Bacteroidia;_o__Bacteroidales;_f__Bacteroidaceae;_g__Bacteroides;_s__caccae.1,kept,species,0.010412792859799182,391.2142857142857,108.52887542683902,0.06666666666666667,4.072893818917441,0.007191370029377575
k__Bacteria;_p__Bacteroidetes;_c__Bacteroidia;_o__Bacteroidales;_f__Bacteroidaceae;_g__Bacteroides;_s__coprophilus,kept,species,0.029378951283004835,311.9493670886076,182.02282372554498,0.16666666666666666,3.5010583173255982,0.012962436660981942
k__Bacteria;_p__Bacteroidetes;_c__Bacteroidia;_o__Bacteroidales;_f__Bacteroidaceae;_g__Bacteroides;_s__coprophilus.1,dropped,species,0.0009297136481963555,168.4,5.274890486848707,0.03333333333333333,5.47722557505166,0.012794064920286962
k__Bacteria;_p__Bacteroidetes;_c__Bacteroidia;_o__Bacteroidales;_f__Bacteroidaceae;_g__Bacteroides;_s__eggerthii,kept,species,0.007995537374488658,177.58139534883722,45.62641099765354,0.2,2.2619251058132503,0.017807048774685426
k__Bacteria;_p__Bacteroidetes;_c__Bacteroidia;_o__Bacteroidales;_f__Bacteroidaceae;_g__Bacteroides;_s__eggerthii.1,kept,species,0.013201933804388248,2322.887323943662,556.0381443141664,0.1,4.819373200047994,0.010057833284280766
k__Bacteria;_p__Bacteroidetes;_c__Bacteroidia;_o__Bacteroidales;_f__Bacteroidaceae;_g__Bacteroides;_s__eggerthii.2,dropped,species,0.0014875418371141688,119.5,5.441457419816197,0.03333333333333333,5.477225575051659,0.015822292336539534
k__Bacteria;_p__Bacteroidetes;_c__Bacteroidia;_o__Bacteroidales;_f__Bacteroidaceae;_g__Bacteroides;_s__fragilis,kept,species,0.07753811825957604,883.4892086330935,340.917006227079,0.23333333333333334,2.5577053148926736,0.015652882775005473
k__Bacteria;_p__Bacteroidetes;_c__Bacteroidia;_o__Bacteroidales;_f__Bacteroidaceae;_g__Bacteroides;_s__fragilis.1,kept,species,0.0042766827817032355,18.391304347826086,2.5836112947859875,0.1,3.2381567525446355,0.009477449149547224
k__Bacteria;_p__Bacteroidetes;_c__Bacteroidia;_o__Bacteroidales;_f__Bacteroidaceae;_g__Bacteroides;_s__fragilis.2,dropped,species,0.0076236519152101155,270.7317073170732,45.468973609988524,0.03333333333333333,5.477225575051663,0.01827586561325855
k__Bacteria;_p__Bacteroidetes;_c__Bacteroidia;_o__Bacteroidales;_f__Bacteroidaceae;_g__Bacteroides;_s__ovatus,kept,species,0.03198214949795463,1141.5523255813953,482.60807902320505,0.2,2.8624364000410596,0.012141704879541092
k__Bacteria;_p__Bacteroidetes;_c__Bacteroidia;_o__Bacteroidales;_f__Bacteroidaceae;_g__Bacteroides;_s__ovatus.1,kept,species,0.017850502045370024,191.09375,51.68763208178109,0.13333333333333333,3.3508200625809974,0.010777801492686938
k__Bacteria;_p__Bacteroidetes;_c__Bacteroidia;_o__Bacteroidales;_f__Bacteroidaceae;_g__Bacteroides;_s__ovatus.2,kept,species,0.005206396429899591,98.78571428571429,8.872365876166969,0.06666666666666667,4.677304374730757,0.016360169817037414
k__Bacteria;_p__Bacteroidetes;_c__Bacteroidia;_o__Bacteroidales;_f__Bacteroidaceae;_g__Bacteroides;_s__ovatus.3,dropped,species,0.0013015991074748978,5.285714285714286,0.2863016808951322,0.03333333333333333,5.477225575051661,0.012518427452463699
k__Bacteria;_p__Bacteroidetes;_c__Bacteroidia;_o__Bacteroidales;_f__Bacteroidaceae;_g__Bacteroides;_s__ovatus.4,dropped,species,0.007065823726292302,232.8421052631579,40.12541034510387,0.03333333333333333,5.477225575051662,0.01620160682503445
k__Bacteria;_p__Bacteroidetes;_c__Bacteroidia;_o__Bacteroidales;_f__Bacteroidaceae;_g__Bacteroides;_s__plebeius,kept,species,0.02863518036444775,1060.6623376623377,719.0057321316443,0.26666666666666666,2.4308071043734794,0.013896348471522673
k__Bacteria;_p__Bacteroidetes;_c__Bacteroidia;_o__Bacteroidales;_f__Bacteroidaceae;_g__Bacteroides;_s__plebeius.1,kept,species,0.017664559315730754,380.09473684210525,100.53513291614405,0.06666666666666667,5.059212576828203,0.01544902944871674
k__Bacteria;_p__Bacteroidetes;_c__Bacteroidia;_o__Bacteroidales;_f__Bacteroidaceae;_g__Bacteroides;_s__plebeius.2,kept,species,0.05522499070286352,1724.111111111111,615.9456902178263,0.06666666666666667,4.99455076501939,0.023554386913677342
k__Bacteria;_p__Bacteroidetes;_c__Bacteroidia;_o__Bacteroidales;_f__Bacteroidaceae;_g__Bacteroides;_s__plebeius.3,dropped,species,0.0014875418371141688,617.25,28.568812552790853,0.03333333333333333,5.477225575051661,0.01408325196019696
k__Bacteria;_p__Bacteroidetes;_c__Bacteroidia;_o__Bacteroidales;_f__Bacteroidaceae;_g__Bacteroides;_s__plebeius.4,dropped,species,0.0005578281889178133,24.666666666666668,0.7324896945454626,0.03333333333333333,5.47722557505166,0.027101861141883406
k__Bacteria;_p__Bacteroidetes;_c__Bacteroidia;_o__Bacteroidales;_f__Bacteroidaceae;_g__Bacteroides;_s__plebeius.5,dropped,species,0.0009297136481963555,36.6,1.8313073531012252,0.03333333333333333,5.47722557505166,0.022721121203547724
k__Bacteria;_p__Bacteroidetes;_c__Bacteroidia;_o__Bacteroidales;_f__Bacteroidaceae;_g__Bacteroides;_s__plebeius.6,dropped,species,0.0005578281889178133,247.66666666666666,6.46051152246216,0.03333333333333333,5.47722557505166,0.016823125927091755
k__Bacteria;_p__Bacteroidetes;_c__Bacteroidia;_o__Bacteroidales;_f__Bacteroidaceae;_g__Bacteroides;_s__plebeius.7,dropped,species,0.0005578281889178133,308.3333333333333,8.50898400334572,0.03333333333333333,5.47722557505166,0.02549884188630102
k__Bacteria;_p__Bacteroidetes;_c__Bacteroidia;_o__Bacteroidales;_f__Bacteroidaceae;_g__Bacteroides;_s__plebeius.8,dropped,species,0.010226850130159911,4025.8727272727274,742.4540777953074,0.03333333333333333,5.477225575051661,0.012111595272706673
k__Bacteria;_p__Bacteroidetes;_c__Bacteroidia;_o__Bacteroidales;_f__Bacteroidaceae;_g__Bacteroides;_s__uniformis,kept,species,0.11937523242841205,1279.9392523364486,702.4549375640744,0.26666666666666666,1.90974062759873,0.02015904556527529
k__Bacteria;_p__Bacteroidetes;_c__Bacteroidia;_o__Bacteroidales;_f__Bacteroidaceae;_g__Bacteroides;_s__uniformis.1,kept,species,0.0046485682409817776,275.08,24.878433038368584,0.06666666666666667,4.241447908693092,0.023839625820573987
k__Bacteria;_p__Bacteroidetes;_c__Bacteroidia;_o__Bacteroidales;_f__Bacteroidaceae;_g__Bacteroides;_s__uniformis.2,dropped,species,0.0005578281889178133,222.33333333333334,5.265470243735222,0.03333333333333333,5.47722557505166,0.010499816619554273
k__Bacteria;_p__Bacteroidetes;_c__Bacteroidia;_o__Bacteroidales;_f__Porphyromonadaceae,dropped,family,0.0013015991074748978,38.285714285714285,1.4477859716515642,0.03333333333333333,5.477225575051663,0.018369578062796547
k__Bacteria;_p__Bacteroidetes;_c__Bacteroidia;_o__Bacteroidales;_f__Porphyromonadaceae.1,dropped,family,0.0007437709185570844,44.75,1.579876367863868,0.03333333333333333,5.477225575051662,0.023984850002241747
k__Bacteria;_p__Bacteroidetes;_c__Bacteroidia;_o__Bacteroidales;_f__Porphyromonadaceae.10,dropped,family,0.05317962067683154,460.15384615384613,151.70089763313848,0.03333333333333333,5.47722557505166,0.013085272036828965
k__Bacteria;_p__Bacteroidetes;_c__Bacteroidia;_o__Bacteroidales;_f__Porphyromonadaceae.11,dropped,family,0.0005578281889178133,7.666666666666667,0.18138271855060517,0.03333333333333333,5.477225575051662,0.013646735876358599
k__Bacteria;_p__Bacteroidetes;_c__Bacteroidia;_o__Bacteroidales;_f__Porphyromonadaceae.2,dropped,family,0.011342506507995537,41.80327868852459,6.15971946073431,0.03333333333333333,5.477225575051662,0.023263941672473698
k__Bacteria;_p__Bacteroidetes;_c__Bacteroidia;_o__Bacteroidales;_f__Porphyromonadaceae.3,dropped,family,0.004834510970621049,36.53846153846154,3.6938892858187127,0.03333333333333333,5.477225575051662,0.015094185956608957
k__Bacteria;_p__Bacteroidetes;_c__Bacteroidia;_o__Bacteroidales;_f__Porphyromonadaceae.4,dropped,family,0.00167348456675344,46.0,2.27495072712454,0.03333333333333333,5.477225575051663,0.012428819794493003
k__Bacteria;_p__Bacteroidetes;_c__Bacteroidia;_o__Bacteroidales;_f__Porphyromonadaceae.5,dropped,family,0.01822238750464857,30.785714285714285,6.00796841673149,0.03333333333333333,5.477225575051662,0.017705833135723832
k__Bacteria;_p__Bacteroidetes;_c__Bacteroidia;_o__Bacteroidales;_f__Porphyromonadaceae.6,dropped,family,0.00167348456675344,53.77777777777778,2.447455697245731,0.03333333333333333,5.477225575051663,0.013034060270422325
k__Bacteria;_p__Bacteroidetes;_c__Bacteroidia;_o__Bacteroidales;_f__Porphyromonadaceae.7,dropped,family,0.019152101152844925,92.22330097087378,21.919515658553987,0.03333333333333333,5.477225575051661,0.014513471965305665
k__Bacteria;_p__Bacteroidetes;_c__Bacteroidia;_o__Bacteroidales;_f__Porphyromonadaceae.8,dropped,family,0.0007437709185570844,32.25,0.8888273642898947,0.03333333333333333,5.477225575051662,0.026849586861741704
k__Bacteria;_p__Bacteroidetes;_c__Bacteroidia;_o__Bacteroidales;_f__Porphyromonadaceae.9,dropped,family,0.00167348456675344,30.22222222222222,1.2613069207876013,0.03333333333333333,5.477225575051663,0.009254930029708912
k__Bacteria;_p__Bacteroidetes;_c__Bacteroidia;_o__Bacteroidales;_f__Porphyromonadaceae;_g__Parabacteroides,kept,genus,0.00502045370026032,40.148148148148145,5.432314797053208,0.1,3.535414683634665,0.02250677970691626
k__Bacteria;_p__Bacteroidetes;_c__Bacteroidia;_o__Bacteroidales;_f__Porphyromonadaceae;_g__Parabacteroides;_s__,kept,genus,0.01338787653402752,185.81944444444446,55.57853650063521,0.23333333333333334,3.641847912674566,0.010743814212936732
k__Bacteria;_p__Bacteroidetes;_c__Bacteroidia;_o__Bacteroidales;_f__Porphyromonadaceae;_g__Parabacteroides;_s__.1,kept,genus,0.012830048345109707,794.0,192.01963888699876,0.13333333333333333,4.027431278578476,0.00781565087315587
k__Bacteria;_p__Bacteroidetes;_c__Bacteroidia;_o__Bacteroidales;_f__Porphyromonadaceae;_g__Parabacteroides;_s__.2,kept,genus,0.012644105615470434,168.77941176470588,40.38709005163696,0.1,4.018141967542884,0.0108260446998706
k__Bacteria;_p__Bacteroidetes;_c__Bacteroidia;_o__Bacteroidales;_f__Porphyromonadaceae;_g__Parabacteroides;_s__.3,kept,genus,0.017850502045370024,138.59375,40.79251367062655,0.06666666666666667,4.120507085394533,0.01464619374074602
k__Bacteria;_p__Bacteroidetes;_c__Bacteroidia;_o__Bacteroidales;_f__Porphyromonadaceae;_g__Parabacteroides;_s__.4,dropped,genus,0.0013015991074748978,38.285714285714285,1.4580262650014084,0.03333333333333333,5.477225575051661,0.02785940269675049
k__Bacteria;_p__Bacteroidetes;_c__Bacteroidia;_o__Bacteroidales;_f__Porphyromonadaceae;_g__Parabacteroides;_s__.5,dropped,genus,0.0005578281889178133,9.0,0.23017020642558916,0.03333333333333333,5.477225575051661,0.03289752719609534
k__Bacteria;_p__Bacteroidetes;_c__Bacteroidia;_o__Bacteroidales;_f__Porphyromonadaceae;_g__Parabacteroides;_s__.6,dropped,genus,0.0005578281889178133,63.333333333333336,1.8183905165202976,0.03333333333333333,5.477225575051661,0.00681261969241634
k__Bacteria;_p__Bacteroidetes;_c__Bacteroidia;_o__Bacteroidales;_f__Porphyromonadaceae;_g__Parabacteroides;_s__distasonis,kept,species,0.0334696913350688,814.5333333333333,453.1653035308492,0.23333333333333334,2.751395201611364,0.02943282035424662
k__Bacteria;_p__Bacteroidetes;_c__Bacteroidia;_o__Bacteroidales;_f__Porphyromonadaceae;_g__Parabacteroides;_s__distasonis.1,kept,species,0.06805503904797322,683.9453551912568,309.3335199252475,0.23333333333333334,3.3155244682330993,0.017259832065915616
k__Bacteria;_p__Bacteroidetes;_c__Bacteroidia;_o__Bacteroidales;_f__Porphyromonadaceae;_g__Parabacteroides;_s__distasonis.2,kept,species,0.0011156563778356265,6.5,0.2509854785708794,0.06666666666666667,3.8406151281060152,0.007346837287918873
k__Bacteria;_p__Bacteroidetes;_c__Bacteroidia;_o__Bacteroidales;_f__Porphyromonadaceae;_g__Parabacteroides;_s__distasonis.3,dropped,species,0.0007437709185570844,103.25,2.8352336956082995,0.03333333333333333,5.477225575051661,0.009011425339854018
k__Bacteria;_p__Bacteroidetes;_c__Bacteroidia;_o__Bacteroidales;_f__Porphyromonadaceae;_g__Parabacteroides;_s__distasonis.4,dropped,species,0.0024172554853105245,478.9230769230769,26.022558874225535,0.03333333333333333,5.477225575051661,0.011221258852689172
k__Bacteria;_p__Bacteroidetes;_c__Bacteroidia;_o__Bacteroidales;_f__Porphyromonadaceae;_g__Parabacteroides;_s__distasonis.5,dropped,species,0.002231312755671253,405.9166666666667,24.56156446312394,0.03333333333333333,5.47722557505166,0.02061984992758724
k__Bacteria;_p__Bacteroidetes;_c__Bacteroidia;_o__Bacteroidales;_f__Porphyromonadaceae;_g__Parabacteroides;_s__gordonii,kept,species,0.004834510970621049,243.3846153846154,51.99140174883998,0.1,3.4099692307643115,0.012078826944861206
k__Bacteria;_p__Bacteroidetes;_c__Bacteroidia;_o__Bacteroidales;_f__Porphyromonadaceae;_g__Porphyromonas;_s__,kept,genus,0.0014875418371141688,29.25,1.8131941839131587,0.06666666666666667,4.273300061927688,0.01660388163818837
k__Bacteria;_p__Bacteroidetes;_c__Bacteroidia;_o__Bacteroidales;_f__Porphyromonadaceae;_g__Porphyromonas;_s__.1,kept,genus,0.0014875418371141688,23.0,1.2283993588160544,0.06666666666666667,4.612932244692713,0.012777247752512877
k__Bacteria;_p__Bacteroidetes;_c__Bacteroidia;_o__Bacteroidales;_f__Prevotellaceae;_g__;_s__,kept,family,0.00334696913350688,272.72222222222223,24.981950336903846,0.06666666666666667,4.140551770277819,0.01410779615543262
k__Bacteria;_p__Bacteroidetes;_c__Bacteroidia;_o__Bacteroidales;_f__Prevotellaceae;_g__;_s__.1,dropped,family,0.0005578281889178133,130.33333333333334,3.693445855741899,0.03333333333333333,5.47722557505166,0.011718770570091934
k__Bacteria;_p__Bacteroidetes;_c__Bacteroidia;_o__Bacteroidales;_f__Prevotellaceae;_g__Prevotella,kept,genus,0.0024172554853105245,157.46153846153845,15.360971034220116,0.13333333333333333,2.854000430135676,0.016295069462291444
k__Bacteria;_p__Bacteroidetes;_c__Bacteroidia;_o__Bacteroidales;_f__Prevotellaceae;_g__Prevotella.1,kept,genus,0.014131647452584604,127.73684210526316,29.225384099426694,0.06666666666666667,4.966377021727978,0.017351003542182213
k__Bacteria;_p__Bacteroidetes;_c__Bacteroidia;_o__Bacteroidales;_f__Prevotellaceae;_g__Prevotella.10,dropped,genus,0.002045370026031982,67.0909090909091,6.219958149103281,0.03333333333333333,5.47722557505166,0.013447119504274773
k__Bacteria;_p__Bacteroidetes;_c__Bacteroidia;_o__Bacteroidales;_f__Prevotellaceae;_g__Prevotella.11,dropped,genus,0.00167348456675344,122.66666666666667,6.152203928027334,0.03333333333333333,5.477225575051663,0.015505322736576987
k__Bacteria;_p__Bacteroidetes;_c__Bacteroidia;_o__Bacteroidales;_f__Prevotellaceae;_g__Prevotella.12,dropped,genus,0.0009297136481963555,5.8,0.18440380999650258,0.03333333333333333,5.477225575051663,0.013149304201818384
k__Bacteria;_p__Bacteroidetes;_c__Bacteroidia;_o__Bacteroidales;_f__Prevotellaceae;_g__Prevotella.13,dropped,genus,0.008181480104127928,102.72727272727273,23.260630485147157,0.03333333333333333,5.47722557505166,0.024887331766064547
k__Bacteria;_p__Bacteroidetes;_c__Bacteroidia;_o__Bacteroidales;_f__Prevotellaceae;_g__Prevotella.14,dropped,genus,0.004834510970621049,109.1923076923077,21.34609165264118,0.03333333333333333,5.477225575051662,0.013584908717230703
k__Bacteria;_p__Bacteroidetes;_c__Bacteroidia;_o__Bacteroidales;_f__Prevotellaceae;_g__Prevotella.15,dropped,genus,0.0029750836742283376,13.625,1.421634903323597,0.03333333333333333,5.477225575051662,0.023040284048963848
k__Bacteria;_p__Bacteroidetes;_c__Bacteroidia;_o__Bacteroidales;_f__Prevotellaceae;_g__Prevotella.2,kept,genus,0.0031610264038676086,235.41176470588235,20.353322910197324,0.06666666666666667,3.9650005996124227,0.012703286581316238
k__Bacteria;_p__Bacteroidetes;_c__Bacteroidia;_o__Bacteroidales;_f__Prevotellaceae;_g__Prevotella.3,dropped,genus,0.004834510970621049,427.5,122.92062409566093,0.03333333333333333,5.477225575051662,0.029897321781261137
k__Bacteria;_p__Bacteroidetes;_c__Bacteroidia;_o__Bacteroidales;_f__Prevotellaceae;_g__Prevotella.4,dropped,genus,0.0042766827817032355,577.5652173913044,112.95218933898482,0.03333333333333333,5.477225575051662,0.026788528186331418
k__Bacteria;_p__Bacteroidetes;_c__Bacteroidia;_o__Bacteroidales;_f__Prevotellaceae;_g__Prevotella.5,dropped,genus,0.0014875418371141688,6.875,0.27762560410396203,0.03333333333333333,5.477225575051662,0.022998485000249338
k__Bacteria;_p__Bacteroidetes;_c__Bacteroidia;_o__Bacteroidales;_f__Prevotellaceae;_g__Prevotella.6,dropped,genus,0.003718854592785422,72.25,7.789454955586055,0.03333333333333333,5.477225575051663,0.011488689822596572
k__Bacteria;_p__Bacteroidetes;_c__Bacteroidia;_o__Bacteroidales;_f__Prevotellaceae;_g__Prevotella.7,dropped,genus,0.0013015991074748978,11.0,0.4909251883469238,0.03333333333333333,5.477225575051663,0.01970622500172466
k__Bacteria;_p__Bacteroidetes;_c__Bacteroidia;_o__Bacteroidales;_f__Prevotellaceae;_g__Prevotella.8,dropped,genus,0.003904797322424693,236.66666666666666,62.23016521255803,0.03333333333333333,5.477225575051662,0.02560694766499417
k__Bacteria;_p__Bacteroidetes;_c__Bacteroidia;_o__Bacteroidales;_f__Prevotellaceae;_g__Prevotella.9,dropped,genus,0.004090740052063964,22.136363636363637,1.8308059705788173,0.03333333333333333,5.47722557505166,0.021066818491628482
k__Bacteria;_p__Bacteroidetes;_c__Bacteroidia;_o__Bacteroidales;_f__Prevotellaceae;_g__Prevotella;_s__,kept,genus,0.014875418371141688,132.4875,101.3463215224196,0.23333333333333334,2.3681913244401165,0.02209263705322241
k__Bacteria;_p__Bacteroidetes;_c__Bacteroidia;_o__Bacteroidales;_f__Prevotellaceae;_g__Prevotella;_s__.1,kept,genus,0.005578281889178133,326.8,42.28071892410903,0.13333333333333333,3.387128331622232,0.016304251821938027
k__Bacteria;_p__Bacteroidetes;_c__Bacteroidia;_o__Bacteroidales;_f__Prevotellaceae;_g__Prevotella;_s__.10,dropped,genus,0.0009297136481963555,161.0,5.185574339254866,0.03333333333333333,5.47722557505166,0.009679031308701173
k__Bacteria;_p__Bacteroidetes;_c__Bacteroidia;_o__Bacteroidales;_f__Prevotellaceae;_g__Prevotella;_s__.11,dropped,genus,0.002231312755671253,609.75,36.04336834377332,0.03333333333333333,5.47722557505166,0.023523693314832374
k__Bacteria;_p__Bacteroidetes;_c__Bacteroidia;_o__Bacteroidales;_f__Prevotellaceae;_g__Prevotella;_s__.12,dropped,genus,0.0007437709185570844,183.0,5.241115252251034,0.03333333333333333,5.477225575051661,0.008719473664935262
k__Bacteria;_p__Bacteroidetes;_c__Bacteroidia;_o__Bacteroidales;_f__Prevotellaceae;_g__Prevotella;_s__.13,dropped,genus,0.0011156563778356265,420.1666666666667,15.51964716127557,0.03333333333333333,5.47722557505166,0.025903805236581565
k__Bacteria;_p__Bacteroidetes;_c__Bacteroidia;_o__Bacteroidales;_f__Prevotellaceae;_g__Prevotella;_s__.14,dropped,genus,0.0014875418371141688,481.75,27.315431768476607,0.03333333333333333,5.477225575051661,0.018811184430497268
k__Bacteria;_p__Bacteroidetes;_c__Bacteroidia;_o__Bacteroidales;_f__Prevotellaceae;_g__Prevotella;_s__.15,dropped,genus,0.0007437709185570844,250.5,7.109119378938358,0.03333333333333333,5.477225575051661,0.015460580151335734
k__Bacteria;_p__Bacteroidetes;_c__Bacteroidia;_o__Bacteroidales;_f__Prevotellaceae;_g__Prevotella;_s__.16,dropped,genus,0.0009297136481963555,367.2,12.084855938449724,0.03333333333333333,5.47722557505166,0.014993735304279372
k__Bacteria;_p__Bacteroidetes;_c__Bacteroidia;_o__Bacteroidales;_f__Prevotellaceae;_g__Prevotella;_s__.17,dropped,genus,0.0009297136481963555,407.8,13.711620752057952,0.03333333333333333,5.47722557505166,0.01517122165037473
k__Bacteria;_p__Bacteroidetes;_c__Bacteroidia;_o__Bacteroidales;_f__Prevotellaceae;_g__Prevotella;_s__.18,dropped,genus,0.0005578281889178133,117.33333333333333,3.00173407672398,0.03333333333333333,5.47722557505166,0.021921919056684294
k__Bacteria;_p__Bacteroidetes;_c__Bacteroidia;_o__Bacteroidales;_f__Prevotellaceae;_g__Prevotella;_s__.2,kept,genus,0.0014875418371141688,97.375,4.822729997481081,0.06666666666666667,3.8932251755645537,0.018196704806684547
k__Bacteria;_p__Bacteroidetes;_c__Bacteroidia;_o__Bacteroidales;_f__Prevotellaceae;_g__Prevotella;_s__.3,kept,genus,0.003532911863146151,498.42105263157896,45.67147951443316,0.06666666666666667,4.705663995978372,0.020039526667067764
k__Bacteria;_p__Bacteroidetes;_c__Bacteroidia;_o__Bacteroidales;_f__Prevotellaceae;_g__Prevotella;_s__.4,kept,genus,0.0013015991074748978,179.85714285714286,11.260820355609175,0.06666666666666667,4.035961718647995,0.004661473670652683
k__Bacteria;_p__Bacteroidetes;_c__Bacteroidia;_o__Bacteroidales;_f__Prevotellaceae;_g__Prevotella;_s__.5,kept,genus,0.0011156563778356265,116.66666666666667,4.982634677409593,0.06666666666666667,3.8932251755645537,0.008679937385844723
k__Bacteria;_p__Bacteroidetes;_c__Bacteroidia;_o__Bacteroidales;_f__Prevotellaceae;_g__Prevotella;_s__.6,dropped,genus,0.0005578281889178133,377.3333333333333,10.215200965474883,0.03333333333333333,5.47722557505166,0.011904202385560765
k__Bacteria;_p__Bacteroidetes;_c__Bacteroidia;_o__Bacteroidales;_f__Prevotellaceae;_g__Prevotella;_s__.7,dropped,genus,0.0057642246188174045,1294.0645161290322,146.51990477811404,0.03333333333333333,5.477225575051661,0.013923553980266767
k__Bacteria;_p__Bacteroidetes;_c__Bacteroidia;_o__Bacteroidales;_f__Prevotellaceae;_g__Prevotella;_s__.8,dropped,genus,0.002045370026031982,235.63636363636363,11.618499854229121,0.03333333333333333,5.477225575051662,0.008825507691273726
k__Bacteria;_p__Bacteroidetes;_c__Bacteroidia;_o__Bacteroidales;_f__Prevotellaceae;_g__Prevotella;_s__.9,dropped,genus,0.0005578281889178133,531.6666666666666,14.15986436362339,0.03333333333333333,5.47722557505166,0.013402961580081836
k__Bacteria;_p__Bacteroidetes;_c__Bacteroidia;_o__Bacteroidales;_f__Prevotellaceae;_g__Prevotella;_s__copri,kept,species,0.02658981033841577,1522.1748251748252,904.699742323528,0.26666666666666666,2.135701333900519,0.016224994897623333
k__Bacteria;_p__Bacteroidetes;_c__Bacteroidia;_o__Bacteroidales;_f__Prevotellaceae;_g__Prevotella;_s__copri.1,kept,species,0.02026775753068055,318.26605504587155,95.72346545176313,0.26666666666666666,2.562204407812972,0.03283630310040871
k__Bacteria;_p__Bacteroidetes;_c__Bacteroidia;_o__Bacteroidales;_f__Prevotellaceae;_g__Prevotella;_s__copri.10,dropped,species,0.001859427296392711,304.8,16.473187820331916,0.03333333333333333,5.47722557505166,0.021036611387732496
k__Bacteria;_p__Bacteroidetes;_c__Bacteroidia;_o__Bacteroidales;_f__Prevotellaceae;_g__Prevotella;_s__copri.11,dropped,species,0.0027891409445890665,706.0,40.112513500028456,0.03333333333333333,5.47722557505166,0.02061123219609513
k__Bacteria;_p__Bacteroidetes;_c__Bacteroidia;_o__Bacteroidales;_f__Prevotellaceae;_g__Prevotella;_s__copri.12,dropped,species,0.0009297136481963555,71.6,2.2970806822523904,0.03333333333333333,5.47722557505166,0.014511151990578404
k__Bacteria;_p__Bacteroidetes;_c__Bacteroidia;_o__Bacteroidales;_f__Prevotellaceae;_g__Prevotella;_s__copri.13,dropped,species,0.0005578281889178133,167.0,4.31760150521586,0.03333333333333333,5.47722557505166,0.014152802178381056
k__Bacteria;_p__Bacteroidetes;_c__Bacteroidia;_o__Bacteroidales;_f__Prevotellaceae;_g__Prevotella;_s__copri.14,dropped,species,0.0046485682409817776,675.44,52.93579516396774,0.03333333333333333,5.477225575051661,0.016032072299171734
k__Bacteria;_p__Bacteroidetes;_c__Bacteroidia;_o__Bacteroidales;_f__Prevotellaceae;_g__Prevotella;_s__copri.15,dropped,species,0.01822238750464857,12888.438775510203,2468.186991924675,0.03333333333333333,5.47722557505166,0.020205861699883667
k__Bacteria;_p__Bacteroidetes;_c__Bacteroidia;_o__Bacteroidales;_f__Prevotellaceae;_g__Prevotella;_s__copri.16,dropped,species,0.0024172554853105245,1930.923076923077,146.89220025489328,0.03333333333333333,5.477225575051661,0.0183263619994829
k__Bacteria;_p__Bacteroidetes;_c__Bacteroidia;_o__Bacteroidales;_f__Prevotellaceae;_g__Prevotella;_s__copri.17,dropped,species,0.0011156563778356265,39.5,1.9976067037417773,0.03333333333333333,5.47722557505166,0.011989900687877027
k__Bacteria;_p__Bacteroidetes;_c__Bacteroidia;_o__Bacteroidales;_f__Prevotellaceae;_g__Prevotella;_s__copri.18,dropped,species,0.0005578281889178133,375.3333333333333,10.817558582216888,0.03333333333333333,5.47722557505166,0.016402037543722492
k__Bacteria;_p__Bacteroidetes;_c__Bacteroidia;_o__Bacteroidales;_f__Prevotellaceae;_g__Prevotella;_s__copri.19,dropped,species,0.0005578281889178133,314.0,7.472881990487497,0.03333333333333333,5.47722557505166,0.012510092641294376
k__Bacteria;_p__Bacteroidetes;_c__Bacteroidia;_o__Bacteroidales;_f__Prevotellaceae;_g__Prevotella;_s__copri.2,kept,species,0.009297136481963555,204.6,54.71574056857759,0.23333333333333334,2.7542843605139073,0.013550971191952454
k__Bacteria;_p__Bacteroidetes;_c__Bacteroidia;_o__Bacteroidales;_f__Prevotellaceae;_g__Prevotella;_s__copri.20,dropped,species,0.003532911863146151,9.210526315789474,0.6530718110482685,0.03333333333333333,5.477225575051661,0.010018906029001181
k__Bacteria;_p__Bacteroidetes;_c__Bacteroidia;_o__Bacteroidales;_f__Prevotellaceae;_g__Prevotella;_s__copri.21,dropped,species,0.0061361100780959466,319.27272727272725,37.684192734707196,0.03333333333333333,5.47722557505166,0.01720114792350793
k__Bacteria;_p__Bacteroidetes;_c__Bacteroidia;_o__Bacteroidales;_f__Prevotellaceae;_g__Prevotella;_s__copri.22,dropped,species,0.015061361100780959,1362.3950617283951,292.3820533161264,0.03333333333333333,5.47722557505166,0.019444384917375688
k__Bacteria;_p__Bacteroidetes;_c__Bacteroidia;_o__Bacteroidales;_f__Prevotellaceae;_g__Prevotella;_s__copri.23,dropped,species,0.0005578281889178133,253.33333333333334,7.323074010194084,0.03333333333333333,5.47722557505166,0.023180317084902497
k__Bacteria;_p__Bacteroidetes;_c__Bacteroidia;_o__Bacteroidales;_f__Prevotellaceae;_g__Prevotella;_s__copri.24,dropped,species,0.0005578281889178133,284.6666666666667,10.049814451150134,0.03333333333333333,5.47722557505166,0.012864089880738179
k__Bacteria;_p__Bacteroidetes;_c__Bacteroidia;_o__Bacteroidales;_f__Prevotellaceae;_g__Prevotella;_s__copri.25,dropped,species,0.0007437709185570844,180.25,8.27505510439344,0.03333333333333333,5.477225575051661,0.02255496536013218
k__Bacteria;_p__Bacteroidetes;_c__Bacteroidia;_o__Bacteroidales;_f__Prevotellaceae;_g__Prevotella;_s__copri.26,dropped,species,0.0013015991074748978,214.71428571428572,9.720924072933547,0.03333333333333333,5.477225575051661,0.01735150232293238
k__Bacteria;_p__Bacteroidetes;_c__Bacteroidia;_o__Bacteroidales;_f__Prevotellaceae;_g__Prevotella;_s__copri.27,dropped,species,0.004834510970621049,1515.9615384615386,146.0720911575933,0.03333333333333333,5.477225575051661,0.008661119739887738
k__Bacteria;_p__Bacteroidetes;_c__Bacteroidia;_o__Bacteroidales;_f__Prevotellaceae;_g__Prevotella;_s__copri.28,dropped,species,0.0009297136481963555,44.6,1.9205801448042426,0.03333333333333333,5.47722557505166,0.022512037755557827
k__Bacteria;_p__Bacteroidetes;_c__Bacteroidia;_o__Bacteroidales;_f__Prevotellaceae;_g__Prevotella;_s__copri.29,dropped,species,0.0013015991074748978,435.57142857142856,24.41910733456422,0.03333333333333333,5.477225575051661,0.0129022198183389
k__Bacteria;_p__Bacteroidetes;_c__Bacteroidia;_o__Bacteroidales;_f__Prevotellaceae;_g__Prevotella;_s__copri.3,kept,species,0.0630345853477129,2256.392330383481,1264.6178159091721,0.16666666666666666,3.522363408282661,0.01934008367613266
k__Bacteria;_p__Bacteroidetes;_c__Bacteroidia;_o__Bacteroidales;_f__Prevotellaceae;_g__Prevotella;_s__copri.30,dropped,species,0.00167348456675344,337.44444444444446,17.23794456061001,0.03333333333333333,5.477225575051661,0.00818593421237881
k__Bacteria;_p__Bacteroidetes;_c__Bacteroidia;_o__Bacteroidales;_f__Prevotellaceae;_g__Prevotella;_s__copri.31,dropped,species,0.0005578281889178133,125.0,3.327760719842404,0.03333333333333333,5.47722557505166,0.011280994861780596
k__Bacteria;_p__Bacteroidetes;_c__Bacteroidia;_o__Bacteroidales;_f__Prevotellaceae;_g__Prevotella;_s__copri.32,dropped,species,0.0007437709185570844,5.5,0.16245627369455973,0.03333333333333333,5.477225575051661,0.013222565861679515
k__Bacteria;_p__Bacteroidetes;_c__Bacteroidia;_o__Bacteroidales;_f__Prevotellaceae;_g__Prevotella;_s__copri.33,dropped,species,0.0011156563778356265,4.5,0.22444295839977943,0.03333333333333333,5.47722557505166,0.009659792590204072
k__Bacteria;_p__Bacteroidetes;_c__Bacteroidia;_o__Bacteroidales;_f__Prevotellaceae;_g__Prevotella;_s__copri.34,dropped,species,0.0005578281889178133,117.66666666666667,3.6723190317977745,0.03333333333333333,5.47722557505166,0.014514077488801565
k__Bacteria;_p__Bacteroidetes;_c__Bacteroidia;_o__Bacteroidales;_f__Prevotellaceae;_g__Prevotella;_s__copri.35,dropped,species,0.005206396429899591,368.42857142857144,34.79424898206155,0.03333333333333333,5.477225575051661,0.014083941270347504
k__Bacteria;_p__Bacteroidetes;_c__Bacteroidia;_o__Bacteroidales;_f__Prevotellaceae;_g__Prevotella;_s__copri.36,dropped,species,0.0005578281889178133,240.33333333333334,5.836153845973433,0.03333333333333333,5.47722557505166,0.015016620735732207
k__Bacteria;_p__Bacteroidetes;_c__Bacteroidia;_o__Bacteroidales;_f__Prevotellaceae;_g__Prevotella;_s__copri.37,dropped,species,0.0007437709185570844,346.5,14.429313797391474,0.03333333333333333,5.477225575051661,0.005687082815009803
k__Bacteria;_p__Bacteroidetes;_c__Bacteroidia;_o__Bacteroidales;_f__Prevotellaceae;_g__Prevotella;_s__copri.38,dropped,species,0.004090740052063964,380.90909090909093,27.817012398786773,0.03333333333333333,5.477225575051662,0.0155031279246991
k__Bacteria;_p__Bacteroidetes;_c__Bacteroidia;_o__Bacteroidales;_f__Prevotellaceae;_g__Prevotella;_s__copri.39,dropped,species,0.0011156563778356265,262.0,12.298957963556292,0.03333333333333333,5.47722557505166,0.01884358742542044
k__Bacteria;_p__Bacteroidetes;_c__Bacteroidia;_o__Bacteroidales;_f__Prevotellaceae;_g__Prevotella;_s__copri.4,kept,species,0.004462625511342506,239.29166666666666,25.835649666888933,0.13333333333333333,3.0359753232195126,0.019615232983145967
k__Bacteria;_p__Bacteroidetes;_c__Bacteroidia;_o__Bacteroidales;_f__Prevotellaceae;_g__Prevotella;_s__copri.40,dropped,species,0.0005578281889178133,176.0,4.255861892783676,0.03333333333333333,5.47722557505166,0.01632446339040854
k__Bacteria;_p__Bacteroidetes;_c__Bacteroidia;_o__Bacteroidales;_f__Prevotellaceae;_g__Prevotella;_s__copri.41,dropped,species,0.0011156563778356265,21.166666666666668,0.9696914231594961,0.03333333333333333,5.47722557505166,0.01761097584994021
k__Bacteria;_p__Bacteroidetes;_c__Bacteroidia;_o__Bacteroidales;_f__Prevotellaceae;_g__Prevotella;_s__copri.42,dropped,species,0.0005578281889178133,5.0,0.13566124358879042,0.03333333333333333,5.47722557505166,0.01672384128102092
k__Bacteria;_p__Bacteroidetes;_c__Bacteroidia;_o__Bacteroidales;_f__Prevotellaceae;_g__Prevotella;_s__copri.43,dropped,species,0.0005578281889178133,41.666666666666664,1.444793043261064,0.03333333333333333,5.47722557505166,0.018533392831337814
k__Bacteria;_p__Bacteroidetes;_c__Bacteroidia;_o__Bacteroidales;_f__Prevotellaceae;_g__Prevotella;_s__copri.44,dropped,species,0.010412792859799182,1875.1785714285713,344.3825423650961,0.03333333333333333,5.477225575051661,0.026323661167027956
k__Bacteria;_p__Bacteroidetes;_c__Bacteroidia;_o__Bacteroidales;_f__Prevotellaceae;_g__Prevotella;_s__copri.45,dropped,species,0.00167348456675344,231.77777777777777,11.454942738368466,0.03333333333333333,5.477225575051661,0.022367890639447736
k__Bacteria;_p__Bacteroidetes;_c__Bacteroidia;_o__Bacteroidales;_f__Prevotellaceae;_g__Prevotella;_s__copri.46,dropped,species,0.0029750836742283376,400.5625,32.11454690854577,0.03333333333333333,5.477225575051661,0.010216619516527643
k__Bacteria;_p__Bacteroidetes;_c__Bacteroidia;_o__Bacteroidales;_f__Prevotellaceae;_g__Prevotella;_s__copri.5,kept,species,0.0014875418371141688,406.125,18.45020132745484,0.06666666666666667,3.8121484314229943,0.015169630377717591
k__Bacteria;_p__Bacteroidetes;_c__Bacteroidia;_o__Bacteroidales;_f__Prevotellaceae;_g__Prevotella;_s__copri.6,kept,species,0.007809594644849386,370.4761904761905,56.41901794675689,0.06666666666666667,5.125168769867827,0.01757013805610604
k__Bacteria;_p__Bacteroidetes;_c__Bacteroidia;_o__Bacteroidales;_f__Prevotellaceae;_g__Prevotella;_s__copri.7,dropped,species,0.00167348456675344,489.77777777777777,26.356411251834334,0.03333333333333333,5.477225575051661,0.020643020907125782
k__Bacteria;_p__Bacteroidetes;_c__Bacteroidia;_o__Bacteroidales;_f__Prevotellaceae;_g__Prevotella;_s__copri.8,dropped,species,0.0042766827817032355,76.82608695652173,6.252965568489079,0.03333333333333333,5.47722557505166,0.015922408603244936
k__Bacteria;_p__Bacteroidetes;_c__Bacteroidia;_o__Bacteroidales;_f__Prevotellaceae;_g__Prevotella;_s__copri.9,dropped,species,0.0005578281889178133,9.333333333333334,0.2565323691211529,0.03333333333333333,5.47722557505166,0.01852923780095985
k__Bacteria;_p__Bacteroidetes;_c__Bacteroidia;_o__Bacteroidales;_f__Prevotellaceae;_g__Prevotella;_s__stercorea,kept,species,0.02882112309408702,234.2,221.4701704108316,0.23333333333333334,2.962096781238297,0.026212991089659916
k__Bacteria;_p__Bacteroidetes;_c__Bacteroidia;_o__Bacteroidales;_f__Prevotellaceae;_g__Prevotella;_s__stercorea.1,kept,species,0.02398661212346597,258.13178294573646,162.16277886607813,0.13333333333333333,3.821378108432494,0.01801103891434035
k__Bacteria;_p__Bacteroidetes;_c__Bacteroidia;_o__Bacteroidales;_f__Prevotellaceae;_g__Prevotella;_s__stercorea.2,kept,species,0.002045370026031982,468.90909090909093,56.586002129868234,0.06666666666666667,3.806578756000851,0.010686181338593663
k__Bacteria;_p__Bacteroidetes;_c__Bacteroidia;_o__Bacteroidales;_f__Prevotellaceae;_g__Prevotella;_s__stercorea.3,kept,species,0.008739308293045742,107.65957446808511,20.743701064491066,0.06666666666666667,4.707518429791112,0.020925768363724003
k__Bacteria;_p__Bacteroidetes;_c__Bacteroidia;_o__Bacteroidales;_f__Prevotellaceae;_g__Prevotella;_s__stercorea.4,dropped,species,0.0027891409445890665,329.93333333333334,20.483411954990622,0.03333333333333333,5.47722557505166,0.013632277518962085
k__Bacteria;_p__Bacteroidetes;_c__Bacteroidia;_o__Bacteroidales;_f__Prevotellaceae;_g__Prevotella;_s__stercorea.5,dropped,species,0.001859427296392711,448.9,27.34622260815406,0.03333333333333333,5.47722557505166,0.013892634481736018
k__Bacteria;_p__Bacteroidetes;_c__Bacteroidia;_o__Bacteroidales;_f__Prevotellaceae;_g__Prevotella;_s__stercorea.6,dropped,species,0.00167348456675344,341.6666666666667,15.609689718477211,0.03333333333333333,5.477225575051661,0.017938809188340305
k__Bacteria;_p__Bacteroidetes;_c__Bacteroidia;_o__Bacteroidales;_f__Prevotellaceae;_g__Prevotella;_s__stercorea.7,dropped,species,0.0007437709185570844,249.5,7.1609566945095615,0.03333333333333333,5.477225575051661,0.022658145738134353
k__Bacteria;_p__Bacteroidetes;_c__Bacteroidia;_o__Bacteroidales;_f__Prevotellaceae;_g__Prevotella;_s__stercorea.8,dropped,species,0.002045370026031982,673.0909090909091,38.13431906755147,0.03333333333333333,5.477225575051662,0.017660287523979825
k__Bacteria;_p__Bacteroidetes;_c__Bacteroidia;_o__Bacteroidales;_f__Prevotellaceae;_g__Prevotella;_s__stercorea.9,dropped,species,0.0046485682409817776,896.56,91.12890309353733,0.03333333333333333,5.477225575051661,0.01634933467553045
k__Bacteria;_p__Bacteroidetes;_c__Bacteroidia;_o__Bacteroidales;_f__Rikenellaceae,kept,family,0.026031982149497954,507.75714285714287,179.6193175468968,0.23333333333333334,3.277013851418566,0.007139709417094342
k__Bacteria;_p__Bacteroidetes;_c__Bacteroidia;_o__Bacteroidales;_f__Rikenellaceae.1,kept,family,0.028263294905169208,20.30921052631579,5.6058141847509235,0.2,2.9352132058059945,0.01632649035683486
k__Bacteria;_p__Bacteroidetes;_c__Bacteroidia;_o__Bacteroidales;_f__Rikenellaceae.2,kept,family,0.015991074748977315,26.11627906976744,4.7087383288589555,0.16666666666666666,2.8911880453106025,0.017348652646924964
k__Bacteria;_p__Bacteroidetes;_c__Bacteroidia;_o__Bacteroidales;_f__Rikenellaceae.3,kept,family,0.002231312755671253,42.583333333333336,2.660802002331213,0.06666666666666667,3.835633828084066,0.02322605363920762
k__Bacteria;_p__Bacteroidetes;_c__Bacteroidia;_o__Bacteroidales;_f__Rikenellaceae;_g__;_s__,kept,family,0.008739308293045742,78.42553191489361,17.365598407314497,0.23333333333333334,3.506131345132817,0.009267568485701731
k__Bacteria;_p__Bacteroidetes;_c__Bacteroidia;_o__Bacteroidales;_f__Rikenellaceae;_g__;_s__.1,kept,family,0.009111193752324285,50.795918367346935,7.892633892331568,0.16666666666666666,2.709447689369751,0.013521233219720956
k__Bacteria;_p__Bacteroidetes;_c__Bacteroidia;_o__Bacteroidales;_f__Rikenellaceae;_g__;_s__.2,kept,family,0.0027891409445890665,52.8,4.380315173912424,0.1,3.594107345109576,0.007243687926808147
k__Bacteria;_p__Bacteroidetes;_c__Bacteroidia;_o__Bacteroidales;_f__Rikenellaceae;_g__;_s__.3,kept,family,0.0024172554853105245,94.61538461538461,6.551276797821015,0.06666666666666667,3.9632226544098152,0.02733853707692119
k__Bacteria;_p__Bacteroidetes;_c__Bacteroidia;_o__Bacteroidales;_f__Rikenellaceae;_g__Alistipes,kept,genus,0.058200074377091855,119.71565495207668,39.94989261018782,0.06666666666666667,3.9813537473610308,0.012202387341671865
k__Bacteria;_p__Bacteroidetes;_c__Bacteroidia;_o__Bacteroidales;_f__Rikenellaceae;_g__Alistipes.1,dropped,genus,0.05317962067683154,342.6048951048951,101.60788225316996,0.03333333333333333,5.47722557505166,0.015498192940086994
k__Bacteria;_p__Bacteroidetes;_c__Bacteroidia;_o__Bacteroidales;_f__Rikenellaceae;_g__Alistipes.2,dropped,genus,0.05113425065079955,213.87636363636364,91.98001563013457,0.03333333333333333,5.477225575051659,0.012299117424279716
k__Bacteria;_p__Bacteroidetes;_c__Bacteroidia;_o__Bacteroidales;_f__Rikenellaceae;_g__Alistipes;_s__finegoldii,kept,species,0.009111193752324285,78.06122448979592,16.103571128688817,0.16666666666666666,3.2816120742210995,0.006352716660008969
k__Bacteria;_p__Bacteroidetes;_c__Bacteroidia;_o__Bacteroidales;_f__Rikenellaceae;_g__Alistipes;_s__finegoldii.1,dropped,species,0.007251766455931573,63.53846153846154,11.460115289479237,0.03333333333333333,5.477225575051661,0.017834325426501325
k__Bacteria;_p__Bacteroidetes;_c__Bacteroidia;_o__Bacteroidales;_f__Rikenellaceae;_g__Alistipes;_s__indistinctus,kept,species,0.0334696913350688,26.855555555555554,10.902316816533956,0.23333333333333334,2.5420462633826255,0.020103104454982312
k__Bacteria;_p__Bacteroidetes;_c__Bacteroidia;_o__Bacteroidales;_f__Rikenellaceae;_g__Alistipes;_s__indistinctus.1,kept,species,0.005578281889178133,104.9,20.88171517437278,0.1,3.662964572812823,0.01456988545199942
k__Bacteria;_p__Bacteroidetes;_c__Bacteroidia;_o__Bacteroidales;_f__Rikenellaceae;_g__Alistipes;_s__indistinctus.2,kept,species,0.005206396429899591,50.25,5.888981251351008,0.1,3.5845389958075446,0.020452087049006827
k__Bacteria;_p__Bacteroidetes;_c__Bacteroidia;_o__Bacteroidales;_f__Rikenellaceae;_g__Alistipes;_s__indistinctus.3,dropped,species,0.0014875418371141688,35.0,1.5328176232336461,0.03333333333333333,5.477225575051663,0.009898591230218997
k__Bacteria;_p__Bacteroidetes;_c__Bacteroidia;_o__Bacteroidales;_f__Rikenellaceae;_g__Alistipes;_s__massiliensis,dropped,species,0.0011156563778356265,37.333333333333336,1.2979626771697157,0.03333333333333333,5.477225575051662,0.017241263139980513
k__Bacteria;_p__Bacteroidetes;_c__Bacteroidia;_o__Bacteroidales;_f__Rikenellaceae;_g__Alistipes;_s__onderdonkii,kept,species,0.025660096690219413,108.47101449275362,37.64689815443885,0.2,2.369612578124798,0.01790568045110097
k__Bacteria;_p__Bacteroidetes;_c__Bacteroidia;_o__Bacteroidales;_f__Rikenellaceae;_g__Alistipes;_s__onderdonkii.1,dropped,species,0.0009297136481963555,289.0,9.626739878412524,0.03333333333333333,5.47722557505166,0.02321296191363796
k__Bacteria;_p__Bacteroidetes;_c__Bacteroidia;_o__Bacteroidales;_f__Rikenellaceae;_g__Alistipes;_s__putredinis,kept,species,0.042580885087393085,160.00873362445415,66.34492990538007,0.2,2.302198168754662,0.007860909195659412
k__Bacteria;_p__Bacteroidetes;_c__Bacteroidia;_o__Bacteroidales;_f__Rikenellaceae;_g__Alistipes;_s__putredinis.1,dropped,species,0.0046485682409817776,386.6,29.533700724788318,0.03333333333333333,5.477225575051661,0.015450719278259776
k__Bacteria;_p__Bacteroidetes;_c__Bacteroidia;_o__Bacteroidales;_f__Rikenellaceae;_g__Alistipes;_s__putredinis.2,dropped,species,0.0005578281889178133,44.333333333333336,1.3301632835829835,0.03333333333333333,5.47722557505166,0.016099552328365175
k__Bacteria;_p__Bacteroidetes;_c__Bacteroidia;_o__Bacteroidales;_f__Rikenellaceae;_g__Alistipes;_s__putredinis.3,dropped,species,0.0005578281889178133,53.666666666666664,1.6817777651267953,0.03333333333333333,5.47722557505166,0.015514357267642514
k__Bacteria;_p__Bacteroidetes;_c__Bacteroidia;_o__Bacteroidales;_f__Rikenellaceae;_g__human;_s__gut_metagenome,dropped,species,0.007809594644849386,71.54761904761905,10.118674031842856,0.03333333333333333,5.477225575051662,0.007463542162450909
k__Bacteria;_p__Bacteroidetes;_c__Bacteroidia;_o__Bacteroidales;_f__S24-7;_g__;_s__,kept,family,0.008553365563406471,188.91304347826087,35.77131280553676,0.23333333333333334,2.3279588681495063,0.016320254567404855
k__Bacteria;_p__Bacteroidetes;_c__Bacteroidia;_o__Bacteroidales;_f__S24-7;_g__;_s__.1,kept,family,0.0061361100780959466,83.93939393939394,10.18960367564507,0.16666666666666666,2.406821391691224,0.015287791452953604
k__Bacteria;_p__Bacteroidetes;_c__Bacteroidia;_o__Bacteroidales;_f__S24-7;_g__;_s__.2,kept,family,0.0076236519152101155,591.0975609756098,67.78221132998141,0.1,4.69879474908906,0.009459891699987415
k__Bacteria;_p__Bacteroidetes;_c__Bacteroidia;_o__Bacteroidales;_f__S24-7;_g__;_s__.3,dropped,family,0.0005578281889178133,344.6666666666667,10.15105548742714,0.03333333333333333,5.47722557505166,0.02011662907182865
k__Bacteria;_p__Bacteroidetes;_c__Bacteroidia;_o__Bacteroidales;_f___Barnesiellaceae_,kept,family,0.013015991074748977,103.92857142857143,24.55949218286864,0.2,2.5567221249874508,0.019232204184617952
k__Bacteria;_p__Bacteroidetes;_c__Bacteroidia;_o__Bacteroidales;_f___Barnesiellaceae_.1,kept,family,0.029193008553365565,125.52866242038216,37.465373921440886,0.06666666666666667,5.215177988319198,0.006946137593347553
k__Bacteria;_p__Bacteroidetes;_c__Bacteroidia;_o__Bacteroidales;_f___Barnesiellaceae_.2,dropped,family,0.03960580141316475,111.01877934272301,40.740695208665734,0.03333333333333333,5.47722557505166,0.016017270762122834
k__Bacteria;_p__Bacteroidetes;_c__Bacteroidia;_o__Bacteroidales;_f___Barnesiellaceae_;_g__;_s__,kept,family,0.009297136481963555,106.0,17.519068856944525,0.2,2.710265589346051,0.02351840502285636
k__Bacteria;_p__Bacteroidetes;_c__Bacteroidia;_o__Bacteroidales;_f___Barnesiellaceae_;_g__;_s__.1,kept,family,0.010226850130159911,210.4909090909091,32.26592266008055,0.16666666666666666,3.1034119069727306,0.02211629564962077
k__Bacteria;_p__Bacteroidetes;_c__Bacteroidia;_o__Bacteroidales;_f___Barnesiellaceae_;_g__;_s__.2,kept,family,0.0076236519152101155,115.4390243902439,17.601205235289374,0.16666666666666666,3.9694419307515454,0.010625529094651368
k__Bacteria;_p__Bacteroidetes;_c__Bacteroidia;_o__Bacteroidales;_f___Barnesiellaceae_;_g__;_s__.3,dropped,family,0.0014875418371141688,178.75,7.293263949369966,0.03333333333333333,5.477225575051661,0.016449900164866953
k__Bacteria;_p__Bacteroidetes;_c__Bacteroidia;_o__Bacteroidales;_f___Barnesiellaceae_;_g__;_s__.4,dropped,family,0.0011156563778356265,150.0,6.974559716670084,0.03333333333333333,5.47722557505166,0.012384313584540684
k__Bacteria;_p__Bacteroidetes;_c__Bacteroidia;_o__Bacteroidales;_f___Barnesiellaceae_;_g__Barnesiella;_s__intestinihominis,dropped,species,0.0011156563778356265,73.0,3.610121741038269,0.03333333333333333,5.477225575051659,0.012604125067602905
k__Bacteria;_p__Bacteroidetes;_c__Bacteroidia;_o__Bacteroidales;_f___Barnesiellaceae_;_g__Barnesiella;_s__viscericola,dropped,species,0.0009297136481963555,154.8,4.8561721236478865,0.03333333333333333,5.47722557505166,0.013137344623494843
k__Bacteria;_p__Bacteroidetes;_c__Bacteroidia;_o__Bacteroidales;_f___Odoribacteraceae_;_g__Butyricimonas;_s__,kept,genus,0.03551506136110078,41.54973821989529,19.41508125516013,0.23333333333333334,3.28098736839732,0.01086301655400413
k__Bacteria;_p__Bacteroidetes;_c__Bacteroidia;_o__Bacteroidales;_f___Odoribacteraceae_;_g__Butyricimonas;_s__.1,kept,genus,0.013201933804388248,72.1830985915493,18.747874954858457,0.2,2.7550316927248635,0.019838615980316634
k__Bacteria;_p__Bacteroidetes;_c__Bacteroidia;_o__Bacteroidales;_f___Odoribacteraceae_;_g__Butyricimonas;_s__.2,kept,genus,0.01357381926366679,45.273972602739725,9.845788275074467,0.16666666666666666,2.9006448806755314,0.01145981255769617
k__Bacteria;_p__Bacteroidetes;_c__Bacteroidia;_o__Bacteroidales;_f___Odoribacteraceae_;_g__Butyricimonas;_s__.3,kept,genus,0.0083674228337672,123.31111111111112,24.44972434260466,0.16666666666666666,2.352470500586114,0.020399663638293996
k__Bacteria;_p__Bacteroidetes;_c__Bacteroidia;_o__Bacteroidales;_f___Odoribacteraceae_;_g__Butyricimonas;_s__.4,kept,genus,0.0031610264038676086,162.94117647058823,13.068362050041307,0.1,3.557686566467003,0.021327244914826203
k__Bacteria;_p__Bacteroidetes;_c__Bacteroidia;_o__Bacteroidales;_f___Odoribacteraceae_;_g__Butyricimonas;_s__.5,kept,genus,0.002045370026031982,188.0909090909091,11.876519106379481,0.06666666666666667,3.977734727657359,0.018886629126568334
k__Bacteria;_p__Bacteroidetes;_c__Bacteroidia;_o__Bacteroidales;_f___Odoribacteraceae_;_g__Butyricimonas;_s__.6,dropped,genus,0.0007437709185570844,79.0,2.50554276768176,0.03333333333333333,5.477225575051661,0.014301167575599398
k__Bacteria;_p__Bacteroidetes;_c__Bacteroidia;_o__Bacteroidales;_f___Odoribacteraceae_;_g__Butyricimonas;_s__.7,dropped,genus,0.0007437709185570844,160.5,5.675191962628234,0.03333333333333333,5.477225575051661,0.017700202061564883
k__Bacteria;_p__Bacteroidetes;_c__Bacteroidia;_o__Bacteroidales;_f___Odoribacteraceae_;_g__Odoribacter;_s__,kept,genus,0.0823726292301971,66.49209932279909,46.751929597845454,0.2,2.5584550312872234,0.02427054645358988
k__Bacteria;_p__Bacteroidetes;_c__Bacteroidia;_o__Bacteroidales;_f___Odoribacteraceae_;_g__Odoribacter;_s__.1,dropped,genus,0.0014875418371141688,92.0,5.482711183402879,0.03333333333333333,5.477225575051661,0.01424782543090437
k__Bacteria;_p__Bacteroidetes;_c__Bacteroidia;_o__Bacteroidales;_f___Odoribacteraceae_;_g__Odoribacter;_s__.2,dropped,genus,0.0005578281889178133,125.0,3.5321223615690145,0.03333333333333333,5.47722557505166,0.015787715248585407
k__Bacteria;_p__Bacteroidetes;_c__Bacteroidia;_o__Bacteroidales;_f___Odoribacteraceae_;_g__Odoribacter;_s__.3,dropped,genus,0.003904797322424693,180.66666666666666,16.05714096435424,0.03333333333333333,5.47722557505166,0.01451557758213123
k__Bacteria;_p__Bacteroidetes;_c__Bacteroidia;_o__Bacteroidales;_f___Paraprevotellaceae_,kept,family,0.009669021941242098,20.826923076923077,4.391754108622202,0.06666666666666667,4.768929495795913,0.015067519782834922
k__Bacteria;_p__Bacteroidetes;_c__Bacteroidia;_o__Bacteroidales;_f___Paraprevotellaceae_.1,dropped,family,0.0076236519152101155,45.09756097560975,9.971461032084006,0.03333333333333333,5.477225575051662,0.018624599778760128
k__Bacteria;_p__Bacteroidetes;_c__Bacteroidia;_o__Bacteroidales;_f___Paraprevotellaceae_;_g__;_s__,kept,family,0.004462625511342506,144.125,15.955980539061695,0.1,3.2565824899942477,0.014346162689271188
k__Bacteria;_p__Bacteroidetes;_c__Bacteroidia;_o__Bacteroidales;_f___Paraprevotellaceae_;_g__;_s__.1,dropped,family,0.0009297136481963555,273.4,9.271909005646108,0.03333333333333333,5.47722557505166,0.007895173441331638
k__Bacteria;_p__Bacteroidetes;_c__Bacteroidia;_o__Bacteroidales;_f___Paraprevotellaceae_;_g__Paraprevotella;_s__,kept,genus,0.037746374116772036,121.8128078817734,44.199513128729656,0.23333333333333334,3.0907951741267454,0.02713146497619907
k__Bacteria;_p__Bacteroidetes;_c__Bacteroidia;_o__Bacteroidales;_f___Paraprevotellaceae_;_g__Paraprevotella;_s__.1,kept,genus,0.01004090740052064,76.64814814814815,17.570684345657448,0.23333333333333334,2.4409324593058717,0.009720481527290992
k__Bacteria;_p__Bacteroidetes;_c__Bacteroidia;_o__Bacteroidales;_f___Paraprevotellaceae_;_g__Paraprevotella;_s__.2,kept,genus,0.037746374116772036,107.21674876847291,64.76259717274614,0.16666666666666666,3.3522961300694933,0.006949810699878515
k__Bacteria;_p__Bacteroidetes;_c__Bacteroidia;_o__Bacteroidales;_f___Paraprevotellaceae_;_g__Paraprevotella;_s__.3,kept,genus,0.002045370026031982,64.9090909090909,4.208602098514336,0.06666666666666667,4.366139957257011,0.010221649941271801
k__Bacteria;_p__Bacteroidetes;_c__Bacteroidia;_o__Bacteroidales;_f___Paraprevotellaceae_;_g__Paraprevotella;_s__.4,dropped,genus,0.0005578281889178133,117.66666666666667,3.365189261476603,0.03333333333333333,5.47722557505166,0.02004564855698335
k__Bacteria;_p__Bacteroidetes;_c__Bacteroidia;_o__Bacteroidales;_f___Paraprevotellaceae_;_g__Paraprevotella;_s__.5,dropped,genus,0.0009297136481963555,185.4,6.934927139889364,0.03333333333333333,5.47722557505166,0.01707478790288314
k__Bacteria;_p__Bacteroidetes;_c__Bacteroidia;_o__Bacteroidales;_f___Paraprevotellaceae_;_g___Prevotella_;_s__,kept,genus,0.010970621048716996,175.54237288135593,31.195930043513727,0.23333333333333334,2.5014092304278304,0.014402084836019695
k__Bacteria;_p__Bacteroidetes;_c__Bacteroidia;_o__Bacteroidales;_f___Paraprevotellaceae_;_g___Prevotella_;_s__.1,kept,genus,0.006879880996653031,277.94594594594594,57.160819003159375,0.13333333333333333,2.8388435762930215,0.009793942551194531
k__Bacteria;_p__Bacteroidetes;_c__Bacteroidia;_o__Bacteroidales;_f___Paraprevotellaceae_;_g___Prevotella_;_s__.2,kept,genus,0.01692078839717367,108.64835164835165,55.32467710223772,0.06666666666666667,4.7972387104551695,0.02793736043254446
k__Bacteria;_p__Bacteroidetes;_c__Bacteroidia;_o__Bacteroidales;_f___Paraprevotellaceae_;_g___Prevotella_;_s__.3,dropped,genus,0.003904797322424693,1098.6190476190477,90.85939887796442,0.03333333333333333,5.47722557505166,0.011929871466707275
k__Bacteria;_p__Bacteroidetes;_c__Bacteroidia;_o__Bacteroidales;_f___Paraprevotellaceae_;_g___Prevotella_;_s__.4,dropped,genus,0.0005578281889178133,873.3333333333334,32.99587615963921,0.03333333333333333,5.47722557505166,0.01812887005788817
k__Bacteria;_p__Bacteroidetes;_c__Bacteroidia;_o__Bacteroidales;_f___Paraprevotellaceae_;_g___Prevotella_;_s__.5,dropped,genus,0.0005578281889178133,196.33333333333334,6.761657324605671,0.03333333333333333,5.47722557505166,0.011552869601024092
k__Bacteria;_p__Bacteroidetes;_c__Bacteroidia;_o__Bacteroidales;_f___Paraprevotellaceae_;_g___Prevotella_;_s__.6,dropped,genus,0.0005578281889178133,307.0,8.81115574946116,0.03333333333333333,5.47722557505166,0.01823430456236661
k__Bacteria;_p__Bacteroidetes;_c__Bacteroidia;_o__Bacteroidales;_f___Paraprevotellaceae_;_g___Prevotella_;_s__.7,dropped,genus,0.0014875418371141688,388.875,20.32807624345007,0.03333333333333333,5.477225575051661,0.01582544114013335
k__Bacteria;_p__Bacteroidetes;_c__Flavobacteriia;_o__Flavobacteriales,kept,order,0.0042766827817032355,408.7391304347826,42.61798074496804,0.06666666666666667,4.47520195348677,0.02281565157859793
k__Bacteria;_p__Bacteroidetes;_c__Flavobacteriia;_o__Flavobacteriales.1,dropped,order,0.0005578281889178133,7.0,0.21254937364960041,0.03333333333333333,5.477225575051662,0.02038767813042545
k__Bacteria;_p__Bacteroidetes;_c__Flavobacteriia;_o__Flavobacteriales;_f__Blattabacteriaceae;_g__;_s__,dropped,family,0.0009297136481963555,130.8,4.560474750063223,0.03333333333333333,5.47722557505166,0.014333375749130909
k__Bacteria;_p__Bacteroidetes;_c__Flavobacteriia;_o__Flavobacteriales;_f__Cryomorphaceae;_g__;_s__,dropped,family,0.0014875418371141688,193.25,9.113990733929887,0.03333333333333333,5.477225575051661,0.009517042004563114
k__Bacteria;_p__Bacteroidetes;_c__Flavobacteriia;_o__Flavobacteriales;_f__Cryomorphaceae;_g__;_s__.1,dropped,family,0.0005578281889178133,50.333333333333336,1.6226016804714445,0.03333333333333333,5.47722557505166,0.019554711465494833
k__Bacteria;_p__Bacteroidetes;_c__Flavobacteriia;_o__Flavobacteriales;_f__Cryomorphaceae;_g__;_s__.2,dropped,family,0.0005578281889178133,172.0,4.458485204263969,0.03333333333333333,5.47722557505166,0.017484610200070135
k__Bacteria;_p__Bacteroidetes;_c__Flavobacteriia;_o__Flavobacteriales;_f__Flavobacteriaceae,dropped,family,0.0007437709185570844,140.5,3.9613454747048547,0.03333333333333333,5.477225575051661,0.013909872892904825
k__Bacteria;_p__Bacteroidetes;_c__Flavobacteriia;_o__Flavobacteriales;_f__Flavobacteriaceae;_g__;_s__,dropped,family,0.0005578281889178133,101.66666666666667,2.509261353095638,0.03333333333333333,5.47722557505166,0.017028653915662367
k__Bacteria;_p__Bacteroidetes;_c__Flavobacteriia;_o__Flavobacteriales;_f__Flavobacteriaceae;_g__;_s__.1,dropped,family,0.0005578281889178133,129.66666666666666,3.5774816713486404,0.03333333333333333,5.47722557505166,0.009423089683672543
k__Bacteria;_p__Bacteroidetes;_c__Flavobacteriia;_o__Flavobacteriales;_f__Flavobacteriaceae;_g__;_s__.2,dropped,family,0.0009297136481963555,57.2,2.1116673606265164,0.03333333333333333,5.47722557505166,0.013150426894912104
k__Bacteria;_p__Bacteroidetes;_c__Flavobacteriia;_o__Flavobacteriales;_f__Flavobacteriaceae;_g__Flavobacterium,dropped,genus,0.0014875418371141688,473.25,25.8336214420217,0.03333333333333333,5.477225575051661,0.02118430243336852
k__Bacteria;_p__Bacteroidetes;_c__Flavobacteriia;_o__Flavobacteriales;_f__Flavobacteriaceae;_g__Flavobacterium;_s__succinicans,dropped,species,0.0007437709185570844,59.25,3.0969864762258457,0.03333333333333333,5.477225575051661,0.014870896647728997
k__Bacteria;_p__Bacteroidetes;_c__Flavobacteriia;_o__Flavobacteriales;_f___Weeksellaceae_;_g__Chryseobacterium;_s__,dropped,genus,0.0005578281889178133,117.66666666666667,3.1514918153988623,0.03333333333333333,5.47722557505166,0.0062577938566604025
k__Bacteria;_p__Bacteroidetes;_c__Flavobacteriia;_o__Flavobacteriales;_f___Weeksellaceae_;_g__Chryseobacterium;_s__.1,dropped,genus,0.0013015991074748978,240.0,9.243278577125913,0.03333333333333333,5.477225575051661,0.013483217008392412
k__Bacteria;_p__Bacteroidetes;_c__Sphingobacteriia;_o__Sphingobacteriales,dropped,order,0.014689475641502418,106.37974683544304,17.877028036690323,0.03333333333333333,5.477225575051662,0.011820209614094461
k__Bacteria;_p__Bacteroidetes;_c__Sphingobacteriia;_o__Sphingobacteriales;_f__Sphingobacteriaceae,dropped,family,0.0,0.0,0.0,0.0,0.0,0.013625013973321958
k__Bacteria;_p__Bacteroidetes;_c__Sphingobacteriia;_o__Sphingobacteriales;_f__Sphingobacteriaceae;_g__Sphingobacterium,dropped,genus,0.003718854592785422,627.8,49.31457200846317,0.03333333333333333,5.47722557505166,0.010427858716249723
k__Bacteria;_p__Bacteroidetes;_c__Sphingobacteriia;_o__Sphingobacteriales;_f__Sphingobacteriaceae;_g__Sphingobacterium;_s__,dropped,genus,0.0013015991074748978,231.57142857142858,8.809162318789326,0.03333333333333333,5.477225575051661,0.012258476110364696
k__Bacteria;_p__Bacteroidetes;_c__Sphingobacteriia;_o__Sphingobacteriales;_f__Sphingobacteriaceae;_g__Sphingobacterium;_s__.1,dropped,genus,0.0007437709185570844,288.25,8.963897648302012,0.03333333333333333,5.477225575051661,0.016304310970999002
k__Bacteria;_p__Bacteroidetes;_c__Sphingobacteriia;_o__Sphingobacteriales;_f__Sphingobacteriaceae;_g__Sphingobacterium;_s__mizutaii,dropped,species,0.0007437709185570844,209.75,5.990695640614121,0.03333333333333333,5.477225575051661,0.010676155528991038
k__Bacteria;_p__Bacteroidetes;_c__Sphingobacteriia;_o__Sphingobacteriales;_f__Sphingobacteriaceae;_g__Sphingobacterium;_s__multivorum,dropped,species,0.0029750836742283376,545.875,33.8762194964707,0.03333333333333333,5.477225575051661,0.017498248498839897
k__Bacteria;_p__Bacteroidetes;_c___Saprospirae_;_o___Saprospirales_;_f__Chitinophagaceae,dropped,family,0.0,0.0,0.0,0.0,0.0,0.02411518940908271
k__Bacteria;_p__Bacteroidetes;_c___Saprospirae_;_o___Saprospirales_;_f__Chitinophagaceae;_g__;_s__,dropped,family,0.0013015991074748978,178.28571428571428,8.458591865900646,0.03333333333333333,5.477225575051661,0.021458636660815007
k__Bacteria;_p__Bacteroidetes;_c___Saprospirae_;_o___Saprospirales_;_f__Chitinophagaceae;_g__Sediminibacterium;_s__,dropped,genus,0.0,0.0,0.0,0.0,0.0,0.020967021517384145
k__Bacteria;_p__Bacteroidetes;_c___Saprospirae_;_o___Saprospirales_;_f__Chitinophagaceae;_g__Sediminibacterium;_s__.1,dropped,genus,0.0,0.0,0.0,0.0,0.0,0.022667152450551183
k__Bacteria;_p__Chloroflexi;_c__Anaerolineae;_o__Anaerolineales;_f__Anaerolinaceae;_g__Longilinea;_s__,dropped,genus,0.0005578281889178133,12.666666666666666,0.40494697547634917,0.03333333333333333,5.477225575051659,0.009544533009781449
k__Bacteria;_p__Chloroflexi;_c__Anaerolineae;_o__Anaerolineales;_f__Anaerolinaceae;_g__T78;_s__,dropped,genus,0.0007437709185570844,11.75,0.442865299099826,0.03333333333333333,5.47722557505166,0.00789826835468342
k__Bacteria;_p__Chloroflexi;_c__Anaerolineae;_o__H39;_f__;_g__;_s__,dropped,order,0.0005578281889178133,127.33333333333333,3.288803671201831,0.03333333333333333,5.47722557505166,0.013828358397539079
k__Bacteria;_p__Chloroflexi;_c__Anaerolineae;_o__SBR1031;_f__oc28;_g__;_s__,dropped,family,0.0,0.0,0.0,0.0,0.0,0.015368904659538026
k__Bacteria;_p__Chloroflexi;_c__Chloroflexi;_o___Roseiflexales_;_f___Kouleothrixaceae_;_g__;_s__,dropped,family,0.0009297136481963555,68.4,2.4699138651987287,0.03333333333333333,5.47722557505166,0.01425734414311705
k__Bacteria;_p__Cyanobacteria;_c__4C0d-2;_o__MLE1-12;_f__;_g__;_s__,dropped,order,0.0,0.0,0.0,0.0,0.0,0.020520668487596965
k__Bacteria;_p__Cyanobacteria;_c__4C0d-2;_o__SM1D11;_f__;_g__;_s__,dropped,order,0.0,0.0,0.0,0.0,0.0,0.010730658876302038
k__Bacteria;_p__Cyanobacteria;_c__4C0d-2;_o__YS2;_f__;_g__;_s__,kept,order,0.005206396429899591,103.46428571428571,17.2227929354894,0.1,3.2782396535990412,0.01023527768511822
k__Bacteria;_p__Cyanobacteria;_c__4C0d-2;_o__YS2;_f__;_g__;_s__.1,kept,order,0.0031610264038676086,36.11764705882353,3.9157460116944,0.1,3.474656989547225,0.02924244475906641
k__Bacteria;_p__Cyanobacteria;_c__4C0d-2;_o__YS2;_f__;_g__;_s__.10,dropped,order,0.0014875418371141688,178.5,7.2800821534909685,0.03333333333333333,5.477225575051661,0.014740021212795806
k__Bacteria;_p__Cyanobacteria;_c__4C0d-2;_o__YS2;_f__;_g__;_s__.11,dropped,order,0.0005578281889178133,126.66666666666667,3.387698590869274,0.03333333333333333,5.47722557505166,0.02275799787684436
k__Bacteria;_p__Cyanobacteria;_c__4C0d-2;_o__YS2;_f__;_g__;_s__.12,dropped,order,0.0011156563778356265,784.5,27.744286786898023,0.03333333333333333,5.47722557505166,0.015495933765631239
k__Bacteria;_p__Cyanobacteria;_c__4C0d-2;_o__YS2;_f__;_g__;_s__.2,kept,order,0.00334696913350688,858.4444444444445,95.02934514769186,0.06666666666666667,4.186294454629283,0.016830985037037054
k__Bacteria;_p__Cyanobacteria;_c__4C0d-2;_o__YS2;_f__;_g__;_s__.3,dropped,order,0.0013015991074748978,1127.7142857142858,50.59981110940279,0.03333333333333333,5.477225575051661,0.00800382931993316
k__Bacteria;_p__Cyanobacteria;_c__4C0d-2;_o__YS2;_f__;_g__;_s__.4,dropped,order,0.0011156563778356265,361.8333333333333,14.126363272837201,0.03333333333333333,5.47722557505166,0.021643461197627094
k__Bacteria;_p__Cyanobacteria;_c__4C0d-2;_o__YS2;_f__;_g__;_s__.5,dropped,order,0.0014875418371141688,76.0,3.676556263676097,0.03333333333333333,5.477225575051661,0.01089660768284754
k__Bacteria;_p__Cyanobacteria;_c__4C0d-2;_o__YS2;_f__;_g__;_s__.6,dropped,order,0.0027891409445890665,608.1333333333333,39.35162049444758,0.03333333333333333,5.47722557505166,0.023848027214193938
k__Bacteria;_p__Cyanobacteria;_c__4C0d-2;_o__YS2;_f__;_g__;_s__.7,dropped,order,0.0013015991074748978,324.2857142857143,14.71922991065811,0.03333333333333333,5.477225575051661,0.03015698165634167
k__Bacteria;_p__Cyanobacteria;_c__4C0d-2;_o__YS2;_f__;_g__;_s__.8,dropped,order,0.0009297136481963555,6.4,0.2719991886197303,0.03333333333333333,5.47722557505166,0.01783080678327437
k__Bacteria;_p__Cyanobacteria;_c__4C0d-2;_o__YS2;_f__;_g__;_s__.9,dropped,order,0.0009297136481963555,243.2,8.097406058358294,0.03333333333333333,5.47722557505166,0.017224034534700665
k__Bacteria;_p__Cyanobacteria;_c__Nostocophycideae;_o__Nostocales;_f__Nostocaceae,dropped,family,0.0009297136481963555,180.8,6.018260672833743,0.03333333333333333,5.47722557505166,0.015001884586062938
k__Bacteria;_p__Cyanobacteria;_c__Nostocophycideae;_o__Nostocales;_f__Nostocaceae;_g__Nostoc;_s__,dropped,genus,0.0005578281889178133,132.0,3.5466245757784267,0.03333333333333333,5.47722557505166,0.025246587650093806
k__Bacteria;_p__Elusimicrobia;_c__Elusimicrobia;_o__Elusimicrobiales;_f__Elusimicrobiaceae;_g__;_s__,kept,family,0.002231312755671253,660.5,37.439447866033056,0.06666666666666667,4.20877058938233,0.029918914445673392
k__Bacteria;_p__Firmicutes,kept,phylum,0.003532911863146151,37.05263157894737,3.5731377437877927,0.1,4.130184091527465,0.022564762799343333
k__Bacteria;_p__Firmicutes.1,kept,phylum,0.00669393826701376,113.69444444444444,14.384734321435342,0.06666666666666667,4.741938093537423,0.020754172814463012
k__Bacteria;_p__Firmicutes.10,dropped,phylum,0.001859427296392711,10.8,0.6006368147434213,0.03333333333333333,5.477225575051663,0.018245318091258192
k__Bacteria;_p__Firmicutes.11,dropped,phylum,0.002045370026031982,13.454545454545455,0.6346757434479275,0.03333333333333333,5.47722557505166,0.028179921938824223
k__Bacteria;_p__Firmicutes.12,dropped,phylum,0.0057642246188174045,18.774193548387096,1.925186987956958,0.03333333333333333,5.47722557505166,0.015513706507253937
k__Bacteria;_p__Firmicutes.13,dropped,phylum,0.042208999628114544,24.54625550660793,8.606983011877759,0.03333333333333333,5.477225575051662,0.015429730536143568
k__Bacteria;_p__Firmicutes.14,dropped,phylum,0.009111193752324285,98.9795918367347,32.474708438144134,0.03333333333333333,5.477225575051662,0.020525930253026018
k__Bacteria;_p__Firmicutes.15,dropped,phylum,0.01840833023428784,29.636363636363637,8.302686251655325,0.03333333333333333,5.47722557505166,0.015389708464038887
k__Bacteria;_p__Firmicutes.2,kept,phylum,0.001859427296392711,37.4,2.6463484189329405,0.06666666666666667,4.3793877757962285,0.010804238874610935
k__Bacteria;_p__Firmicutes.3,kept,phylum,0.0083674228337672,24.2,6.399891995847494,0.06666666666666667,3.831246427469788,0.012912453171253276
k__Bacteria;_p__Firmicutes.4,dropped,phylum,0.0009297136481963555,249.8,13.635528653143638,0.03333333333333333,5.477225575051663,0.007480665684451715
k__Bacteria;_p__Firmicutes.5,dropped,phylum,0.006879880996653031,9.594594594594595,0.9107020354728524,0.03333333333333333,5.477225575051661,0.017362152170216187
k__Bacteria;_p__Firmicutes.6,dropped,phylum,0.0014875418371141688,13.875,0.5764436961889466,0.03333333333333333,5.477225575051662,0.013558793842543644
k__Bacteria;_p__Firmicutes.7,dropped,phylum,0.0011156563778356265,6.0,0.20761001650992544,0.03333333333333333,5.477225575051662,0.011356491719615006
k__Bacteria;_p__Firmicutes.8,dropped,phylum,0.01190033469691335,10.828125,1.6437222389943964,0.03333333333333333,5.477225575051662,0.01139678720787664
k__Bacteria;_p__Firmicutes.9,dropped,phylum,0.005392339159538862,24.482758620689655,2.6612150447164518,0.03333333333333333,5.477225575051664,0.016212912391778675
k__Bacteria;_p__Firmicutes;_c__Bacilli,kept,class,0.004090740052063964,7.5,0.5406891416047473,0.06666666666666667,3.8512650505655173,0.023679159984641148
k__Bacteria;_p__Firmicutes;_c__Bacilli;_o__Bacillales;_f__Bacillaceae,dropped,family,0.0005578281889178133,254.0,5.997985426308015,0.03333333333333333,5.47722557505166,0.012797954464521314
k__Bacteria;_p__Firmicutes;_c__Bacilli;_o__Bacillales;_f__Bacillaceae;_g__Anoxybacillus,dropped,genus,0.002231312755671253,750.0833333333334,41.668494070818525,0.03333333333333333,5.47722557505166,0.00854577612613417
k__Bacteria;_p__Firmicutes;_c__Bacilli;_o__Bacillales;_f__Bacillaceae;_g__Bacillus,kept,genus,0.004462625511342506,471.625,44.99230620881226,0.06666666666666667,4.2891290902105546,0.018413002890518098
k__Bacteria;_p__Firmicutes;_c__Bacilli;_o__Bacillales;_f__Bacillaceae;_g__Bacillus;_s__flexus,dropped,species,0.0027891409445890665,443.8,29.201972908232772,0.03333333333333333,5.47722557505166,0.01159075342821451
k__Bacteria;_p__Firmicutes;_c__Bacilli;_o__Bacillales;_f__Paenibacillaceae;_g__Brevibacillus,dropped,genus,0.0009297136481963555,231.0,7.346152491939726,0.03333333333333333,5.47722557505166,0.0324473350539664
k__Bacteria;_p__Firmicutes;_c__Bacilli;_o__Bacillales;_f__Planococcaceae,dropped,family,0.0007437709185570844,210.25,6.88584198429391,0.03333333333333333,5.477225575051661,0.008083248370102067
k__Bacteria;_p__Firmicutes;_c__Bacilli;_o__Bacillales;_f__Staphylococcaceae;_g__Staphylococcus,kept,genus,0.0031610264038676086,304.1764705882353,23.49935414550184,0.1,3.2430943799465117,0.01877694292330577
k__Bacteria;_p__Firmicutes;_c__Bacilli;_o__Gemellales;_f__Gemellaceae,kept,family,0.010970621048716996,18.35593220338983,2.5606611009469686,0.13333333333333333,3.1682773157592634,0.01739207525053747
k__Bacteria;_p__Firmicutes;_c__Bacilli;_o__Gemellales;_f__Gemellaceae.1,dropped,family,0.0027891409445890665,29.6,2.1489687244747557,0.03333333333333333,5.47722557505166,0.01783118843588081
k__Bacteria;_p__Firmicutes;_c__Bacilli;_o__Lactobacillales,kept,order,0.00669393826701376,58.05555555555556,7.50051493567546,0.13333333333333333,3.6680270990013706,0.011978338540319045
k__Bacteria;_p__Firmicutes;_c__Bacilli;_o__Lactobacillales.1,kept,order,0.025474153960580143,11.437956204379562,2.198889759618804,0.06666666666666667,4.582115990521561,0.02520938398311135
k__Bacteria;_p__Firmicutes;_c__Bacilli;_o__Lactobacillales.2,dropped,order,0.0013015991074748978,22.285714285714285,0.8975277450528065,0.03333333333333333,5.477225575051663,0.012307812378237474
k__Bacteria;_p__Firmicutes;_c__Bacilli;_o__Lactobacillales;_f__Aerococcaceae;_g__Abiotrophia,dropped,genus,0.002045370026031982,4.545454545454546,0.21281919792484671,0.03333333333333333,5.47722557505166,0.01997178442121729
k__Bacteria;_p__Firmicutes;_c__Bacilli;_o__Lactobacillales;_f__Aerococcaceae;_g__Abiotrophia;_s__,kept,genus,0.001859427296392711,39.6,2.180818249187278,0.06666666666666667,4.022457723307967,0.0253811724341589
k__Bacteria;_p__Firmicutes;_c__Bacilli;_o__Lactobacillales;_f__Aerococcaceae;_g__Alloiococcus;_s__,dropped,genus,0.0009297136481963555,112.0,4.752605431700987,0.03333333333333333,5.47722557505166,0.008866468010855466
k__Bacteria;_p__Firmicutes;_c__Bacilli;_o__Lactobacillales;_f__Carnobacteriaceae;_g__Granulicatella;_s__,dropped,genus,0.0027891409445890665,48.93333333333333,3.1993996507339184,0.03333333333333333,5.47722557505166,0.019891327689084436
k__Bacteria;_p__Firmicutes;_c__Bacilli;_o__Lactobacillales;_f__Enterococcaceae;_g__Enterococcus,kept,genus,0.009854964670881369,1763.433962264151,540.9237384637642,0.13333333333333333,3.717015098920249,0.014758662315871241
k__Bacteria;_p__Firmicutes;_c__Bacilli;_o__Lactobacillales;_f__Enterococcaceae;_g__Enterococcus;_s__,dropped,genus,0.0029750836742283376,35.5625,2.752137451773003,0.03333333333333333,5.477225575051663,0.014410549137648877
k__Bacteria;_p__Firmicutes;_c__Bacilli;_o__Lactobacillales;_f__Enterococcaceae;_g__Enterococcus;_s__.1,dropped,genus,0.0042766827817032355,962.3913043478261,249.60665236678503,0.03333333333333333,5.47722557505166,0.021328008056392553
k__Bacteria;_p__Firmicutes;_c__Bacilli;_o__Lactobacillales;_f__Enterococcaceae;_g__Enterococcus;_s__.2,dropped,genus,0.0014875418371141688,31.75,1.3992747476421452,0.03333333333333333,5.477225575051663,0.006762038968010901
k__Bacteria;_p__Firmicutes;_c__Bacilli;_o__Lactobacillales;_f__Lactobacillaceae,dropped,family,0.00167348456675344,39.44444444444444,2.0440366080637005,0.03333333333333333,5.47722557505166,0.018754690866196588
k__Bacteria;_p__Firmicutes;_c__Bacilli;_o__Lactobacillales;_f__Lactobacillaceae;_g__Lactobacillus,kept,genus,0.007809594644849386,80.66666666666667,14.433984241940557,0.16666666666666666,3.6571917387629287,0.014208367377365416
k__Bacteria;_p__Firmicutes;_c__Bacilli;_o__Lactobacillales;_f__Lactobacillaceae;_g__Lactobacillus.1,kept,genus,0.01822238750464857,194.28571428571428,126.97243483727928,0.13333333333333333,3.26571078236275,0.01693190227619726
k__Bacteria;_p__Firmicutes;_c__Bacilli;_o__Lactobacillales;_f__Lactobacillaceae;_g__Lactobacillus.2,kept,genus,0.00669393826701376,63.22222222222222,11.548418210487524,0.1,3.1826996787945756,0.02317651064786854
k__Bacteria;_p__Firmicutes;_c__Bacilli;_o__Lactobacillales;_f__Lactobacillaceae;_g__Lactobacillus.3,dropped,genus,0.002231312755671253,9.5,0.5635350788223794,0.03333333333333333,5.477225575051662,0.019400260450613716
k__Bacteria;_p__Firmicutes;_c__Bacilli;_o__Lactobacillales;_f__Lactobacillaceae;_g__Lactobacillus;_s__,kept,genus,0.007251766455931573,334.79487179487177,74.48816922791238,0.16666666666666666,2.5414687645338923,0.027205800451684206
k__Bacteria;_p__Firmicutes;_c__Bacilli;_o__Lactobacillales;_f__Lactobacillaceae;_g__Lactobacillus;_s__.1,kept,genus,0.0031610264038676086,214.05882352941177,30.792836041456276,0.1,3.90817859231527,0.017369036564330288
k__Bacteria;_p__Firmicutes;_c__Bacilli;_o__Lactobacillales;_f__Lactobacillaceae;_g__Lactobacillus;_s__delbrueckii,kept,species,0.0026031982149497955,300.92857142857144,23.613923362743165,0.06666666666666667,3.8406151281060157,0.013983281541456708
k__Bacteria;_p__Firmicutes;_c__Bacilli;_o__Lactobacillales;_f__Lactobacillaceae;_g__Lactobacillus;_s__helveticus,kept,species,0.0027891409445890665,63.266666666666666,4.988876221873783,0.06666666666666667,4.562010898565791,0.007714962859829969
k__Bacteria;_p__Firmicutes;_c__Bacilli;_o__Lactobacillales;_f__Lactobacillaceae;_g__Lactobacillus;_s__mucosae,kept,species,0.012644105615470434,258.97058823529414,92.74202954937982,0.1,3.5728218734347736,0.016365480597137088
k__Bacteria;_p__Firmicutes;_c__Bacilli;_o__Lactobacillales;_f__Lactobacillaceae;_g__Lactobacillus;_s__mucosae.1,dropped,species,0.0013015991074748978,434.85714285714283,18.110755214736677,0.03333333333333333,5.477225575051661,0.012576203961560176
k__Bacteria;_p__Firmicutes;_c__Bacilli;_o__Lactobacillales;_f__Lactobacillaceae;_g__Lactobacillus;_s__ruminis,kept,species,0.003532911863146151,167.73684210526315,16.222671676888265,0.1,4.591849640934159,0.01768793034840653
k__Bacteria;_p__Firmicutes;_c__Bacilli;_o__Lactobacillales;_f__Lactobacillaceae;_g__Lactobacillus;_s__ruminis.1,dropped,species,0.006879880996653031,1280.2702702702702,373.0941532074999,0.03333333333333333,5.477225575051661,0.007881833651169286
k__Bacteria;_p__Firmicutes;_c__Bacilli;_o__Lactobacillales;_f__Lactobacillaceae;_g__Lactobacillus;_s__ruminis.2,dropped,species,0.001859427296392711,72.5,5.630578590158093,0.03333333333333333,5.47722557505166,0.013003047021192038
k__Bacteria;_p__Firmicutes;_c__Bacilli;_o__Lactobacillales;_f__Lactobacillaceae;_g__Lactobacillus;_s__ruminis.3,dropped,species,0.004090740052063964,557.0909090909091,47.28781219544222,0.03333333333333333,5.477225575051662,0.016779553638972315
k__Bacteria;_p__Firmicutes;_c__Bacilli;_o__Lactobacillales;_f__Lactobacillaceae;_g__Lactobacillus;_s__ruminis.4,dropped,species,0.0005578281889178133,362.6666666666667,8.723576073323201,0.03333333333333333,5.47722557505166,0.004749480877621859
k__Bacteria;_p__Firmicutes;_c__Bacilli;_o__Lactobacillales;_f__Lactobacillaceae;_g__Lactobacillus;_s__salivarius,kept,species,0.013945704722945334,835.8533333333334,311.55733019284577,0.1,3.761949993811517,0.013048453814904108
k__Bacteria;_p__Firmicutes;_c__Bacilli;_o__Lactobacillales;_f__Lactobacillaceae;_g__Lactobacillus;_s__zeae,kept,species,0.0013015991074748978,328.57142857142856,27.145597428100785,0.06666666666666667,4.201929370646222,0.015102904293908925
k__Bacteria;_p__Firmicutes;_c__Bacilli;_o__Lactobacillales;_f__Lactobacillaceae;_g__Pediococcus,kept,genus,0.0024172554853105245,277.15384615384613,15.379140982045321,0.06666666666666667,4.1786811409946685,0.023957427107697417
k__Bacteria;_p__Firmicutes;_c__Bacilli;_o__Lactobacillales;_f__Leuconostocaceae,kept,family,0.007065823726292302,76.94736842105263,14.954958295806168,0.1,4.163918282026481,0.017885874009883982
k__Bacteria;_p__Firmicutes;_c__Bacilli;_o__Lactobacillales;_f__Leuconostocaceae;_g__Leuconostoc;_s__,kept,genus,0.0029750836742283376,61.1875,7.00028938619475,0.16666666666666666,2.5235829708682287,0.011330445478486044
k__Bacteria;_p__Firmicutes;_c__Bacilli;_o__Lactobacillales;_f__Leuconostocaceae;_g__Leuconostoc;_s__.1,kept,genus,0.004462625511342506,256.1666666666667,28.29791088035648,0.06666666666666667,3.809445813956305,0.014683968067399363
k__Bacteria;_p__Firmicutes;_c__Bacilli;_o__Lactobacillales;_f__Leuconostocaceae;_g__Oenococcus,dropped,genus,0.0014875418371141688,266.625,11.08716557757676,0.03333333333333333,5.477225575051661,0.019239526382752718
k__Bacteria;_p__Firmicutes;_c__Bacilli;_o__Lactobacillales;_f__Leuconostocaceae;_g__Weissella,kept,genus,0.006507995537374489,45.05714285714286,7.292432707106292,0.06666666666666667,4.645295603819915,0.017352875315815464
k__Bacteria;_p__Firmicutes;_c__Bacilli;_o__Lactobacillales;_f__Streptococcaceae;_g__Lactococcus;_s__,kept,genus,0.0061361100780959466,38.09090909090909,4.965403862446486,0.1,3.4880025060379363,0.017035687324560813
k__Bacteria;_p__Firmicutes;_c__Bacilli;_o__Lactobacillales;_f__Streptococcaceae;_g__Lactococcus;_s__garvieae,kept,species,0.0057642246188174045,380.61290322580646,39.68378994470642,0.1,3.6778833511626456,0.007626201434825656
k__Bacteria;_p__Firmicutes;_c__Bacilli;_o__Lactobacillales;_f__Streptococcaceae;_g__Streptococcus,kept,genus,0.08478988471550762,261.7105263157895,238.1015918756779,0.23333333333333334,2.7307503300712397,0.013493837168357095
k__Bacteria;_p__Firmicutes;_c__Bacilli;_o__Lactobacillales;_f__Streptococcaceae;_g__Streptococcus.1,kept,genus,0.009483079211602826,59.627450980392155,8.362480980206975,0.13333333333333333,3.391140702428906,0.011931014554653403
k__Bacteria;_p__Firmicutes;_c__Bacilli;_o__Lactobacillales;_f__Streptococcaceae;_g__Streptococcus.2,dropped,genus,0.0005578281889178133,181.0,4.706884921410474,0.03333333333333333,5.477225575051664,0.013958719760036301
k__Bacteria;_p__Firmicutes;_c__Bacilli;_o__Lactobacillales;_f__Streptococcaceae;_g__Streptococcus;_s__,kept,genus,0.06805503904797322,166.05737704918033,157.35064157116824,0.2,2.747446411356616,0.012386109448069883
k__Bacteria;_p__Firmicutes;_c__Bacilli;_o__Lactobacillales;_f__Streptococcaceae;_g__Streptococcus;_s__.1,kept,genus,0.03849014503532912,190.65217391304347,63.631350854710774,0.16666666666666666,2.616006157927819,0.020981070687949292
k__Bacteria;_p__Firmicutes;_c__Bacilli;_o__Lactobacillales;_f__Streptococcaceae;_g__Streptococcus;_s__.2,kept,genus,0.016177017478616586,237.29885057471265,56.13476973200366,0.06666666666666667,4.775088253290401,0.010495194313627864
k__Bacteria;_p__Firmicutes;_c__Bacilli;_o__Lactobacillales;_f__Streptococcaceae;_g__Streptococcus;_s__.3,dropped,genus,0.008925251022685012,134.39583333333334,19.824761948166596,0.03333333333333333,5.477225575051661,0.011150336922062635
k__Bacteria;_p__Firmicutes;_c__Bacilli;_o__Lactobacillales;_f__Streptococcaceae;_g__Streptococcus;_s__alactolyticus,dropped,species,0.004090740052063964,640.2727272727273,107.8115681166123,0.03333333333333333,5.47722557505166,0.017420626279848188
k__Bacteria;_p__Firmicutes;_c__Bacilli;_o__Lactobacillales;_f__Streptococcaceae;_g__Streptococcus;_s__anginosus,kept,species,0.01171439196727408,69.36507936507937,17.527751423976888,0.06666666666666667,4.245531611773678,0.02606865082172721
k__Bacteria;_p__Firmicutes;_c__Bacilli;_o__Lactobacillales;_f__Streptococcaceae;_g__Streptococcus;_s__anginosus.1,dropped,species,0.0011156563778356265,26.166666666666668,1.052677687550151,0.03333333333333333,5.477225575051661,0.008495777272146558
k__Bacteria;_p__Firmicutes;_c__Bacilli;_o__Lactobacillales;_f__Streptococcaceae;_g__Streptococcus;_s__equi,dropped,species,0.0011156563778356265,81.5,3.2127042655508147,0.03333333333333333,5.477225575051662,0.01007280097281773
k__Bacteria;_p__Firmicutes;_c__Bacilli;_o__Lactobacillales;_f__Streptococcaceae;_g__Streptococcus;_s__luteciae,kept,species,0.004462625511342506,89.45833333333333,12.223005933127965,0.1,3.737924444270285,0.005664911092477584
k__Bacteria;_p__Firmicutes;_c__Bacilli;_o__Lactobacillales;_f__Streptococcaceae;_g__Streptococcus;_s__sobrinus,kept,species,0.0011156563778356265,37.666666666666664,1.6246487318165108,0.06666666666666667,4.022457723307965,0.01757936192636537
k__Bacteria;_p__Firmicutes;_c__Bacilli;_o__Turicibacterales;_f__Turicibacteraceae;_g__Turicibacter;_s__,kept,genus,0.06861286723689104,71.18970189701896,45.448790722937666,0.2,2.484991002521582,0.011797114839371165
k__Bacteria;_p__Firmicutes;_c__Bacilli;_o__Turicibacterales;_f__Turicibacteraceae;_g__Turicibacter;_s__.1,dropped,genus,0.00167348456675344,211.66666666666666,10.75574772868876,0.03333333333333333,5.477225575051661,0.025734589192963023
k__Bacteria;_p__Firmicutes;_c__Bacilli;_o__Turicibacterales;_f__Turicibacteraceae;_g__Turicibacter;_s__.2,dropped,genus,0.0013015991074748978,142.28571428571428,7.79970030655466,0.03333333333333333,5.477225575051661,0.008780534314364838
k__Bacteria;_p__Firmicutes;_c__Clostridia,kept,class,0.0061361100780959466,45.42424242424242,6.751344743759585,0.1,3.586499740676513,0.017300112799867793
k__Bacteria;_p__Firmicutes;_c__Clostridia.1,kept,class,0.004462625511342506,39.0,4.113353341833511,0.1,3.8780196615080147,0.016415261581533398
k__Bacteria;_p__Firmicutes;_c__Clostridia.2,dropped,class,0.0011156563778356265,5.166666666666667,0.1782382890305878,0.03333333333333333,5.477225575051662,0.009926480833860296
k__Bacteria;_p__Firmicutes;_c__Clostridia.3,dropped,class,0.0005578281889178133,6.666666666666667,0.16246521374602682,0.03333333333333333,5.477225575051662,0.019684336445966618
k__Bacteria;_p__Firmicutes;_c__Clostridia.4,dropped,class,0.0013015991074748978,37.42857142857143,1.3726543823647224,0.03333333333333333,5.477225575051663,0.006418632816056702
k__Bacteria;_p__Firmicutes;_c__Clostridia.5,dropped,class,0.049460766084046114,21.44736842105263,5.34912974364005,0.03333333333333333,5.477225575051662,0.02272294325457577
k__Bacteria;_p__Firmicutes;_c__Clostridia.6,dropped,class,0.0007437709185570844,13.75,0.3939371099257927,0.03333333333333333,5.477225575051662,0.016766823698102392
k__Bacteria;_p__Firmicutes;_c__Clostridia.7,dropped,class,0.004462625511342506,8.833333333333334,0.6407585398639721,0.03333333333333333,5.477225575051662,0.014457816498981597
k__Bacteria;_p__Firmicutes;_c__Clostridia.8,dropped,class,0.0014875418371141688,23.875,1.029255580091791,0.03333333333333333,5.477225575051662,0.017152385538704018
k__Bacteria;_p__Firmicutes;_c__Clostridia;_o__Clostridiales,kept,order,0.01190033469691335,199.15625,59.05401373849884,0.26666666666666666,1.972926616437215,0.011568640901540195
k__Bacteria;_p__Firmicutes;_c__Clostridia;_o__Clostridiales.1,kept,order,0.009483079211602826,67.62745098039215,10.414035209436404,0.26666666666666666,1.801414911102339,0.01061814474011115
k__Bacteria;_p__Firmicutes;_c__Clostridia;_o__Clostridiales.10,kept,order,0.0476013387876534,83.3046875,28.81264977216274,0.2,3.725367225691095,0.013749367027503689
k__Bacteria;_p__Firmicutes;_c__Clostridia;_o__Clostridiales.11,kept,order,0.04332465600595017,42.682403433476395,11.8193637482171,0.23333333333333334,3.5579782865801013,0.01491027194321437
k__Bacteria;_p__Firmicutes;_c__Clostridia;_o__Clostridiales.12,kept,order,0.01190033469691335,203.5,41.88766902904422,0.23333333333333334,2.8153201659451588,0.0110187653309109
k__Bacteria;_p__Firmicutes;_c__Clostridia;_o__Clostridiales.13,kept,order,0.0360728895500186,41.74742268041237,15.703302109860564,0.2,3.42717898131682,0.014313514223153108
k__Bacteria;_p__Firmicutes;_c__Clostridia;_o__Clostridiales.14,kept,order,0.017478616586091483,166.10638297872342,41.82706081897142,0.2,2.7051422997368246,0.01603224327928423
k__Bacteria;_p__Firmicutes;_c__Clostridia;_o__Clostridiales.15,kept,order,0.06043138713276311,103.66153846153846,40.65322125029204,0.2,3.9097781625221213,0.017997969684158264
k__Bacteria;_p__Firmicutes;_c__Clostridia;_o__Clostridiales.16,kept,order,0.024916325771662327,200.82089552238807,63.50736204245743,0.2,2.9178275258018136,0.011356218854399185
k__Bacteria;_p__Firmicutes;_c__Clostridia;_o__Clostridiales.17,kept,order,0.015619189289698772,31.178571428571427,9.391923026153082,0.16666666666666666,3.323660656812967,0.01777564388300393
k__Bacteria;_p__Firmicutes;_c__Clostridia;_o__Clostridiales.18,kept,order,0.04202305689847527,137.47345132743362,80.51816763116672,0.16666666666666666,2.7652218954505825,0.02241529119385306
k__Bacteria;_p__Firmicutes;_c__Clostridia;_o__Clostridiales.19,kept,order,0.014503532911863145,72.6923076923077,17.603078002882942,0.16666666666666666,2.818653756249798,0.007140966599947229
k__Bacteria;_p__Firmicutes;_c__Clostridia;_o__Clostridiales.2,kept,order,0.01190033469691335,176.6875,36.54150053558721,0.26666666666666666,2.048433195775581,0.02220599112737712
k__Bacteria;_p__Firmicutes;_c__Clostridia;_o__Clostridiales.20,kept,order,0.01896615842320565,350.65686274509807,158.93010600438433,0.16666666666666666,3.022081868374398,0.016577546530747247
k__Bacteria;_p__Firmicutes;_c__Clostridia;_o__Clostridiales.21,kept,order,0.013015991074748977,127.95714285714286,21.322227467720296,0.16666666666666666,3.490901919363104,0.024504567282341256
k__Bacteria;_p__Firmicutes;_c__Clostridia;_o__Clostridiales.22,kept,order,0.04964670881368539,38.853932584269664,20.55282486903658,0.16666666666666666,4.071349659657806,0.015712217634005002
k__Bacteria;_p__Firmicutes;_c__Clostridia;_o__Clostridiales.23,kept,order,0.036258832279657864,126.71794871794872,49.02932881279634,0.16666666666666666,3.0279605238999423,0.020885650450466302
k__Bacteria;_p__Firmicutes;_c__Clostridia;_o__Clostridiales.24,kept,order,0.050948307921160285,106.16058394160584,42.86597108627744,0.16666666666666666,3.912548023757171,0.01716557116221571
k__Bacteria;_p__Firmicutes;_c__Clostridia;_o__Clostridiales.25,kept,order,0.016548902937895127,230.9438202247191,49.66390171372627,0.16666666666666666,4.018780368197877,0.01024830069249661
k__Bacteria;_p__Firmicutes;_c__Clostridia;_o__Clostridiales.26,kept,order,0.04722945332837486,83.29133858267717,24.64063617594585,0.16666666666666666,3.961476831900348,0.02180341493118855
k__Bacteria;_p__Firmicutes;_c__Clostridia;_o__Clostridiales.27,kept,order,0.0083674228337672,21.733333333333334,3.5532074782800622,0.13333333333333333,2.80812387723519,0.020434502017990443
k__Bacteria;_p__Firmicutes;_c__Clostridia;_o__Clostridiales.28,kept,order,0.005950167348456675,27.1875,3.6845903507958133,0.13333333333333333,2.7833292982866755,0.018609439735642285
k__Bacteria;_p__Firmicutes;_c__Clostridia;_o__Clostridiales.29,kept,order,0.011156563778356266,44.11666666666667,6.855779006308552,0.13333333333333333,4.578588235623456,0.02404540737150964
k__Bacteria;_p__Firmicutes;_c__Clostridia;_o__Clostridiales.3,kept,order,0.021197471178876905,93.66666666666667,24.58874636080778,0.26666666666666666,2.5090565450848232,0.022182236092483775
k__Bacteria;_p__Firmicutes;_c__Clostridia;_o__Clostridiales.30,kept,order,0.020453700260319823,24.37272727272727,5.483817098704256,0.13333333333333333,3.6914528159918962,0.011802345028352697
k__Bacteria;_p__Firmicutes;_c__Clostridia;_o__Clostridiales.31,kept,order,0.005578281889178133,27.933333333333334,4.046397793123962,0.1,3.4099107488548817,0.018147983315667204
k__Bacteria;_p__Firmicutes;_c__Clostridia;_o__Clostridiales.32,kept,order,0.04704351059873559,31.67193675889328,13.45606339687744,0.1,3.6778593584562347,0.02107473150489482
k__Bacteria;_p__Firmicutes;_c__Clostridia;_o__Clostridiales.33,kept,order,0.015061361100780959,298.2716049382716,60.449635958594094,0.1,4.8966507122172604,0.010398428689932186
k__Bacteria;_p__Firmicutes;_c__Clostridia;_o__Clostridiales.34,kept,order,0.0027891409445890665,29.466666666666665,2.4117557187908703,0.1,4.760240750774342,0.017178047843786508
k__Bacteria;_p__Firmicutes;_c__Clostridia;_o__Clostridiales.35,kept,order,0.055039047973224245,226.20945945945945,80.11658703419629,0.1,4.732798850391773,0.024241153589758157
k__Bacteria;_p__Firmicutes;_c__Clostridia;_o__Clostridiales.36,kept,order,0.005950167348456675,21.34375,2.355445487518339,0.06666666666666667,5.076625313971544,0.014400188370835565
k__Bacteria;_p__Firmicutes;_c__Clostridia;_o__Clostridiales.37,kept,order,0.002231312755671253,62.416666666666664,5.869270217730249,0.1,4.057833485305375,0.01620549422809209
k__Bacteria;_p__Firmicutes;_c__Clostridia;_o__Clostridiales.38,kept,order,0.0057642246188174045,34.67741935483871,7.064254104847179,0.1,3.216776876280093,0.01241561993793218
k__Bacteria;_p__Firmicutes;_c__Clostridia;_o__Clostridiales.39,kept,order,0.00334696913350688,115.5,11.88045117356514,0.1,3.8862790350805563,0.02031282565888019
k__Bacteria;_p__Firmicutes;_c__Clostridia;_o__Clostridiales.4,kept,order,0.031796206768315356,144.98830409356725,74.20487115955687,0.26666666666666666,2.3599615347451497,0.01873667705408703
k__Bacteria;_p__Firmicutes;_c__Clostridia;_o__Clostridiales.40,kept,order,0.005578281889178133,178.03333333333333,42.22690979694723,0.1,3.3512661940428736,0.00725136067084274
k__Bacteria;_p__Firmicutes;_c__Clostridia;_o__Clostridiales.41,kept,order,0.008739308293045742,127.57446808510639,26.414786212122237,0.1,4.973841332031248,0.013058855730381125
k__Bacteria;_p__Firmicutes;_c__Clostridia;_o__Clostridiales.42,kept,order,0.055410933432502786,34.899328859060404,9.658829900457748,0.1,4.52785903297245,0.02149122361168129
k__Bacteria;_p__Firmicutes;_c__Clostridia;_o__Clostridiales.43,kept,order,0.019709929341762737,94.06603773584905,50.78914980623385,0.1,3.6081942954388313,0.01395552380887782
k__Bacteria;_p__Firmicutes;_c__Clostridia;_o__Clostridiales.44,kept,order,0.008739308293045742,123.93617021276596,49.156515328594544,0.06666666666666667,4.311714117603502,0.015030889114211044
k__Bacteria;_p__Firmicutes;_c__Clostridia;_o__Clostridiales.45,kept,order,0.00167348456675344,14.222222222222221,0.7938944897849088,0.06666666666666667,3.8057461917230166,0.02250045781716643
k__Bacteria;_p__Firmicutes;_c__Clostridia;_o__Clostridiales.46,kept,order,0.003904797322424693,9.904761904761905,0.6574214559581371,0.06666666666666667,4.71365108434138,0.019598447581960648
k__Bacteria;_p__Firmicutes;_c__Clostridia;_o__Clostridiales.47,kept,order,0.015991074748977315,34.54651162790697,6.936355011550751,0.06666666666666667,4.344838368642056,0.02567350792117653
k__Bacteria;_p__Firmicutes;_c__Clostridia;_o__Clostridiales.48,kept,order,0.003718854592785422,44.4,4.261041755415972,0.06666666666666667,4.243068203247486,0.011048433638379752
k__Bacteria;_p__Firmicutes;_c__Clostridia;_o__Clostridiales.49,kept,order,0.001859427296392711,31.4,1.776296451921389,0.06666666666666667,3.880430164305069,0.015914587976211102
k__Bacteria;_p__Firmicutes;_c__Clostridia;_o__Clostridiales.5,kept,order,0.021569356638155446,24.344827586206897,5.881084172974393,0.26666666666666666,2.7360037061615787,0.0068983132704688215
k__Bacteria;_p__Firmicutes;_c__Clostridia;_o__Clostridiales.50,kept,order,0.0011156563778356265,81.5,4.589906068109501,0.06666666666666667,3.8740470684911266,0.020989141429656636
k__Bacteria;_p__Firmicutes;_c__Clostridia;_o__Clostridiales.51,kept,order,0.002231312755671253,19.0,1.014708086160487,0.06666666666666667,3.8740470684911266,0.022641041995719657
k__Bacteria;_p__Firmicutes;_c__Clostridia;_o__Clostridiales.52,kept,order,0.0007437709185570844,7.25,0.2177042294410663,0.06666666666666667,3.815360640585816,0.013369108121360962
k__Bacteria;_p__Firmicutes;_c__Clostridia;_o__Clostridiales.53,kept,order,0.009669021941242098,408.96153846153845,86.38047321890734,0.06666666666666667,4.27450658497085,0.019630881163690318
k__Bacteria;_p__Firmicutes;_c__Clostridia;_o__Clostridiales.54,kept,order,0.0011156563778356265,38.333333333333336,1.4514755966857447,0.06666666666666667,3.8740470684911266,0.01360046980942872
k__Bacteria;_p__Firmicutes;_c__Clostridia;_o__Clostridiales.55,kept,order,0.00167348456675344,40.888888888888886,2.6232965422025836,0.06666666666666667,4.528626390646693,0.009223418444716688
k__Bacteria;_p__Firmicutes;_c__Clostridia;_o__Clostridiales.56,kept,order,0.05057642246188174,58.786764705882355,16.318262407017965,0.06666666666666667,5.271435899807333,0.012054911987739388
k__Bacteria;_p__Firmicutes;_c__Clostridia;_o__Clostridiales.57,kept,order,0.004834510970621049,473.9230769230769,84.929136081324,0.06666666666666667,4.683318705663803,0.01152127429949214
k__Bacteria;_p__Firmicutes;_c__Clostridia;_o__Clostridiales.58,kept,order,0.005578281889178133,32.766666666666666,3.348721317001439,0.06666666666666667,4.109080036170215,0.026676114663105592
k__Bacteria;_p__Firmicutes;_c__Clostridia;_o__Clostridiales.59,kept,order,0.010598735589438453,150.17543859649123,27.573100322791625,0.06666666666666667,5.2267733607359705,0.024174579175355503
k__Bacteria;_p__Firmicutes;_c__Clostridia;_o__Clostridiales.6,kept,order,0.015061361100780959,101.8641975308642,20.95989335346634,0.26666666666666666,2.8556078332932384,0.009046064113822154
k__Bacteria;_p__Firmicutes;_c__Clostridia;_o__Clostridiales.60,kept,order,0.009111193752324285,632.4285714285714,195.50184386704296,0.06666666666666667,4.13054901367305,0.0160470902303569
k__Bacteria;_p__Firmicutes;_c__Clostridia;_o__Clostridiales.61,dropped,order,0.00502045370026032,13.148148148148149,1.0371172339091383,0.03333333333333333,5.477225575051663,0.013887251933980245
k__Bacteria;_p__Firmicutes;_c__Clostridia;_o__Clostridiales.62,dropped,order,0.052621792487913724,535.0494699646644,216.92844365451856,0.03333333333333333,5.47722557505166,0.01751363835512742
k__Bacteria;_p__Firmicutes;_c__Clostridia;_o__Clostridiales.63,dropped,order,0.002045370026031982,16.727272727272727,0.8321806237036493,0.03333333333333333,5.47722557505166,0.01759691517722523
k__Bacteria;_p__Firmicutes;_c__Clostridia;_o__Clostridiales.64,dropped,order,0.007437709185570844,25.1,3.313190334716096,0.03333333333333333,5.477225575051663,0.019850314415658106
k__Bacteria;_p__Firmicutes;_c__Clostridia;_o__Clostridiales.65,dropped,order,0.03439940498326515,30.156756756756756,9.273753738985139,0.03333333333333333,5.477225575051661,0.023278787397645197
k__Bacteria;_p__Firmicutes;_c__Clostridia;_o__Clostridiales.66,dropped,order,0.04481219784306434,63.16182572614108,16.955012421290487,0.03333333333333333,5.477225575051662,0.017338805333279406
k__Bacteria;_p__Firmicutes;_c__Clostridia;_o__Clostridiales.67,dropped,order,0.048159166976571216,18.254826254826256,5.10906597910611,0.03333333333333333,5.477225575051661,0.023761191960557704
k__Bacteria;_p__Firmicutes;_c__Clostridia;_o__Clostridiales.68,dropped,order,0.0009297136481963555,10.2,0.322290817745886,0.03333333333333333,5.477225575051663,0.013700822361344638
k__Bacteria;_p__Firmicutes;_c__Clostridia;_o__Clostridiales.69,dropped,order,0.048159166976571216,16.795366795366796,4.198344003846381,0.03333333333333333,5.477225575051661,0.016559331587668497
k__Bacteria;_p__Firmicutes;_c__Clostridia;_o__Clostridiales.7,kept,order,0.017664559315730754,91.4,21.239347964903665,0.23333333333333334,3.4048879914116816,0.014649132908087885
k__Bacteria;_p__Firmicutes;_c__Clostridia;_o__Clostridiales.8,kept,order,0.024730383042023057,30.571428571428573,8.430551089213742,0.23333333333333334,2.8465096565023127,0.018631046288705606
k__Bacteria;_p__Firmicutes;_c__Clostridia;_o__Clostridiales.9,kept,order,0.014131647452584604,338.2105263157895,130.65460321051364,0.23333333333333334,2.263144965203417,0.018097390424845868
k__Bacteria;_p__Firmicutes;_c__Clostridia;_o__Clostridiales;_f__;_g__;_s__,kept,order,0.009111193752324285,75.93877551020408,16.04820283730524,0.16666666666666666,4.241711172342082,0.02130093000326115
k__Bacteria;_p__Firmicutes;_c__Clostridia;_o__Clostridiales;_f__;_g__;_s__.1,kept,order,0.00334696913350688,222.61111111111111,21.95646145092845,0.16666666666666666,2.482506945623475,0.016031441888849595
k__Bacteria;_p__Firmicutes;_c__Clostridia;_o__Clostridiales;_f__;_g__;_s__.10,kept,order,0.006322052807735217,119.26470588235294,16.370146257652262,0.06666666666666667,5.0828268269482075,0.01213407514586303
k__Bacteria;_p__Firmicutes;_c__Clostridia;_o__Clostridiales;_f__;_g__;_s__.11,kept,order,0.0014875418371141688,102.375,4.794964286865571,0.06666666666666667,3.8059577189730964,0.018944241484573823
k__Bacteria;_p__Firmicutes;_c__Clostridia;_o__Clostridiales;_f__;_g__;_s__.12,kept,order,0.002231312755671253,31.583333333333332,1.8077741629648898,0.06666666666666667,3.9555980990000976,0.017146958960516167
k__Bacteria;_p__Firmicutes;_c__Clostridia;_o__Clostridiales;_f__;_g__;_s__.13,dropped,order,0.0005578281889178133,33.666666666666664,0.8709883140143251,0.03333333333333333,5.477225575051661,0.0232319539883179
k__Bacteria;_p__Firmicutes;_c__Clostridia;_o__Clostridiales;_f__;_g__;_s__.14,dropped,order,0.0007437709185570844,71.5,2.0974399509564123,0.03333333333333333,5.477225575051662,0.02041128922765893
k__Bacteria;_p__Firmicutes;_c__Clostridia;_o__Clostridiales;_f__;_g__;_s__.15,dropped,order,0.001859427296392711,56.9,3.3060041128724285,0.03333333333333333,5.477225575051662,0.017732500543754956
k__Bacteria;_p__Firmicutes;_c__Clostridia;_o__Clostridiales;_f__;_g__;_s__.16,dropped,order,0.0005578281889178133,37.666666666666664,0.9304057017307756,0.03333333333333333,5.477225575051661,0.010331672535599797
k__Bacteria;_p__Firmicutes;_c__Clostridia;_o__Clostridiales;_f__;_g__;_s__.17,dropped,order,0.0011156563778356265,29.333333333333332,1.4999993948301236,0.03333333333333333,5.477225575051661,0.008355082706090259
k__Bacteria;_p__Firmicutes;_c__Clostridia;_o__Clostridiales;_f__;_g__;_s__.2,kept,order,0.011342506507995537,241.7704918032787,73.10649725826383,0.16666666666666666,3.037418128251368,0.010050737947613915
k__Bacteria;_p__Firmicutes;_c__Clostridia;_o__Clostridiales;_f__;_g__;_s__.3,kept,order,0.0057642246188174045,191.06451612903226,41.8741078650774,0.16666666666666666,2.827209444372089,0.016619125713237183
k__Bacteria;_p__Firmicutes;_c__Clostridia;_o__Clostridiales;_f__;_g__;_s__.4,kept,order,0.010598735589438453,107.98245614035088,19.718498469265374,0.16666666666666666,2.5798859374060172,0.01089090160797764
k__Bacteria;_p__Firmicutes;_c__Clostridia;_o__Clostridiales;_f__;_g__;_s__.5,kept,order,0.009854964670881369,87.79245283018868,12.508663643384889,0.16666666666666666,3.792085772297462,0.015697751818514665
k__Bacteria;_p__Firmicutes;_c__Clostridia;_o__Clostridiales;_f__;_g__;_s__.6,kept,order,0.0031610264038676086,139.7058823529412,9.110670035591248,0.13333333333333333,2.762803887399369,0.01156033552020855
k__Bacteria;_p__Firmicutes;_c__Clostridia;_o__Clostridiales;_f__;_g__;_s__.7,kept,order,0.0026031982149497955,173.42857142857142,10.972295351345801,0.13333333333333333,2.7273359905943133,0.015615526099982232
k__Bacteria;_p__Firmicutes;_c__Clostridia;_o__Clostridiales;_f__;_g__;_s__.8,kept,order,0.0031610264038676086,263.94117647058823,19.747133957489353,0.13333333333333333,2.957138010741702,0.015658352623389823
k__Bacteria;_p__Firmicutes;_c__Clostridia;_o__Clostridiales;_f__;_g__;_s__.9,kept,order,0.00167348456675344,89.66666666666667,6.626515918631335,0.06666666666666667,4.064773230838149,0.021594861461566847
k__Bacteria;_p__Firmicutes;_c__Clostridia;_o__Clostridiales;_f__Christensenellaceae;_g__;_s__,kept,family,0.006507995537374489,141.45714285714286,20.998751688714588,0.2,2.820334901089968,0.01600564681671266
k__Bacteria;_p__Firmicutes;_c__Clostridia;_o__Clostridiales;_f__Christensenellaceae;_g__;_s__.1,kept,family,0.006879880996653031,221.6216216216216,57.37725165116333,0.13333333333333333,3.159337902954816,0.028164821445036122
k__Bacteria;_p__Firmicutes;_c__Clostridia;_o__Clostridiales;_f__Christensenellaceae;_g__;_s__.2,kept,family,0.007065823726292302,76.28947368421052,14.794043882947213,0.1,3.8823229082285873,0.010942340077529877
k__Bacteria;_p__Firmicutes;_c__Clostridia;_o__Clostridiales;_f__Christensenellaceae;_g__;_s__.3,dropped,family,0.0009297136481963555,62.2,2.9386832588337546,0.03333333333333333,5.477225575051663,0.015947936788363495
k__Bacteria;_p__Firmicutes;_c__Clostridia;_o__Clostridiales;_f__Christensenellaceae;_g__;_s__.4,dropped,family,0.0013015991074748978,10.857142857142858,0.44083163051598484,0.03333333333333333,5.477225575051661,0.011043985561907584
k__Bacteria;_p__Firmicutes;_c__Clostridia;_o__Clostridiales;_f__Christensenellaceae;_g__Christensenella;_s__,kept,genus,0.005206396429899591,35.357142857142854,3.4270678481515673,0.1,3.6543594666526005,0.013982564755853577
k__Bacteria;_p__Firmicutes;_c__Clostridia;_o__Clostridiales;_f__Christensenellaceae;_g__Christensenella;_s__.1,kept,genus,0.010226850130159911,16.945454545454545,2.53311655910836,0.1,3.396793055222629,0.022903214979603976
k__Bacteria;_p__Firmicutes;_c__Clostridia;_o__Clostridiales;_f__Christensenellaceae;_g__Christensenella;_s__.2,dropped,genus,0.0005578281889178133,28.0,0.8580362149680523,0.03333333333333333,5.477225575051661,0.007994688425864586
k__Bacteria;_p__Firmicutes;_c__Clostridia;_o__Clostridiales;_f__Clostridiaceae,kept,family,0.0026031982149497955,56.214285714285715,3.738669768015494,0.1,3.3195714915314816,0.02284576616328374
k__Bacteria;_p__Firmicutes;_c__Clostridia;_o__Clostridiales;_f__Clostridiaceae.1,dropped,family,0.00334696913350688,136.27777777777777,11.087460171660627,0.03333333333333333,5.47722557505166,0.021068263129995272
k__Bacteria;_p__Firmicutes;_c__Clostridia;_o__Clostridiales;_f__Clostridiaceae;_g__;_s__,kept,family,0.020825585719598364,228.91071428571428,55.063657911053895,0.16666666666666666,2.9817549358383197,0.01125224929527738
k__Bacteria;_p__Firmicutes;_c__Clostridia;_o__Clostridiales;_f__Clostridiaceae;_g__;_s__.1,dropped,family,0.0009297136481963555,95.4,4.217419455300014,0.03333333333333333,5.47722557505166,0.01752050715935593
k__Bacteria;_p__Firmicutes;_c__Clostridia;_o__Clostridiales;_f__Clostridiaceae;_g__Clostridium,kept,genus,0.019152101152844925,266.252427184466,134.18502584118343,0.16666666666666666,3.6462230316898165,0.024642722386406562
k__Bacteria;_p__Firmicutes;_c__Clostridia;_o__Clostridiales;_f__Clostridiaceae;_g__Clostridium.1,kept,genus,0.03384157679434734,256.34615384615387,153.72480205486022,0.13333333333333333,3.294463341741518,0.02805867801907033
k__Bacteria;_p__Firmicutes;_c__Clostridia;_o__Clostridiales;_f__Clostridiaceae;_g__Clostridium.2,kept,genus,0.04351059873558944,36.55555555555556,11.292256000999357,0.1,5.024011738562896,0.01968037552164752
k__Bacteria;_p__Firmicutes;_c__Clostridia;_o__Clostridiales;_f__Clostridiaceae;_g__Clostridium.3,dropped,genus,0.0005578281889178133,33.333333333333336,0.8040418369483344,0.03333333333333333,5.477225575051662,0.01532718235197003
k__Bacteria;_p__Firmicutes;_c__Clostridia;_o__Clostridiales;_f__Clostridiaceae;_g__Clostridium.4,dropped,genus,0.019338043882484196,33.07692307692308,8.340748858594104,0.03333333333333333,5.477225575051662,0.017746817384842524
k__Bacteria;_p__Firmicutes;_c__Clostridia;_o__Clostridiales;_f__Clostridiaceae;_g__Clostridium;_s__,kept,genus,0.006322052807735217,32.029411764705884,3.893803382538926,0.06666666666666667,5.182039994958155,0.013843860782382882
k__Bacteria;_p__Firmicutes;_c__Clostridia;_o__Clostridiales;_f__Clostridiaceae;_g__Clostridium;_s__butyricum,dropped,species,0.0013015991074748978,8.428571428571429,0.35413882568712024,0.03333333333333333,5.47722557505166,0.009557675010750829
k__Bacteria;_p__Firmicutes;_c__Clostridia;_o__Clostridiales;_f__Clostridiaceae;_g__Clostridium;_s__celatum,kept,species,0.01004090740052064,222.55555555555554,55.86850555083923,0.06666666666666667,4.151973666861955,0.015019660193753647
k__Bacteria;_p__Firmicutes;_c__Clostridia;_o__Clostridiales;_f__Clostridiaceae;_g__Clostridium;_s__neonatale,kept,species,0.002231312755671253,66.16666666666667,5.491785926889714,0.06666666666666667,3.8153606405858174,0.020784988727824905
k__Bacteria;_p__Firmicutes;_c__Clostridia;_o__Clostridiales;_f__Clostridiaceae;_g__Clostridium;_s__paraputrificum,dropped,species,0.0007437709185570844,34.75,1.0883773516272632,0.03333333333333333,5.477225575051663,0.013535478981485527
k__Bacteria;_p__Firmicutes;_c__Clostridia;_o__Clostridiales;_f__Clostridiaceae;_g__Clostridium;_s__perfringens,kept,species,0.029750836742283376,91.69375,62.23819783874639,0.16666666666666666,3.122207549521589,0.014797086625586438
k__Bacteria;_p__Firmicutes;_c__Clostridia;_o__Clostridiales;_f__Clostridiaceae;_g__SMB53;_s__,kept,genus,0.005392339159538862,69.72413793103448,7.062854134300214,0.06666666666666667,4.149421728159129,0.01752712663430446
k__Bacteria;_p__Firmicutes;_c__Clostridia;_o__Clostridiales;_f__Clostridiaceae;_g__Sarcina;_s__,kept,genus,0.00334696913350688,81.16666666666667,11.038287815855773,0.1,4.0875361023428685,0.008043264368411658
k__Bacteria;_p__Firmicutes;_c__Clostridia;_o__Clostridiales;_f__Dehalobacteriaceae;_g__Dehalobacterium;_s__,kept,genus,0.001859427296392711,58.1,4.42700037710585,0.13333333333333333,2.8884802960922555,0.01544126299568469
k__Bacteria;_p__Firmicutes;_c__Clostridia;_o__Clostridiales;_f__EtOH8;_g__;_s__,dropped,family,0.0005578281889178133,9.0,0.22609411938022064,0.03333333333333333,5.477225575051661,0.019415230944114303
k__Bacteria;_p__Firmicutes;_c__Clostridia;_o__Clostridiales;_f__Eubacteriaceae;_g__Anaerofustis;_s__,kept,genus,0.003904797322424693,8.238095238095237,0.8274438749532347,0.13333333333333333,3.272645407422105,0.015474062545537803
k__Bacteria;_p__Firmicutes;_c__Clostridia;_o__Clostridiales;_f__Eubacteriaceae;_g__Pseudoramibacter_Eubacterium;_s__,kept,genus,0.006879880996653031,42.24324324324324,7.110890673200572,0.2,2.797428448918261,0.02775748458439439
k__Bacteria;_p__Firmicutes;_c__Clostridia;_o__Clostridiales;_f__Eubacteriaceae;_g__Pseudoramibacter_Eubacterium;_s__.1,kept,genus,0.007065823726292302,89.23684210526316,14.412974768368308,0.06666666666666667,4.52369422835569,0.020259458096171135
k__Bacteria;_p__Firmicutes;_c__Clostridia;_o__Clostridiales;_f__Lachnospiraceae,kept,family,0.01859427296392711,199.51,54.13387531877963,0.26666666666666666,2.243631946211412,0.019101707926452886
k__Bacteria;_p__Firmicutes;_c__Clostridia;_o__Clostridiales;_f__Lachnospiraceae.1,kept,family,0.06452212718482707,360.1613832853026,108.4526092724334,0.26666666666666666,3.2396727228576765,0.01861933719819331
k__Bacteria;_p__Firmicutes;_c__Clostridia;_o__Clostridiales;_f__Lachnospiraceae.10,kept,family,0.03384157679434734,666.521978021978,298.02959935943016,0.23333333333333334,2.718706268223798,0.011530917138744197
k__Bacteria;_p__Firmicutes;_c__Clostridia;_o__Clostridiales;_f__Lachnospiraceae.11,kept,family,0.07865377463741167,277.903073286052,256.9666238605663,0.23333333333333334,2.602440158541849,0.01359781301617784
k__Bacteria;_p__Firmicutes;_c__Clostridia;_o__Clostridiales;_f__Lachnospiraceae.12,kept,family,0.039791744142804016,97.21028037383178,38.179727110499805,0.23333333333333334,2.9212718070684636,0.0179789063414823
k__Bacteria;_p__Firmicutes;_c__Clostridia;_o__Clostridiales;_f__Lachnospiraceae.13,kept,family,0.037002603198214946,164.6281407035176,73.36668842334005,0.23333333333333334,2.8630660904315004,0.017132976749012537
k__Bacteria;_p__Firmicutes;_c__Clostridia;_o__Clostridiales;_f__Lachnospiraceae.14,kept,family,0.03514317590182224,1587.6031746031747,558.2102576450801,0.23333333333333334,3.4876072199597634,0.015481694334111914
k__Bacteria;_p__Firmicutes;_c__Clostridia;_o__Clostridiales;_f__Lachnospiraceae.15,kept,family,0.015805132019338045,510.21176470588233,103.39807534739734,0.23333333333333334,3.985290382577506,0.011011099364272848
k__Bacteria;_p__Firmicutes;_c__Clostridia;_o__Clostridiales;_f__Lachnospiraceae.16,kept,family,0.007437709185570844,68.175,10.150790134606979,0.23333333333333334,2.6945301340544923,0.015762028729527647
k__Bacteria;_p__Firmicutes;_c__Clostridia;_o__Clostridiales;_f__Lachnospiraceae.17,kept,family,0.06526589810338415,129.14529914529913,45.61966307376169,0.23333333333333334,2.9911357216090946,0.017139081562825214
k__Bacteria;_p__Firmicutes;_c__Clostridia;_o__Clostridiales;_f__Lachnospiraceae.18,kept,family,0.01878021569356638,160.88118811881188,35.11666716262576,0.23333333333333334,2.5200350230754047,0.018730560300866093
k__Bacteria;_p__Firmicutes;_c__Clostridia;_o__Clostridiales;_f__Lachnospiraceae.19,kept,family,0.019152101152844925,106.03883495145631,35.47896687618038,0.23333333333333334,2.119413716164186,0.011916615602778591
k__Bacteria;_p__Firmicutes;_c__Clostridia;_o__Clostridiales;_f__Lachnospiraceae.2,kept,family,0.02528821123094087,147.71323529411765,51.506962355894785,0.26666666666666666,2.5104262606686487,0.02020182201052004
k__Bacteria;_p__Firmicutes;_c__Clostridia;_o__Clostridiales;_f__Lachnospiraceae.20,kept,family,0.02714763852733358,116.75342465753425,31.341351783930623,0.23333333333333334,2.7084764766947482,0.013087006762670177
k__Bacteria;_p__Firmicutes;_c__Clostridia;_o__Clostridiales;_f__Lachnospiraceae.21,kept,family,0.047787281517292675,207.60311284046693,186.55827110313382,0.23333333333333334,2.131705235808765,0.02551885720325794
k__Bacteria;_p__Firmicutes;_c__Clostridia;_o__Clostridiales;_f__Lachnospiraceae.22,kept,family,0.007437709185570844,163.7,37.17707018718253,0.2,2.7080933494908153,0.014946728548077689
k__Bacteria;_p__Firmicutes;_c__Clostridia;_o__Clostridiales;_f__Lachnospiraceae.23,kept,family,0.028077352175529938,430.6158940397351,136.10738063272694,0.2,3.431608846700068,0.014395543225394358
k__Bacteria;_p__Firmicutes;_c__Clostridia;_o__Clostridiales;_f__Lachnospiraceae.24,kept,family,0.0046485682409817776,180.76,29.975458923863783,0.2,2.516625566005377,0.006713623452988123
k__Bacteria;_p__Firmicutes;_c__Clostridia;_o__Clostridiales;_f__Lachnospiraceae.25,kept,family,0.03904797322424693,265.7761904761905,96.02107945581753,0.2,2.6519841731752725,0.013879632838961202
k__Bacteria;_p__Firmicutes;_c__Clostridia;_o__Clostridiales;_f__Lachnospiraceae.26,kept,family,0.0669393826701376,147.6611111111111,55.228327287451584,0.2,3.2769093523937682,0.021329775864461616
k__Bacteria;_p__Firmicutes;_c__Clostridia;_o__Clostridiales;_f__Lachnospiraceae.27,kept,family,0.017106731126812942,512.6086956521739,143.27647618417723,0.2,3.794887345870886,0.013651608965469924
k__Bacteria;_p__Firmicutes;_c__Clostridia;_o__Clostridiales;_f__Lachnospiraceae.28,kept,family,0.028263294905169208,682.1907894736842,310.6526478194246,0.2,3.1854819637004437,0.016370705334653325
k__Bacteria;_p__Firmicutes;_c__Clostridia;_o__Clostridiales;_f__Lachnospiraceae.29,kept,family,0.011342506507995537,67.68852459016394,11.913791518014978,0.2,2.7594906513465567,0.013000228329661849
k__Bacteria;_p__Firmicutes;_c__Clostridia;_o__Clostridiales;_f__Lachnospiraceae.3,kept,family,0.03551506136110078,208.2565445026178,87.49482048925569,0.26666666666666666,2.08839087083169,0.012373847080689707
k__Bacteria;_p__Firmicutes;_c__Clostridia;_o__Clostridiales;_f__Lachnospiraceae.30,kept,family,0.012830048345109707,238.1304347826087,47.324308946402574,0.2,3.1240228217619825,0.013914410374516233
k__Bacteria;_p__Firmicutes;_c__Clostridia;_o__Clostridiales;_f__Lachnospiraceae.31,kept,family,0.05838601710673113,44.71656050955414,16.340336377406363,0.2,3.8590514225240335,0.01006322991777182
k__Bacteria;_p__Firmicutes;_c__Clostridia;_o__Clostridiales;_f__Lachnospiraceae.32,kept,family,0.01896615842320565,317.8333333333333,102.60638959019535,0.2,2.699738069586432,0.012932590263820262
k__Bacteria;_p__Firmicutes;_c__Clostridia;_o__Clostridiales;_f__Lachnospiraceae.33,kept,family,0.020453700260319823,275.1272727272727,94.1295480459178,0.16666666666666666,3.4039338269379824,0.022641539317690737
k__Bacteria;_p__Firmicutes;_c__Clostridia;_o__Clostridiales;_f__Lachnospiraceae.34,kept,family,0.06526589810338415,257.997150997151,90.65691341551582,0.16666666666666666,3.6105641326539213,0.020051700870340725
k__Bacteria;_p__Firmicutes;_c__Clostridia;_o__Clostridiales;_f__Lachnospiraceae.35,kept,family,0.012644105615470434,38.51470588235294,11.967437601472644,0.16666666666666666,2.7714090485115355,0.0105638803444747
k__Bacteria;_p__Firmicutes;_c__Clostridia;_o__Clostridiales;_f__Lachnospiraceae.36,kept,family,0.011156563778356266,150.33333333333334,56.67816411752268,0.1,3.6107149379018626,0.010935473903412133
k__Bacteria;_p__Firmicutes;_c__Clostridia;_o__Clostridiales;_f__Lachnospiraceae.37,kept,family,0.005392339159538862,34.241379310344826,3.122019541536996,0.1,3.598550205604552,0.015149906149278988
k__Bacteria;_p__Firmicutes;_c__Clostridia;_o__Clostridiales;_f__Lachnospiraceae.38,kept,family,0.008553365563406471,40.17391304347826,6.042761671166033,0.1,3.781413296698149,0.015552258566441343
k__Bacteria;_p__Firmicutes;_c__Clostridia;_o__Clostridiales;_f__Lachnospiraceae.39,kept,family,0.041465228709557454,56.64125560538117,16.04418586738289,0.1,4.07546521032062,0.017111018702842505
k__Bacteria;_p__Firmicutes;_c__Clostridia;_o__Clostridiales;_f__Lachnospiraceae.4,kept,family,0.037374488657493495,56.3134328358209,22.26698223065277,0.26666666666666666,2.3992012137973555,0.016437848259651333
k__Bacteria;_p__Firmicutes;_c__Clostridia;_o__Clostridiales;_f__Lachnospiraceae.40,kept,family,0.056154704351059875,110.43046357615894,37.648868386100425,0.1,4.823996418902676,0.014384345305154282
k__Bacteria;_p__Firmicutes;_c__Clostridia;_o__Clostridiales;_f__Lachnospiraceae.41,kept,family,0.0180364447750093,83.43298969072166,52.56154566085619,0.1,3.7095097271719792,0.010982286028338365
k__Bacteria;_p__Firmicutes;_c__Clostridia;_o__Clostridiales;_f__Lachnospiraceae.42,kept,family,0.008739308293045742,23.5531914893617,3.7158496875525944,0.1,3.6555679797428184,0.015949022020805687
k__Bacteria;_p__Firmicutes;_c__Clostridia;_o__Clostridiales;_f__Lachnospiraceae.43,kept,family,0.03849014503532912,27.29951690821256,17.798654548924834,0.1,4.348825638548724,0.01096491961512085
k__Bacteria;_p__Firmicutes;_c__Clostridia;_o__Clostridiales;_f__Lachnospiraceae.44,kept,family,0.019523986612123467,25.98095238095238,6.769542786416421,0.1,4.547350331763504,0.015167218648937079
k__Bacteria;_p__Firmicutes;_c__Clostridia;_o__Clostridiales;_f__Lachnospiraceae.45,kept,family,0.0462997396801785,36.738955823293175,26.48648324690402,0.1,4.238529825014972,0.010436965516419061
k__Bacteria;_p__Firmicutes;_c__Clostridia;_o__Clostridiales;_f__Lachnospiraceae.46,kept,family,0.04592785422089996,20.898785425101213,7.0504877733331615,0.06666666666666667,4.953191743307166,0.017147398285525615
k__Bacteria;_p__Firmicutes;_c__Clostridia;_o__Clostridiales;_f__Lachnospiraceae.47,kept,family,0.022313127556712532,30.225,6.25439996738414,0.06666666666666667,4.613873513398901,0.021042086643689065
k__Bacteria;_p__Firmicutes;_c__Clostridia;_o__Clostridiales;_f__Lachnospiraceae.48,dropped,family,0.022499070286351803,13.925619834710744,2.280948855928703,0.03333333333333333,5.47722557505166,0.0106404321351463
k__Bacteria;_p__Firmicutes;_c__Clostridia;_o__Clostridiales;_f__Lachnospiraceae.49,dropped,family,0.0009297136481963555,15.0,0.513886407440268,0.03333333333333333,5.477225575051663,0.010278243401137662
k__Bacteria;_p__Firmicutes;_c__Clostridia;_o__Clostridiales;_f__Lachnospiraceae.5,kept,family,0.08348828560803273,540.9064587973274,381.6312062905193,0.26666666666666666,2.610442382130213,0.019111321939086757
k__Bacteria;_p__Firmicutes;_c__Clostridia;_o__Clostridiales;_f__Lachnospiraceae.50,dropped,family,0.05280773521755299,108.43661971830986,32.75122242952658,0.03333333333333333,5.477225575051659,0.017750368118336902
k__Bacteria;_p__Firmicutes;_c__Clostridia;_o__Clostridiales;_f__Lachnospiraceae.51,dropped,family,0.003532911863146151,38.10526315789474,2.417026781921245,0.03333333333333333,5.477225575051663,0.019390949231120717
k__Bacteria;_p__Firmicutes;_c__Clostridia;_o__Clostridiales;_f__Lachnospiraceae.52,dropped,family,0.044626255113425065,59.2,17.130336767655766,0.03333333333333333,5.477225575051662,0.02158967261260982
k__Bacteria;_p__Firmicutes;_c__Clostridia;_o__Clostridiales;_f__Lachnospiraceae.53,dropped,family,0.05243584975827445,94.26241134751773,27.5861588765791,0.03333333333333333,5.477225575051662,0.027397991261216358
k__Bacteria;_p__Firmicutes;_c__Clostridia;_o__Clostridiales;_f__Lachnospiraceae.54,dropped,family,0.0042766827817032355,39.0,4.1172916052864394,0.03333333333333333,5.477225575051662,0.013629846083470332
k__Bacteria;_p__Firmicutes;_c__Clostridia;_o__Clostridiales;_f__Lachnospiraceae.55,dropped,family,0.0005578281889178133,7.333333333333333,0.17984247220081376,0.03333333333333333,5.477225575051662,0.027233731804467125
k__Bacteria;_p__Firmicutes;_c__Clostridia;_o__Clostridiales;_f__Lachnospiraceae.56,dropped,family,0.052993677947192265,205.5438596491228,53.36974706086521,0.03333333333333333,5.47722557505166,0.014929361576203275
k__Bacteria;_p__Firmicutes;_c__Clostridia;_o__Clostridiales;_f__Lachnospiraceae.57,dropped,family,0.05280773521755299,162.76760563380282,59.1638337786091,0.03333333333333333,5.477225575051659,0.015116347079734778
k__Bacteria;_p__Firmicutes;_c__Clostridia;_o__Clostridiales;_f__Lachnospiraceae.58,dropped,family,0.0024172554853105245,16.692307692307693,0.8743066694695684,0.03333333333333333,5.477225575051662,0.015514600701682668
k__Bacteria;_p__Firmicutes;_c__Clostridia;_o__Clostridiales;_f__Lachnospiraceae.59,dropped,family,0.0007437709185570844,10.0,0.2800483803524458,0.03333333333333333,5.477225575051662,0.011773876537390185
k__Bacteria;_p__Firmicutes;_c__Clostridia;_o__Clostridiales;_f__Lachnospiraceae.6,kept,family,0.026031982149497954,124.3,65.82118720099467,0.26666666666666666,2.5110605866092714,0.009058937694493403
k__Bacteria;_p__Firmicutes;_c__Clostridia;_o__Clostridiales;_f__Lachnospiraceae.60,dropped,family,0.004834510970621049,25.884615384615383,2.6130664482292967,0.03333333333333333,5.477225575051662,0.010960424789768575
k__Bacteria;_p__Firmicutes;_c__Clostridia;_o__Clostridiales;_f__Lachnospiraceae.61,dropped,family,0.006322052807735217,19.794117647058822,1.7923017008608062,0.03333333333333333,5.477225575051662,0.018961367525397545
k__Bacteria;_p__Firmicutes;_c__Clostridia;_o__Clostridiales;_f__Lachnospiraceae.62,dropped,family,0.04871699516548903,71.86641221374046,25.00992733268481,0.03333333333333333,5.477225575051659,0.01959164942197865
k__Bacteria;_p__Firmicutes;_c__Clostridia;_o__Clostridiales;_f__Lachnospiraceae.63,dropped,family,0.050948307921160285,34.2956204379562,9.972862432834814,0.03333333333333333,5.47722557505166,0.007653418660033136
k__Bacteria;_p__Firmicutes;_c__Clostridia;_o__Clostridiales;_f__Lachnospiraceae.64,dropped,family,0.014503532911863145,35.19230769230769,9.839873989015052,0.03333333333333333,5.477225575051661,0.017870241771745565
k__Bacteria;_p__Firmicutes;_c__Clostridia;_o__Clostridiales;_f__Lachnospiraceae.65,dropped,family,0.025474153960580143,16.036496350364963,2.84054867040645,0.03333333333333333,5.47722557505166,0.024816701455326298
k__Bacteria;_p__Firmicutes;_c__Clostridia;_o__Clostridiales;_f__Lachnospiraceae.66,dropped,family,0.05317962067683154,500.23776223776224,154.5455124756841,0.03333333333333333,5.47722557505166,0.006677636828022108
k__Bacteria;_p__Firmicutes;_c__Clostridia;_o__Clostridiales;_f__Lachnospiraceae.67,dropped,family,0.0005578281889178133,55.666666666666664,1.8783841442432505,0.03333333333333333,5.477225575051662,0.012576544518994703
k__Bacteria;_p__Firmicutes;_c__Clostridia;_o__Clostridiales;_f__Lachnospiraceae.68,dropped,family,0.0013015991074748978,14.0,0.5652865267808594,0.03333333333333333,5.477225575051663,0.015464108235290068
k__Bacteria;_p__Firmicutes;_c__Clostridia;_o__Clostridiales;_f__Lachnospiraceae.69,dropped,family,0.04369654146522871,163.331914893617,46.65801172322066,0.03333333333333333,5.477225575051662,0.017564985200009382
k__Bacteria;_p__Firmicutes;_c__Clostridia;_o__Clostridiales;_f__Lachnospiraceae.7,kept,family,0.037374488657493495,992.6716417910447,476.27018753430156,0.26666666666666666,2.493027124489114,0.009590175832506268
k__Bacteria;_p__Firmicutes;_c__Clostridia;_o__Clostridiales;_f__Lachnospiraceae.70,dropped,family,0.0007437709185570844,22.75,0.6823392097383365,0.03333333333333333,5.477225575051662,0.012347958182312076
k__Bacteria;_p__Firmicutes;_c__Clostridia;_o__Clostridiales;_f__Lachnospiraceae.71,dropped,family,0.008925251022685012,21.4375,2.1610839505242945,0.03333333333333333,5.477225575051662,0.016624013295744457
k__Bacteria;_p__Firmicutes;_c__Clostridia;_o__Clostridiales;_f__Lachnospiraceae.72,dropped,family,0.052621792487913724,88.42756183745583,45.33451031834582,0.03333333333333333,5.47722557505166,0.013528131108404014
k__Bacteria;_p__Firmicutes;_c__Clostridia;_o__Clostridiales;_f__Lachnospiraceae.73,dropped,family,0.0392339159538862,32.502369668246445,10.715839635308132,0.03333333333333333,5.477225575051663,0.015225569137646411
k__Bacteria;_p__Firmicutes;_c__Clostridia;_o__Clostridiales;_f__Lachnospiraceae.74,dropped,family,0.05317962067683154,447.8706293706294,192.03235347874772,0.03333333333333333,5.47722557505166,0.020856578150367434
k__Bacteria;_p__Firmicutes;_c__Clostridia;_o__Clostridiales;_f__Lachnospiraceae.75,dropped,family,0.0007437709185570844,37.75,1.100556972608644,0.03333333333333333,5.477225575051662,0.022579523369193614
k__Bacteria;_p__Firmicutes;_c__Clostridia;_o__Clostridiales;_f__Lachnospiraceae.76,dropped,family,0.0011156563778356265,30.666666666666668,1.0941969712498667,0.03333333333333333,5.477225575051662,0.013946649100539488
k__Bacteria;_p__Firmicutes;_c__Clostridia;_o__Clostridiales;_f__Lachnospiraceae.77,dropped,family,0.008553365563406471,32.73913043478261,3.472902494744501,0.03333333333333333,5.477225575051662,0.011955498423961146
k__Bacteria;_p__Firmicutes;_c__Clostridia;_o__Clostridiales;_f__Lachnospiraceae.78,dropped,family,0.05206396429899591,46.003571428571426,12.281956207076487,0.03333333333333333,5.477225575051662,0.010039036462251032
k__Bacteria;_p__Firmicutes;_c__Clostridia;_o__Clostridiales;_f__Lachnospiraceae.79,dropped,family,0.0011156563778356265,82.83333333333333,3.1911127772854386,0.03333333333333333,5.477225575051662,0.015548489080362342
k__Bacteria;_p__Firmicutes;_c__Clostridia;_o__Clostridiales;_f__Lachnospiraceae.8,kept,family,0.027705466716251393,99.85906040268456,34.082725273794395,0.23333333333333334,2.3020264091515297,0.02534791709735933
k__Bacteria;_p__Firmicutes;_c__Clostridia;_o__Clostridiales;_f__Lachnospiraceae.80,dropped,family,0.023056898475269618,52.266129032258064,24.254488800364655,0.03333333333333333,5.47722557505166,0.016554136533987865
k__Bacteria;_p__Firmicutes;_c__Clostridia;_o__Clostridiales;_f__Lachnospiraceae.81,dropped,family,0.0005578281889178133,9.666666666666666,0.2301617927449537,0.03333333333333333,5.477225575051662,0.020946382357126366
k__Bacteria;_p__Firmicutes;_c__Clostridia;_o__Clostridiales;_f__Lachnospiraceae.82,dropped,family,0.02175529936779472,15.316239316239317,2.6742035919970997,0.03333333333333333,5.477225575051661,0.02751638993706734
k__Bacteria;_p__Firmicutes;_c__Clostridia;_o__Clostridiales;_f__Lachnospiraceae.83,dropped,family,0.00669393826701376,35.333333333333336,3.54038702280598,0.03333333333333333,5.477225575051663,0.01731305857967896
k__Bacteria;_p__Firmicutes;_c__Clostridia;_o__Clostridiales;_f__Lachnospiraceae.84,dropped,family,0.005950167348456675,165.1875,36.228457076380664,0.03333333333333333,5.477225575051662,0.018788919408821738
k__Bacteria;_p__Firmicutes;_c__Clostridia;_o__Clostridiales;_f__Lachnospiraceae.85,dropped,family,0.0042766827817032355,63.869565217391305,8.368619960594378,0.03333333333333333,5.477225575051662,0.02471707930535095
k__Bacteria;_p__Firmicutes;_c__Clostridia;_o__Clostridiales;_f__Lachnospiraceae.86,dropped,family,0.0014875418371141688,28.625,1.3568477082652899,0.03333333333333333,5.477225575051662,0.016064706035889477
k__Bacteria;_p__Firmicutes;_c__Clostridia;_o__Clostridiales;_f__Lachnospiraceae.87,dropped,family,0.015433246560059502,82.73493975903614,32.82405783886243,0.03333333333333333,5.477225575051659,0.017477960033886946
k__Bacteria;_p__Firmicutes;_c__Clostridia;_o__Clostridiales;_f__Lachnospiraceae.88,dropped,family,0.0013015991074748978,73.0,2.817571741187226,0.03333333333333333,5.477225575051663,0.010336080744085667
k__Bacteria;_p__Firmicutes;_c__Clostridia;_o__Clostridiales;_f__Lachnospiraceae.89,dropped,family,0.002045370026031982,44.09090909090909,2.15837770398928,0.03333333333333333,5.47722557505166,0.010126506433109299
k__Bacteria;_p__Firmicutes;_c__Clostridia;_o__Clostridiales;_f__Lachnospiraceae.9,kept,family,0.01840833023428784,102.35353535353535,38.32507517845608,0.23333333333333334,2.666842276474807,0.01282709548451965
k__Bacteria;_p__Firmicutes;_c__Clostridia;_o__Clostridiales;_f__Lachnospiraceae.90,dropped,family,0.046671625139457044,48.191235059760956,15.291952184265119,0.03333333333333333,5.477225575051662,0.027265378144411108
k__Bacteria;_p__Firmicutes;_c__Clostridia;_o__Clostridiales;_f__Lachnospiraceae.91,dropped,family,0.0007437709185570844,13.5,0.37730330170398585,0.03333333333333333,5.477225575051662,0.01073520340954679
k__Bacteria;_p__Firmicutes;_c__Clostridia;_o__Clostridiales;_f__Lachnospiraceae.92,dropped,family,0.0005578281889178133,38.0,0.9111120971319563,0.03333333333333333,5.477225575051662,0.02461277384334588
k__Bacteria;_p__Firmicutes;_c__Clostridia;_o__Clostridiales;_f__Lachnospiraceae.93,dropped,family,0.0005578281889178133,6.333333333333333,0.15120425072388782,0.03333333333333333,5.477225575051662,0.016395854505888905
k__Bacteria;_p__Firmicutes;_c__Clostridia;_o__Clostridiales;_f__Lachnospiraceae.94,dropped,family,0.00502045370026032,10.666666666666666,0.8764665614249288,0.03333333333333333,5.477225575051663,0.02003831571079917
k__Bacteria;_p__Firmicutes;_c__Clostridia;_o__Clostridiales;_f__Lachnospiraceae;_g__;_s__,kept,family,0.004834510970621049,129.07692307692307,13.116421059803944,0.1,3.42307583654662,0.01224224291348303
k__Bacteria;_p__Firmicutes;_c__Clostridia;_o__Clostridiales;_f__Lachnospiraceae;_g__;_s__.1,kept,family,0.0011156563778356265,252.16666666666666,9.884071808690386,0.06666666666666667,3.8932251755645537,0.00881771785795434
k__Bacteria;_p__Firmicutes;_c__Clostridia;_o__Clostridiales;_f__Lachnospiraceae;_g__;_s__.2,dropped,family,0.00334696913350688,324.1666666666667,22.271408868211562,0.03333333333333333,5.477225575051661,0.014305535933912698
k__Bacteria;_p__Firmicutes;_c__Clostridia;_o__Clostridiales;_f__Lachnospiraceae;_g__;_s__.3,dropped,family,0.0005578281889178133,177.33333333333334,4.243240612487071,0.03333333333333333,5.47722557505166,0.015475545559068781
k__Bacteria;_p__Firmicutes;_c__Clostridia;_o__Clostridiales;_f__Lachnospiraceae;_g__Anaerostipes;_s__,kept,genus,0.05968761621420603,36.2398753894081,14.775915857502326,0.2,2.7936647993707315,0.020954126799941273
k__Bacteria;_p__Firmicutes;_c__Clostridia;_o__Clostridiales;_f__Lachnospiraceae;_g__Anaerostipes;_s__.1,kept,genus,0.015247303830420231,114.53658536585365,26.41488150817982,0.13333333333333333,3.3279886633653666,0.02045834140323944
k__Bacteria;_p__Firmicutes;_c__Clostridia;_o__Clostridiales;_f__Lachnospiraceae;_g__Anaerostipes;_s__.2,kept,genus,0.013945704722945334,243.17333333333335,128.57520589846868,0.1,3.1056935758362814,0.013094041863718712
k__Bacteria;_p__Firmicutes;_c__Clostridia;_o__Clostridiales;_f__Lachnospiraceae;_g__Blautia,kept,genus,0.006507995537374489,22.2,2.36098491400081,0.1,4.086742430183777,0.01458863590344736
k__Bacteria;_p__Firmicutes;_c__Clostridia;_o__Clostridiales;_f__Lachnospiraceae;_g__Blautia.1,kept,genus,0.002231312755671253,86.0,4.699684155008321,0.06666666666666667,3.879771774609273,0.017795018451629133
k__Bacteria;_p__Firmicutes;_c__Clostridia;_o__Clostridiales;_f__Lachnospiraceae;_g__Blautia.2,dropped,genus,0.0005578281889178133,78.0,2.401483428161983,0.03333333333333333,5.477225575051661,0.022544058764668813
k__Bacteria;_p__Firmicutes;_c__Clostridia;_o__Clostridiales;_f__Lachnospiraceae;_g__Blautia;_s__,kept,genus,0.09687616214206024,232.52207293666027,141.67162503887954,0.23333333333333334,2.6210398141726494,0.032320218985851024
k__Bacteria;_p__Firmicutes;_c__Clostridia;_o__Clostridiales;_f__Lachnospiraceae;_g__Blautia;_s__.1,kept,genus,0.037002603198214946,652.2110552763819,384.0704126282533,0.2,2.9091612902571327,0.02302972387356331
k__Bacteria;_p__Firmicutes;_c__Clostridia;_o__Clostridiales;_f__Lachnospiraceae;_g__Blautia;_s__.2,kept,genus,0.03161026403867609,333.5,91.68196580249938,0.2,2.82457235962458,0.016715716551263967
k__Bacteria;_p__Firmicutes;_c__Clostridia;_o__Clostridiales;_f__Lachnospiraceae;_g__Blautia;_s__.3,kept,genus,0.010598735589438453,70.26315789473684,12.662427849129449,0.2,2.638822101116476,0.011690437239458062
k__Bacteria;_p__Firmicutes;_c__Clostridia;_o__Clostridiales;_f__Lachnospiraceae;_g__Blautia;_s__.4,kept,genus,0.0180364447750093,223.01030927835052,63.927589631485645,0.16666666666666666,3.66794815763513,0.014306847241566738
k__Bacteria;_p__Firmicutes;_c__Clostridia;_o__Clostridiales;_f__Lachnospiraceae;_g__Blautia;_s__.5,kept,genus,0.027519523986612122,238.1418918918919,58.19940179733665,0.13333333333333333,3.2511089941537916,0.016897286859434722
k__Bacteria;_p__Firmicutes;_c__Clostridia;_o__Clostridiales;_f__Lachnospiraceae;_g__Blautia;_s__.6,kept,genus,0.027333581256972852,231.37414965986395,76.51937589397616,0.13333333333333333,2.9005088541750244,0.0138216272824541
k__Bacteria;_p__Firmicutes;_c__Clostridia;_o__Clostridiales;_f__Lachnospiraceae;_g__Blautia;_s__.7,dropped,genus,0.010784678319077723,350.2758620689655,71.73160722374293,0.03333333333333333,5.477225575051662,0.02004047510397875
k__Bacteria;_p__Firmicutes;_c__Clostridia;_o__Clostridiales;_f__Lachnospiraceae;_g__Blautia;_s__obeum,kept,species,0.09315730754927483,124.86826347305389,70.62311235026199,0.23333333333333334,2.342160910746868,0.015033340785258894
k__Bacteria;_p__Firmicutes;_c__Clostridia;_o__Clostridiales;_f__Lachnospiraceae;_g__Blautia;_s__obeum.1,dropped,species,0.0005578281889178133,31.0,0.7338100415720838,0.03333333333333333,5.477225575051663,0.018687933154074316
k__Bacteria;_p__Firmicutes;_c__Clostridia;_o__Clostridiales;_f__Lachnospiraceae;_g__Blautia;_s__producta,kept,species,0.021569356638155446,135.1551724137931,112.95276533375869,0.13333333333333333,2.7453143542147367,0.02726437359877749
k__Bacteria;_p__Firmicutes;_c__Clostridia;_o__Clostridiales;_f__Lachnospiraceae;_g__Blautia;_s__producta.1,kept,species,0.01338787653402752,113.15277777777777,23.327225300109525,0.1,4.47679304478359,0.022899912215052002
k__Bacteria;_p__Firmicutes;_c__Clostridia;_o__Clostridiales;_f__Lachnospiraceae;_g__Blautia;_s__producta.2,dropped,species,0.0005578281889178133,101.66666666666667,3.2682358500312203,0.03333333333333333,5.477225575051659,0.012127983730813882
k__Bacteria;_p__Firmicutes;_c__Clostridia;_o__Clostridiales;_f__Lachnospiraceae;_g__Butyrivibrio;_s__,dropped,genus,0.0005578281889178133,356.6666666666667,10.848244915028406,0.03333333333333333,5.47722557505166,0.011120832761193526
k__Bacteria;_p__Firmicutes;_c__Clostridia;_o__Clostridiales;_f__Lachnospiraceae;_g__Butyrivibrio;_s__crossotus,kept,species,0.0031610264038676086,377.0,27.688291764951924,0.06666666666666667,4.074564933227235,0.017957041391290476
k__Bacteria;_p__Firmicutes;_c__Clostridia;_o__Clostridiales;_f__Lachnospiraceae;_g__Butyrivibrio;_s__crossotus.1,dropped,species,0.0007437709185570844,428.25,15.133768270093428,0.03333333333333333,5.477225575051661,0.01674933223074159
k__Bacteria;_p__Firmicutes;_c__Clostridia;_o__Clostridiales;_f__Lachnospiraceae;_g__Clostridium,kept,genus,0.012272220156191893,59.43939393939394,11.385295328202666,0.13333333333333333,3.8182332832080124,0.017674470129423032
k__Bacteria;_p__Firmicutes;_c__Clostridia;_o__Clostridiales;_f__Lachnospiraceae;_g__Clostridium.1,dropped,genus,0.05206396429899591,49.975,14.939022177068365,0.06666666666666667,5.283671995671637,0.02063043550399156
k__Bacteria;_p__Firmicutes;_c__Clostridia;_o__Clostridiales;_f__Lachnospiraceae;_g__Clostridium.2,kept,genus,0.05373744886574935,101.96885813148789,34.197590829481406,0.06666666666666667,5.230254328286615,0.009108073657883383
k__Bacteria;_p__Firmicutes;_c__Clostridia;_o__Clostridiales;_f__Lachnospiraceae;_g__Clostridium.3,kept,genus,0.06247675715879509,250.66369047619048,147.38044154446408,0.06666666666666667,3.945888920734626,0.02379698445606914
k__Bacteria;_p__Firmicutes;_c__Clostridia;_o__Clostridiales;_f__Lachnospiraceae;_g__Clostridium.4,dropped,genus,0.0005578281889178133,59.333333333333336,1.4604136384146933,0.03333333333333333,5.477225575051662,0.019538979023164624
k__Bacteria;_p__Firmicutes;_c__Clostridia;_o__Clostridiales;_f__Lachnospiraceae;_g__Clostridium.5,dropped,genus,0.032539977686872446,17.365714285714287,5.536423462196992,0.03333333333333333,5.477225575051661,0.010579696781619947
k__Bacteria;_p__Firmicutes;_c__Clostridia;_o__Clostridiales;_f__Lachnospiraceae;_g__Clostridium;_s__aldenense,kept,species,0.005950167348456675,83.0625,15.50916460009102,0.06666666666666667,4.7979211200374206,0.005826776656376846
k__Bacteria;_p__Firmicutes;_c__Clostridia;_o__Clostridiales;_f__Lachnospiraceae;_g__Clostridium;_s__citroniae,kept,species,0.017106731126812942,249.4673913043478,85.60397717631683,0.1,3.5485220223049003,0.012352065877276308
k__Bacteria;_p__Firmicutes;_c__Clostridia;_o__Clostridiales;_f__Lachnospiraceae;_g__Clostridium;_s__clostridioforme,dropped,species,0.011528449237634809,322.4516129032258,50.6649083310572,0.03333333333333333,5.477225575051661,0.008517901499797283
k__Bacteria;_p__Firmicutes;_c__Clostridia;_o__Clostridiales;_f__Lachnospiraceae;_g__Clostridium;_s__colinum,kept,species,0.004834510970621049,93.76923076923077,11.606312415965085,0.1,3.2056836476431654,0.013406343830151705
k__Bacteria;_p__Firmicutes;_c__Clostridia;_o__Clostridiales;_f__Lachnospiraceae;_g__Clostridium;_s__hathewayi,kept,species,0.010226850130159911,298.1636363636364,75.398202636341,0.13333333333333333,3.1678552274333707,0.014463810726028366
k__Bacteria;_p__Firmicutes;_c__Clostridia;_o__Clostridiales;_f__Lachnospiraceae;_g__Clostridium;_s__hathewayi.1,kept,species,0.006879880996653031,151.2972972972973,22.033108636964357,0.1,3.5765655240687813,0.01706762679867966
k__Bacteria;_p__Firmicutes;_c__Clostridia;_o__Clostridiales;_f__Lachnospiraceae;_g__Clostridium;_s__lavalense,kept,species,0.00334696913350688,43.111111111111114,3.870702479971515,0.06666666666666667,4.475959640489047,0.010904895207591362
k__Bacteria;_p__Firmicutes;_c__Clostridia;_o__Clostridiales;_f__Lachnospiraceae;_g__Clostridium;_s__symbiosum,kept,species,0.010412792859799182,191.64285714285714,51.57106227327717,0.1,3.6694035915946306,0.01934152296034213
k__Bacteria;_p__Firmicutes;_c__Clostridia;_o__Clostridiales;_f__Lachnospiraceae;_g__Coprococcus,dropped,genus,0.0026031982149497955,239.78571428571428,13.777999728845467,0.03333333333333333,5.477225575051659,0.01121075265527507
k__Bacteria;_p__Firmicutes;_c__Clostridia;_o__Clostridiales;_f__Lachnospiraceae;_g__Coprococcus;_s__,kept,genus,0.06322052807735218,74.1470588235294,56.126817792515226,0.23333333333333334,2.8838379580465476,0.013312509475569827
k__Bacteria;_p__Firmicutes;_c__Clostridia;_o__Clostridiales;_f__Lachnospiraceae;_g__Coprococcus;_s__.1,kept,genus,0.06768315358869469,187.5,89.59079284462902,0.23333333333333334,2.974914813012767,0.008404086356345153
k__Bacteria;_p__Firmicutes;_c__Clostridia;_o__Clostridiales;_f__Lachnospiraceae;_g__Coprococcus;_s__.10,dropped,genus,0.0005578281889178133,7.666666666666667,0.19329548894695422,0.03333333333333333,5.477225575051659,0.02513955151693589
k__Bacteria;_p__Firmicutes;_c__Clostridia;_o__Clostridiales;_f__Lachnospiraceae;_g__Coprococcus;_s__.2,kept,genus,0.025474153960580143,335.2554744525547,98.62058439297198,0.23333333333333334,3.4603619921021607,0.010834830061990323
k__Bacteria;_p__Firmicutes;_c__Clostridia;_o__Clostridiales;_f__Lachnospiraceae;_g__Coprococcus;_s__.3,kept,genus,0.06117515805132019,115.58966565349544,39.101598977979506,0.2,3.7155357871934305,0.020614090281543516
k__Bacteria;_p__Firmicutes;_c__Clostridia;_o__Clostridiales;_f__Lachnospiraceae;_g__Coprococcus;_s__.4,kept,genus,0.01692078839717367,128.7912087912088,29.41494233951693,0.16666666666666666,3.0385237797289366,0.018601838371904034
k__Bacteria;_p__Firmicutes;_c__Clostridia;_o__Clostridiales;_f__Lachnospiraceae;_g__Coprococcus;_s__.5,kept,genus,0.012644105615470434,244.5,51.47773341332961,0.13333333333333333,3.0105033218686597,0.014099960077279242
k__Bacteria;_p__Firmicutes;_c__Clostridia;_o__Clostridiales;_f__Lachnospiraceae;_g__Coprococcus;_s__.6,kept,genus,0.007995537374488658,327.3953488372093,37.872661350073166,0.1,3.860446314217038,0.015108478510896221
k__Bacteria;_p__Firmicutes;_c__Clostridia;_o__Clostridiales;_f__Lachnospiraceae;_g__Coprococcus;_s__.7,kept,genus,0.013759761993306061,292.1621621621622,58.58720696855601,0.06666666666666667,5.0164665353691245,0.012369515566112432
k__Bacteria;_p__Firmicutes;_c__Clostridia;_o__Clostridiales;_f__Lachnospiraceae;_g__Coprococcus;_s__.8,kept,genus,0.014131647452584604,557.4736842105264,134.32219029513146,0.06666666666666667,5.194149184506062,0.02182177803136221
k__Bacteria;_p__Firmicutes;_c__Clostridia;_o__Clostridiales;_f__Lachnospiraceae;_g__Coprococcus;_s__.9,kept,genus,0.0042766827817032355,75.91304347826087,7.761618929145303,0.06666666666666667,4.279816535964574,0.014080117078434743
k__Bacteria;_p__Firmicutes;_c__Clostridia;_o__Clostridiales;_f__Lachnospiraceae;_g__Coprococcus;_s__catus,kept,species,0.06284864261807363,52.328402366863905,27.98828942141802,0.23333333333333334,2.537472766942084,0.01821543422705174
k__Bacteria;_p__Firmicutes;_c__Clostridia;_o__Clostridiales;_f__Lachnospiraceae;_g__Coprococcus;_s__eutactus,kept,species,0.042952770546671626,119.96103896103897,61.0615772076016,0.23333333333333334,2.389749601800855,0.013776114310269408
k__Bacteria;_p__Firmicutes;_c__Clostridia;_o__Clostridiales;_f__Lachnospiraceae;_g__Coprococcus;_s__eutactus.1,kept,species,0.010412792859799182,338.98214285714283,74.0825802986994,0.2,2.509312321891286,0.016030385689021532
k__Bacteria;_p__Firmicutes;_c__Clostridia;_o__Clostridiales;_f__Lachnospiraceae;_g__Coprococcus;_s__eutactus.2,kept,species,0.0027891409445890665,266.93333333333334,16.995098042744218,0.06666666666666667,4.6368990874936875,0.010114673649451155
k__Bacteria;_p__Firmicutes;_c__Clostridia;_o__Clostridiales;_f__Lachnospiraceae;_g__Coprococcus;_s__eutactus.3,dropped,species,0.03886203049460766,77.80861244019138,25.759849103496535,0.06666666666666667,5.2777207547002165,0.0098186998818228
k__Bacteria;_p__Firmicutes;_c__Clostridia;_o__Clostridiales;_f__Lachnospiraceae;_g__Dorea,dropped,genus,0.05039047973224247,21.60147601476015,5.733558859835512,0.03333333333333333,5.477225575051661,0.015378988341748482
k__Bacteria;_p__Firmicutes;_c__Clostridia;_o__Clostridiales;_f__Lachnospiraceae;_g__Dorea;_s__,kept,genus,0.06805503904797322,100.21311475409836,56.38641913130435,0.23333333333333334,3.155387450770374,0.007803991081051172
k__Bacteria;_p__Firmicutes;_c__Clostridia;_o__Clostridiales;_f__Lachnospiraceae;_g__Dorea;_s__.1,kept,genus,0.02714763852733358,190.84931506849315,53.220990181577534,0.2,2.6963334839727793,0.014343943219913799
k__Bacteria;_p__Firmicutes;_c__Clostridia;_o__Clostridiales;_f__Lachnospiraceae;_g__Dorea;_s__.2,kept,genus,0.003532911863146151,77.78947368421052,7.070881216879716,0.1,3.0583348895668183,0.016124601460665366
k__Bacteria;_p__Firmicutes;_c__Clostridia;_o__Clostridiales;_f__Lachnospiraceae;_g__Dorea;_s__.3,kept,genus,0.01171439196727408,164.23809523809524,31.272586839220068,0.1,4.658943515531836,0.018513237981379722
k__Bacteria;_p__Firmicutes;_c__Clostridia;_o__Clostridiales;_f__Lachnospiraceae;_g__Dorea;_s__.4,kept,genus,0.013759761993306061,98.87837837837837,18.28266631330435,0.1,3.1487412832208856,0.02011611677250847
k__Bacteria;_p__Firmicutes;_c__Clostridia;_o__Clostridiales;_f__Lachnospiraceae;_g__Dorea;_s__.5,kept,genus,0.005206396429899591,139.75,24.849997914079445,0.06666666666666667,4.405946912533929,0.024403708473023266
k__Bacteria;_p__Firmicutes;_c__Clostridia;_o__Clostridiales;_f__Lachnospiraceae;_g__Dorea;_s__formicigenerans,kept,species,0.0347712904425437,113.17647058823529,33.9866876584585,0.2,2.669624142077539,0.014482875602827986
k__Bacteria;_p__Firmicutes;_c__Clostridia;_o__Clostridiales;_f__Lachnospiraceae;_g__Dorea;_s__formicigenerans.1,dropped,species,0.0005578281889178133,10.666666666666666,0.31743391652499275,0.03333333333333333,5.477225575051662,0.009986489426929524
k__Bacteria;_p__Firmicutes;_c__Clostridia;_o__Clostridiales;_f__Lachnospiraceae;_g__Dorea;_s__longicatena,kept,species,0.02194124209743399,199.3135593220339,52.64986052755956,0.1,3.6048650908638034,0.02198532315433217
k__Bacteria;_p__Firmicutes;_c__Clostridia;_o__Clostridiales;_f__Lachnospiraceae;_g__Epulopiscium;_s__,kept,genus,0.0013015991074748978,64.28571428571429,3.2328961272779897,0.06666666666666667,4.201929370646222,0.0062098887487989675
k__Bacteria;_p__Firmicutes;_c__Clostridia;_o__Clostridiales;_f__Lachnospiraceae;_g__Lachnobacterium;_s__,kept,genus,0.008181480104127928,230.27272727272728,33.68310457794085,0.16666666666666666,2.820936074036932,0.0171779112788893
k__Bacteria;_p__Firmicutes;_c__Clostridia;_o__Clostridiales;_f__Lachnospiraceae;_g__Lachnospira;_s__,kept,genus,0.012830048345109707,139.04347826086956,30.948140740230244,0.2,2.59326842224478,0.016400409546971632
k__Bacteria;_p__Firmicutes;_c__Clostridia;_o__Clostridiales;_f__Lachnospiraceae;_g__Lachnospira;_s__.1,kept,genus,0.06842692450725177,275.8070652173913,107.84132896027351,0.2,3.0100298659805893,0.012696775590627192
k__Bacteria;_p__Firmicutes;_c__Clostridia;_o__Clostridiales;_f__Lachnospiraceae;_g__Lachnospira;_s__.2,kept,genus,0.060245444403123835,895.858024691358,306.3715635964054,0.2,3.7512009017122487,0.009303863256912844
k__Bacteria;_p__Firmicutes;_c__Clostridia;_o__Clostridiales;_f__Lachnospiraceae;_g__Lachnospira;_s__.3,kept,genus,0.07753811825957604,207.16786570743406,106.84057722368559,0.2,2.5136895468642,0.018475164178197234
k__Bacteria;_p__Firmicutes;_c__Clostridia;_o__Clostridiales;_f__Lachnospiraceae;_g__Lachnospira;_s__.4,kept,genus,0.054667162513945704,136.31292517006804,52.72199807170104,0.16666666666666666,3.1129876831930305,0.01673243699508299
k__Bacteria;_p__Firmicutes;_c__Clostridia;_o__Clostridiales;_f__Lachnospiraceae;_g__Lachnospira;_s__.5,dropped,genus,0.0005578281889178133,46.666666666666664,1.22541704176979,0.03333333333333333,5.477225575051662,0.010504171133077504
k__Bacteria;_p__Firmicutes;_c__Clostridia;_o__Clostridiales;_f__Lachnospiraceae;_g__Lactonifactor;_s__longoviformis,dropped,species,0.0007437709185570844,19.75,0.6110749516288078,0.03333333333333333,5.47722557505166,0.012094840845796085
k__Bacteria;_p__Firmicutes;_c__Clostridia;_o__Clostridiales;_f__Lachnospiraceae;_g__Oribacterium;_s__,dropped,genus,0.0007437709185570844,206.75,5.761612113330647,0.03333333333333333,5.477225575051661,0.019591162875551515
k__Bacteria;_p__Firmicutes;_c__Clostridia;_o__Clostridiales;_f__Lachnospiraceae;_g__Pseudobutyrivibrio,dropped,genus,0.0005578281889178133,33.333333333333336,0.9412874437877876,0.03333333333333333,5.477225575051659,0.020804557352693664
k__Bacteria;_p__Firmicutes;_c__Clostridia;_o__Clostridiales;_f__Lachnospiraceae;_g__Roseburia,kept,genus,0.07456303458534771,731.5137157107232,288.0059835459228,0.23333333333333334,2.798001137394436,0.01382780781609969
k__Bacteria;_p__Firmicutes;_c__Clostridia;_o__Clostridiales;_f__Lachnospiraceae;_g__Roseburia.1,kept,genus,0.004090740052063964,146.6818181818182,12.013032102674993,0.13333333333333333,3.331988795174709,0.016724101001347025
k__Bacteria;_p__Firmicutes;_c__Clostridia;_o__Clostridiales;_f__Lachnospiraceae;_g__Roseburia.2,kept,genus,0.058200074377091855,866.5782747603834,331.45346691414454,0.13333333333333333,4.110999227990152,0.02020237468578619
k__Bacteria;_p__Firmicutes;_c__Clostridia;_o__Clostridiales;_f__Lachnospiraceae;_g__Roseburia.3,kept,genus,0.01692078839717367,325.1098901098901,67.06513741409057,0.1,3.9758769973043915,0.01995767590337736
k__Bacteria;_p__Firmicutes;_c__Clostridia;_o__Clostridiales;_f__Lachnospiraceae;_g__Roseburia.4,kept,genus,0.007809594644849386,373.8095238095238,45.486171663936545,0.1,4.754108107678847,0.006978134135950313
k__Bacteria;_p__Firmicutes;_c__Clostridia;_o__Clostridiales;_f__Lachnospiraceae;_g__Roseburia.5,kept,genus,0.0014875418371141688,27.25,1.450898874082914,0.06666666666666667,4.177151280094583,0.021772272992989044
k__Bacteria;_p__Firmicutes;_c__Clostridia;_o__Clostridiales;_f__Lachnospiraceae;_g__Roseburia;_s__,kept,genus,0.021569356638155446,328.0431034482759,80.80287582873018,0.13333333333333333,3.400869968468881,0.010799663563338384
k__Bacteria;_p__Firmicutes;_c__Clostridia;_o__Clostridiales;_f__Lachnospiraceae;_g__Roseburia;_s__.1,kept,genus,0.005206396429899591,148.42857142857142,16.973523205093475,0.1,4.292505412323899,0.014230596861263585
k__Bacteria;_p__Firmicutes;_c__Clostridia;_o__Clostridiales;_f__Lachnospiraceae;_g__Roseburia;_s__.2,dropped,genus,0.013201933804388248,1006.0,145.45763744180448,0.03333333333333333,5.477225575051661,0.022770017281304032
k__Bacteria;_p__Firmicutes;_c__Clostridia;_o__Clostridiales;_f__Lachnospiraceae;_g__Roseburia;_s__.3,dropped,genus,0.0024172554853105245,410.6923076923077,27.681524973220952,0.03333333333333333,5.477225575051661,0.01519875084151523
k__Bacteria;_p__Firmicutes;_c__Clostridia;_o__Clostridiales;_f__Lachnospiraceae;_g__Roseburia;_s__faecis,kept,species,0.042952770546671626,1149.891774891775,428.7622138366862,0.13333333333333333,2.7055002940074635,0.021561967367175115
k__Bacteria;_p__Firmicutes;_c__Clostridia;_o__Clostridiales;_f__Lachnospiraceae;_g__Roseburia;_s__inulinivorans,dropped,species,0.010412792859799182,464.5892857142857,71.05329561578233,0.03333333333333333,5.47722557505166,0.014320768141901212
k__Bacteria;_p__Firmicutes;_c__Clostridia;_o__Clostridiales;_f__Lachnospiraceae;_g__Ruminococcus;_s__gauvreauii,dropped,species,0.0011156563778356265,8.5,0.2995615055125364,0.03333333333333333,5.477225575051659,0.023478243701295816
k__Bacteria;_p__Firmicutes;_c__Clostridia;_o__Clostridiales;_f__Lachnospiraceae;_g__Ruminococcus;_s__lactaris,dropped,species,0.005950167348456675,184.4375,21.544720799867804,0.03333333333333333,5.47722557505166,0.01125313580613474
k__Bacteria;_p__Firmicutes;_c__Clostridia;_o__Clostridiales;_f__Lachnospiraceae;_g___Ruminococcus_,dropped,genus,0.0027891409445890665,36.333333333333336,2.1187443497567093,0.03333333333333333,5.477225575051662,0.022131666429953522
k__Bacteria;_p__Firmicutes;_c__Clostridia;_o__Clostridiales;_f__Lachnospiraceae;_g___Ruminococcus_.1,dropped,genus,0.001859427296392711,64.7,3.8571566195842126,0.03333333333333333,5.477225575051663,0.019405702949536963
k__Bacteria;_p__Firmicutes;_c__Clostridia;_o__Clostridiales;_f__Lachnospiraceae;_g___Ruminococcus_.2,dropped,genus,0.05317962067683154,174.96503496503496,70.1273518168385,0.03333333333333333,5.47722557505166,0.011354247832905092
k__Bacteria;_p__Firmicutes;_c__Clostridia;_o__Clostridiales;_f__Lachnospiraceae;_g___Ruminococcus_;_s__,kept,genus,0.07698029007065824,220.21497584541063,113.90593230020971,0.23333333333333334,2.7739777635023684,0.017929731391165056
k__Bacteria;_p__Firmicutes;_c__Clostridia;_o__Clostridiales;_f__Lachnospiraceae;_g___Ruminococcus_;_s__.1,kept,genus,0.021383413908516176,408.60869565217394,221.72411775080909,0.16666666666666666,3.1153459540464135,0.02974150450136248
k__Bacteria;_p__Firmicutes;_c__Clostridia;_o__Clostridiales;_f__Lachnospiraceae;_g___Ruminococcus_;_s__.2,kept,genus,0.011342506507995537,70.06557377049181,12.856841619267085,0.13333333333333333,3.450623694220897,0.01071071597449466
k__Bacteria;_p__Firmicutes;_c__Clostridia;_o__Clostridiales;_f__Lachnospiraceae;_g___Ruminococcus_;_s__.3,dropped,genus,0.004090740052063964,50.68181818181818,3.486999456973523,0.03333333333333333,5.477225575051659,0.030546023588292646
k__Bacteria;_p__Firmicutes;_c__Clostridia;_o__Clostridiales;_f__Lachnospiraceae;_g___Ruminococcus_;_s__gnavus,kept,species,0.08386017106731126,403.74944567627495,442.67968254951023,0.26666666666666666,2.441353095301207,0.038657233382845865
k__Bacteria;_p__Firmicutes;_c__Clostridia;_o__Clostridiales;_f__Lachnospiraceae;_g___Ruminococcus_;_s__gnavus.1,kept,species,0.025102268501301598,404.162962962963,176.5191572794796,0.13333333333333333,2.824199922108991,0.027277328390178542
k__Bacteria;_p__Firmicutes;_c__Clostridia;_o__Clostridiales;_f__Lachnospiraceae;_g___Ruminococcus_;_s__gnavus.2,kept,species,0.0013015991074748978,124.85714285714286,6.101002865934591,0.06666666666666667,4.0003430848166115,0.020282829202353195
k__Bacteria;_p__Firmicutes;_c__Clostridia;_o__Clostridiales;_f__Lachnospiraceae;_g___Ruminococcus_;_s__gnavus.3,dropped,species,0.0003718854592785422,9.5,0.24582543036090823,0.03333333333333333,5.477225575051661,0.009162276546523507
k__Bacteria;_p__Firmicutes;_c__Clostridia;_o__Clostridiales;_f__Lachnospiraceae;_g___Ruminococcus_;_s__torques,kept,species,0.031796206768315356,163.23976608187135,59.736578498098936,0.16666666666666666,2.5261489441344187,0.01199195252345436
k__Bacteria;_p__Firmicutes;_c__Clostridia;_o__Clostridiales;_f__Peptococcaceae;_g__Peptococcus;_s__,kept,genus,0.00167348456675344,101.55555555555556,8.665381393858466,0.1,3.313861899541181,0.01633645561806584
k__Bacteria;_p__Firmicutes;_c__Clostridia;_o__Clostridiales;_f__Peptococcaceae;_g__Peptococcus;_s__.1,dropped,genus,0.0005578281889178133,154.33333333333334,4.3251073713881025,0.03333333333333333,5.477225575051659,0.012143917559172983
k__Bacteria;_p__Firmicutes;_c__Clostridia;_o__Clostridiales;_f__Peptococcaceae;_g__rc4-4;_s__,kept,genus,0.0076236519152101155,19.414634146341463,3.4314180254676563,0.1,3.8345203926813642,0.021326673051781583
k__Bacteria;_p__Firmicutes;_c__Clostridia;_o__Clostridiales;_f__Peptococcaceae;_g__rc4-4;_s__.1,dropped,genus,0.003532911863146151,17.0,1.5989814954389199,0.03333333333333333,5.477225575051663,0.018784275668965834
k__Bacteria;_p__Firmicutes;_c__Clostridia;_o__Clostridiales;_f__Peptostreptococcaceae,kept,family,0.08534771290442544,135.06971677559912,95.22228169032802,0.2,2.4404891303813767,0.010078776410169773
k__Bacteria;_p__Firmicutes;_c__Clostridia;_o__Clostridiales;_f__Peptostreptococcaceae.1,kept,family,0.08200074377091855,162.36507936507937,196.37091125828206,0.16666666666666666,2.7037577485987794,0.01615607703215994
k__Bacteria;_p__Firmicutes;_c__Clostridia;_o__Clostridiales;_f__Peptostreptococcaceae.2,kept,family,0.0024172554853105245,96.6923076923077,6.543273805612597,0.06666666666666667,3.8137556783222855,0.016811407662350845
k__Bacteria;_p__Firmicutes;_c__Clostridia;_o__Clostridiales;_f__Peptostreptococcaceae;_g__;_s__,dropped,family,0.002045370026031982,37.72727272727273,3.374492598903358,0.03333333333333333,5.477225575051662,0.018864139504701487
k__Bacteria;_p__Firmicutes;_c__Clostridia;_o__Clostridiales;_f__Peptostreptococcaceae;_g__;_s__.1,dropped,family,0.005206396429899591,620.4285714285714,53.567466817156784,0.03333333333333333,5.477225575051661,0.01265671391954056
k__Bacteria;_p__Firmicutes;_c__Clostridia;_o__Clostridiales;_f__Peptostreptococcaceae;_g__Peptostreptococcus;_s__,dropped,genus,0.0011156563778356265,22.333333333333332,1.5725384874356947,0.03333333333333333,5.477225575051659,0.015736983755030402
k__Bacteria;_p__Firmicutes;_c__Clostridia;_o__Clostridiales;_f__Peptostreptococcaceae;_g__Peptostreptococcus;_s__anaerobius,dropped,species,0.0007437709185570844,36.0,1.2141181985720393,0.03333333333333333,5.47722557505166,0.01893363470621079
k__Bacteria;_p__Firmicutes;_c__Clostridia;_o__Clostridiales;_f__Peptostreptococcaceae;_g___Clostridium_,kept,genus,0.007065823726292302,79.52631578947368,12.246658165710256,0.06666666666666667,3.8129503134550418,0.009857323472061119
k__Bacteria;_p__Firmicutes;_c__Clostridia;_o__Clostridiales;_f__Ruminococcaceae,kept,family,0.02212718482707326,227.41176470588235,94.67791636949774,0.26666666666666666,2.9566323258356118,0.01678945666070409
k__Bacteria;_p__Firmicutes;_c__Clostridia;_o__Clostridiales;_f__Ruminococcaceae.1,kept,family,0.030494607660840462,791.2073170731708,320.9660122944263,0.23333333333333334,2.607595021078615,0.015305127618815943
k__Bacteria;_p__Firmicutes;_c__Clostridia;_o__Clostridiales;_f__Ruminococcaceae.10,kept,family,0.010598735589438453,58.45614035087719,12.698530343960282,0.26666666666666666,2.2366650907059853,0.017879648648105356
k__Bacteria;_p__Firmicutes;_c__Clostridia;_o__Clostridiales;_f__Ruminococcaceae.11,kept,family,0.06396429899590926,119.54651162790698,70.55512599199791,0.23333333333333334,3.2531657932077063,0.010725566803450515
k__Bacteria;_p__Firmicutes;_c__Clostridia;_o__Clostridiales;_f__Ruminococcaceae.12,kept,family,0.0687988099665303,252.5,89.33001294675805,0.23333333333333334,3.0911551495561,0.020738674234013706
k__Bacteria;_p__Firmicutes;_c__Clostridia;_o__Clostridiales;_f__Ruminococcaceae.13,kept,family,0.03830420230568985,604.6941747572815,509.93149690861003,0.23333333333333334,2.892240445763739,0.02562789435101552
k__Bacteria;_p__Firmicutes;_c__Clostridia;_o__Clostridiales;_f__Ruminococcaceae.14,kept,family,0.030494607660840462,204.4512195121951,73.68387691740938,0.23333333333333334,2.608768571913895,0.018955937653940835
k__Bacteria;_p__Firmicutes;_c__Clostridia;_o__Clostridiales;_f__Ruminococcaceae.15,kept,family,0.04518408330234288,95.11522633744856,60.506378441769556,0.23333333333333334,2.9560898810437517,0.015978134181874874
k__Bacteria;_p__Firmicutes;_c__Clostridia;_o__Clostridiales;_f__Ruminococcaceae.16,kept,family,0.01859427296392711,476.84,222.88815336104417,0.23333333333333334,2.649903127423893,0.010248999532442241
k__Bacteria;_p__Firmicutes;_c__Clostridia;_o__Clostridiales;_f__Ruminococcaceae.17,kept,family,0.025474153960580143,86.61313868613139,36.92282412560327,0.23333333333333334,2.364972624569187,0.014484336689494967
k__Bacteria;_p__Firmicutes;_c__Clostridia;_o__Clostridiales;_f__Ruminococcaceae.18,kept,family,0.07047229453328376,523.3324538258576,377.74077685523133,0.23333333333333334,3.0237221202186424,0.023354028601281884
k__Bacteria;_p__Firmicutes;_c__Clostridia;_o__Clostridiales;_f__Ruminococcaceae.19,kept,family,0.05392339159538862,114.55862068965517,70.5923537722856,0.2,3.3623439102766017,0.01611376563327541
k__Bacteria;_p__Firmicutes;_c__Clostridia;_o__Clostridiales;_f__Ruminococcaceae.2,kept,family,0.0758646336928226,142.63725490196077,60.79312738351555,0.26666666666666666,3.0617847744938222,0.012082806307195678
k__Bacteria;_p__Firmicutes;_c__Clostridia;_o__Clostridiales;_f__Ruminococcaceae.20,kept,family,0.016177017478616586,98.80459770114942,20.228196327173098,0.16666666666666666,3.0210159008529196,0.013235880148662386
k__Bacteria;_p__Firmicutes;_c__Clostridia;_o__Clostridiales;_f__Ruminococcaceae.21,kept,family,0.05912978802528821,291.87735849056605,92.3656579626096,0.16666666666666666,3.9660415591872376,0.019940883667275304
k__Bacteria;_p__Firmicutes;_c__Clostridia;_o__Clostridiales;_f__Ruminococcaceae.22,kept,family,0.010226850130159911,96.21818181818182,17.548628600951808,0.16666666666666666,4.037755671746264,0.011457808032925124
k__Bacteria;_p__Firmicutes;_c__Clostridia;_o__Clostridiales;_f__Ruminococcaceae.23,kept,family,0.004462625511342506,130.91666666666666,15.13852926862561,0.16666666666666666,2.6500802879927376,0.011682053612698392
k__Bacteria;_p__Firmicutes;_c__Clostridia;_o__Clostridiales;_f__Ruminococcaceae.24,kept,family,0.014875418371141688,124.275,28.387180634574694,0.16666666666666666,2.8684629576063454,0.02169233860284406
k__Bacteria;_p__Firmicutes;_c__Clostridia;_o__Clostridiales;_f__Ruminococcaceae.25,kept,family,0.04834510970621049,29.78076923076923,10.526435106746233,0.16666666666666666,3.7521421653845928,0.019806624979534036
k__Bacteria;_p__Firmicutes;_c__Clostridia;_o__Clostridiales;_f__Ruminococcaceae.26,kept,family,0.012830048345109707,86.3768115942029,14.520435195338097,0.16666666666666666,4.594573868302218,0.015112410538469826
k__Bacteria;_p__Firmicutes;_c__Clostridia;_o__Clostridiales;_f__Ruminococcaceae.27,kept,family,0.037002603198214946,70.55778894472361,38.241780591515656,0.16666666666666666,3.249554938409344,0.02288172457822111
k__Bacteria;_p__Firmicutes;_c__Clostridia;_o__Clostridiales;_f__Ruminococcaceae.28,kept,family,0.059873558943845294,149.6832298136646,62.56654744196291,0.16666666666666666,3.0372301391560623,0.015593631505649571
k__Bacteria;_p__Firmicutes;_c__Clostridia;_o__Clostridiales;_f__Ruminococcaceae.29,kept,family,0.03384157679434734,91.81318681318682,41.4819452014343,0.16666666666666666,3.072421991717452,0.01884813159134966
k__Bacteria;_p__Firmicutes;_c__Clostridia;_o__Clostridiales;_f__Ruminococcaceae.3,kept,family,0.02026775753068055,110.09174311926606,31.58088777928265,0.26666666666666666,1.9278459746243044,0.01702108649973922
k__Bacteria;_p__Firmicutes;_c__Clostridia;_o__Clostridiales;_f__Ruminococcaceae.30,kept,family,0.056712532539977684,47.8327868852459,58.612220910256355,0.16666666666666666,3.95969742311857,0.02054583295733944
k__Bacteria;_p__Firmicutes;_c__Clostridia;_o__Clostridiales;_f__Ruminococcaceae.31,kept,family,0.012272220156191893,125.96969696969697,25.544802709654533,0.16666666666666666,2.687293970535627,0.016404918057102633
k__Bacteria;_p__Firmicutes;_c__Clostridia;_o__Clostridiales;_f__Ruminococcaceae.32,kept,family,0.009297136481963555,176.84,25.670270172273266,0.16666666666666666,3.152393307089781,0.025036847843746268
k__Bacteria;_p__Firmicutes;_c__Clostridia;_o__Clostridiales;_f__Ruminococcaceae.33,kept,family,0.007251766455931573,47.05128205128205,7.756198682418551,0.13333333333333333,2.7780571776096927,0.01223744907428487
k__Bacteria;_p__Firmicutes;_c__Clostridia;_o__Clostridiales;_f__Ruminococcaceae.34,kept,family,0.025660096690219413,91.23913043478261,35.12828555147777,0.13333333333333333,3.0690332289909694,0.010521254577330582
k__Bacteria;_p__Firmicutes;_c__Clostridia;_o__Clostridiales;_f__Ruminococcaceae.35,kept,family,0.0057642246188174045,55.0,6.8388346690858,0.13333333333333333,2.9307354412011595,0.010346951034373383
k__Bacteria;_p__Firmicutes;_c__Clostridia;_o__Clostridiales;_f__Ruminococcaceae.36,kept,family,0.004834510970621049,55.61538461538461,12.906850791491484,0.1,3.513420841718423,0.015065521655063393
k__Bacteria;_p__Firmicutes;_c__Clostridia;_o__Clostridiales;_f__Ruminococcaceae.37,kept,family,0.008739308293045742,127.12765957446808,49.19323980528235,0.1,4.014963093938838,0.015765392530802003
k__Bacteria;_p__Firmicutes;_c__Clostridia;_o__Clostridiales;_f__Ruminococcaceae.38,kept,family,0.002045370026031982,23.727272727272727,1.432657532559881,0.06666666666666667,4.1331373193823016,0.008413958990617603
k__Bacteria;_p__Firmicutes;_c__Clostridia;_o__Clostridiales;_f__Ruminococcaceae.39,kept,family,0.0031610264038676086,81.3529411764706,8.783018144927448,0.06666666666666667,4.954700901944147,0.032935421181690634
k__Bacteria;_p__Firmicutes;_c__Clostridia;_o__Clostridiales;_f__Ruminococcaceae.4,kept,family,0.019152101152844925,278.8349514563107,165.07834338966265,0.26666666666666666,2.593246228882607,0.023558930843503963
k__Bacteria;_p__Firmicutes;_c__Clostridia;_o__Clostridiales;_f__Ruminococcaceae.40,kept,family,0.00167348456675344,115.33333333333333,6.593227192047343,0.06666666666666667,4.159478097279011,0.017613380848753014
k__Bacteria;_p__Firmicutes;_c__Clostridia;_o__Clostridiales;_f__Ruminococcaceae.41,kept,family,0.00669393826701376,74.22222222222223,9.324781118964598,0.06666666666666667,3.814690167776358,0.024477215429184677
k__Bacteria;_p__Firmicutes;_c__Clostridia;_o__Clostridiales;_f__Ruminococcaceae.42,kept,family,0.007065823726292302,92.0,11.310612798232418,0.06666666666666667,3.993138643605144,0.014433058267092047
k__Bacteria;_p__Firmicutes;_c__Clostridia;_o__Clostridiales;_f__Ruminococcaceae.43,kept,family,0.007251766455931573,70.74358974358974,8.336109264173615,0.06666666666666667,4.709825439957825,0.017658556141959006
k__Bacteria;_p__Firmicutes;_c__Clostridia;_o__Clostridiales;_f__Ruminococcaceae.44,dropped,family,0.0007437709185570844,66.75,2.2570429653658124,0.03333333333333333,5.477225575051663,0.016823133698050538
k__Bacteria;_p__Firmicutes;_c__Clostridia;_o__Clostridiales;_f__Ruminococcaceae.45,dropped,family,0.0026031982149497955,24.642857142857142,1.4570197268387874,0.03333333333333333,5.477225575051661,0.018791042203093637
k__Bacteria;_p__Firmicutes;_c__Clostridia;_o__Clostridiales;_f__Ruminococcaceae.46,dropped,family,0.00167348456675344,35.22222222222222,1.8373673260710242,0.03333333333333333,5.477225575051663,0.015364527186450887
k__Bacteria;_p__Firmicutes;_c__Clostridia;_o__Clostridiales;_f__Ruminococcaceae.5,kept,family,0.030494607660840462,279.890243902439,102.59896437480701,0.26666666666666666,2.710041536606008,0.02074284054635011
k__Bacteria;_p__Firmicutes;_c__Clostridia;_o__Clostridiales;_f__Ruminococcaceae.6,kept,family,0.022499070286351803,157.1818181818182,87.25873974379046,0.26666666666666666,3.1449807757174653,0.01791335439293455
k__Bacteria;_p__Firmicutes;_c__Clostridia;_o__Clostridiales;_f__Ruminococcaceae.7,kept,family,0.05894384529564894,81.02208201892745,22.358057879195457,0.26666666666666666,3.9467141857585446,0.01942191692297334
k__Bacteria;_p__Firmicutes;_c__Clostridia;_o__Clostridiales;_f__Ruminococcaceae.8,kept,family,0.011528449237634809,112.37096774193549,30.04578215570657,0.26666666666666666,3.303568319078551,0.00972111236470122
k__Bacteria;_p__Firmicutes;_c__Clostridia;_o__Clostridiales;_f__Ruminococcaceae.9,kept,family,0.02342878393454816,142.62698412698413,43.75935410705905,0.26666666666666666,2.03001148529019,0.01604501540863874
k__Bacteria;_p__Firmicutes;_c__Clostridia;_o__Clostridiales;_f__Ruminococcaceae;_g__;_s__,kept,family,0.007809594644849386,151.28571428571428,28.732996040272592,0.2,2.8467354495086528,0.016502067208650485
k__Bacteria;_p__Firmicutes;_c__Clostridia;_o__Clostridiales;_f__Ruminococcaceae;_g__;_s__.1,kept,family,0.009669021941242098,121.98076923076923,25.558568816072334,0.2,3.002207780299388,0.010716155813206818
k__Bacteria;_p__Firmicutes;_c__Clostridia;_o__Clostridiales;_f__Ruminococcaceae;_g__;_s__.10,kept,family,0.0031610264038676086,156.35294117647058,12.748276922730069,0.1,3.531268964155653,0.02383553515257529
k__Bacteria;_p__Firmicutes;_c__Clostridia;_o__Clostridiales;_f__Ruminococcaceae;_g__;_s__.11,kept,family,0.005392339159538862,292.9655172413793,34.04969150133491,0.06666666666666667,3.94569146133364,0.022049563618444974
k__Bacteria;_p__Firmicutes;_c__Clostridia;_o__Clostridiales;_f__Ruminococcaceae;_g__;_s__.12,kept,family,0.00669393826701376,237.44444444444446,24.963106420959335,0.06666666666666667,3.883407135865903,0.02204908737688153
k__Bacteria;_p__Firmicutes;_c__Clostridia;_o__Clostridiales;_f__Ruminococcaceae;_g__;_s__.13,kept,family,0.0031610264038676086,418.4117647058824,28.375236378378567,0.06666666666666667,4.827106689100796,0.009151776206291217
k__Bacteria;_p__Firmicutes;_c__Clostridia;_o__Clostridiales;_f__Ruminococcaceae;_g__;_s__.14,dropped,family,0.0005578281889178133,160.0,6.262189657263017,0.03333333333333333,5.47722557505166,0.028680660352144272
k__Bacteria;_p__Firmicutes;_c__Clostridia;_o__Clostridiales;_f__Ruminococcaceae;_g__;_s__.15,dropped,family,0.0031610264038676086,433.52941176470586,31.130243974178004,0.03333333333333333,5.477225575051661,0.02206703236360214
k__Bacteria;_p__Firmicutes;_c__Clostridia;_o__Clostridiales;_f__Ruminococcaceae;_g__;_s__.16,dropped,family,0.001859427296392711,282.8,15.326481750528046,0.03333333333333333,5.47722557505166,0.016489997999952113
k__Bacteria;_p__Firmicutes;_c__Clostridia;_o__Clostridiales;_f__Ruminococcaceae;_g__;_s__.17,dropped,family,0.0007437709185570844,113.5,3.19258702431399,0.03333333333333333,5.477225575051661,0.01383963466586467
k__Bacteria;_p__Firmicutes;_c__Clostridia;_o__Clostridiales;_f__Ruminococcaceae;_g__;_s__.2,kept,family,0.013015991074748977,119.35714285714286,24.15612028325261,0.2,2.975267272634528,0.0081187639701509
k__Bacteria;_p__Firmicutes;_c__Clostridia;_o__Clostridiales;_f__Ruminococcaceae;_g__;_s__.3,kept,family,0.005392339159538862,74.17241379310344,9.74986282877583,0.16666666666666666,2.5491090624102895,0.024294561762501925
k__Bacteria;_p__Firmicutes;_c__Clostridia;_o__Clostridiales;_f__Ruminococcaceae;_g__;_s__.4,kept,family,0.009111193752324285,84.24489795918367,11.926636011353738,0.13333333333333333,2.7814404483094752,0.019419459277443582
k__Bacteria;_p__Firmicutes;_c__Clostridia;_o__Clostridiales;_f__Ruminococcaceae;_g__;_s__.5,kept,family,0.013201933804388248,143.53521126760563,27.667550150057686,0.13333333333333333,3.027062419822867,0.01654804983784137
k__Bacteria;_p__Firmicutes;_c__Clostridia;_o__Clostridiales;_f__Ruminococcaceae;_g__;_s__.6,kept,family,0.004090740052063964,125.77272727272727,11.880968200415664,0.1,3.2780416468608324,0.008108725043229858
k__Bacteria;_p__Firmicutes;_c__Clostridia;_o__Clostridiales;_f__Ruminococcaceae;_g__;_s__.7,kept,family,0.00167348456675344,184.0,8.988266301478802,0.1,3.3783659799178274,0.016609521241592356
k__Bacteria;_p__Firmicutes;_c__Clostridia;_o__Clostridiales;_f__Ruminococcaceae;_g__;_s__.8,kept,family,0.006322052807735217,96.29411764705883,13.452918097822742,0.1,4.631944156262692,0.015323323063002518
k__Bacteria;_p__Firmicutes;_c__Clostridia;_o__Clostridiales;_f__Ruminococcaceae;_g__;_s__.9,kept,family,0.004834510970621049,57.61538461538461,6.700016845788622,0.1,4.5845530846180065,0.017873230925786004
k__Bacteria;_p__Firmicutes;_c__Clostridia;_o__Clostridiales;_f__Ruminococcaceae;_g__Anaerotruncus;_s__,kept,genus,0.05448121978430644,23.488054607508534,9.263439232311384,0.16666666666666666,3.176887254955633,0.013770241528102104
k__Bacteria;_p__Firmicutes;_c__Clostridia;_o__Clostridiales;_f__Ruminococcaceae;_g__Anaerotruncus;_s__.1,kept,genus,0.0011156563778356265,57.5,2.6442701138362192,0.06666666666666667,4.250373358940811,0.015021445376325585
k__Bacteria;_p__Firmicutes;_c__Clostridia;_o__Clostridiales;_f__Ruminococcaceae;_g__Butyricicoccus;_s__pullicaecorum,kept,species,0.02212718482707326,59.00840336134454,17.6227882098895,0.16666666666666666,3.246063132506148,0.023337414314303716
k__Bacteria;_p__Firmicutes;_c__Clostridia;_o__Clostridiales;_f__Ruminococcaceae;_g__Butyricicoccus;_s__pullicaecorum.1,kept,species,0.009111193752324285,28.93877551020408,3.3739729697622107,0.13333333333333333,3.3391772544865397,0.023616921561674505
k__Bacteria;_p__Firmicutes;_c__Clostridia;_o__Clostridiales;_f__Ruminococcaceae;_g__Butyricicoccus;_s__pullicaecorum.2,kept,species,0.002231312755671253,42.5,3.273976274004053,0.06666666666666667,3.932602314768537,0.014686226469854883
k__Bacteria;_p__Firmicutes;_c__Clostridia;_o__Clostridiales;_f__Ruminococcaceae;_g__Butyricicoccus;_s__pullicaecorum.3,dropped,species,0.0005578281889178133,46.0,1.2629436897079076,0.03333333333333333,5.477225575051661,0.010960254209182748
k__Bacteria;_p__Firmicutes;_c__Clostridia;_o__Clostridiales;_f__Ruminococcaceae;_g__Butyricicoccus;_s__pullicaecorum.4,dropped,species,0.0005578281889178133,35.0,1.0643206742165456,0.03333333333333333,5.477225575051661,0.016901661645055598
k__Bacteria;_p__Firmicutes;_c__Clostridia;_o__Clostridiales;_f__Ruminococcaceae;_g__Butyricicoccus;_s__pullicaecorum.5,dropped,species,0.014875418371141688,165.675,37.33925243600476,0.03333333333333333,5.477225575051663,0.015541817490808785
k__Bacteria;_p__Firmicutes;_c__Clostridia;_o__Clostridiales;_f__Ruminococcaceae;_g__Clostridium,kept,genus,0.0026031982149497955,11.428571428571429,0.6482031739210158,0.06666666666666667,3.849459585493271,0.020114114092859146
k__Bacteria;_p__Firmicutes;_c__Clostridia;_o__Clostridiales;_f__Ruminococcaceae;_g__Clostridium;_s__methylpentosum,kept,species,0.0046485682409817776,11.68,0.9830387674735761,0.1,3.060500784268708,0.011210354415346213
k__Bacteria;_p__Firmicutes;_c__Clostridia;_o__Clostridiales;_f__Ruminococcaceae;_g__Clostridium;_s__methylpentosum.1,kept,species,0.002231312755671253,8.75,0.4310243973763747,0.06666666666666667,4.578864923044461,0.02020152811581611
k__Bacteria;_p__Firmicutes;_c__Clostridia;_o__Clostridiales;_f__Ruminococcaceae;_g__Clostridium;_s__methylpentosum.2,dropped,species,0.0007437709185570844,6.75,0.20810455008494608,0.03333333333333333,5.47722557505166,0.007831095600705822
k__Bacteria;_p__Firmicutes;_c__Clostridia;_o__Clostridiales;_f__Ruminococcaceae;_g__Clostridium;_s__methylpentosum.3,dropped,species,0.0009297136481963555,24.0,1.1274816551843472,0.03333333333333333,5.477225575051662,0.03759172931745809
k__Bacteria;_p__Firmicutes;_c__Clostridia;_o__Clostridiales;_f__Ruminococcaceae;_g__Clostridium;_s__methylpentosum.4,dropped,species,0.002231312755671253,12.75,0.7796757200910592,0.03333333333333333,5.477225575051659,0.012914525366920096
k__Bacteria;_p__Firmicutes;_c__Clostridia;_o__Clostridiales;_f__Ruminococcaceae;_g__Clostridium;_s__methylpentosum.5,dropped,species,0.0009297136481963555,7.8,0.27162546728538245,0.03333333333333333,5.477225575051662,0.018326958901301826
k__Bacteria;_p__Firmicutes;_c__Clostridia;_o__Clostridiales;_f__Ruminococcaceae;_g__Ethanoligenens;_s__,dropped,genus,0.0024172554853105245,27.615384615384617,1.5543609134251326,0.03333333333333333,5.47722557505166,0.010226209762129927
k__Bacteria;_p__Firmicutes;_c__Clostridia;_o__Clostridiales;_f__Ruminococcaceae;_g__Ethanoligenens;_s__.1,dropped,genus,0.0005578281889178133,25.0,0.6135222371322732,0.03333333333333333,5.477225575051664,0.008481821968483112
k__Bacteria;_p__Firmicutes;_c__Clostridia;_o__Clostridiales;_f__Ruminococcaceae;_g__Faecalibacterium,kept,genus,0.002231312755671253,47.25,5.638961238501246,0.1,3.5606718893260387,0.019544189343011022
k__Bacteria;_p__Firmicutes;_c__Clostridia;_o__Clostridiales;_f__Ruminococcaceae;_g__Faecalibacterium.1,dropped,genus,0.0005578281889178133,17.333333333333332,0.48666373046100914,0.03333333333333333,5.477225575051663,0.009159008197377524
k__Bacteria;_p__Firmicutes;_c__Clostridia;_o__Clostridiales;_f__Ruminococcaceae;_g__Faecalibacterium.2,dropped,genus,0.010598735589438453,569.4035087719299,92.36910117247865,0.03333333333333333,5.477225575051662,0.011654548608985026
k__Bacteria;_p__Firmicutes;_c__Clostridia;_o__Clostridiales;_f__Ruminococcaceae;_g__Faecalibacterium.3,dropped,genus,0.004462625511342506,41.041666666666664,4.060326970564327,0.03333333333333333,5.477225575051663,0.015454607757990487
k__Bacteria;_p__Firmicutes;_c__Clostridia;_o__Clostridiales;_f__Ruminococcaceae;_g__Faecalibacterium;_s__prausnitzii,kept,species,0.03904797322424693,4100.719047619048,1475.6141709695348,0.26666666666666666,2.582577658108574,0.020974314788841944
k__Bacteria;_p__Firmicutes;_c__Clostridia;_o__Clostridiales;_f__Ruminococcaceae;_g__Faecalibacterium;_s__prausnitzii.1,kept,species,0.09148382298252139,616.1158536585366,318.2043257471248,0.23333333333333334,2.444268577267089,0.025345356749718717
k__Bacteria;_p__Firmicutes;_c__Clostridia;_o__Clostridiales;_f__Ruminococcaceae;_g__Faecalibacterium;_s__prausnitzii.10,kept,species,0.007437709185570844,139.925,19.953656936618682,0.06666666666666667,4.8494920388743505,0.009278360160036869
k__Bacteria;_p__Firmicutes;_c__Clostridia;_o__Clostridiales;_f__Ruminococcaceae;_g__Faecalibacterium;_s__prausnitzii.11,dropped,species,0.0014875418371141688,128.875,7.59566537177962,0.03333333333333333,5.477225575051662,0.01525141865418802
k__Bacteria;_p__Firmicutes;_c__Clostridia;_o__Clostridiales;_f__Ruminococcaceae;_g__Faecalibacterium;_s__prausnitzii.12,dropped,species,0.0005578281889178133,344.6666666666667,13.019228695642822,0.03333333333333333,5.477225575051662,0.0078039825142687405
k__Bacteria;_p__Firmicutes;_c__Clostridia;_o__Clostridiales;_f__Ruminococcaceae;_g__Faecalibacterium;_s__prausnitzii.13,dropped,species,0.0005578281889178133,131.66666666666666,4.041351909082186,0.03333333333333333,5.477225575051662,0.009782865894006683
k__Bacteria;_p__Firmicutes;_c__Clostridia;_o__Clostridiales;_f__Ruminococcaceae;_g__Faecalibacterium;_s__prausnitzii.14,dropped,species,0.05317962067683154,632.3636363636364,221.4153926915078,0.03333333333333333,5.47722557505166,0.011852716359874371
k__Bacteria;_p__Firmicutes;_c__Clostridia;_o__Clostridiales;_f__Ruminococcaceae;_g__Faecalibacterium;_s__prausnitzii.15,dropped,species,0.0013015991074748978,103.28571428571429,5.885741832346327,0.03333333333333333,5.477225575051663,0.01644157582528755
k__Bacteria;_p__Firmicutes;_c__Clostridia;_o__Clostridiales;_f__Ruminococcaceae;_g__Faecalibacterium;_s__prausnitzii.16,dropped,species,0.0005578281889178133,145.0,4.714497423511053,0.03333333333333333,5.477225575051662,0.013953368851888314
k__Bacteria;_p__Firmicutes;_c__Clostridia;_o__Clostridiales;_f__Ruminococcaceae;_g__Faecalibacterium;_s__prausnitzii.2,kept,species,0.08051320193380439,1769.4018475750577,766.3744095006003,0.23333333333333334,2.915555670238001,0.010902842885996366
k__Bacteria;_p__Firmicutes;_c__Clostridia;_o__Clostridiales;_f__Ruminococcaceae;_g__Faecalibacterium;_s__prausnitzii.3,kept,species,0.03960580141316475,837.9671361502348,337.0185771288967,0.23333333333333334,2.846809594779822,0.014592306955174024
k__Bacteria;_p__Firmicutes;_c__Clostridia;_o__Clostridiales;_f__Ruminococcaceae;_g__Faecalibacterium;_s__prausnitzii.4,kept,species,0.07047229453328376,1058.664907651715,414.28248524450385,0.16666666666666666,3.065576969763946,0.00479200866752559
k__Bacteria;_p__Firmicutes;_c__Clostridia;_o__Clostridiales;_f__Ruminococcaceae;_g__Faecalibacterium;_s__prausnitzii.5,kept,species,0.06173298624023801,267.93975903614455,176.66999903505953,0.13333333333333333,2.9693870828923314,0.014212333865678172
k__Bacteria;_p__Firmicutes;_c__Clostridia;_o__Clostridiales;_f__Ruminococcaceae;_g__Faecalibacterium;_s__prausnitzii.6,kept,species,0.015247303830420231,549.560975609756,119.20085881636241,0.1,4.964542043590998,0.020752609311090544
k__Bacteria;_p__Firmicutes;_c__Clostridia;_o__Clostridiales;_f__Ruminococcaceae;_g__Faecalibacterium;_s__prausnitzii.7,kept,species,0.009483079211602826,394.47058823529414,48.9475142748894,0.1,4.254643759574788,0.007089214043900224
k__Bacteria;_p__Firmicutes;_c__Clostridia;_o__Clostridiales;_f__Ruminococcaceae;_g__Faecalibacterium;_s__prausnitzii.8,kept,species,0.021011528449237635,1365.1592920353983,339.7687954214027,0.1,5.133477511857406,0.022486341604620243
k__Bacteria;_p__Firmicutes;_c__Clostridia;_o__Clostridiales;_f__Ruminococcaceae;_g__Faecalibacterium;_s__prausnitzii.9,kept,species,0.007065823726292302,349.05263157894734,48.51039474612442,0.1,4.841973409925162,0.01565945092990685
k__Bacteria;_p__Firmicutes;_c__Clostridia;_o__Clostridiales;_f__Ruminococcaceae;_g__Gemmiger;_s__formicilis,kept,species,0.10301227222015619,377.80685920577616,249.46396000355477,0.23333333333333334,2.1260040734424024,0.020678769875555
k__Bacteria;_p__Firmicutes;_c__Clostridia;_o__Clostridiales;_f__Ruminococcaceae;_g__Gemmiger;_s__formicilis.1,kept,species,0.021383413908516176,207.54782608695652,56.27429218353764,0.2,3.3186692743720525,0.007533572488241987
k__Bacteria;_p__Firmicutes;_c__Clostridia;_o__Clostridiales;_f__Ruminococcaceae;_g__Gemmiger;_s__formicilis.2,kept,species,0.0083674228337672,179.51111111111112,38.72927278059348,0.1,3.8723748231191126,0.009528068028289812
k__Bacteria;_p__Firmicutes;_c__Clostridia;_o__Clostridiales;_f__Ruminococcaceae;_g__Gemmiger;_s__formicilis.3,dropped,species,0.01878021569356638,1910.4653465346535,492.0914447477378,0.03333333333333333,5.477225575051659,0.012046751195850103
k__Bacteria;_p__Firmicutes;_c__Clostridia;_o__Clostridiales;_f__Ruminococcaceae;_g__Gemmiger;_s__formicilis.4,dropped,species,0.003532911863146151,180.05263157894737,12.122897329211742,0.03333333333333333,5.477225575051662,0.010368584580565658
k__Bacteria;_p__Firmicutes;_c__Clostridia;_o__Clostridiales;_f__Ruminococcaceae;_g__Gemmiger;_s__formicilis.5,dropped,species,0.0011156563778356265,195.5,6.911582675490973,0.03333333333333333,5.477225575051661,0.0055039629171279875
k__Bacteria;_p__Firmicutes;_c__Clostridia;_o__Clostridiales;_f__Ruminococcaceae;_g__Oscillospira,kept,genus,0.002231312755671253,67.91666666666667,5.613678732699964,0.06666666666666667,4.309239402530849,0.014133684287143448
k__Bacteria;_p__Firmicutes;_c__Clostridia;_o__Clostridiales;_f__Ruminococcaceae;_g__Oscillospira.1,dropped,genus,0.0046485682409817776,172.0,17.386877232378488,0.03333333333333333,5.477225575051662,0.025499143092692664
k__Bacteria;_p__Firmicutes;_c__Clostridia;_o__Clostridiales;_f__Ruminococcaceae;_g__Oscillospira.2,dropped,genus,0.006322052807735217,30.941176470588236,3.4625501539197074,0.03333333333333333,5.477225575051663,0.01490726023063232
k__Bacteria;_p__Firmicutes;_c__Clostridia;_o__Clostridiales;_f__Ruminococcaceae;_g__Oscillospira.3,dropped,genus,0.006507995537374489,205.68571428571428,25.93600372188667,0.03333333333333333,5.477225575051662,0.014738661754429705
k__Bacteria;_p__Firmicutes;_c__Clostridia;_o__Clostridiales;_f__Ruminococcaceae;_g__Oscillospira.4,dropped,genus,0.0013015991074748978,71.42857142857143,3.0162141439633854,0.03333333333333333,5.47722557505166,0.009355545203698109
k__Bacteria;_p__Firmicutes;_c__Clostridia;_o__Clostridiales;_f__Ruminococcaceae;_g__Oscillospira;_s__,kept,genus,0.017850502045370024,132.5,27.709144391000184,0.26666666666666666,1.9171250599854663,0.01297658565365963
k__Bacteria;_p__Firmicutes;_c__Clostridia;_o__Clostridiales;_f__Ruminococcaceae;_g__Oscillospira;_s__.1,kept,genus,0.08274451468947565,153.41348314606742,95.1169066550253,0.26666666666666666,2.37244406194202,0.01451908148425154
k__Bacteria;_p__Firmicutes;_c__Clostridia;_o__Clostridiales;_f__Ruminococcaceae;_g__Oscillospira;_s__.10,kept,genus,0.02008181480104128,58.56481481481482,15.036204803054781,0.2,3.1237840604556295,0.01334088464005337
k__Bacteria;_p__Firmicutes;_c__Clostridia;_o__Clostridiales;_f__Ruminococcaceae;_g__Oscillospira;_s__.11,kept,genus,0.02026775753068055,105.4954128440367,25.23723537139873,0.2,2.660837565948449,0.021720205271722536
k__Bacteria;_p__Firmicutes;_c__Clostridia;_o__Clostridiales;_f__Ruminococcaceae;_g__Oscillospira;_s__.12,kept,genus,0.0061361100780959466,46.39393939393939,5.0181955975000445,0.16666666666666666,2.352087978294531,0.015135311632528289
k__Bacteria;_p__Firmicutes;_c__Clostridia;_o__Clostridiales;_f__Ruminococcaceae;_g__Oscillospira;_s__.13,kept,genus,0.009297136481963555,322.38,52.68498668372261,0.16666666666666666,3.0339341442751455,0.009679589486581897
k__Bacteria;_p__Firmicutes;_c__Clostridia;_o__Clostridiales;_f__Ruminococcaceae;_g__Oscillospira;_s__.14,kept,genus,0.007995537374488658,75.6046511627907,15.898107369987391,0.13333333333333333,3.1873157723718997,0.018356359394712748
k__Bacteria;_p__Firmicutes;_c__Clostridia;_o__Clostridiales;_f__Ruminococcaceae;_g__Oscillospira;_s__.15,kept,genus,0.021011528449237635,258.929203539823,64.82239287824032,0.13333333333333333,3.4215542250079483,0.008219057194642939
k__Bacteria;_p__Firmicutes;_c__Clostridia;_o__Clostridiales;_f__Ruminococcaceae;_g__Oscillospira;_s__.16,kept,genus,0.007065823726292302,34.5,4.078169981401592,0.1,3.141745912627586,0.010940573641761634
k__Bacteria;_p__Firmicutes;_c__Clostridia;_o__Clostridiales;_f__Ruminococcaceae;_g__Oscillospira;_s__.17,kept,genus,0.007251766455931573,189.28205128205127,22.414166870871746,0.06666666666666667,3.8421509164755765,0.009775013684787408
k__Bacteria;_p__Firmicutes;_c__Clostridia;_o__Clostridiales;_f__Ruminococcaceae;_g__Oscillospira;_s__.18,kept,genus,0.010412792859799182,383.4107142857143,50.55607589608997,0.06666666666666667,4.88402771637468,0.012987480738896995
k__Bacteria;_p__Firmicutes;_c__Clostridia;_o__Clostridiales;_f__Ruminococcaceae;_g__Oscillospira;_s__.2,kept,genus,0.046113796950539236,99.65322580645162,67.18735385521165,0.26666666666666666,2.4663545488956977,0.01347062017150437
k__Bacteria;_p__Firmicutes;_c__Clostridia;_o__Clostridiales;_f__Ruminococcaceae;_g__Oscillospira;_s__.3,kept,genus,0.026031982149497954,206.37142857142857,72.97717184393736,0.26666666666666666,3.2683315957695735,0.023772374067683236
k__Bacteria;_p__Firmicutes;_c__Clostridia;_o__Clostridiales;_f__Ruminococcaceae;_g__Oscillospira;_s__.4,kept,genus,0.03997768687244329,144.353488372093,60.42852331097284,0.26666666666666666,2.269807245658418,0.015004662156909447
k__Bacteria;_p__Firmicutes;_c__Clostridia;_o__Clostridiales;_f__Ruminococcaceae;_g__Oscillospira;_s__.5,kept,genus,0.031238378579397545,50.63690476190476,15.505915658205872,0.26666666666666666,2.4419026440228455,0.014997391925017412
k__Bacteria;_p__Firmicutes;_c__Clostridia;_o__Clostridiales;_f__Ruminococcaceae;_g__Oscillospira;_s__.6,kept,genus,0.05968761621420603,62.99688473520249,32.667338820444904,0.26666666666666666,2.6709434379872565,0.015113607035986505
k__Bacteria;_p__Firmicutes;_c__Clostridia;_o__Clostridiales;_f__Ruminococcaceae;_g__Oscillospira;_s__.7,kept,genus,0.020639642989959094,81.7927927927928,21.792118374770595,0.23333333333333334,2.7846600550675005,0.012370759285100801
k__Bacteria;_p__Firmicutes;_c__Clostridia;_o__Clostridiales;_f__Ruminococcaceae;_g__Oscillospira;_s__.8,kept,genus,0.01357381926366679,54.136986301369866,12.065408881853646,0.23333333333333334,2.069742659095431,0.018712879421707393
k__Bacteria;_p__Firmicutes;_c__Clostridia;_o__Clostridiales;_f__Ruminococcaceae;_g__Oscillospira;_s__.9,kept,genus,0.02008181480104128,84.51851851851852,23.690369795467937,0.2,3.2880071932219925,0.023062980156940232
k__Bacteria;_p__Firmicutes;_c__Clostridia;_o__Clostridiales;_f__Ruminococcaceae;_g__Ruminococcus,kept,genus,0.055410933432502786,82.33221476510067,42.45144642423769,0.26666666666666666,2.590665579403764,0.015460641202114411
k__Bacteria;_p__Firmicutes;_c__Clostridia;_o__Clostridiales;_f__Ruminococcaceae;_g__Ruminococcus.1,kept,genus,0.008925251022685012,99.625,12.900673106175608,0.13333333333333333,3.579147933208015,0.018689042032520146
k__Bacteria;_p__Firmicutes;_c__Clostridia;_o__Clostridiales;_f__Ruminococcaceae;_g__Ruminococcus.2,kept,genus,0.06117515805132019,298.8328267477204,104.35617407304967,0.13333333333333333,3.7638031364884945,0.006450229930347836
k__Bacteria;_p__Firmicutes;_c__Clostridia;_o__Clostridiales;_f__Ruminococcaceae;_g__Ruminococcus.3,dropped,genus,0.002045370026031982,61.09090909090909,2.909266784378024,0.03333333333333333,5.47722557505166,0.02382363097324185
k__Bacteria;_p__Firmicutes;_c__Clostridia;_o__Clostridiales;_f__Ruminococcaceae;_g__Ruminococcus.4,dropped,genus,0.021197471178876905,42.10526315789474,13.073531186643368,0.03333333333333333,5.477225575051661,0.014111807900693989
k__Bacteria;_p__Firmicutes;_c__Clostridia;_o__Clostridiales;_f__Ruminococcaceae;_g__Ruminococcus.5,dropped,genus,0.007995537374488658,59.46511627906977,6.970236948061506,0.03333333333333333,5.47722557505166,0.013074476304121367
k__Bacteria;_p__Firmicutes;_c__Clostridia;_o__Clostridiales;_f__Ruminococcaceae;_g__Ruminococcus;_s__,kept,genus,0.022870955745630347,175.3821138211382,100.64714290089465,0.23333333333333334,2.3134020474798227,0.017825253876098197
k__Bacteria;_p__Firmicutes;_c__Clostridia;_o__Clostridiales;_f__Ruminococcaceae;_g__Ruminococcus;_s__.1,kept,genus,0.01190033469691335,246.890625,96.98662345622509,0.23333333333333334,2.268951030030522,0.021021118328017466
k__Bacteria;_p__Firmicutes;_c__Clostridia;_o__Clostridiales;_f__Ruminococcaceae;_g__Ruminococcus;_s__.10,kept,genus,0.003904797322424693,175.0,17.977874356536056,0.06666666666666667,5.056772523231896,0.006339044589143457
k__Bacteria;_p__Firmicutes;_c__Clostridia;_o__Clostridiales;_f__Ruminococcaceae;_g__Ruminococcus;_s__.11,kept,genus,0.0011156563778356265,22.0,0.8121680316524597,0.06666666666666667,4.022457723307965,0.009881454852154185
k__Bacteria;_p__Firmicutes;_c__Clostridia;_o__Clostridiales;_f__Ruminococcaceae;_g__Ruminococcus;_s__.12,kept,genus,0.005392339159538862,55.06896551724138,5.954866668919249,0.06666666666666667,3.9074624058887304,0.020241370046522298
k__Bacteria;_p__Firmicutes;_c__Clostridia;_o__Clostridiales;_f__Ruminococcaceae;_g__Ruminococcus;_s__.13,dropped,genus,0.0024172554853105245,34.0,1.9839261782217552,0.03333333333333333,5.477225575051662,0.018990926983436355
k__Bacteria;_p__Firmicutes;_c__Clostridia;_o__Clostridiales;_f__Ruminococcaceae;_g__Ruminococcus;_s__.14,dropped,genus,0.0014875418371141688,127.25,5.874885839870739,0.03333333333333333,5.477225575051663,0.009405800487349595
k__Bacteria;_p__Firmicutes;_c__Clostridia;_o__Clostridiales;_f__Ruminococcaceae;_g__Ruminococcus;_s__.15,dropped,genus,0.0009297136481963555,36.0,1.3292027262941557,0.03333333333333333,5.477225575051663,0.013056426849449647
k__Bacteria;_p__Firmicutes;_c__Clostridia;_o__Clostridiales;_f__Ruminococcaceae;_g__Ruminococcus;_s__.16,dropped,genus,0.0007437709185570844,14.25,0.43818056544752476,0.03333333333333333,5.477225575051663,0.011442421350579513
k__Bacteria;_p__Firmicutes;_c__Clostridia;_o__Clostridiales;_f__Ruminococcaceae;_g__Ruminococcus;_s__.17,dropped,genus,0.0005578281889178133,21.666666666666668,0.6261629525456212,0.03333333333333333,5.477225575051661,0.018636959490838212
k__Bacteria;_p__Firmicutes;_c__Clostridia;_o__Clostridiales;_f__Ruminococcaceae;_g__Ruminococcus;_s__.18,dropped,genus,0.0026031982149497955,126.28571428571429,9.14077670259076,0.03333333333333333,5.477225575051661,0.009610415207958734
k__Bacteria;_p__Firmicutes;_c__Clostridia;_o__Clostridiales;_f__Ruminococcaceae;_g__Ruminococcus;_s__.2,kept,genus,0.026031982149497954,280.5857142857143,111.44614203668539,0.23333333333333334,3.37948735888407,0.011107703625257622
k__Bacteria;_p__Firmicutes;_c__Clostridia;_o__Clostridiales;_f__Ruminococcaceae;_g__Ruminococcus;_s__.3,kept,genus,0.010784678319077723,103.34482758620689,25.100984226408013,0.23333333333333334,2.589569866425276,0.016645360337705726
k__Bacteria;_p__Firmicutes;_c__Clostridia;_o__Clostridiales;_f__Ruminococcaceae;_g__Ruminococcus;_s__.4,kept,genus,0.008553365563406471,183.1304347826087,33.20783679133959,0.2,2.770181569239874,0.023204859211823744
k__Bacteria;_p__Firmicutes;_c__Clostridia;_o__Clostridiales;_f__Ruminococcaceae;_g__Ruminococcus;_s__.5,kept,genus,0.021011528449237635,135.01769911504425,40.13848073226699,0.2,3.0134538109010336,0.01855129624671304
k__Bacteria;_p__Firmicutes;_c__Clostridia;_o__Clostridiales;_f__Ruminococcaceae;_g__Ruminococcus;_s__.6,kept,genus,0.008925251022685012,61.041666666666664,11.804508460125788,0.2,2.497556082248677,0.02881610621045554
k__Bacteria;_p__Firmicutes;_c__Clostridia;_o__Clostridiales;_f__Ruminococcaceae;_g__Ruminococcus;_s__.7,kept,genus,0.006322052807735217,40.794117647058826,5.2522264138720045,0.13333333333333333,3.470215300112061,0.01703794109313524
k__Bacteria;_p__Firmicutes;_c__Clostridia;_o__Clostridiales;_f__Ruminococcaceae;_g__Ruminococcus;_s__.8,kept,genus,0.008925251022685012,35.583333333333336,5.868365020157869,0.1,3.7359016710579334,0.01764953979580036
k__Bacteria;_p__Firmicutes;_c__Clostridia;_o__Clostridiales;_f__Ruminococcaceae;_g__Ruminococcus;_s__.9,kept,genus,0.00167348456675344,8.333333333333334,0.4086552135124721,0.06666666666666667,4.475959640489047,0.012989518383390086
k__Bacteria;_p__Firmicutes;_c__Clostridia;_o__Clostridiales;_f__Ruminococcaceae;_g__Ruminococcus;_s__albus,dropped,species,0.0057642246188174045,606.2258064516129,80.93533137927835,0.03333333333333333,5.477225575051663,0.010262674629717194
k__Bacteria;_p__Firmicutes;_c__Clostridia;_o__Clostridiales;_f__Ruminococcaceae;_g__Ruminococcus;_s__bromii,kept,species,0.09222759390107847,758.3366935483871,435.343426169823,0.26666666666666666,2.1597281703830613,0.017548667419278238
k__Bacteria;_p__Firmicutes;_c__Clostridia;_o__Clostridiales;_f__Ruminococcaceae;_g__Ruminococcus;_s__bromii.1,kept,species,0.03439940498326515,419.4972972972973,149.31612407285797,0.2,2.435797966529432,0.01956177019815535
k__Bacteria;_p__Firmicutes;_c__Clostridia;_o__Clostridiales;_f__Ruminococcaceae;_g__Ruminococcus;_s__bromii.2,dropped,species,0.002045370026031982,646.4545454545455,35.307692801410795,0.03333333333333333,5.477225575051662,0.015310974556630278
k__Bacteria;_p__Firmicutes;_c__Clostridia;_o__Clostridiales;_f__Ruminococcaceae;_g__Ruminococcus;_s__bromii.3,dropped,species,0.0076236519152101155,525.3414634146342,53.626389347520664,0.03333333333333333,5.477225575051661,0.009352255365330131
k__Bacteria;_p__Firmicutes;_c__Clostridia;_o__Clostridiales;_f__Ruminococcaceae;_g__Ruminococcus;_s__bromii.4,dropped,species,0.001859427296392711,139.8,7.597639101422153,0.03333333333333333,5.47722557505166,0.02193249479306941
k__Bacteria;_p__Firmicutes;_c__Clostridia;_o__Clostridiales;_f__Ruminococcaceae;_g__Ruminococcus;_s__callidus,kept,species,0.020825585719598364,122.57142857142857,31.54016131406828,0.26666666666666666,2.387005729510069,0.01568323713233357
k__Bacteria;_p__Firmicutes;_c__Clostridia;_o__Clostridiales;_f__Ruminococcaceae;_g__Ruminococcus;_s__callidus.1,kept,species,0.029750836742283376,56.4,12.203364845239609,0.13333333333333333,3.0309241066113826,0.010966107088190517
k__Bacteria;_p__Firmicutes;_c__Clostridia;_o__Clostridiales;_f__Ruminococcaceae;_g__Ruminococcus;_s__flavefaciens,kept,species,0.0029750836742283376,92.5625,7.469722661708708,0.13333333333333333,2.8297703478495326,0.017634262475500935
k__Bacteria;_p__Firmicutes;_c__Clostridia;_o__Clostridiales;_f__Ruminococcaceae;_g__Ruminococcus;_s__flavefaciens.1,dropped,species,0.005392339159538862,80.10344827586206,7.467561638111188,0.03333333333333333,5.477225575051662,0.016021367895878425
k__Bacteria;_p__Firmicutes;_c__Clostridia;_o__Clostridiales;_f__Veillonellaceae,kept,family,0.005206396429899591,125.35714285714286,15.849564586970063,0.13333333333333333,3.357657186333573,0.007113399811078458
k__Bacteria;_p__Firmicutes;_c__Clostridia;_o__Clostridiales;_f__Veillonellaceae.1,kept,family,0.04109334325027891,268.73755656108597,146.93889179441092,0.1,5.1252211315960805,0.012013114871738432
k__Bacteria;_p__Firmicutes;_c__Clostridia;_o__Clostridiales;_f__Veillonellaceae.2,kept,family,0.0031610264038676086,74.17647058823529,8.072220605345116,0.06666666666666667,3.97640968996658,0.00830772507603738
k__Bacteria;_p__Firmicutes;_c__Clostridia;_o__Clostridiales;_f__Veillonellaceae.3,kept,family,0.01004090740052064,259.98148148148147,43.80451972181171,0.06666666666666667,3.919492419995365,0.01600806856198463
k__Bacteria;_p__Firmicutes;_c__Clostridia;_o__Clostridiales;_f__Veillonellaceae.4,kept,family,0.005950167348456675,84.21875,17.106339037942146,0.06666666666666667,4.4429917456695405,0.008841306127019966
k__Bacteria;_p__Firmicutes;_c__Clostridia;_o__Clostridiales;_f__Veillonellaceae.5,kept,family,0.015061361100780959,156.87654320987653,54.50177268882435,0.06666666666666667,4.314569451943017,0.016587568671014127
k__Bacteria;_p__Firmicutes;_c__Clostridia;_o__Clostridiales;_f__Veillonellaceae.6,kept,family,0.001859427296392711,244.6,17.753176825141523,0.06666666666666667,4.1771512800945825,0.010976112092577598
k__Bacteria;_p__Firmicutes;_c__Clostridia;_o__Clostridiales;_f__Veillonellaceae.7,dropped,family,0.0005578281889178133,321.0,8.476998629289376,0.03333333333333333,5.47722557505166,0.019032821016271077
k__Bacteria;_p__Firmicutes;_c__Clostridia;_o__Clostridiales;_f__Veillonellaceae.8,dropped,family,0.0007437709185570844,433.75,12.515902256287704,0.03333333333333333,5.477225575051661,0.022802037818163545
k__Bacteria;_p__Firmicutes;_c__Clostridia;_o__Clostridiales;_f__Veillonellaceae;_g__Acidaminococcus;_s__,kept,genus,0.023056898475269618,155.5241935483871,59.462468508929064,0.16666666666666666,2.9929376876285883,0.014298952714720021
k__Bacteria;_p__Firmicutes;_c__Clostridia;_o__Clostridiales;_f__Veillonellaceae;_g__Acidaminococcus;_s__.1,dropped,genus,0.00334696913350688,944.6666666666666,75.7470282298353,0.03333333333333333,5.477225575051661,0.012159182032837605
k__Bacteria;_p__Firmicutes;_c__Clostridia;_o__Clostridiales;_f__Veillonellaceae;_g__Dialister;_s__,kept,genus,0.02844923763480848,360.44444444444446,227.77649010457168,0.26666666666666666,2.1455429871444167,0.019225461131093653
k__Bacteria;_p__Firmicutes;_c__Clostridia;_o__Clostridiales;_f__Veillonellaceae;_g__Dialister;_s__.1,kept,genus,0.07958348828560803,1033.9135514018692,577.1633260365016,0.26666666666666666,2.506175934389981,0.012805117152235994
k__Bacteria;_p__Firmicutes;_c__Clostridia;_o__Clostridiales;_f__Veillonellaceae;_g__Dialister;_s__.2,kept,genus,0.030866493120119003,379.15060240963857,178.85154400925086,0.2,2.6137337568585695,0.010593144785092124
k__Bacteria;_p__Firmicutes;_c__Clostridia;_o__Clostridiales;_f__Veillonellaceae;_g__Dialister;_s__.3,kept,genus,0.020453700260319823,537.7363636363636,117.49681597851908,0.16666666666666666,3.519141644087234,0.022947323265460933
k__Bacteria;_p__Firmicutes;_c__Clostridia;_o__Clostridiales;_f__Veillonellaceae;_g__Dialister;_s__.4,kept,genus,0.002231312755671253,131.08333333333334,10.287777709010616,0.1,3.065382313811725,0.01025531849165875
k__Bacteria;_p__Firmicutes;_c__Clostridia;_o__Clostridiales;_f__Veillonellaceae;_g__Dialister;_s__.5,kept,genus,0.008181480104127928,681.7272727272727,139.28284806878773,0.1,4.503973148083533,0.012133232122197376
k__Bacteria;_p__Firmicutes;_c__Clostridia;_o__Clostridiales;_f__Veillonellaceae;_g__Dialister;_s__.6,kept,genus,0.002231312755671253,196.91666666666666,12.625127775896798,0.06666666666666667,3.8932251755645537,0.022216979479404295
k__Bacteria;_p__Firmicutes;_c__Clostridia;_o__Clostridiales;_f__Veillonellaceae;_g__Dialister;_s__.7,kept,genus,0.0026031982149497955,192.78571428571428,13.58671912093629,0.06666666666666667,4.692413543903776,0.01882846178162023
k__Bacteria;_p__Firmicutes;_c__Clostridia;_o__Clostridiales;_f__Veillonellaceae;_g__Megamonas;_s__,kept,genus,0.07326143547787281,1312.8172588832488,806.6768826902401,0.2,2.900605245244056,0.010635637131783416
k__Bacteria;_p__Firmicutes;_c__Clostridia;_o__Clostridiales;_f__Veillonellaceae;_g__Megamonas;_s__.1,kept,genus,0.0061361100780959466,330.45454545454544,49.65023071880555,0.13333333333333333,3.2671218430695257,0.019509085747874376
k__Bacteria;_p__Firmicutes;_c__Clostridia;_o__Clostridiales;_f__Veillonellaceae;_g__Megamonas;_s__.2,kept,genus,0.008181480104127928,248.8181818181818,68.70912231967434,0.06666666666666667,4.2833991074346365,0.015285838188971697
k__Bacteria;_p__Firmicutes;_c__Clostridia;_o__Clostridiales;_f__Veillonellaceae;_g__Megasphaera;_s__,kept,genus,0.0476013387876534,251.125,163.35851316780585,0.2,4.161079943421246,0.013009656102781996
k__Bacteria;_p__Firmicutes;_c__Clostridia;_o__Clostridiales;_f__Veillonellaceae;_g__Megasphaera;_s__.1,kept,genus,0.00502045370026032,449.3703703703704,73.23363580718068,0.16666666666666666,2.905518568477018,0.017525374666649777
k__Bacteria;_p__Firmicutes;_c__Clostridia;_o__Clostridiales;_f__Veillonellaceae;_g__Megasphaera;_s__.10,dropped,genus,0.0027891409445890665,1129.6666666666667,61.44285339349137,0.03333333333333333,5.47722557505166,0.019895090520779778
k__Bacteria;_p__Firmicutes;_c__Clostridia;_o__Clostridiales;_f__Veillonellaceae;_g__Megasphaera;_s__.11,dropped,genus,0.0007437709185570844,422.25,11.752219605805374,0.03333333333333333,5.477225575051661,0.01806759761095583
k__Bacteria;_p__Firmicutes;_c__Clostridia;_o__Clostridiales;_f__Veillonellaceae;_g__Megasphaera;_s__.12,dropped,genus,0.015619189289698772,3545.785714285714,816.9908687355818,0.03333333333333333,5.47722557505166,0.01048389984064891
k__Bacteria;_p__Firmicutes;_c__Clostridia;_o__Clostridiales;_f__Veillonellaceae;_g__Megasphaera;_s__.13,dropped,genus,0.0007437709185570844,3.0,0.1140764308313363,0.03333333333333333,5.477225575051661,0.012812851047410086
k__Bacteria;_p__Firmicutes;_c__Clostridia;_o__Clostridiales;_f__Veillonellaceae;_g__Megasphaera;_s__.2,kept,genus,0.005950167348456675,207.375,36.401368781909554,0.1,3.545760953329917,0.0149157054163413
k__Bacteria;_p__Firmicutes;_c__Clostridia;_o__Clostridiales;_f__Veillonellaceae;_g__Megasphaera;_s__.3,kept,genus,0.0014875418371141688,254.625,15.523063255692135,0.06666666666666667,3.809531573710177,0.013393620737308631
k__Bacteria;_p__Firmicutes;_c__Clostridia;_o__Clostridiales;_f__Veillonellaceae;_g__Megasphaera;_s__.4,kept,genus,0.010226850130159911,493.2909090909091,127.40845459271378,0.06666666666666667,3.8497836720496155,0.010909016187015518
k__Bacteria;_p__Firmicutes;_c__Clostridia;_o__Clostridiales;_f__Veillonellaceae;_g__Megasphaera;_s__.5,dropped,genus,0.0009297136481963555,412.8,13.403384263385304,0.03333333333333333,5.47722557505166,0.014899294012823031
k__Bacteria;_p__Firmicutes;_c__Clostridia;_o__Clostridiales;_f__Veillonellaceae;_g__Megasphaera;_s__.6,dropped,genus,0.0005578281889178133,566.0,16.390403309803347,0.03333333333333333,5.47722557505166,0.009318615781919703
k__Bacteria;_p__Firmicutes;_c__Clostridia;_o__Clostridiales;_f__Veillonellaceae;_g__Megasphaera;_s__.7,dropped,genus,0.0027891409445890665,1114.6666666666667,62.94082130698286,0.03333333333333333,5.47722557505166,0.015608372759913529
k__Bacteria;_p__Firmicutes;_c__Clostridia;_o__Clostridiales;_f__Veillonellaceae;_g__Megasphaera;_s__.8,dropped,genus,0.0014875418371141688,565.5,22.981505566467558,0.03333333333333333,5.477225575051661,0.00788388197813219
k__Bacteria;_p__Firmicutes;_c__Clostridia;_o__Clostridiales;_f__Veillonellaceae;_g__Megasphaera;_s__.9,dropped,genus,0.0007437709185570844,609.5,17.04396390193428,0.03333333333333333,5.477225575051661,0.01954975578787949
k__Bacteria;_p__Firmicutes;_c__Clostridia;_o__Clostridiales;_f__Veillonellaceae;_g__Mitsuokella,dropped,genus,0.006879880996653031,171.24324324324326,39.54076472730093,0.03333333333333333,5.477225575051661,0.011532696203471186
k__Bacteria;_p__Firmicutes;_c__Clostridia;_o__Clostridiales;_f__Veillonellaceae;_g__Mitsuokella.1,dropped,genus,0.004834510970621049,115.11538461538461,17.191183475032037,0.03333333333333333,5.477225575051662,0.027334335322011526
k__Bacteria;_p__Firmicutes;_c__Clostridia;_o__Clostridiales;_f__Veillonellaceae;_g__Mitsuokella;_s__,kept,genus,0.001859427296392711,27.9,2.0461718036432273,0.06666666666666667,3.8097604466921786,0.015024160063967252
k__Bacteria;_p__Firmicutes;_c__Clostridia;_o__Clostridiales;_f__Veillonellaceae;_g__Mitsuokella;_s__.1,dropped,genus,0.0007437709185570844,608.5,18.52197328422259,0.03333333333333333,5.477225575051661,0.014834851449407016
k__Bacteria;_p__Firmicutes;_c__Clostridia;_o__Clostridiales;_f__Veillonellaceae;_g__Mitsuokella;_s__multacida,dropped,species,0.0011156563778356265,339.3333333333333,14.06264850625016,0.03333333333333333,5.47722557505166,0.02517920296503502
k__Bacteria;_p__Firmicutes;_c__Clostridia;_o__Clostridiales;_f__Veillonellaceae;_g__Mitsuokella;_s__multacida.1,dropped,species,0.003904797322424693,512.8095238095239,36.98129693458133,0.03333333333333333,5.47722557505166,0.005994172845203316
k__Bacteria;_p__Firmicutes;_c__Clostridia;_o__Clostridiales;_f__Veillonellaceae;_g__Phascolarctobacterium;_s__,kept,genus,0.030494607660840462,753.5731707317074,290.3737095053089,0.26666666666666666,2.8102645847819665,0.01592783880869948
k__Bacteria;_p__Firmicutes;_c__Clostridia;_o__Clostridiales;_f__Veillonellaceae;_g__Phascolarctobacterium;_s__.1,kept,genus,0.012086277426552623,187.4,35.492720389930916,0.2,2.549361298199091,0.020692840150061807
k__Bacteria;_p__Firmicutes;_c__Clostridia;_o__Clostridiales;_f__Veillonellaceae;_g__Phascolarctobacterium;_s__.2,kept,genus,0.040907400520639646,191.9090909090909,122.44625788882732,0.13333333333333333,3.086541133695474,0.020648016879631928
k__Bacteria;_p__Firmicutes;_c__Clostridia;_o__Clostridiales;_f__Veillonellaceae;_g__Phascolarctobacterium;_s__.3,kept,genus,0.05410933432502789,554.8900343642612,294.5656137778469,0.06666666666666667,5.24030873681333,0.019072043268311214
k__Bacteria;_p__Firmicutes;_c__Clostridia;_o__Clostridiales;_f__Veillonellaceae;_g__Schwartzia;_s__,dropped,genus,0.0011156563778356265,4.0,0.16129756593741437,0.03333333333333333,5.477225575051662,0.01591567641871047
k__Bacteria;_p__Firmicutes;_c__Clostridia;_o__Clostridiales;_f__Veillonellaceae;_g__Selenomonas;_s__bovis,dropped,species,0.0005578281889178133,787.3333333333334,19.885166974399567,0.03333333333333333,5.47722557505166,0.010250587240789902
k__Bacteria;_p__Firmicutes;_c__Clostridia;_o__Clostridiales;_f__Veillonellaceae;_g__Veillonella,kept,genus,0.0180364447750093,442.41237113402065,140.19691361159764,0.2,4.508103327778481,0.015672900362885288
k__Bacteria;_p__Firmicutes;_c__Clostridia;_o__Clostridiales;_f__Veillonellaceae;_g__Veillonella.1,dropped,genus,0.0005578281889178133,83.33333333333333,2.913940717929247,0.03333333333333333,5.477225575051662,0.021861834009940018
k__Bacteria;_p__Firmicutes;_c__Clostridia;_o__Clostridiales;_f__Veillonellaceae;_g__Veillonella.2,dropped,genus,0.04648568240981778,96.224,54.591107909415115,0.03333333333333333,5.477225575051661,0.013897849965815896
k__Bacteria;_p__Firmicutes;_c__Clostridia;_o__Clostridiales;_f__Veillonellaceae;_g__Veillonella;_s__,dropped,genus,0.0007437709185570844,169.25,4.6441489232821835,0.03333333333333333,5.477225575051661,0.008337294248691821
k__Bacteria;_p__Firmicutes;_c__Clostridia;_o__Clostridiales;_f__Veillonellaceae;_g__Veillonella;_s__dispar,kept,species,0.07028635180364448,139.8042328042328,82.8269893900744,0.2,2.9210372438516066,0.01752396153482232
k__Bacteria;_p__Firmicutes;_c__Clostridia;_o__Clostridiales;_f__Veillonellaceae;_g__Veillonella;_s__dispar.1,kept,species,0.039419858683525474,191.33018867924528,103.49634028685448,0.1,4.02341328389199,0.008856745624614892
k__Bacteria;_p__Firmicutes;_c__Clostridia;_o__Clostridiales;_f__Veillonellaceae;_g__Veillonella;_s__dispar.2,dropped,species,0.00502045370026032,180.77777777777777,35.325619589486635,0.03333333333333333,5.477225575051662,0.010634734084599643
k__Bacteria;_p__Firmicutes;_c__Clostridia;_o__Clostridiales;_f__Veillonellaceae;_g__Veillonella;_s__parvula,kept,species,0.015619189289698772,151.27380952380952,57.84755675773605,0.16666666666666666,3.155594954948776,0.014116473380831137
k__Bacteria;_p__Firmicutes;_c__Clostridia;_o__Clostridiales;_f__Veillonellaceae;_g__Veillonella;_s__parvula.1,dropped,species,0.0007437709185570844,59.5,1.8044366756898753,0.03333333333333333,5.477225575051663,0.011515741071393748
k__Bacteria;_p__Firmicutes;_c__Clostridia;_o__Clostridiales;_f___Mogibacteriaceae_,kept,family,0.021011528449237635,15.663716814159292,6.962096963362885,0.1,3.693050000693709,0.016845643211326214
k__Bacteria;_p__Firmicutes;_c__Clostridia;_o__Clostridiales;_f___Mogibacteriaceae_.1,dropped,family,0.0009297136481963555,6.6,0.20896652646110705,0.03333333333333333,5.477225575051663,0.014120374867847762
k__Bacteria;_p__Firmicutes;_c__Clostridia;_o__Clostridiales;_f___Mogibacteriaceae_.2,dropped,family,0.009669021941242098,7.576923076923077,1.011661132522298,0.03333333333333333,5.477225575051662,0.019921144965737728
k__Bacteria;_p__Firmicutes;_c__Clostridia;_o__Clostridiales;_f___Mogibacteriaceae_.3,dropped,family,0.0007437709185570844,9.25,0.291452036286706,0.03333333333333333,5.477225575051662,0.015108612804152084
k__Bacteria;_p__Firmicutes;_c__Clostridia;_o__Clostridiales;_f___Mogibacteriaceae_.4,dropped,family,0.0007437709185570844,13.25,0.3645224805253304,0.03333333333333333,5.477225575051662,0.015531383344975702
k__Bacteria;_p__Firmicutes;_c__Clostridia;_o__Clostridiales;_f___Mogibacteriaceae_.5,dropped,family,0.001859427296392711,6.6,0.29413396849192586,0.03333333333333333,5.477225575051663,0.007649418053052452
k__Bacteria;_p__Firmicutes;_c__Clostridia;_o__Clostridiales;_f___Mogibacteriaceae_.6,dropped,family,0.0005578281889178133,6.333333333333333,0.15120425072388785,0.03333333333333333,5.477225575051662,0.01877020012020602
k__Bacteria;_p__Firmicutes;_c__Clostridia;_o__Clostridiales;_f___Mogibacteriaceae_;_g__;_s__,kept,family,0.013945704722945334,32.50666666666667,9.258412632172089,0.23333333333333334,2.5013899227428764,0.017793732172166954
k__Bacteria;_p__Firmicutes;_c__Clostridia;_o__Clostridiales;_f___Mogibacteriaceae_;_g__;_s__.1,kept,family,0.009111193752324285,62.91836734693877,12.214099869913264,0.13333333333333333,3.7190659813834723,0.021508557187081022
k__Bacteria;_p__Firmicutes;_c__Clostridia;_o__Clostridiales;_f___Mogibacteriaceae_;_g__;_s__.10,kept,family,0.005578281889178133,29.1,3.6643964457701457,0.06666666666666667,3.805639304383053,0.01678061978852369
k__Bacteria;_p__Firmicutes;_c__Clostridia;_o__Clostridiales;_f___Mogibacteriaceae_;_g__;_s__.11,kept,family,0.0024172554853105245,18.923076923076923,1.5520686663953018,0.06666666666666667,3.8294289205899457,0.0153156413853854
k__Bacteria;_p__Firmicutes;_c__Clostridia;_o__Clostridiales;_f___Mogibacteriaceae_;_g__;_s__.12,dropped,family,0.004834510970621049,18.153846153846153,1.5921613205386296,0.03333333333333333,5.477225575051661,0.009853999453241042
k__Bacteria;_p__Firmicutes;_c__Clostridia;_o__Clostridiales;_f___Mogibacteriaceae_;_g__;_s__.13,dropped,family,0.0007437709185570844,13.0,0.48742742617675716,0.03333333333333333,5.47722557505166,0.009179957912566835
k__Bacteria;_p__Firmicutes;_c__Clostridia;_o__Clostridiales;_f___Mogibacteriaceae_;_g__;_s__.2,kept,family,0.0029750836742283376,72.875,7.535906243929055,0.13333333333333333,2.9622618398173444,0.013032511803104637
k__Bacteria;_p__Firmicutes;_c__Clostridia;_o__Clostridiales;_f___Mogibacteriaceae_;_g__;_s__.3,kept,family,0.003904797322424693,19.857142857142858,1.8444568148689837,0.13333333333333333,2.981846060120403,0.009681706905796809
k__Bacteria;_p__Firmicutes;_c__Clostridia;_o__Clostridiales;_f___Mogibacteriaceae_;_g__;_s__.4,kept,family,0.005950167348456675,25.59375,3.7495093441013747,0.1,3.823415176954626,0.016299490952374648
k__Bacteria;_p__Firmicutes;_c__Clostridia;_o__Clostridiales;_f___Mogibacteriaceae_;_g__;_s__.5,kept,family,0.005392339159538862,22.0,2.3821414611178686,0.1,4.099961653136963,0.021402309103176562
k__Bacteria;_p__Firmicutes;_c__Clostridia;_o__Clostridiales;_f___Mogibacteriaceae_;_g__;_s__.6,kept,family,0.00502045370026032,46.074074074074076,6.101738745720255,0.1,3.383900523603788,0.014415872561067068
k__Bacteria;_p__Firmicutes;_c__Clostridia;_o__Clostridiales;_f___Mogibacteriaceae_;_g__;_s__.7,kept,family,0.0011156563778356265,20.0,0.7988417345899432,0.06666666666666667,4.022457723307965,0.012491425001297622
k__Bacteria;_p__Firmicutes;_c__Clostridia;_o__Clostridiales;_f___Mogibacteriaceae_;_g__;_s__.8,kept,family,0.003904797322424693,30.666666666666668,2.5904821015273787,0.06666666666666667,4.201929370646218,0.014502087488893907
k__Bacteria;_p__Firmicutes;_c__Clostridia;_o__Clostridiales;_f___Mogibacteriaceae_;_g__;_s__.9,kept,family,0.0024172554853105245,42.84615384615385,3.3755488179285913,0.06666666666666667,3.8133824140627293,0.008078755536859572
k__Bacteria;_p__Firmicutes;_c__Clostridia;_o__Clostridiales;_f___Mogibacteriaceae_;_g__Mogibacterium;_s__,kept,genus,0.0009297136481963555,7.6,0.2773890255723514,0.06666666666666667,3.8066748908605135,0.018018749980934192
k__Bacteria;_p__Firmicutes;_c__Clostridia;_o__Clostridiales;_f___Tissierellaceae_;_g__1-68;_s__,kept,genus,0.004090740052063964,18.5,2.093686266380543,0.06666666666666667,3.816521616333851,0.016821216217469473
k__Bacteria;_p__Firmicutes;_c__Clostridia;_o__Clostridiales;_f___Tissierellaceae_;_g__Anaerococcus;_s__,kept,genus,0.0031610264038676086,34.470588235294116,3.053004812910305,0.2,2.1908641125847037,0.021588478222400984
k__Bacteria;_p__Firmicutes;_c__Clostridia;_o__Clostridiales;_f___Tissierellaceae_;_g__Anaerococcus;_s__.1,kept,genus,0.0011156563778356265,26.833333333333332,1.304929793707853,0.06666666666666667,4.04293555019982,0.014895735275866946
k__Bacteria;_p__Firmicutes;_c__Clostridia;_o__Clostridiales;_f___Tissierellaceae_;_g__Finegoldia;_s__,kept,genus,0.0029750836742283376,18.1875,1.450263658746015,0.06666666666666667,3.810823343117127,0.022260751696904876
k__Bacteria;_p__Firmicutes;_c__Clostridia;_o__Clostridiales;_f___Tissierellaceae_;_g__Parvimonas;_s__,kept,genus,0.010412792859799182,21.517857142857142,7.578355268217603,0.16666666666666666,2.6670529603563824,0.01446624569662894
k__Bacteria;_p__Firmicutes;_c__Clostridia;_o__Clostridiales;_f___Tissierellaceae_;_g__Parvimonas;_s__.1,dropped,genus,0.0029750836742283376,5.9375,0.35070053086883707,0.03333333333333333,5.477225575051662,0.019013779366515906
k__Bacteria;_p__Firmicutes;_c__Clostridia;_o__Clostridiales;_f___Tissierellaceae_;_g__Peptoniphilus;_s__,kept,genus,0.005392339159538862,45.793103448275865,10.477817144166153,0.2,2.3473642064772244,0.011540113682275425
k__Bacteria;_p__Firmicutes;_c__Clostridia;_o__Clostridiales;_f___Tissierellaceae_;_g__Peptoniphilus;_s__.1,kept,genus,0.0029750836742283376,83.1875,9.280871269934403,0.06666666666666667,4.0551370387275325,0.015814529180059825
k__Bacteria;_p__Firmicutes;_c__Clostridia;_o__Clostridiales;_f___Tissierellaceae_;_g__WAL_1855D;_s__,kept,genus,0.02175529936779472,12.076923076923077,4.811951067123123,0.2,2.9837692859366842,0.02949102725653352
k__Bacteria;_p__Firmicutes;_c__Clostridia;_o__Clostridiales;_f___Tissierellaceae_;_g__ph2;_s__,kept,genus,0.0014875418371141688,45.875,2.5447439352624417,0.06666666666666667,3.828290514907938,0.01632580428719134
k__Bacteria;_p__Firmicutes;_c__Erysipelotrichi;_o__Erysipelotrichales;_f__Erysipelotrichaceae,kept,family,0.057828188917813314,42.864951768488744,18.443405653646085,0.13333333333333333,4.351703709297038,0.009153036345307782
k__Bacteria;_p__Firmicutes;_c__Erysipelotrichi;_o__Erysipelotrichales;_f__Erysipelotrichaceae.1,kept,family,0.011528449237634809,686.1935483870968,107.99900394810928,0.1,4.858516933056786,0.020170967866152186
k__Bacteria;_p__Firmicutes;_c__Erysipelotrichi;_o__Erysipelotrichales;_f__Erysipelotrichaceae.2,dropped,family,0.002231312755671253,61.083333333333336,3.214051554902344,0.03333333333333333,5.477225575051664,0.01058008237340516
k__Bacteria;_p__Firmicutes;_c__Erysipelotrichi;_o__Erysipelotrichales;_f__Erysipelotrichaceae.3,dropped,family,0.002045370026031982,67.45454545454545,4.9535995900411836,0.03333333333333333,5.47722557505166,0.009932768363226459
k__Bacteria;_p__Firmicutes;_c__Erysipelotrichi;_o__Erysipelotrichales;_f__Erysipelotrichaceae.4,dropped,family,0.0007437709185570844,37.25,1.3058338853142193,0.03333333333333333,5.47722557505166,0.021687239735429173
k__Bacteria;_p__Firmicutes;_c__Erysipelotrichi;_o__Erysipelotrichales;_f__Erysipelotrichaceae.5,dropped,family,0.012458162885831164,496.5074626865672,95.4583675968856,0.03333333333333333,5.47722557505166,0.01979908312217049
k__Bacteria;_p__Firmicutes;_c__Erysipelotrichi;_o__Erysipelotrichales;_f__Erysipelotrichaceae;_g__;_s__,kept,family,0.041465228709557454,271.27354260089686,107.50176794768336,0.2,2.755284807400809,0.019391923425373516
k__Bacteria;_p__Firmicutes;_c__Erysipelotrichi;_o__Erysipelotrichales;_f__Erysipelotrichaceae;_g__;_s__.1,dropped,family,0.0013015991074748978,117.85714285714286,4.677440878987717,0.03333333333333333,5.477225575051661,0.014813849193708605
k__Bacteria;_p__Firmicutes;_c__Erysipelotrichi;_o__Erysipelotrichales;_f__Erysipelotrichaceae;_g__;_s__.2,dropped,family,0.0009297136481963555,66.4,3.228381688390939,0.03333333333333333,5.47722557505166,0.01655873087435033
k__Bacteria;_p__Firmicutes;_c__Erysipelotrichi;_o__Erysipelotrichales;_f__Erysipelotrichaceae;_g__;_s__.3,dropped,family,0.0005578281889178133,42.666666666666664,1.0226151637672627,0.03333333333333333,5.47722557505166,0.01591046959181318
k__Bacteria;_p__Firmicutes;_c__Erysipelotrichi;_o__Erysipelotrichales;_f__Erysipelotrichaceae;_g__;_s__.4,dropped,family,0.0014875418371141688,84.125,3.6709755125276553,0.03333333333333333,5.477225575051661,0.017765615979760917
k__Bacteria;_p__Firmicutes;_c__Erysipelotrichi;_o__Erysipelotrichales;_f__Erysipelotrichaceae;_g__Bulleidia;_s__moorei,kept,species,0.01171439196727408,11.11111111111111,1.9629679273906728,0.1,4.057167539684757,0.012803720790198833
k__Bacteria;_p__Firmicutes;_c__Erysipelotrichi;_o__Erysipelotrichales;_f__Erysipelotrichaceae;_g__Catenibacterium;_s__,kept,genus,0.0076236519152101155,323.0975609756098,69.09585217817249,0.16666666666666666,2.367219584614265,0.009075480232899724
k__Bacteria;_p__Firmicutes;_c__Erysipelotrichi;_o__Erysipelotrichales;_f__Erysipelotrichaceae;_g__Catenibacterium;_s__.1,dropped,genus,0.004090740052063964,649.9545454545455,64.72775692147523,0.03333333333333333,5.477225575051662,0.02043857642651353
k__Bacteria;_p__Firmicutes;_c__Erysipelotrichi;_o__Erysipelotrichales;_f__Erysipelotrichaceae;_g__Catenibacterium;_s__.2,dropped,genus,0.0013015991074748978,93.42857142857143,3.8130593339202816,0.03333333333333333,5.477225575051661,0.01982309370287294
k__Bacteria;_p__Firmicutes;_c__Erysipelotrichi;_o__Erysipelotrichales;_f__Erysipelotrichaceae;_g__Clostridium,kept,genus,0.0476013387876534,43.6875,69.20901697161997,0.13333333333333333,4.114892004187652,0.01657288651031311
k__Bacteria;_p__Firmicutes;_c__Erysipelotrichi;_o__Erysipelotrichales;_f__Erysipelotrichaceae;_g__Clostridium;_s__ramosum,kept,species,0.024730383042023057,244.54887218045113,126.52996781030322,0.16666666666666666,3.2222108500876754,0.025236193811985535
k__Bacteria;_p__Firmicutes;_c__Erysipelotrichi;_o__Erysipelotrichales;_f__Erysipelotrichaceae;_g__Clostridium;_s__spiroforme,kept,species,0.012272220156191893,77.60606060606061,18.90487829357836,0.16666666666666666,2.730271085412625,0.01939070089721834
k__Bacteria;_p__Firmicutes;_c__Erysipelotrichi;_o__Erysipelotrichales;_f__Erysipelotrichaceae;_g__Coprobacillus;_s__,kept,genus,0.003718854592785422,17.0,1.8149721900542186,0.1,3.7780995871778846,0.012347341646063754
k__Bacteria;_p__Firmicutes;_c__Erysipelotrichi;_o__Erysipelotrichales;_f__Erysipelotrichaceae;_g__Coprobacillus;_s__.1,dropped,genus,0.0005578281889178133,31.666666666666668,0.8383723023374384,0.03333333333333333,5.477225575051661,0.010361983168098355
k__Bacteria;_p__Firmicutes;_c__Erysipelotrichi;_o__Erysipelotrichales;_f__Erysipelotrichaceae;_g__Coprobacillus;_s__.2,dropped,genus,0.00167348456675344,46.22222222222222,2.507486335867814,0.03333333333333333,5.477225575051663,0.011939010845761893
k__Bacteria;_p__Firmicutes;_c__Erysipelotrichi;_o__Erysipelotrichales;_f__Erysipelotrichaceae;_g__Coprobacillus;_s__cateniformis,kept,species,0.005206396429899591,31.178571428571427,3.7367654417671123,0.1,3.25802568882206,0.018635637751078158
k__Bacteria;_p__Firmicutes;_c__Erysipelotrichi;_o__Erysipelotrichales;_f__Erysipelotrichaceae;_g__Holdemania;_s__,kept,genus,0.05522499070286352,37.63636363636363,17.054043812916408,0.2,3.069581510978273,0.017084563485521512
k__Bacteria;_p__Firmicutes;_c__Erysipelotrichi;_o__Erysipelotrichales;_f__Erysipelotrichaceae;_g__Holdemania;_s__.1,kept,genus,0.03514317590182224,15.534391534391535,3.93822381416934,0.1,3.3075268207834094,0.013426177159187954
k__Bacteria;_p__Firmicutes;_c__Erysipelotrichi;_o__Erysipelotrichales;_f__Erysipelotrichaceae;_g__Holdemania;_s__.2,kept,genus,0.0014875418371141688,20.25,0.8262838781186884,0.06666666666666667,3.9326023147685394,0.015919023798246567
k__Bacteria;_p__Firmicutes;_c__Erysipelotrichi;_o__Erysipelotrichales;_f__Erysipelotrichaceae;_g__RFN20;_s__,dropped,genus,0.0001859427296392711,38.0,0.5181711122776986,0.03333333333333333,5.47722557505166,0.02517017220323155
k__Bacteria;_p__Firmicutes;_c__Erysipelotrichi;_o__Erysipelotrichales;_f__Erysipelotrichaceae;_g___Eubacterium_;_s__,kept,genus,0.007809594644849386,290.6904761904762,36.99170406983033,0.13333333333333333,3.8463006014678665,0.019059129372818076
k__Bacteria;_p__Firmicutes;_c__Erysipelotrichi;_o__Erysipelotrichales;_f__Erysipelotrichaceae;_g___Eubacterium_;_s__.1,dropped,genus,0.0031610264038676086,266.6470588235294,21.72977323548558,0.03333333333333333,5.477225575051661,0.005643213745568879
k__Bacteria;_p__Firmicutes;_c__Erysipelotrichi;_o__Erysipelotrichales;_f__Erysipelotrichaceae;_g___Eubacterium_;_s__biforme,kept,species,0.024172554853105245,191.73076923076923,95.43266687112033,0.23333333333333334,2.24583956009853,0.01728340297656837
k__Bacteria;_p__Firmicutes;_c__Erysipelotrichi;_o__Erysipelotrichales;_f__Erysipelotrichaceae;_g___Eubacterium_;_s__biforme.1,kept,species,0.019895872071402008,195.6355140186916,81.8685159765135,0.2,2.717742067964643,0.009995665256273444
k__Bacteria;_p__Firmicutes;_c__Erysipelotrichi;_o__Erysipelotrichales;_f__Erysipelotrichaceae;_g___Eubacterium_;_s__biforme.2,dropped,species,0.0005578281889178133,55.666666666666664,1.883229346043578,0.03333333333333333,5.47722557505166,0.008553501009785055
k__Bacteria;_p__Firmicutes;_c__Erysipelotrichi;_o__Erysipelotrichales;_f__Erysipelotrichaceae;_g___Eubacterium_;_s__biforme.3,dropped,species,0.0011156563778356265,176.0,8.449817388866837,0.03333333333333333,5.47722557505166,0.013863207442420141
k__Bacteria;_p__Firmicutes;_c__Erysipelotrichi;_o__Erysipelotrichales;_f__Erysipelotrichaceae;_g___Eubacterium_;_s__dolichum,kept,species,0.028077352175529938,97.29139072847683,39.195323105508415,0.2,3.007280439290963,0.023853939964753733
k__Bacteria;_p__Firmicutes;_c__Erysipelotrichi;_o__Erysipelotrichales;_f__Erysipelotrichaceae;_g___Eubacterium_;_s__dolichum.1,kept,species,0.040907400520639646,10.195454545454545,2.4948342768228002,0.13333333333333333,4.106545737285281,0.015129965112437664
k__Bacteria;_p__Firmicutes;_c__Erysipelotrichi;_o__Erysipelotrichales;_f__Erysipelotrichaceae;_g___Eubacterium_;_s__dolichum.2,kept,species,0.008553365563406471,27.97826086956522,3.477791872404756,0.06666666666666667,4.23893240588595,0.010020879854507088
k__Bacteria;_p__Firmicutes;_c__Erysipelotrichi;_o__Erysipelotrichales;_f__Erysipelotrichaceae;_g___Eubacterium_;_s__dolichum.3,dropped,species,0.0013015991074748978,23.285714285714285,1.3382722455610518,0.03333333333333333,5.477225575051661,0.01314324953295328
k__Bacteria;_p__Firmicutes;_c__Erysipelotrichi;_o__Erysipelotrichales;_f__Erysipelotrichaceae;_g__cc_115;_s__,kept,genus,0.002045370026031982,27.90909090909091,1.6854945199455977,0.1,3.354364343346604,0.019827283063071556
k__Bacteria;_p__Fusobacteria;_c__Fusobacteriia;_o__Fusobacteriales;_f__Fusobacteriaceae,kept,family,0.0029750836742283376,71.5625,9.670729545246438,0.1,3.225333069155177,0.019772285977743876
k__Bacteria;_p__Fusobacteria;_c__Fusobacteriia;_o__Fusobacteriales;_f__Fusobacteriaceae.1,dropped,family,0.029936779471922647,111.85093167701864,145.47574598895017,0.03333333333333333,5.477225575051662,0.022830999606417584
k__Bacteria;_p__Fusobacteria;_c__Fusobacteriia;_o__Fusobacteriales;_f__Fusobacteriaceae.2,dropped,family,0.005950167348456675,25.375,4.310468371501249,0.03333333333333333,5.477225575051662,0.014657828952070543
k__Bacteria;_p__Fusobacteria;_c__Fusobacteriia;_o__Fusobacteriales;_f__Fusobacteriaceae.3,dropped,family,0.004462625511342506,74.41666666666667,18.19055256058778,0.03333333333333333,5.477225575051662,0.012460498982962021
k__Bacteria;_p__Fusobacteria;_c__Fusobacteriia;_o__Fusobacteriales;_f__Fusobacteriaceae;_g__;_s__,kept,family,0.004462625511342506,354.125,36.791193624681604,0.13333333333333333,3.210138483707594,0.00849741947744728
k__Bacteria;_p__Fusobacteria;_c__Fusobacteriia;_o__Fusobacteriales;_f__Fusobacteriaceae;_g__;_s__.1,dropped,family,0.0005578281889178133,8.333333333333334,0.20631817893821736,0.03333333333333333,5.477225575051662,0.012438503049967853
k__Bacteria;_p__Fusobacteria;_c__Fusobacteriia;_o__Fusobacteriales;_f__Fusobacteriaceae;_g__Cetobacterium;_s__somerae,dropped,species,0.0024172554853105245,7.0,0.4002649783145409,0.03333333333333333,5.477225575051662,0.013925000879292966
k__Bacteria;_p__Fusobacteria;_c__Fusobacteriia;_o__Fusobacteriales;_f__Fusobacteriaceae;_g__Fusobacterium;_s__,kept,genus,0.00669393826701376,27.333333333333332,3.387116897471637,0.16666666666666666,2.7939525818463826,0.015166627340157968
k__Bacteria;_p__Fusobacteria;_c__Fusobacteriia;_o__Fusobacteriales;_f__Fusobacteriaceae;_g__Fusobacterium;_s__.1,kept,genus,0.005206396429899591,916.7857142857143,148.24741020747447,0.13333333333333333,3.28646270131869,0.014889104174112029
k__Bacteria;_p__Fusobacteria;_c__Fusobacteriia;_o__Fusobacteriales;_f__Fusobacteriaceae;_g__Fusobacterium;_s__.2,dropped,genus,0.003532911863146151,359.10526315789474,38.426825671342385,0.03333333333333333,5.47722557505166,0.010986679189846431
k__Bacteria;_p__Fusobacteria;_c__Fusobacteriia;_o__Fusobacteriales;_f__Leptotrichiaceae,dropped,family,0.0,0.0,0.0,0.0,0.0,0.012128875763067403
k__Bacteria;_p__GAL15;_c__;_o__;_f__;_g__;_s__,dropped,phylum,0.0009297136481963555,266.0,11.423485346613791,0.03333333333333333,5.47722557505166,0.014996973311004492
k__Bacteria;_p__GAL15;_c__;_o__;_f__;_g__;_s__.1,dropped,phylum,0.0009297136481963555,366.4,12.60443768917612,0.03333333333333333,5.47722557505166,0.008944125514318965
k__Bacteria;_p__GN02;_c__BD1-5;_o__;_f__;_g__;_s__,dropped,class,0.0005578281889178133,84.0,2.105378567519748,0.03333333333333333,5.47722557505166,0.012300484330505072
k__Bacteria;_p__Gemmatimonadetes;_c__Gemm-1;_o__;_f__;_g__;_s__,dropped,class,0.0005578281889178133,187.33333333333334,4.928185610323639,0.03333333333333333,5.47722557505166,0.018433360842344607
k__Bacteria;_p__Lentisphaerae;_c___Lentisphaeria_;_o__Victivallales;_f__Victivallaceae;_g__;_s__,dropped,family,0.0005578281889178133,86.66666666666667,2.1521721458589846,0.03333333333333333,5.47722557505166,0.019199241688322197
k__Bacteria;_p__Lentisphaerae;_c___Lentisphaeria_;_o__Victivallales;_f__Victivallaceae;_g__;_s__.1,dropped,family,0.0024172554853105245,385.61538461538464,23.227566573911258,0.03333333333333333,5.477225575051661,0.019142895587701835
k__Bacteria;_p__Lentisphaerae;_c___Lentisphaeria_;_o__Victivallales;_f__Victivallaceae;_g__Victivallis;_s__vadensis,kept,species,0.0024172554853105245,14.76923076923077,1.1836359763283335,0.06666666666666667,3.8061828918201184,0.024473528058192865
k__Bacteria;_p__Lentisphaerae;_c___Lentisphaeria_;_o__Victivallales;_f__Victivallaceae;_g__Victivallis;_s__vadensis.1,dropped,species,0.0011156563778356265,3.3333333333333335,0.1219194504987651,0.03333333333333333,5.477225575051662,0.015886042013300787
k__Bacteria;_p__NC10;_c__wb1-A12;_o__;_f__;_g__;_s__,dropped,class,0.0007437709185570844,309.25,11.192538464404208,0.03333333333333333,5.477225575051661,0.03140936914216596
k__Bacteria;_p__Nitrospirae;_c__Nitrospira;_o__Nitrospirales;_f__0319-6A21;_g__;_s__,dropped,family,0.0009297136481963555,178.6,7.4866531809612855,0.03333333333333333,5.47722557505166,0.012337863106516515
k__Bacteria;_p__Nitrospirae;_c__Nitrospira;_o__Nitrospirales;_f__0319-6A21;_g__;_s__.1,dropped,family,0.0005578281889178133,127.0,3.8663271771887127,0.03333333333333333,5.47722557505166,0.013211750067247396
k__Bacteria;_p__OD1,kept,phylum,0.0013015991074748978,112.14285714285714,8.162046932287904,0.06666666666666667,3.821006576638997,0.013943677721718813
k__Bacteria;_p__OD1.1,kept,phylum,0.002045370026031982,200.63636363636363,13.095245578756904,0.06666666666666667,3.902622998186564,0.014447391427836768
k__Bacteria;_p__OD1.10,dropped,phylum,0.0007437709185570844,3.5,0.11242632801520332,0.03333333333333333,5.477225575051661,0.014854964732158733
k__Bacteria;_p__OD1.11,dropped,phylum,0.0011156563778356265,145.83333333333334,5.105045650260552,0.03333333333333333,5.47722557505166,0.02446576236147189
k__Bacteria;_p__OD1.12,dropped,phylum,0.0005578281889178133,25.666666666666668,0.6425344937847107,0.03333333333333333,5.47722557505166,0.017328554344997686
k__Bacteria;_p__OD1.13,dropped,phylum,0.0007437709185570844,391.0,11.32112929115964,0.03333333333333333,5.477225575051661,0.021568276284266517
k__Bacteria;_p__OD1.14,dropped,phylum,0.008739308293045742,314.8936170212766,36.76682403902023,0.03333333333333333,5.477225575051661,0.014873087694583205
k__Bacteria;_p__OD1.15,dropped,phylum,0.0005578281889178133,122.0,4.092684153145136,0.03333333333333333,5.47722557505166,0.013188702868951114
k__Bacteria;_p__OD1.16,dropped,phylum,0.0005578281889178133,77.33333333333333,1.9512370395404541,0.03333333333333333,5.47722557505166,0.012533292958118078
k__Bacteria;_p__OD1.17,dropped,phylum,0.0007437709185570844,147.75,5.768680448674808,0.03333333333333333,5.477225575051661,0.012219660630564944
k__Bacteria;_p__OD1.18,dropped,phylum,0.0024172554853105245,242.84615384615384,13.968879130751107,0.03333333333333333,5.477225575051661,0.011234713608826856
k__Bacteria;_p__OD1.19,dropped,phylum,0.0007437709185570844,60.5,1.795532573738302,0.03333333333333333,5.477225575051661,0.010919939447943146
k__Bacteria;_p__OD1.2,dropped,phylum,0.0007437709185570844,277.75,8.004479485427025,0.03333333333333333,5.477225575051661,0.01617215966625484
k__Bacteria;_p__OD1.20,dropped,phylum,0.003904797322424693,299.85714285714283,21.06739700740736,0.03333333333333333,5.47722557505166,0.010328406578859858
k__Bacteria;_p__OD1.21,dropped,phylum,0.0011156563778356265,250.16666666666666,8.706954704583556,0.03333333333333333,5.47722557505166,0.017822243258541027
k__Bacteria;_p__OD1.22,dropped,phylum,0.0005578281889178133,62.0,1.577904855083239,0.03333333333333333,5.47722557505166,0.013916851950338035
k__Bacteria;_p__OD1.23,dropped,phylum,0.0013015991074748978,272.7142857142857,13.872726915177843,0.03333333333333333,5.477225575051661,0.019040548460849318
k__Bacteria;_p__OD1.24,dropped,phylum,0.00167348456675344,775.6666666666666,33.588843051126254,0.03333333333333333,5.477225575051661,0.01942416549648119
k__Bacteria;_p__OD1.25,dropped,phylum,0.0005578281889178133,82.33333333333333,2.345372654447267,0.03333333333333333,5.47722557505166,0.01584800982482686
k__Bacteria;_p__OD1.26,dropped,phylum,0.0005578281889178133,47.666666666666664,1.341820817130877,0.03333333333333333,5.47722557505166,0.010377370394182073
k__Bacteria;_p__OD1.27,dropped,phylum,0.0007437709185570844,266.0,7.463325432845642,0.03333333333333333,5.477225575051661,0.024586710811424155
k__Bacteria;_p__OD1.28,dropped,phylum,0.0005578281889178133,240.33333333333334,6.140872125389308,0.03333333333333333,5.47722557505166,0.009087260833589217
k__Bacteria;_p__OD1.29,dropped,phylum,0.0014875418371141688,105.625,4.269911342834703,0.03333333333333333,5.477225575051661,0.020810598643356142
k__Bacteria;_p__OD1.3,dropped,phylum,0.0026031982149497955,215.57142857142858,15.178574833397024,0.03333333333333333,5.477225575051661,0.02614643394457282
k__Bacteria;_p__OD1.30,dropped,phylum,0.0014875418371141688,101.75,4.953884323298276,0.03333333333333333,5.477225575051661,0.01401194791624208
k__Bacteria;_p__OD1.31,dropped,phylum,0.005950167348456675,555.0625,51.84997381227978,0.03333333333333333,5.477225575051661,0.00666358701855018
k__Bacteria;_p__OD1.32,dropped,phylum,0.0007437709185570844,75.75,3.9298273042984406,0.03333333333333333,5.477225575051661,0.009598161787604332
k__Bacteria;_p__OD1.33,dropped,phylum,0.00167348456675344,193.55555555555554,8.553496989360072,0.03333333333333333,5.477225575051661,0.017928827623000364
k__Bacteria;_p__OD1.34,dropped,phylum,0.0013015991074748978,276.57142857142856,11.901500998529743,0.03333333333333333,5.477225575051661,0.013825829968615543
k__Bacteria;_p__OD1.35,dropped,phylum,0.0007437709185570844,24.75,0.9102537802447418,0.03333333333333333,5.477225575051661,0.020648207171143716
k__Bacteria;_p__OD1.36,dropped,phylum,0.0005578281889178133,123.0,3.276135435347018,0.03333333333333333,5.47722557505166,0.02376119162093459
k__Bacteria;_p__OD1.37,dropped,phylum,0.0005578281889178133,165.33333333333334,4.205619289545455,0.03333333333333333,5.47722557505166,0.011734949588488834
k__Bacteria;_p__OD1.38,dropped,phylum,0.0009297136481963555,161.8,5.1608911150882735,0.03333333333333333,5.47722557505166,0.01328976223243618
k__Bacteria;_p__OD1.39,dropped,phylum,0.0009297136481963555,111.0,3.5253993502183762,0.03333333333333333,5.47722557505166,0.010042216600391536
k__Bacteria;_p__OD1.4,dropped,phylum,0.0011156563778356265,198.16666666666666,8.103617241512184,0.03333333333333333,5.47722557505166,0.01344385094737901
k__Bacteria;_p__OD1.40,dropped,phylum,0.01692078839717367,699.8021978021978,119.22944311628582,0.03333333333333333,5.477225575051661,0.030467125493118512
k__Bacteria;_p__OD1.41,dropped,phylum,0.0005578281889178133,27.333333333333332,0.7160257674052161,0.03333333333333333,5.47722557505166,0.017680238239895618
k__Bacteria;_p__OD1.42,dropped,phylum,0.0024172554853105245,570.8461538461538,31.178641132130284,0.03333333333333333,5.477225575051661,0.019584453392872722
k__Bacteria;_p__OD1.43,dropped,phylum,0.005206396429899591,423.35714285714283,46.41470732547616,0.03333333333333333,5.477225575051661,0.016262593997389045
k__Bacteria;_p__OD1.44,dropped,phylum,0.0005578281889178133,283.6666666666667,7.471056794086582,0.03333333333333333,5.47722557505166,0.020247073878544845
k__Bacteria;_p__OD1.45,dropped,phylum,0.0014875418371141688,6.25,0.328299234576403,0.03333333333333333,5.477225575051661,0.014544505005188417
k__Bacteria;_p__OD1.46,dropped,phylum,0.0011156563778356265,217.83333333333334,9.388375596427815,0.03333333333333333,5.47722557505166,0.013683740022251426
k__Bacteria;_p__OD1.47,dropped,phylum,0.0007437709185570844,201.0,7.108838030039794,0.03333333333333333,5.477225575051661,0.011224011166022282
k__Bacteria;_p__OD1.48,dropped,phylum,0.00167348456675344,237.77777777777777,12.688954636773728,0.03333333333333333,5.477225575051661,0.013657939390254023
k__Bacteria;_p__OD1.49,dropped,phylum,0.00167348456675344,249.22222222222223,11.625578894087399,0.03333333333333333,5.477225575051661,0.019541117077652454
k__Bacteria;_p__OD1.5,dropped,phylum,0.0005578281889178133,3.3333333333333335,0.08404570004649708,0.03333333333333333,5.47722557505166,0.010907861509975395
k__Bacteria;_p__OD1.50,dropped,phylum,0.0007437709185570844,322.25,10.186890862453497,0.03333333333333333,5.477225575051661,0.01789446516362602
k__Bacteria;_p__OD1.51,dropped,phylum,0.003532911863146151,423.4736842105263,27.68720048790085,0.03333333333333333,5.477225575051661,0.013758447463949393
k__Bacteria;_p__OD1.6,dropped,phylum,0.0027891409445890665,409.1333333333333,23.951713102029274,0.03333333333333333,5.47722557505166,0.011350763749950395
k__Bacteria;_p__OD1.7,dropped,phylum,0.0013015991074748978,474.0,17.4692531692708,0.03333333333333333,5.477225575051661,0.018755621693106777
k__Bacteria;_p__OD1.8,dropped,phylum,0.006507995537374489,477.62857142857143,52.10322546441907,0.03333333333333333,5.477225575051661,0.014840177704315834
k__Bacteria;_p__OD1.9,dropped,phylum,0.00502045370026032,353.6666666666667,27.703342621375082,0.03333333333333333,5.477225575051661,0.0078099538962464205
k__Bacteria;_p__OD1;_c__;_o__;_f__;_g__;_s__,kept,phylum,0.0014875418371141688,105.0,8.015523329622063,0.06666666666666667,3.883286903359672,0.012161993378529034
k__Bacteria;_p__OD1;_c__;_o__;_f__;_g__;_s__.1,dropped,phylum,0.0031610264038676086,298.47058823529414,19.75751654197453,0.03333333333333333,5.477225575051661,0.014852691716429096
k__Bacteria;_p__OD1;_c__;_o__;_f__;_g__;_s__.10,dropped,phylum,0.0011156563778356265,228.66666666666666,8.001255066847209,0.03333333333333333,5.47722557505166,0.019291606642024926
k__Bacteria;_p__OD1;_c__;_o__;_f__;_g__;_s__.100,dropped,phylum,0.0007437709185570844,209.25,6.928213085700935,0.03333333333333333,5.477225575051661,0.009563810498830528
k__Bacteria;_p__OD1;_c__;_o__;_f__;_g__;_s__.101,dropped,phylum,0.0005578281889178133,346.0,8.307392410789408,0.03333333333333333,5.47722557505166,0.013905479341652855
k__Bacteria;_p__OD1;_c__;_o__;_f__;_g__;_s__.102,dropped,phylum,0.002045370026031982,155.0909090909091,8.667014091870685,0.03333333333333333,5.477225575051662,0.010282651385685026
k__Bacteria;_p__OD1;_c__;_o__;_f__;_g__;_s__.103,dropped,phylum,0.0005578281889178133,522.3333333333334,14.99618958280687,0.03333333333333333,5.47722557505166,0.01845807956216851
k__Bacteria;_p__OD1;_c__;_o__;_f__;_g__;_s__.104,dropped,phylum,0.0005578281889178133,332.3333333333333,9.368930519344135,0.03333333333333333,5.47722557505166,0.01242953837680388
k__Bacteria;_p__OD1;_c__;_o__;_f__;_g__;_s__.105,dropped,phylum,0.0005578281889178133,374.3333333333333,10.178493503655815,0.03333333333333333,5.47722557505166,0.00844349654471422
k__Bacteria;_p__OD1;_c__;_o__;_f__;_g__;_s__.106,dropped,phylum,0.0005578281889178133,21.0,0.6282456352895575,0.03333333333333333,5.47722557505166,0.012262543479992057
k__Bacteria;_p__OD1;_c__;_o__;_f__;_g__;_s__.107,dropped,phylum,0.0005578281889178133,82.66666666666667,2.410941666803313,0.03333333333333333,5.47722557505166,0.01484877094520362
k__Bacteria;_p__OD1;_c__;_o__;_f__;_g__;_s__.108,dropped,phylum,0.0014875418371141688,349.25,17.244516234126234,0.03333333333333333,5.477225575051661,0.02142450250017692
k__Bacteria;_p__OD1;_c__;_o__;_f__;_g__;_s__.109,dropped,phylum,0.0009297136481963555,170.2,8.227678196466087,0.03333333333333333,5.47722557505166,0.015072495475016708
k__Bacteria;_p__OD1;_c__;_o__;_f__;_g__;_s__.11,dropped,phylum,0.0005578281889178133,91.0,2.5485117243903668,0.03333333333333333,5.47722557505166,0.020642930202425722
k__Bacteria;_p__OD1;_c__;_o__;_f__;_g__;_s__.110,dropped,phylum,0.0007437709185570844,144.25,4.834456758951153,0.03333333333333333,5.477225575051661,0.014333426766044403
k__Bacteria;_p__OD1;_c__;_o__;_f__;_g__;_s__.111,dropped,phylum,0.0007437709185570844,27.5,0.7577938100926418,0.03333333333333333,5.477225575051661,0.01251927893253361
k__Bacteria;_p__OD1;_c__;_o__;_f__;_g__;_s__.112,dropped,phylum,0.0005578281889178133,311.6666666666667,7.37837901481183,0.03333333333333333,5.47722557505166,0.011848803626659283
k__Bacteria;_p__OD1;_c__;_o__;_f__;_g__;_s__.113,dropped,phylum,0.0005578281889178133,121.66666666666667,3.354683500880707,0.03333333333333333,5.47722557505166,0.00572075352254476
k__Bacteria;_p__OD1;_c__;_o__;_f__;_g__;_s__.114,dropped,phylum,0.00167348456675344,224.88888888888889,10.583376660381147,0.03333333333333333,5.477225575051661,0.011175221400918135
k__Bacteria;_p__OD1;_c__;_o__;_f__;_g__;_s__.115,dropped,phylum,0.0005578281889178133,225.33333333333334,8.94804532226467,0.03333333333333333,5.47722557505166,0.018501720211881182
k__Bacteria;_p__OD1;_c__;_o__;_f__;_g__;_s__.116,dropped,phylum,0.0005578281889178133,222.33333333333334,5.719340576913733,0.03333333333333333,5.47722557505166,0.022659391682866268
k__Bacteria;_p__OD1;_c__;_o__;_f__;_g__;_s__.117,dropped,phylum,0.002045370026031982,50.54545454545455,2.9173895972560535,0.03333333333333333,5.477225575051662,0.02842044554323884
k__Bacteria;_p__OD1;_c__;_o__;_f__;_g__;_s__.118,dropped,phylum,0.0007437709185570844,153.75,4.766066898274978,0.03333333333333333,5.477225575051661,0.016005676323394225
k__Bacteria;_p__OD1;_c__;_o__;_f__;_g__;_s__.119,dropped,phylum,0.0005578281889178133,382.6666666666667,10.071983298263822,0.03333333333333333,5.47722557505166,0.009680286920888952
k__Bacteria;_p__OD1;_c__;_o__;_f__;_g__;_s__.12,dropped,phylum,0.0007437709185570844,195.5,5.526346377879517,0.03333333333333333,5.477225575051661,0.00641294280193323
k__Bacteria;_p__OD1;_c__;_o__;_f__;_g__;_s__.120,dropped,phylum,0.0013015991074748978,299.2857142857143,12.711201750305202,0.03333333333333333,5.477225575051661,0.025411583773150247
k__Bacteria;_p__OD1;_c__;_o__;_f__;_g__;_s__.121,dropped,phylum,0.0005578281889178133,160.0,5.039017538048623,0.03333333333333333,5.47722557505166,0.016026888133384723
k__Bacteria;_p__OD1;_c__;_o__;_f__;_g__;_s__.122,dropped,phylum,0.0007437709185570844,269.25,7.87359830313203,0.03333333333333333,5.477225575051661,0.018046524340852046
k__Bacteria;_p__OD1;_c__;_o__;_f__;_g__;_s__.123,dropped,phylum,0.0027891409445890665,460.4,28.03539920677546,0.03333333333333333,5.47722557505166,0.011360470481134326
k__Bacteria;_p__OD1;_c__;_o__;_f__;_g__;_s__.124,dropped,phylum,0.001859427296392711,433.9,26.988581578132422,0.03333333333333333,5.47722557505166,0.015471123596131378
k__Bacteria;_p__OD1;_c__;_o__;_f__;_g__;_s__.125,dropped,phylum,0.0005578281889178133,38.666666666666664,1.4240095602092748,0.03333333333333333,5.47722557505166,0.01887293583061937
k__Bacteria;_p__OD1;_c__;_o__;_f__;_g__;_s__.126,dropped,phylum,0.0005578281889178133,79.33333333333333,2.632872811439383,0.03333333333333333,5.47722557505166,0.01783168611797441
k__Bacteria;_p__OD1;_c__;_o__;_f__;_g__;_s__.127,dropped,phylum,0.0005578281889178133,24.333333333333332,0.6285041786231235,0.03333333333333333,5.47722557505166,0.026796496726495735
k__Bacteria;_p__OD1;_c__;_o__;_f__;_g__;_s__.128,dropped,phylum,0.0027891409445890665,243.53333333333333,17.94753841200056,0.03333333333333333,5.47722557505166,0.02009616913654868
k__Bacteria;_p__OD1;_c__;_o__;_f__;_g__;_s__.129,dropped,phylum,0.0005578281889178133,406.3333333333333,10.333590565948558,0.03333333333333333,5.47722557505166,0.01330830346138366
k__Bacteria;_p__OD1;_c__;_o__;_f__;_g__;_s__.13,dropped,phylum,0.008553365563406471,395.32608695652175,42.377644575188896,0.03333333333333333,5.47722557505166,0.010621747775942662
k__Bacteria;_p__OD1;_c__;_o__;_f__;_g__;_s__.130,dropped,phylum,0.0005578281889178133,90.33333333333333,2.169639537462495,0.03333333333333333,5.47722557505166,0.01949754771740925
k__Bacteria;_p__OD1;_c__;_o__;_f__;_g__;_s__.131,dropped,phylum,0.0005578281889178133,120.66666666666667,2.902726278461835,0.03333333333333333,5.47722557505166,0.017173765128913495
k__Bacteria;_p__OD1;_c__;_o__;_f__;_g__;_s__.132,dropped,phylum,0.0007437709185570844,102.5,3.486223665355564,0.03333333333333333,5.477225575051661,0.020423588106081098
k__Bacteria;_p__OD1;_c__;_o__;_f__;_g__;_s__.133,dropped,phylum,0.0011156563778356265,173.66666666666666,6.042194178032237,0.03333333333333333,5.47722557505166,0.01161090004256784
k__Bacteria;_p__OD1;_c__;_o__;_f__;_g__;_s__.134,dropped,phylum,0.0005578281889178133,48.666666666666664,1.3158478411853443,0.03333333333333333,5.47722557505166,0.01275653870373179
k__Bacteria;_p__OD1;_c__;_o__;_f__;_g__;_s__.135,dropped,phylum,0.0005578281889178133,595.6666666666666,14.106117763248706,0.03333333333333333,5.47722557505166,0.008947792332206527
k__Bacteria;_p__OD1;_c__;_o__;_f__;_g__;_s__.136,dropped,phylum,0.0007437709185570844,118.75,3.3258095612640335,0.03333333333333333,5.477225575051661,0.009619378229931582
k__Bacteria;_p__OD1;_c__;_o__;_f__;_g__;_s__.137,dropped,phylum,0.0011156563778356265,337.5,14.22234055674675,0.03333333333333333,5.47722557505166,0.012355567936045161
k__Bacteria;_p__OD1;_c__;_o__;_f__;_g__;_s__.138,dropped,phylum,0.0011156563778356265,95.16666666666667,3.563092040967994,0.03333333333333333,5.47722557505166,0.017772513813911303
k__Bacteria;_p__OD1;_c__;_o__;_f__;_g__;_s__.139,dropped,phylum,0.0005578281889178133,36.666666666666664,1.0670082565215213,0.03333333333333333,5.47722557505166,0.013484292224694472
k__Bacteria;_p__OD1;_c__;_o__;_f__;_g__;_s__.14,dropped,phylum,0.0014875418371141688,150.875,6.354743242165304,0.03333333333333333,5.477225575051661,0.013709341983492015
k__Bacteria;_p__OD1;_c__;_o__;_f__;_g__;_s__.140,dropped,phylum,0.0013015991074748978,286.57142857142856,13.019789802247132,0.03333333333333333,5.477225575051661,0.015975882261732906
k__Bacteria;_p__OD1;_c__;_o__;_f__;_g__;_s__.141,dropped,phylum,0.0026031982149497955,530.5,40.221833122654765,0.03333333333333333,5.477225575051661,0.019556153673723778
k__Bacteria;_p__OD1;_c__;_o__;_f__;_g__;_s__.142,dropped,phylum,0.004834510970621049,770.1153846153846,116.82594179982738,0.03333333333333333,5.477225575051661,0.017361322332903408
k__Bacteria;_p__OD1;_c__;_o__;_f__;_g__;_s__.143,dropped,phylum,0.0007437709185570844,103.0,2.882564071328083,0.03333333333333333,5.477225575051661,0.011747041770145716
k__Bacteria;_p__OD1;_c__;_o__;_f__;_g__;_s__.144,dropped,phylum,0.001859427296392711,560.8,27.898325466133638,0.03333333333333333,5.47722557505166,0.01658842132868828
k__Bacteria;_p__OD1;_c__;_o__;_f__;_g__;_s__.145,dropped,phylum,0.0011156563778356265,391.5,15.05904938525872,0.03333333333333333,5.47722557505166,0.030376816593872178
k__Bacteria;_p__OD1;_c__;_o__;_f__;_g__;_s__.146,dropped,phylum,0.0009297136481963555,63.4,2.1181537221883584,0.03333333333333333,5.47722557505166,0.02106032648525602
k__Bacteria;_p__OD1;_c__;_o__;_f__;_g__;_s__.147,dropped,phylum,0.0007437709185570844,366.75,11.369795074685422,0.03333333333333333,5.477225575051661,0.019407851059392172
k__Bacteria;_p__OD1;_c__;_o__;_f__;_g__;_s__.148,dropped,phylum,0.0007437709185570844,272.5,7.717837405429572,0.03333333333333333,5.477225575051661,0.024913342018925047
k__Bacteria;_p__OD1;_c__;_o__;_f__;_g__;_s__.149,dropped,phylum,0.0042766827817032355,366.04347826086956,27.488430490883854,0.03333333333333333,5.47722557505166,0.01380913720294729
k__Bacteria;_p__OD1;_c__;_o__;_f__;_g__;_s__.15,dropped,phylum,0.0005578281889178133,127.66666666666667,3.2868481404993606,0.03333333333333333,5.47722557505166,0.00963359612386924
k__Bacteria;_p__OD1;_c__;_o__;_f__;_g__;_s__.150,dropped,phylum,0.0014875418371141688,388.25,16.418996370319682,0.03333333333333333,5.477225575051661,0.01887940654085253
k__Bacteria;_p__OD1;_c__;_o__;_f__;_g__;_s__.151,dropped,phylum,0.0007437709185570844,49.75,1.4432180273595991,0.03333333333333333,5.477225575051661,0.01166828262281605
k__Bacteria;_p__OD1;_c__;_o__;_f__;_g__;_s__.152,dropped,phylum,0.0014875418371141688,262.25,11.514733740986117,0.03333333333333333,5.477225575051661,0.008666126506210585
k__Bacteria;_p__OD1;_c__;_o__;_f__;_g__;_s__.153,dropped,phylum,0.0007437709185570844,84.75,2.538658928052136,0.03333333333333333,5.477225575051661,0.012833805273460527
k__Bacteria;_p__OD1;_c__;_o__;_f__;_g__;_s__.154,dropped,phylum,0.0005578281889178133,93.0,2.2976618057225733,0.03333333333333333,5.47722557505166,0.009148884548102773
k__Bacteria;_p__OD1;_c__;_o__;_f__;_g__;_s__.155,dropped,phylum,0.0014875418371141688,311.625,12.632495541901491,0.03333333333333333,5.477225575051661,0.026606013415437994
k__Bacteria;_p__OD1;_c__;_o__;_f__;_g__;_s__.156,dropped,phylum,0.0014875418371141688,90.875,5.328605311762289,0.03333333333333333,5.477225575051661,0.01637315515821538
k__Bacteria;_p__OD1;_c__;_o__;_f__;_g__;_s__.157,dropped,phylum,0.0007437709185570844,107.0,3.0704316238146494,0.03333333333333333,5.477225575051661,0.014327942458306493
k__Bacteria;_p__OD1;_c__;_o__;_f__;_g__;_s__.158,dropped,phylum,0.0009297136481963555,212.8,6.643272223246922,0.03333333333333333,5.47722557505166,0.033191433273013736
k__Bacteria;_p__OD1;_c__;_o__;_f__;_g__;_s__.159,dropped,phylum,0.0007437709185570844,658.25,18.645384072150176,0.03333333333333333,5.477225575051661,0.01924997306242683
k__Bacteria;_p__OD1;_c__;_o__;_f__;_g__;_s__.16,dropped,phylum,0.0005578281889178133,140.66666666666666,4.327938968393705,0.03333333333333333,5.47722557505166,0.005507894829418447
k__Bacteria;_p__OD1;_c__;_o__;_f__;_g__;_s__.160,dropped,phylum,0.0026031982149497955,119.71428571428571,6.960684129541402,0.03333333333333333,5.477225575051661,0.008886641778739634
k__Bacteria;_p__OD1;_c__;_o__;_f__;_g__;_s__.161,dropped,phylum,0.00167348456675344,224.88888888888889,9.798644847876842,0.03333333333333333,5.477225575051661,0.012269279021783845
k__Bacteria;_p__OD1;_c__;_o__;_f__;_g__;_s__.162,dropped,phylum,0.00334696913350688,417.0,29.398685034837964,0.03333333333333333,5.477225575051661,0.010047680281406065
k__Bacteria;_p__OD1;_c__;_o__;_f__;_g__;_s__.163,dropped,phylum,0.0005578281889178133,124.66666666666667,2.9928931714880713,0.03333333333333333,5.47722557505166,0.01332075214293762
k__Bacteria;_p__OD1;_c__;_o__;_f__;_g__;_s__.164,dropped,phylum,0.0013015991074748978,91.85714285714286,3.9382938543534927,0.03333333333333333,5.477225575051661,0.011230187205126259
k__Bacteria;_p__OD1;_c__;_o__;_f__;_g__;_s__.165,dropped,phylum,0.0005578281889178133,496.0,15.368683974020946,0.03333333333333333,5.47722557505166,0.005100042707545427
k__Bacteria;_p__OD1;_c__;_o__;_f__;_g__;_s__.166,dropped,phylum,0.0005578281889178133,164.0,5.245843576552964,0.03333333333333333,5.47722557505166,0.019673987015340014
k__Bacteria;_p__OD1;_c__;_o__;_f__;_g__;_s__.167,dropped,phylum,0.0007437709185570844,79.25,3.572317127038923,0.03333333333333333,5.477225575051661,0.02301246220885802
k__Bacteria;_p__OD1;_c__;_o__;_f__;_g__;_s__.168,dropped,phylum,0.0005578281889178133,69.33333333333333,1.8667711562217484,0.03333333333333333,5.47722557505166,0.014796269896263193
k__Bacteria;_p__OD1;_c__;_o__;_f__;_g__;_s__.169,dropped,phylum,0.0009297136481963555,114.6,3.950501568020044,0.03333333333333333,5.47722557505166,0.008169489948341354
k__Bacteria;_p__OD1;_c__;_o__;_f__;_g__;_s__.17,dropped,phylum,0.0026031982149497955,181.21428571428572,12.869845326344917,0.03333333333333333,5.477225575051661,0.01237754149611036
k__Bacteria;_p__OD1;_c__;_o__;_f__;_g__;_s__.170,dropped,phylum,0.0005578281889178133,372.6666666666667,9.416978498796288,0.03333333333333333,5.47722557505166,0.012333775135987872
k__Bacteria;_p__OD1;_c__;_o__;_f__;_g__;_s__.171,dropped,phylum,0.0005578281889178133,479.6666666666667,15.808906064932522,0.03333333333333333,5.47722557505166,0.00829884289609996
k__Bacteria;_p__OD1;_c__;_o__;_f__;_g__;_s__.172,dropped,phylum,0.0026031982149497955,521.5714285714286,29.682861822455667,0.03333333333333333,5.477225575051661,0.020478315683012956
k__Bacteria;_p__OD1;_c__;_o__;_f__;_g__;_s__.173,dropped,phylum,0.0009297136481963555,462.4,15.047467342172851,0.03333333333333333,5.47722557505166,0.016682660240531888
k__Bacteria;_p__OD1;_c__;_o__;_f__;_g__;_s__.174,dropped,phylum,0.0009297136481963555,34.4,1.19655595524926,0.03333333333333333,5.47722557505166,0.014702297213582457
k__Bacteria;_p__OD1;_c__;_o__;_f__;_g__;_s__.175,dropped,phylum,0.0009297136481963555,434.0,13.753471263051997,0.03333333333333333,5.47722557505166,0.014913044537241522
k__Bacteria;_p__OD1;_c__;_o__;_f__;_g__;_s__.176,dropped,phylum,0.0027891409445890665,473.06666666666666,33.428566665200044,0.03333333333333333,5.47722557505166,0.011354775592854131
k__Bacteria;_p__OD1;_c__;_o__;_f__;_g__;_s__.177,dropped,phylum,0.00167348456675344,288.77777777777777,14.456523508364864,0.03333333333333333,5.477225575051661,0.02335417887655735
k__Bacteria;_p__OD1;_c__;_o__;_f__;_g__;_s__.178,dropped,phylum,0.00167348456675344,184.55555555555554,8.825736271619085,0.03333333333333333,5.477225575051661,0.0075231910365268695
k__Bacteria;_p__OD1;_c__;_o__;_f__;_g__;_s__.179,dropped,phylum,0.0007437709185570844,133.75,4.947403828139053,0.03333333333333333,5.477225575051661,0.014402200447225141
k__Bacteria;_p__OD1;_c__;_o__;_f__;_g__;_s__.18,dropped,phylum,0.012272220156191893,727.7575757575758,121.8185513237348,0.03333333333333333,5.47722557505166,0.018165260601952685
k__Bacteria;_p__OD1;_c__;_o__;_f__;_g__;_s__.180,dropped,phylum,0.0007437709185570844,135.5,4.130099638956073,0.03333333333333333,5.477225575051661,0.01936497372856832
k__Bacteria;_p__OD1;_c__;_o__;_f__;_g__;_s__.181,dropped,phylum,0.0009297136481963555,135.8,5.0705873439150615,0.03333333333333333,5.47722557505166,0.010045569646819278
k__Bacteria;_p__OD1;_c__;_o__;_f__;_g__;_s__.182,dropped,phylum,0.0005578281889178133,69.33333333333333,2.2190761444904212,0.03333333333333333,5.47722557505166,0.0229053482914965
k__Bacteria;_p__OD1;_c__;_o__;_f__;_g__;_s__.183,dropped,phylum,0.0005578281889178133,69.0,1.6529363944784743,0.03333333333333333,5.47722557505166,0.015735895821111418
k__Bacteria;_p__OD1;_c__;_o__;_f__;_g__;_s__.184,dropped,phylum,0.0014875418371141688,360.0,15.770660360843728,0.03333333333333333,5.477225575051661,0.029394831181686613
k__Bacteria;_p__OD1;_c__;_o__;_f__;_g__;_s__.185,dropped,phylum,0.002231312755671253,233.58333333333334,11.904399452816113,0.03333333333333333,5.47722557505166,0.02377456233378868
k__Bacteria;_p__OD1;_c__;_o__;_f__;_g__;_s__.186,dropped,phylum,0.0009297136481963555,222.6,7.534394013989032,0.03333333333333333,5.47722557505166,0.011322735082893795
k__Bacteria;_p__OD1;_c__;_o__;_f__;_g__;_s__.187,dropped,phylum,0.0026031982149497955,732.5,40.4699341677672,0.03333333333333333,5.477225575051661,0.011956534469472365
k__Bacteria;_p__OD1;_c__;_o__;_f__;_g__;_s__.188,dropped,phylum,0.0013015991074748978,360.42857142857144,15.84745357047715,0.03333333333333333,5.477225575051661,0.02053442866205808
k__Bacteria;_p__OD1;_c__;_o__;_f__;_g__;_s__.189,dropped,phylum,0.0005578281889178133,582.6666666666666,13.88264699289884,0.03333333333333333,5.47722557505166,0.01919878133418596
k__Bacteria;_p__OD1;_c__;_o__;_f__;_g__;_s__.19,dropped,phylum,0.0005578281889178133,71.33333333333333,1.6907830618497297,0.03333333333333333,5.47722557505166,0.021131372660209074
k__Bacteria;_p__OD1;_c__;_o__;_f__;_g__;_s__.190,dropped,phylum,0.015805132019338045,4589.1882352941175,861.8344339520878,0.03333333333333333,5.47722557505166,0.0195767396911235
k__Bacteria;_p__OD1;_c__;_o__;_f__;_g__;_s__.191,dropped,phylum,0.002231312755671253,6.166666666666667,0.45250152508587105,0.03333333333333333,5.47722557505166,0.013579372180586484
k__Bacteria;_p__OD1;_c__;_o__;_f__;_g__;_s__.192,dropped,phylum,0.002231312755671253,156.16666666666666,8.254855731322731,0.03333333333333333,5.47722557505166,0.009305149745238276
k__Bacteria;_p__OD1;_c__;_o__;_f__;_g__;_s__.193,dropped,phylum,0.0007437709185570844,82.0,2.4617586841000008,0.03333333333333333,5.477225575051661,0.011241524935843931
k__Bacteria;_p__OD1;_c__;_o__;_f__;_g__;_s__.194,dropped,phylum,0.0009297136481963555,186.4,7.838267592229092,0.03333333333333333,5.47722557505166,0.01674259851338847
k__Bacteria;_p__OD1;_c__;_o__;_f__;_g__;_s__.195,dropped,phylum,0.0011156563778356265,139.5,4.882870856509146,0.03333333333333333,5.47722557505166,0.015478235109344629
k__Bacteria;_p__OD1;_c__;_o__;_f__;_g__;_s__.196,dropped,phylum,0.00167348456675344,287.77777777777777,15.087055527212073,0.03333333333333333,5.477225575051661,0.021001398343170757
k__Bacteria;_p__OD1;_c__;_o__;_f__;_g__;_s__.197,dropped,phylum,0.0009297136481963555,420.6,14.433861835735527,0.03333333333333333,5.47722557505166,0.013215639060075538
k__Bacteria;_p__OD1;_c__;_o__;_f__;_g__;_s__.198,dropped,phylum,0.0011156563778356265,305.8333333333333,11.345413597862498,0.03333333333333333,5.47722557505166,0.017202449008415957
k__Bacteria;_p__OD1;_c__;_o__;_f__;_g__;_s__.199,dropped,phylum,0.0005578281889178133,179.66666666666666,4.32583486310227,0.03333333333333333,5.47722557505166,0.020376602233585173
k__Bacteria;_p__OD1;_c__;_o__;_f__;_g__;_s__.2,dropped,phylum,0.0007437709185570844,262.5,8.193051462726782,0.03333333333333333,5.477225575051661,0.01673013681056783
k__Bacteria;_p__OD1;_c__;_o__;_f__;_g__;_s__.20,dropped,phylum,0.0007437709185570844,109.0,3.1313283486787906,0.03333333333333333,5.477225575051661,0.010532715695789514
k__Bacteria;_p__OD1;_c__;_o__;_f__;_g__;_s__.200,dropped,phylum,0.0005578281889178133,383.6666666666667,11.295798541885885,0.03333333333333333,5.47722557505166,0.027454565290056573
k__Bacteria;_p__OD1;_c__;_o__;_f__;_g__;_s__.201,dropped,phylum,0.0013015991074748978,238.57142857142858,9.096464255577835,0.03333333333333333,5.477225575051661,0.013133219277863255
k__Bacteria;_p__OD1;_c__;_o__;_f__;_g__;_s__.202,dropped,phylum,0.0005578281889178133,149.0,3.6596876303867094,0.03333333333333333,5.47722557505166,0.019615762624115653
k__Bacteria;_p__OD1;_c__;_o__;_f__;_g__;_s__.203,dropped,phylum,0.01004090740052064,1616.6851851851852,300.068433416105,0.03333333333333333,5.477225575051661,0.012081577746507392
k__Bacteria;_p__OD1;_c__;_o__;_f__;_g__;_s__.204,dropped,phylum,0.0005578281889178133,220.0,6.066291209303576,0.03333333333333333,5.47722557505166,0.0140431171014943
k__Bacteria;_p__OD1;_c__;_o__;_f__;_g__;_s__.205,dropped,phylum,0.0009297136481963555,217.8,6.995076333859349,0.03333333333333333,5.47722557505166,0.015296652682843895
k__Bacteria;_p__OD1;_c__;_o__;_f__;_g__;_s__.206,dropped,phylum,0.00167348456675344,153.88888888888889,6.843100941945999,0.03333333333333333,5.477225575051661,0.009299033600014288
k__Bacteria;_p__OD1;_c__;_o__;_f__;_g__;_s__.207,dropped,phylum,0.003718854592785422,247.15,24.884639231153823,0.03333333333333333,5.47722557505166,0.008161158044646647
k__Bacteria;_p__OD1;_c__;_o__;_f__;_g__;_s__.208,dropped,phylum,0.0007437709185570844,112.25,4.517391717164753,0.03333333333333333,5.477225575051661,0.019608545872116755
k__Bacteria;_p__OD1;_c__;_o__;_f__;_g__;_s__.209,dropped,phylum,0.0014875418371141688,136.75,6.036856871468507,0.03333333333333333,5.477225575051661,0.018450741329238376
k__Bacteria;_p__OD1;_c__;_o__;_f__;_g__;_s__.21,dropped,phylum,0.0013015991074748978,393.0,15.084091269187365,0.03333333333333333,5.477225575051661,0.007675613464030761
k__Bacteria;_p__OD1;_c__;_o__;_f__;_g__;_s__.210,dropped,phylum,0.0011156563778356265,204.33333333333334,7.763432137058865,0.03333333333333333,5.47722557505166,0.030324724257734234
k__Bacteria;_p__OD1;_c__;_o__;_f__;_g__;_s__.211,dropped,phylum,0.0013015991074748978,240.71428571428572,9.694468346677079,0.03333333333333333,5.477225575051661,0.017063611498259575
k__Bacteria;_p__OD1;_c__;_o__;_f__;_g__;_s__.212,dropped,phylum,0.002045370026031982,310.54545454545456,18.278842728072213,0.03333333333333333,5.477225575051662,0.019975592746411076
k__Bacteria;_p__OD1;_c__;_o__;_f__;_g__;_s__.213,dropped,phylum,0.008553365563406471,533.1739130434783,60.169571395260725,0.03333333333333333,5.47722557505166,0.009414669125944368
k__Bacteria;_p__OD1;_c__;_o__;_f__;_g__;_s__.214,dropped,phylum,0.002045370026031982,278.8181818181818,14.76363856148955,0.03333333333333333,5.477225575051662,0.010628784946882486
k__Bacteria;_p__OD1;_c__;_o__;_f__;_g__;_s__.215,dropped,phylum,0.004462625511342506,157.45833333333334,14.745308962641003,0.03333333333333333,5.47722557505166,0.013090927445570322
k__Bacteria;_p__OD1;_c__;_o__;_f__;_g__;_s__.216,dropped,phylum,0.002045370026031982,329.6363636363636,17.00431110783707,0.03333333333333333,5.477225575051662,0.01398797531432668
k__Bacteria;_p__OD1;_c__;_o__;_f__;_g__;_s__.217,dropped,phylum,0.0007437709185570844,223.0,7.0007047131118725,0.03333333333333333,5.477225575051661,0.025562277602608954
k__Bacteria;_p__OD1;_c__;_o__;_f__;_g__;_s__.218,dropped,phylum,0.0009297136481963555,422.2,13.154652831298097,0.03333333333333333,5.47722557505166,0.013574250182319036
k__Bacteria;_p__OD1;_c__;_o__;_f__;_g__;_s__.219,dropped,phylum,0.0057642246188174045,137.96774193548387,12.76674182647631,0.03333333333333333,5.477225575051661,0.012073876925916638
k__Bacteria;_p__OD1;_c__;_o__;_f__;_g__;_s__.22,dropped,phylum,0.004090740052063964,467.40909090909093,51.35532518819123,0.03333333333333333,5.477225575051662,0.006320330610462325
k__Bacteria;_p__OD1;_c__;_o__;_f__;_g__;_s__.220,dropped,phylum,0.0042766827817032355,215.43478260869566,25.98593248083504,0.03333333333333333,5.47722557505166,0.011383705567851917
k__Bacteria;_p__OD1;_c__;_o__;_f__;_g__;_s__.221,dropped,phylum,0.0005578281889178133,440.0,11.04014024173448,0.03333333333333333,5.47722557505166,0.02729487402208922
k__Bacteria;_p__OD1;_c__;_o__;_f__;_g__;_s__.222,dropped,phylum,0.0005578281889178133,367.3333333333333,8.678201164526605,0.03333333333333333,5.47722557505166,0.014524048403454226
k__Bacteria;_p__OD1;_c__;_o__;_f__;_g__;_s__.223,dropped,phylum,0.0005578281889178133,345.0,11.164832716398703,0.03333333333333333,5.47722557505166,0.010545521131754812
k__Bacteria;_p__OD1;_c__;_o__;_f__;_g__;_s__.224,dropped,phylum,0.0005578281889178133,362.6666666666667,9.384933372767158,0.03333333333333333,5.47722557505166,0.022901182758533003
k__Bacteria;_p__OD1;_c__;_o__;_f__;_g__;_s__.225,dropped,phylum,0.00167348456675344,277.22222222222223,12.63795734104335,0.03333333333333333,5.477225575051661,0.020203666288255553
k__Bacteria;_p__OD1;_c__;_o__;_f__;_g__;_s__.226,dropped,phylum,0.0005578281889178133,22.0,0.6197406624143258,0.03333333333333333,5.47722557505166,0.013170876043636138
k__Bacteria;_p__OD1;_c__;_o__;_f__;_g__;_s__.227,dropped,phylum,0.00167348456675344,532.5555555555555,23.11527727439313,0.03333333333333333,5.477225575051661,0.01683857871685374
k__Bacteria;_p__OD1;_c__;_o__;_f__;_g__;_s__.228,dropped,phylum,0.0009297136481963555,104.2,3.52436529580028,0.03333333333333333,5.47722557505166,0.009149244643369421
k__Bacteria;_p__OD1;_c__;_o__;_f__;_g__;_s__.229,dropped,phylum,0.0005578281889178133,283.0,7.129699521559133,0.03333333333333333,5.47722557505166,0.015590422673424299
k__Bacteria;_p__OD1;_c__;_o__;_f__;_g__;_s__.23,dropped,phylum,0.00334696913350688,438.1111111111111,28.99906820128408,0.03333333333333333,5.477225575051661,0.0057255018631991415
k__Bacteria;_p__OD1;_c__;_o__;_f__;_g__;_s__.230,dropped,phylum,0.0011156563778356265,76.83333333333333,3.4521486024014076,0.03333333333333333,5.47722557505166,0.013111562151405106
k__Bacteria;_p__OD1;_c__;_o__;_f__;_g__;_s__.231,dropped,phylum,0.0009297136481963555,139.0,5.617382905193052,0.03333333333333333,5.47722557505166,0.00705447921851264
k__Bacteria;_p__OD1;_c__;_o__;_f__;_g__;_s__.232,dropped,phylum,0.00334696913350688,291.44444444444446,19.779097892317093,0.03333333333333333,5.477225575051661,0.02066948699498683
k__Bacteria;_p__OD1;_c__;_o__;_f__;_g__;_s__.233,dropped,phylum,0.0005578281889178133,469.3333333333333,11.24724565073578,0.03333333333333333,5.47722557505166,0.011955128751743234
k__Bacteria;_p__OD1;_c__;_o__;_f__;_g__;_s__.234,dropped,phylum,0.0005578281889178133,151.66666666666666,4.444405937086017,0.03333333333333333,5.47722557505166,0.020807439647828985
k__Bacteria;_p__OD1;_c__;_o__;_f__;_g__;_s__.235,dropped,phylum,0.0005578281889178133,58.666666666666664,1.9333433918048362,0.03333333333333333,5.47722557505166,0.014548963698731288
k__Bacteria;_p__OD1;_c__;_o__;_f__;_g__;_s__.236,dropped,phylum,0.0027891409445890665,256.6,17.116239340080565,0.03333333333333333,5.47722557505166,0.011151770312790169
k__Bacteria;_p__OD1;_c__;_o__;_f__;_g__;_s__.237,dropped,phylum,0.011342506507995537,745.983606557377,94.49474545896906,0.03333333333333333,5.47722557505166,0.01249598139470444
k__Bacteria;_p__OD1;_c__;_o__;_f__;_g__;_s__.238,dropped,phylum,0.0007437709185570844,522.25,21.456668214433893,0.03333333333333333,5.477225575051661,0.034703661800169594
k__Bacteria;_p__OD1;_c__;_o__;_f__;_g__;_s__.239,dropped,phylum,0.0005578281889178133,482.6666666666667,15.225013268879817,0.03333333333333333,5.47722557505166,0.01476459680264989
k__Bacteria;_p__OD1;_c__;_o__;_f__;_g__;_s__.24,dropped,phylum,0.0007437709185570844,790.0,21.730154168819272,0.03333333333333333,5.477225575051661,0.02445137823526157
k__Bacteria;_p__OD1;_c__;_o__;_f__;_g__;_s__.240,dropped,phylum,0.0009297136481963555,6.0,0.20127575793301372,0.03333333333333333,5.47722557505166,0.008896154947264952
k__Bacteria;_p__OD1;_c__;_o__;_f__;_g__;_s__.241,dropped,phylum,0.0029750836742283376,201.25,16.455891593100095,0.03333333333333333,5.477225575051661,0.01032900024523528
k__Bacteria;_p__OD1;_c__;_o__;_f__;_g__;_s__.242,dropped,phylum,0.002231312755671253,383.5,35.47643797029553,0.03333333333333333,5.47722557505166,0.02498978265506697
k__Bacteria;_p__OD1;_c__;_o__;_f__;_g__;_s__.243,dropped,phylum,0.0009297136481963555,173.4,5.812091135327496,0.03333333333333333,5.47722557505166,0.005575152525147894
k__Bacteria;_p__OD1;_c__;_o__;_f__;_g__;_s__.244,dropped,phylum,0.0029750836742283376,138.125,13.860713081960979,0.03333333333333333,5.477225575051661,0.021394766799397773
k__Bacteria;_p__OD1;_c__;_o__;_f__;_g__;_s__.245,dropped,phylum,0.0005578281889178133,9.333333333333334,0.33008422032128026,0.03333333333333333,5.47722557505166,0.007395715746332635
k__Bacteria;_p__OD1;_c__;_o__;_f__;_g__;_s__.246,dropped,phylum,0.0005578281889178133,149.0,4.170261601419781,0.03333333333333333,5.47722557505166,0.011576239106151168
k__Bacteria;_p__OD1;_c__;_o__;_f__;_g__;_s__.247,dropped,phylum,0.00167348456675344,219.11111111111111,12.477145995546094,0.03333333333333333,5.477225575051661,0.028552713948833266
k__Bacteria;_p__OD1;_c__;_o__;_f__;_g__;_s__.248,dropped,phylum,0.0027891409445890665,236.33333333333334,14.503860138310461,0.03333333333333333,5.47722557505166,0.014114551598994699
k__Bacteria;_p__OD1;_c__;_o__;_f__;_g__;_s__.249,dropped,phylum,0.00502045370026032,749.2962962962963,87.05318060547991,0.03333333333333333,5.477225575051661,0.015159761963968628
k__Bacteria;_p__OD1;_c__;_o__;_f__;_g__;_s__.25,dropped,phylum,0.0031610264038676086,79.17647058823529,5.591797783493595,0.03333333333333333,5.477225575051661,0.016334342974780352
k__Bacteria;_p__OD1;_c__;_o__;_f__;_g__;_s__.250,dropped,phylum,0.0026031982149497955,572.2857142857143,32.65231525005536,0.03333333333333333,5.477225575051661,0.021441391070395627
k__Bacteria;_p__OD1;_c__;_o__;_f__;_g__;_s__.251,dropped,phylum,0.007809594644849386,706.5952380952381,158.93171746181707,0.03333333333333333,5.47722557505166,0.018701073782356657
k__Bacteria;_p__OD1;_c__;_o__;_f__;_g__;_s__.252,dropped,phylum,0.0027891409445890665,496.3333333333333,31.628658825361633,0.03333333333333333,5.47722557505166,0.00905814751708384
k__Bacteria;_p__OD1;_c__;_o__;_f__;_g__;_s__.253,dropped,phylum,0.0005578281889178133,469.3333333333333,16.042992355716475,0.03333333333333333,5.47722557505166,0.010453268705552972
k__Bacteria;_p__OD1;_c__;_o__;_f__;_g__;_s__.254,dropped,phylum,0.0011156563778356265,262.8333333333333,10.152057370552896,0.03333333333333333,5.47722557505166,0.017343897117361264
k__Bacteria;_p__OD1;_c__;_o__;_f__;_g__;_s__.255,dropped,phylum,0.0011156563778356265,151.0,5.16841834323112,0.03333333333333333,5.47722557505166,0.009810948239385397
k__Bacteria;_p__OD1;_c__;_o__;_f__;_g__;_s__.256,dropped,phylum,0.0005578281889178133,137.33333333333334,3.6941473230443327,0.03333333333333333,5.47722557505166,0.02740860224838634
k__Bacteria;_p__OD1;_c__;_o__;_f__;_g__;_s__.257,dropped,phylum,0.0011156563778356265,252.0,10.133027295398625,0.03333333333333333,5.47722557505166,0.01494434672228595
k__Bacteria;_p__OD1;_c__;_o__;_f__;_g__;_s__.258,dropped,phylum,0.0031610264038676086,347.47058823529414,24.512190685609095,0.03333333333333333,5.477225575051661,0.01653616159665022
k__Bacteria;_p__OD1;_c__;_o__;_f__;_g__;_s__.259,dropped,phylum,0.001859427296392711,11.2,0.5877788804888984,0.03333333333333333,5.47722557505166,0.017096895719156926
k__Bacteria;_p__OD1;_c__;_o__;_f__;_g__;_s__.26,dropped,phylum,0.0013015991074748978,294.14285714285717,14.461010660887917,0.03333333333333333,5.477225575051661,0.02226185153355682
k__Bacteria;_p__OD1;_c__;_o__;_f__;_g__;_s__.260,dropped,phylum,0.0007437709185570844,252.75,7.1724285604370355,0.03333333333333333,5.477225575051661,0.010888087036515484
k__Bacteria;_p__OD1;_c__;_o__;_f__;_g__;_s__.261,dropped,phylum,0.0005578281889178133,69.33333333333333,1.7251088740830245,0.03333333333333333,5.47722557505166,0.017715844479360365
k__Bacteria;_p__OD1;_c__;_o__;_f__;_g__;_s__.262,dropped,phylum,0.0007437709185570844,88.75,2.7152907578155867,0.03333333333333333,5.477225575051661,0.020921309152388094
k__Bacteria;_p__OD1;_c__;_o__;_f__;_g__;_s__.263,dropped,phylum,0.0011156563778356265,229.33333333333334,8.069001528122183,0.03333333333333333,5.47722557505166,0.01936112682442721
k__Bacteria;_p__OD1;_c__;_o__;_f__;_g__;_s__.264,dropped,phylum,0.003718854592785422,603.25,58.100789711057104,0.03333333333333333,5.47722557505166,0.012890037121281953
k__Bacteria;_p__OD1;_c__;_o__;_f__;_g__;_s__.265,dropped,phylum,0.0005578281889178133,303.3333333333333,8.396090254702365,0.03333333333333333,5.47722557505166,0.01540799956875775
k__Bacteria;_p__OD1;_c__;_o__;_f__;_g__;_s__.266,dropped,phylum,0.0005578281889178133,226.33333333333334,5.347915436164318,0.03333333333333333,5.47722557505166,0.02615705792039372
k__Bacteria;_p__OD1;_c__;_o__;_f__;_g__;_s__.267,dropped,phylum,0.004090740052063964,365.22727272727275,25.60838064593637,0.03333333333333333,5.477225575051662,0.02359060143628331
k__Bacteria;_p__OD1;_c__;_o__;_f__;_g__;_s__.268,dropped,phylum,0.0011156563778356265,71.83333333333333,3.3012657863033232,0.03333333333333333,5.47722557505166,0.019298410217983175
k__Bacteria;_p__OD1;_c__;_o__;_f__;_g__;_s__.269,dropped,phylum,0.0005578281889178133,270.3333333333333,6.6530521110258185,0.03333333333333333,5.47722557505166,0.02316165574097012
k__Bacteria;_p__OD1;_c__;_o__;_f__;_g__;_s__.27,dropped,phylum,0.0013015991074748978,353.0,13.577991354406235,0.03333333333333333,5.477225575051661,0.012770143929570262
k__Bacteria;_p__OD1;_c__;_o__;_f__;_g__;_s__.270,dropped,phylum,0.0011156563778356265,344.3333333333333,13.950977764671032,0.03333333333333333,5.47722557505166,0.01723801430912352
k__Bacteria;_p__OD1;_c__;_o__;_f__;_g__;_s__.271,dropped,phylum,0.0007437709185570844,417.75,11.53111761452276,0.03333333333333333,5.477225575051661,0.012541773017898383
k__Bacteria;_p__OD1;_c__;_o__;_f__;_g__;_s__.272,dropped,phylum,0.001859427296392711,358.4,18.309266159683105,0.03333333333333333,5.47722557505166,0.008252136192523555
k__Bacteria;_p__OD1;_c__;_o__;_f__;_g__;_s__.273,dropped,phylum,0.0031610264038676086,249.76470588235293,24.4432737930515,0.03333333333333333,5.477225575051661,0.015610716394779022
k__Bacteria;_p__OD1;_c__;_o__;_f__;_g__;_s__.274,dropped,phylum,0.0013015991074748978,154.0,10.551448729260521,0.03333333333333333,5.477225575051661,0.007190755419144416
k__Bacteria;_p__OD1;_c__;_o__;_f__;_g__;_s__.275,dropped,phylum,0.0007437709185570844,127.0,3.9903644144153447,0.03333333333333333,5.477225575051661,0.014832646298105389
k__Bacteria;_p__OD1;_c__;_o__;_f__;_g__;_s__.276,dropped,phylum,0.0005578281889178133,214.33333333333334,5.651034131182516,0.03333333333333333,5.47722557505166,0.02436926488048956
k__Bacteria;_p__OD1;_c__;_o__;_f__;_g__;_s__.277,dropped,phylum,0.0005578281889178133,215.66666666666666,5.60515256692205,0.03333333333333333,5.47722557505166,0.013585978703455815
k__Bacteria;_p__OD1;_c__;_o__;_f__;_g__;_s__.278,dropped,phylum,0.0009297136481963555,372.0,13.192193918580996,0.03333333333333333,5.47722557505166,0.012926435472340573
k__Bacteria;_p__OD1;_c__;_o__;_f__;_g__;_s__.279,dropped,phylum,0.0007437709185570844,180.75,5.106633113526087,0.03333333333333333,5.477225575051661,0.017707579652264136
k__Bacteria;_p__OD1;_c__;_o__;_f__;_g__;_s__.28,dropped,phylum,0.0011156563778356265,392.3333333333333,16.81001074750015,0.03333333333333333,5.47722557505166,0.015529664111582298
k__Bacteria;_p__OD1;_c__;_o__;_f__;_g__;_s__.280,dropped,phylum,0.0026031982149497955,703.1428571428571,43.970727035319285,0.03333333333333333,5.477225575051661,0.011679381119563443
k__Bacteria;_p__OD1;_c__;_o__;_f__;_g__;_s__.281,dropped,phylum,0.00167348456675344,125.0,5.7726382590891205,0.03333333333333333,5.477225575051661,0.0088159973253554
k__Bacteria;_p__OD1;_c__;_o__;_f__;_g__;_s__.282,dropped,phylum,0.0005578281889178133,466.0,12.942115107670242,0.03333333333333333,5.47722557505166,0.02756703437244081
k__Bacteria;_p__OD1;_c__;_o__;_f__;_g__;_s__.283,dropped,phylum,0.0009297136481963555,641.0,19.979722804538884,0.03333333333333333,5.47722557505166,0.012340395312633342
k__Bacteria;_p__OD1;_c__;_o__;_f__;_g__;_s__.284,dropped,phylum,0.005578281889178133,469.8666666666667,39.035192719519586,0.03333333333333333,5.47722557505166,0.023670861995086136
k__Bacteria;_p__OD1;_c__;_o__;_f__;_g__;_s__.285,dropped,phylum,0.0005578281889178133,131.0,3.179587856090954,0.03333333333333333,5.47722557505166,0.0146495795783722
k__Bacteria;_p__OD1;_c__;_o__;_f__;_g__;_s__.286,dropped,phylum,0.0031610264038676086,217.47058823529412,14.252809010169555,0.03333333333333333,5.477225575051661,0.019121835833963985
k__Bacteria;_p__OD1;_c__;_o__;_f__;_g__;_s__.287,dropped,phylum,0.0005578281889178133,95.33333333333333,2.318381185257812,0.03333333333333333,5.47722557505166,0.012582631926646414
k__Bacteria;_p__OD1;_c__;_o__;_f__;_g__;_s__.288,dropped,phylum,0.0005578281889178133,302.0,9.01969588190427,0.03333333333333333,5.47722557505166,0.018280515968464615
k__Bacteria;_p__OD1;_c__;_o__;_f__;_g__;_s__.289,dropped,phylum,0.0005578281889178133,443.6666666666667,10.517496878177303,0.03333333333333333,5.47722557505166,0.015010819361193483
k__Bacteria;_p__OD1;_c__;_o__;_f__;_g__;_s__.29,dropped,phylum,0.0005578281889178133,79.33333333333333,1.8902108491180416,0.03333333333333333,5.47722557505166,0.025817957988875952
k__Bacteria;_p__OD1;_c__;_o__;_f__;_g__;_s__.290,dropped,phylum,0.009111193752324285,123.04081632653062,72.3224345240239,0.03333333333333333,5.47722557505166,0.014028194167258208
k__Bacteria;_p__OD1;_c__;_o__;_f__;_g__;_s__.291,dropped,phylum,0.0007437709185570844,202.5,6.319995853397369,0.03333333333333333,5.477225575051661,0.013532200206988294
k__Bacteria;_p__OD1;_c__;_o__;_f__;_g__;_s__.292,dropped,phylum,0.0005578281889178133,340.0,8.2363106615168,0.03333333333333333,5.47722557505166,0.01047882610033241
k__Bacteria;_p__OD1;_c__;_o__;_f__;_g__;_s__.293,dropped,phylum,0.0009297136481963555,155.0,5.266901258346161,0.03333333333333333,5.47722557505166,0.006711457235320747
k__Bacteria;_p__OD1;_c__;_o__;_f__;_g__;_s__.3,dropped,phylum,0.0005578281889178133,88.66666666666667,2.122036641605703,0.03333333333333333,5.47722557505166,0.007204429920234009
k__Bacteria;_p__OD1;_c__;_o__;_f__;_g__;_s__.30,dropped,phylum,0.0011156563778356265,3.5,0.14871465867087474,0.03333333333333333,5.47722557505166,0.010617940504129675
k__Bacteria;_p__OD1;_c__;_o__;_f__;_g__;_s__.31,dropped,phylum,0.0009297136481963555,1157.8,41.32434203053546,0.03333333333333333,5.47722557505166,0.016265010325377985
k__Bacteria;_p__OD1;_c__;_o__;_f__;_g__;_s__.32,dropped,phylum,0.0005578281889178133,112.66666666666667,2.6628390422067554,0.03333333333333333,5.47722557505166,0.020744091401954316
k__Bacteria;_p__OD1;_c__;_o__;_f__;_g__;_s__.33,dropped,phylum,0.0005578281889178133,71.33333333333333,1.8633573283595113,0.03333333333333333,5.47722557505166,0.011482356654390673
k__Bacteria;_p__OD1;_c__;_o__;_f__;_g__;_s__.34,dropped,phylum,0.0009297136481963555,390.2,12.292474669324877,0.03333333333333333,5.47722557505166,0.016681380335091804
k__Bacteria;_p__OD1;_c__;_o__;_f__;_g__;_s__.35,dropped,phylum,0.0042766827817032355,367.5217391304348,26.673404067018154,0.03333333333333333,5.47722557505166,0.019404649084429373
k__Bacteria;_p__OD1;_c__;_o__;_f__;_g__;_s__.36,dropped,phylum,0.0011156563778356265,205.33333333333334,11.486274135723187,0.03333333333333333,5.47722557505166,0.011047614580936926
k__Bacteria;_p__OD1;_c__;_o__;_f__;_g__;_s__.37,dropped,phylum,0.0031610264038676086,658.1176470588235,40.393285335672346,0.03333333333333333,5.477225575051661,0.026315764603907225
k__Bacteria;_p__OD1;_c__;_o__;_f__;_g__;_s__.38,dropped,phylum,0.0029750836742283376,151.75,9.882025256590955,0.03333333333333333,5.477225575051661,0.018710943170331142
k__Bacteria;_p__OD1;_c__;_o__;_f__;_g__;_s__.39,dropped,phylum,0.0007437709185570844,167.0,5.301527914820208,0.03333333333333333,5.477225575051661,0.012930869782516912
k__Bacteria;_p__OD1;_c__;_o__;_f__;_g__;_s__.4,dropped,phylum,0.0005578281889178133,324.0,7.971591790302268,0.03333333333333333,5.47722557505166,0.005613591715706071
k__Bacteria;_p__OD1;_c__;_o__;_f__;_g__;_s__.40,dropped,phylum,0.0005578281889178133,103.66666666666667,2.476109221000801,0.03333333333333333,5.47722557505166,0.013923458632266857
k__Bacteria;_p__OD1;_c__;_o__;_f__;_g__;_s__.41,dropped,phylum,0.0005578281889178133,228.66666666666666,7.097745991364614,0.03333333333333333,5.47722557505166,0.016811918781836462
k__Bacteria;_p__OD1;_c__;_o__;_f__;_g__;_s__.42,dropped,phylum,0.0007437709185570844,41.5,1.2352816698309568,0.03333333333333333,5.477225575051661,0.014904675284608045
k__Bacteria;_p__OD1;_c__;_o__;_f__;_g__;_s__.43,dropped,phylum,0.0005578281889178133,200.0,5.0866960385577915,0.03333333333333333,5.47722557505166,0.022223031994612782
k__Bacteria;_p__OD1;_c__;_o__;_f__;_g__;_s__.44,dropped,phylum,0.0009297136481963555,207.8,11.691514616427607,0.03333333333333333,5.47722557505166,0.011167981494396602
k__Bacteria;_p__OD1;_c__;_o__;_f__;_g__;_s__.45,dropped,phylum,0.0007437709185570844,62.0,1.8904615451529594,0.03333333333333333,5.477225575051661,0.015367087297060303
k__Bacteria;_p__OD1;_c__;_o__;_f__;_g__;_s__.46,dropped,phylum,0.0007437709185570844,131.0,3.7217460718753927,0.03333333333333333,5.477225575051661,0.014675802006353522
k__Bacteria;_p__OD1;_c__;_o__;_f__;_g__;_s__.47,dropped,phylum,0.0007437709185570844,112.25,3.5880879149736127,0.03333333333333333,5.477225575051661,0.014222049615480525
k__Bacteria;_p__OD1;_c__;_o__;_f__;_g__;_s__.48,dropped,phylum,0.0013015991074748978,430.0,17.009418456038063,0.03333333333333333,5.477225575051661,0.016472150462884704
k__Bacteria;_p__OD1;_c__;_o__;_f__;_g__;_s__.49,dropped,phylum,0.007809594644849386,545.6190476190476,76.151041470967,0.03333333333333333,5.47722557505166,0.01602422150053946
k__Bacteria;_p__OD1;_c__;_o__;_f__;_g__;_s__.5,dropped,phylum,0.002045370026031982,288.0,14.516956264206897,0.03333333333333333,5.477225575051662,0.016327591979110156
k__Bacteria;_p__OD1;_c__;_o__;_f__;_g__;_s__.50,dropped,phylum,0.0005578281889178133,140.66666666666666,4.083398909859987,0.03333333333333333,5.47722557505166,0.017598990566111368
k__Bacteria;_p__OD1;_c__;_o__;_f__;_g__;_s__.51,dropped,phylum,0.0009297136481963555,82.6,2.6785256248324685,0.03333333333333333,5.47722557505166,0.021411203890181103
k__Bacteria;_p__OD1;_c__;_o__;_f__;_g__;_s__.52,dropped,phylum,0.0013015991074748978,262.42857142857144,10.198052918238284,0.03333333333333333,5.477225575051661,0.015308312172784663
k__Bacteria;_p__OD1;_c__;_o__;_f__;_g__;_s__.53,dropped,phylum,0.0009297136481963555,55.0,2.189418568828612,0.03333333333333333,5.47722557505166,0.011471435610252894
k__Bacteria;_p__OD1;_c__;_o__;_f__;_g__;_s__.54,dropped,phylum,0.0007437709185570844,238.25,11.161170078732818,0.03333333333333333,5.477225575051661,0.014918786551613354
k__Bacteria;_p__OD1;_c__;_o__;_f__;_g__;_s__.55,dropped,phylum,0.0026031982149497955,296.07142857142856,16.630871498454958,0.03333333333333333,5.477225575051661,0.014117555083971204
k__Bacteria;_p__OD1;_c__;_o__;_f__;_g__;_s__.56,dropped,phylum,0.0009297136481963555,239.2,9.551910039832137,0.03333333333333333,5.47722557505166,0.01103744926327721
k__Bacteria;_p__OD1;_c__;_o__;_f__;_g__;_s__.57,dropped,phylum,0.0009297136481963555,200.2,6.588360027767757,0.03333333333333333,5.47722557505166,0.008043597069741056
k__Bacteria;_p__OD1;_c__;_o__;_f__;_g__;_s__.58,dropped,phylum,0.0007437709185570844,306.0,8.575013603335718,0.03333333333333333,5.477225575051661,0.01609453783012417
k__Bacteria;_p__OD1;_c__;_o__;_f__;_g__;_s__.59,dropped,phylum,0.0024172554853105245,235.69230769230768,18.72734563123141,0.03333333333333333,5.477225575051661,0.015949118528814355
k__Bacteria;_p__OD1;_c__;_o__;_f__;_g__;_s__.6,dropped,phylum,0.003718854592785422,149.35,12.620378055423924,0.03333333333333333,5.47722557505166,0.01947520936810885
k__Bacteria;_p__OD1;_c__;_o__;_f__;_g__;_s__.60,dropped,phylum,0.0005578281889178133,186.0,5.024657521806131,0.03333333333333333,5.47722557505166,0.016801107561112156
k__Bacteria;_p__OD1;_c__;_o__;_f__;_g__;_s__.61,dropped,phylum,0.0005578281889178133,379.0,9.049639099243002,0.03333333333333333,5.47722557505166,0.010810844846196321
k__Bacteria;_p__OD1;_c__;_o__;_f__;_g__;_s__.62,dropped,phylum,0.0005578281889178133,142.66666666666666,4.0792762075337,0.03333333333333333,5.47722557505166,0.017075032096941428
k__Bacteria;_p__OD1;_c__;_o__;_f__;_g__;_s__.63,dropped,phylum,0.0007437709185570844,186.25,6.8902741752592105,0.03333333333333333,5.477225575051661,0.011702113247687692
k__Bacteria;_p__OD1;_c__;_o__;_f__;_g__;_s__.64,dropped,phylum,0.00167348456675344,313.0,17.07725912301521,0.03333333333333333,5.477225575051661,0.015811462581788997
k__Bacteria;_p__OD1;_c__;_o__;_f__;_g__;_s__.65,dropped,phylum,0.0011156563778356265,462.5,16.320718139047017,0.03333333333333333,5.47722557505166,0.013324151738897397
k__Bacteria;_p__OD1;_c__;_o__;_f__;_g__;_s__.66,dropped,phylum,0.0007437709185570844,163.25,5.793510127357713,0.03333333333333333,5.477225575051661,0.008002107040247182
k__Bacteria;_p__OD1;_c__;_o__;_f__;_g__;_s__.67,dropped,phylum,0.0007437709185570844,262.25,8.466679084559392,0.03333333333333333,5.477225575051661,0.0148967686485809
k__Bacteria;_p__OD1;_c__;_o__;_f__;_g__;_s__.68,dropped,phylum,0.007995537374488658,437.8837209302326,61.87945424450915,0.03333333333333333,5.477225575051661,0.0066660654090438054
k__Bacteria;_p__OD1;_c__;_o__;_f__;_g__;_s__.69,dropped,phylum,0.0005578281889178133,411.0,10.126669504097137,0.03333333333333333,5.47722557505166,0.01281655736347845
k__Bacteria;_p__OD1;_c__;_o__;_f__;_g__;_s__.7,dropped,phylum,0.0026031982149497955,243.92857142857142,13.482770565088298,0.03333333333333333,5.477225575051661,0.011676496379665384
k__Bacteria;_p__OD1;_c__;_o__;_f__;_g__;_s__.70,dropped,phylum,0.0005578281889178133,158.66666666666666,4.629912805546234,0.03333333333333333,5.47722557505166,0.021670768889451873
k__Bacteria;_p__OD1;_c__;_o__;_f__;_g__;_s__.71,dropped,phylum,0.0005578281889178133,19.666666666666668,0.7774907461813567,0.03333333333333333,5.47722557505166,0.011256989436522506
k__Bacteria;_p__OD1;_c__;_o__;_f__;_g__;_s__.72,dropped,phylum,0.0005578281889178133,53.0,1.2868557091279909,0.03333333333333333,5.47722557505166,0.01565151771103174
k__Bacteria;_p__OD1;_c__;_o__;_f__;_g__;_s__.73,dropped,phylum,0.0013015991074748978,235.85714285714286,9.967271690438402,0.03333333333333333,5.477225575051661,0.017700731306850747
k__Bacteria;_p__OD1;_c__;_o__;_f__;_g__;_s__.74,dropped,phylum,0.015619189289698772,4345.5952380952385,776.5970320937205,0.03333333333333333,5.47722557505166,0.012577067821368167
k__Bacteria;_p__OD1;_c__;_o__;_f__;_g__;_s__.75,dropped,phylum,0.002231312755671253,211.83333333333334,11.872568078757922,0.03333333333333333,5.47722557505166,0.016090999161506463
k__Bacteria;_p__OD1;_c__;_o__;_f__;_g__;_s__.76,dropped,phylum,0.0013015991074748978,177.14285714285714,8.713509894886483,0.03333333333333333,5.477225575051661,0.010835074007578748
k__Bacteria;_p__OD1;_c__;_o__;_f__;_g__;_s__.77,dropped,phylum,0.0005578281889178133,73.33333333333333,1.9319365204289143,0.03333333333333333,5.47722557505166,0.013795587693576465
k__Bacteria;_p__OD1;_c__;_o__;_f__;_g__;_s__.78,dropped,phylum,0.0029750836742283376,362.75,23.354805738036205,0.03333333333333333,5.477225575051661,0.014863515772570198
k__Bacteria;_p__OD1;_c__;_o__;_f__;_g__;_s__.79,dropped,phylum,0.0007437709185570844,382.0,13.275270930557136,0.03333333333333333,5.477225575051661,0.004675664619559039
k__Bacteria;_p__OD1;_c__;_o__;_f__;_g__;_s__.8,dropped,phylum,0.0009297136481963555,390.2,13.018828923113004,0.03333333333333333,5.47722557505166,0.00796538544189959
k__Bacteria;_p__OD1;_c__;_o__;_f__;_g__;_s__.80,dropped,phylum,0.0007437709185570844,128.75,6.886708868287548,0.03333333333333333,5.477225575051661,0.019113917704143803
k__Bacteria;_p__OD1;_c__;_o__;_f__;_g__;_s__.81,dropped,phylum,0.009669021941242098,397.59615384615387,49.95199245263836,0.03333333333333333,5.477225575051661,0.019899843715172297
k__Bacteria;_p__OD1;_c__;_o__;_f__;_g__;_s__.82,dropped,phylum,0.00334696913350688,319.6111111111111,19.743750123111596,0.03333333333333333,5.477225575051661,0.02398845025674282
k__Bacteria;_p__OD1;_c__;_o__;_f__;_g__;_s__.83,dropped,phylum,0.002045370026031982,309.45454545454544,23.063889244036744,0.03333333333333333,5.477225575051662,0.0172456360464292
k__Bacteria;_p__OD1;_c__;_o__;_f__;_g__;_s__.84,dropped,phylum,0.0029750836742283376,357.625,21.632267398476092,0.03333333333333333,5.477225575051661,0.01694055331924326
k__Bacteria;_p__OD1;_c__;_o__;_f__;_g__;_s__.85,dropped,phylum,0.0007437709185570844,127.0,3.5712679519106554,0.03333333333333333,5.477225575051661,0.022022108442372904
k__Bacteria;_p__OD1;_c__;_o__;_f__;_g__;_s__.86,dropped,phylum,0.0013015991074748978,195.57142857142858,7.572260700479538,0.03333333333333333,5.477225575051661,0.01538908450580272
k__Bacteria;_p__OD1;_c__;_o__;_f__;_g__;_s__.87,dropped,phylum,0.0005578281889178133,11.666666666666666,0.3027283474104596,0.03333333333333333,5.47722557505166,0.008316479293987674
k__Bacteria;_p__OD1;_c__;_o__;_f__;_g__;_s__.88,dropped,phylum,0.0007437709185570844,271.25,8.05894805626009,0.03333333333333333,5.477225575051661,0.01090025246464336
k__Bacteria;_p__OD1;_c__;_o__;_f__;_g__;_s__.89,dropped,phylum,0.0007437709185570844,457.0,12.8878992161644,0.03333333333333333,5.477225575051661,0.013707100134528739
k__Bacteria;_p__OD1;_c__;_o__;_f__;_g__;_s__.9,dropped,phylum,0.0007437709185570844,414.25,12.508761790913173,0.03333333333333333,5.477225575051661,0.01303435525755549
k__Bacteria;_p__OD1;_c__;_o__;_f__;_g__;_s__.90,dropped,phylum,0.0005578281889178133,341.3333333333333,10.498412651487655,0.03333333333333333,5.47722557505166,0.009311078456045804
k__Bacteria;_p__OD1;_c__;_o__;_f__;_g__;_s__.91,dropped,phylum,0.0005578281889178133,79.0,2.2140671444694817,0.03333333333333333,5.47722557505166,0.01781660565001044
k__Bacteria;_p__OD1;_c__;_o__;_f__;_g__;_s__.92,dropped,phylum,0.0013015991074748978,42.42857142857143,2.234886553156362,0.03333333333333333,5.477225575051661,0.012863412674467964
k__Bacteria;_p__OD1;_c__;_o__;_f__;_g__;_s__.93,dropped,phylum,0.0005578281889178133,231.33333333333334,5.647681568750357,0.03333333333333333,5.47722557505166,0.015042977968503771
k__Bacteria;_p__OD1;_c__;_o__;_f__;_g__;_s__.94,dropped,phylum,0.0009297136481963555,81.4,2.9487027995809068,0.03333333333333333,5.47722557505166,0.01617218694766814
k__Bacteria;_p__OD1;_c__;_o__;_f__;_g__;_s__.95,dropped,phylum,0.0009297136481963555,288.0,10.020644759583686,0.03333333333333333,5.47722557505166,0.007516542777164677
k__Bacteria;_p__OD1;_c__;_o__;_f__;_g__;_s__.96,dropped,phylum,0.005392339159538862,206.58620689655172,22.771128516931594,0.03333333333333333,5.47722557505166,0.016466112701710965
k__Bacteria;_p__OD1;_c__;_o__;_f__;_g__;_s__.97,dropped,phylum,0.00167348456675344,287.44444444444446,13.195871823717956,0.03333333333333333,5.477225575051661,0.014348414062034014
k__Bacteria;_p__OD1;_c__;_o__;_f__;_g__;_s__.98,dropped,phylum,0.0007437709185570844,122.25,4.006748472889694,0.03333333333333333,5.477225575051661,0.018221564532059052
k__Bacteria;_p__OD1;_c__;_o__;_f__;_g__;_s__.99,dropped,phylum,0.0011156563778356265,567.8333333333334,36.12604924799036,0.03333333333333333,5.47722557505166,0.012766459350190044
k__Bacteria;_p__Planctomycetes,dropped,phylum,0.0013015991074748978,111.57142857142857,4.869079781467712,0.03333333333333333,5.477225575051661,0.019230428415965554
k__Bacteria;_p__Planctomycetes;_c__OM190;_o__CL500-15;_f__;_g__;_s__,dropped,order,0.0005578281889178133,56.333333333333336,1.6354411938068478,0.03333333333333333,5.47722557505166,0.017723668692761416
k__Bacteria;_p__Planctomycetes;_c__Planctomycetia;_o__Pirellulales;_f__Pirellulaceae;_g__Planctomycete;_s__LF1,dropped,species,0.0007437709185570844,147.25,4.6451242395358605,0.03333333333333333,5.477225575051661,0.022244773151511996
k__Bacteria;_p__Proteobacteria,dropped,phylum,0.002045370026031982,24.363636363636363,1.5300987926612453,0.03333333333333333,5.47722557505166,0.020333877248534214
k__Bacteria;_p__Proteobacteria.1,dropped,phylum,0.0013015991074748978,7.0,0.33862216621719243,0.03333333333333333,5.477225575051663,0.010734827915584643
k__Bacteria;_p__Proteobacteria.2,dropped,phylum,0.011342506507995537,61.67213114754098,30.39820777052247,0.03333333333333333,5.477225575051662,0.009396725730260024
k__Bacteria;_p__Proteobacteria.3,dropped,phylum,0.0042766827817032355,167.1304347826087,20.982845210951574,0.03333333333333333,5.477225575051662,0.010707414375427571
k__Bacteria;_p__Proteobacteria.4,dropped,phylum,0.0005578281889178133,8.333333333333334,0.2202690738732086,0.03333333333333333,5.477225575051662,0.011345088888255524
k__Bacteria;_p__Proteobacteria.5,dropped,phylum,0.004090740052063964,24.772727272727273,2.3728898737869173,0.03333333333333333,5.47722557505166,0.021398112372995565
k__Bacteria;_p__Proteobacteria;_c__Alphaproteobacteria,dropped,class,0.0005578281889178133,32.333333333333336,0.9102612263808332,0.03333333333333333,5.47722557505166,0.013583548576664469
k__Bacteria;_p__Proteobacteria;_c__Alphaproteobacteria.1,dropped,class,0.0005578281889178133,367.0,10.358010254145977,0.03333333333333333,5.47722557505166,0.017759866846411614
k__Bacteria;_p__Proteobacteria;_c__Alphaproteobacteria;_o__Caulobacterales;_f__Caulobacteraceae,dropped,family,0.00167348456675344,255.77777777777777,11.109114855390064,0.03333333333333333,5.477225575051661,0.01795630294188768
k__Bacteria;_p__Proteobacteria;_c__Alphaproteobacteria;_o__Caulobacterales;_f__Caulobacteraceae.1,dropped,family,0.0007437709185570844,117.5,3.803058713655302,0.03333333333333333,5.477225575051661,0.016868983943738192
k__Bacteria;_p__Proteobacteria;_c__Alphaproteobacteria;_o__Caulobacterales;_f__Caulobacteraceae.2,dropped,family,0.0,0.0,0.0,0.0,0.0,0.01837408148130733
k__Bacteria;_p__Proteobacteria;_c__Alphaproteobacteria;_o__Caulobacterales;_f__Caulobacteraceae;_g__Brevundimonas;_s__,dropped,genus,0.0,0.0,0.0,0.0,0.0,0.01395668871182821
k__Bacteria;_p__Proteobacteria;_c__Alphaproteobacteria;_o__Caulobacterales;_f__Caulobacteraceae;_g__Brevundimonas;_s__diminuta,dropped,species,0.0,0.0,0.0,0.0,0.0,0.02306722404292542
k__Bacteria;_p__Proteobacteria;_c__Alphaproteobacteria;_o__Caulobacterales;_f__Caulobacteraceae;_g__Brevundimonas;_s__vesicularis,dropped,species,0.0013015991074748978,468.42857142857144,18.076994079747774,0.03333333333333333,5.477225575051661,0.017891037122270862
k__Bacteria;_p__Proteobacteria;_c__Alphaproteobacteria;_o__Caulobacterales;_f__Caulobacteraceae;_g__Brevundimonas;_s__vesicularis.1,dropped,species,0.0007437709185570844,314.25,10.039416471598068,0.03333333333333333,5.477225575051661,0.009780175055580657
k__Bacteria;_p__Proteobacteria;_c__Alphaproteobacteria;_o__Caulobacterales;_f__Caulobacteraceae;_g__Caulobacter;_s__,dropped,genus,0.0,0.0,0.0,0.0,0.0,0.01297396134964212
k__Bacteria;_p__Proteobacteria;_c__Alphaproteobacteria;_o__Caulobacterales;_f__Caulobacteraceae;_g__Mycoplana;_s__,dropped,genus,0.0007437709185570844,374.5,13.30252523266646,0.03333333333333333,5.477225575051661,0.016669586416145642
k__Bacteria;_p__Proteobacteria;_c__Alphaproteobacteria;_o__Caulobacterales;_f__Caulobacteraceae;_g__Phenylobacterium;_s__,dropped,genus,0.0,0.0,0.0,0.0,0.0,0.011226516350810437
k__Bacteria;_p__Proteobacteria;_c__Alphaproteobacteria;_o__Ellin329;_f__;_g__;_s__,dropped,order,0.0007437709185570844,66.25,2.0255914384284055,0.03333333333333333,5.477225575051661,0.01249150868283316
k__Bacteria;_p__Proteobacteria;_c__Alphaproteobacteria;_o__RF32;_f__;_g__;_s__,kept,order,0.009297136481963555,74.48,36.077606598550226,0.16666666666666666,2.5759411760006476,0.009983131027909634
k__Bacteria;_p__Proteobacteria;_c__Alphaproteobacteria;_o__RF32;_f__;_g__;_s__.1,kept,order,0.007065823726292302,122.21052631578948,36.0481148468704,0.13333333333333333,2.93464582227919,0.02169201220819957
k__Bacteria;_p__Proteobacteria;_c__Alphaproteobacteria;_o__RF32;_f__;_g__;_s__.2,dropped,order,0.0005578281889178133,5.0,0.11963474484930885,0.03333333333333333,5.477225575051662,0.011617599825981399
k__Bacteria;_p__Proteobacteria;_c__Alphaproteobacteria;_o__RF32;_f__;_g__;_s__.3,dropped,order,0.010784678319077723,17.82758620689655,2.6508846732469253,0.03333333333333333,5.477225575051664,0.01720744534046672
k__Bacteria;_p__Proteobacteria;_c__Alphaproteobacteria;_o__Rhizobiales,dropped,order,0.0,0.0,0.0,0.0,0.0,0.014959191744350371
k__Bacteria;_p__Proteobacteria;_c__Alphaproteobacteria;_o__Rhizobiales;_f__Bradyrhizobiaceae,dropped,family,0.0009297136481963555,166.2,5.456006874111758,0.03333333333333333,5.47722557505166,0.01626479202983926
k__Bacteria;_p__Proteobacteria;_c__Alphaproteobacteria;_o__Rhizobiales;_f__Bradyrhizobiaceae.1,dropped,family,0.0,0.0,0.0,0.0,0.0,0.0205211146513744
k__Bacteria;_p__Proteobacteria;_c__Alphaproteobacteria;_o__Rhizobiales;_f__Bradyrhizobiaceae;_g__Bosea;_s__genosp.,dropped,species,0.0,0.0,0.0,0.0,0.0,0.024771589234509585
k__Bacteria;_p__Proteobacteria;_c__Alphaproteobacteria;_o__Rhizobiales;_f__Bradyrhizobiaceae;_g__Bradyrhizobium;_s__,dropped,genus,0.0,0.0,0.0,0.0,0.0,0.0193307322150997
k__Bacteria;_p__Proteobacteria;_c__Alphaproteobacteria;_o__Rhizobiales;_f__Brucellaceae;_g__Ochrobactrum,dropped,genus,0.0,0.0,0.0,0.0,0.0,0.012333279955879288
k__Bacteria;_p__Proteobacteria;_c__Alphaproteobacteria;_o__Rhizobiales;_f__Brucellaceae;_g__Ochrobactrum;_s__,dropped,genus,0.0,0.0,0.0,0.0,0.0,0.020440781472137386
k__Bacteria;_p__Proteobacteria;_c__Alphaproteobacteria;_o__Rhizobiales;_f__Brucellaceae;_g__Ochrobactrum;_s__.1,dropped,genus,0.0,0.0,0.0,0.0,0.0,0.013501555027473336
k__Bacteria;_p__Proteobacteria;_c__Alphaproteobacteria;_o__Rhizobiales;_f__Hyphomicrobiaceae,dropped,family,0.0,0.0,0.0,0.0,0.0,0.010427558735311796
k__Bacteria;_p__Proteobacteria;_c__Alphaproteobacteria;_o__Rhizobiales;_f__Hyphomicrobiaceae.1,dropped,family,0.0,0.0,0.0,0.0,0.0,0.007318538360050349
k__Bacteria;_p__Proteobacteria;_c__Alphaproteobacteria;_o__Rhizobiales;_f__Hyphomicrobiaceae;_g__Devosia;_s__,kept,genus,0.005578281889178133,19.433333333333334,3.037849393933231,0.06666666666666667,4.61273965819485,0.015299336779090027
k__Bacteria;_p__Proteobacteria;_c__Alphaproteobacteria;_o__Rhizobiales;_f__Hyphomicrobiaceae;_g__Hyphomicrobium;_s__,dropped,genus,0.0,0.0,0.0,0.0,0.0,0.014180710618661722
k__Bacteria;_p__Proteobacteria;_c__Alphaproteobacteria;_o__Rhizobiales;_f__Methylobacteriaceae,kept,family,0.001859427296392711,52.7,3.8633762065747614,0.06666666666666667,4.2938194170015915,0.01530023114715205
k__Bacteria;_p__Proteobacteria;_c__Alphaproteobacteria;_o__Rhizobiales;_f__Methylobacteriaceae;_g__;_s__,dropped,family,0.0,0.0,0.0,0.0,0.0,0.019894096209745183
k__Bacteria;_p__Proteobacteria;_c__Alphaproteobacteria;_o__Rhizobiales;_f__Methylobacteriaceae;_g__;_s__.1,dropped,family,0.0,0.0,0.0,0.0,0.0,0.025035097566582214
k__Bacteria;_p__Proteobacteria;_c__Alphaproteobacteria;_o__Rhizobiales;_f__Methylobacteriaceae;_g__Methylobacterium,kept,genus,0.0014875418371141688,223.875,12.314478242280043,0.06666666666666667,3.8362004448896707,0.017854719865401783
k__Bacteria;_p__Proteobacteria;_c__Alphaproteobacteria;_o__Rhizobiales;_f__Methylobacteriaceae;_g__Methylobacterium.1,dropped,genus,0.0,0.0,0.0,0.0,0.0,0.02410239755941744
k__Bacteria;_p__Proteobacteria;_c__Alphaproteobacteria;_o__Rhizobiales;_f__Methylobacteriaceae;_g__Methylobacterium;_s__,dropped,genus,0.0,0.0,0.0,0.0,0.0,0.013635414130715022
k__Bacteria;_p__Proteobacteria;_c__Alphaproteobacteria;_o__Rhizobiales;_f__Phyllobacteriaceae,dropped,family,0.0,0.0,0.0,0.0,0.0,0.015982332615364317
k__Bacteria;_p__Proteobacteria;_c__Alphaproteobacteria;_o__Rhizobiales;_f__Phyllobacteriaceae.1,dropped,family,0.0,0.0,0.0,0.0,0.0,0.011685675790169332
k__Bacteria;_p__Proteobacteria;_c__Alphaproteobacteria;_o__Rhizobiales;_f__Phyllobacteriaceae;_g__Aliihoeflea;_s__aestuarii,dropped,species,0.0007437709185570844,8.75,0.2411815423858393,0.03333333333333333,5.477225575051661,0.011607944204953362
k__Bacteria;_p__Proteobacteria;_c__Alphaproteobacteria;_o__Rhizobiales;_f__Phyllobacteriaceae;_g__Chelativorans,dropped,genus,0.0001859427296392711,9.0,0.1227247371184023,0.03333333333333333,5.477225575051661,0.014599173360989799
k__Bacteria;_p__Proteobacteria;_c__Alphaproteobacteria;_o__Rhizobiales;_f__Phyllobacteriaceae;_g__Chelativorans.1,dropped,genus,0.0001859427296392711,4.0,0.054544327608178816,0.03333333333333333,5.477225575051661,0.009973770638417135
k__Bacteria;_p__Proteobacteria;_c__Alphaproteobacteria;_o__Rhizobiales;_f__Phyllobacteriaceae;_g__Chelativorans;_s__,dropped,genus,0.0042766827817032355,17.73913043478261,2.5348985873117034,0.03333333333333333,5.47722557505166,0.009385340556749007
k__Bacteria;_p__Proteobacteria;_c__Alphaproteobacteria;_o__Rhizobiales;_f__Phyllobacteriaceae;_g__Phyllobacterium;_s__,dropped,genus,0.0,0.0,0.0,0.0,0.0,0.021256270677471843
k__Bacteria;_p__Proteobacteria;_c__Alphaproteobacteria;_o__Rhizobiales;_f__Rhizobiaceae,dropped,family,0.0,0.0,0.0,0.0,0.0,0.018712404781052256
k__Bacteria;_p__Proteobacteria;_c__Alphaproteobacteria;_o__Rhodobacterales;_f__Hyphomonadaceae;_g__Oceanicaulis;_s__,dropped,genus,0.0014875418371141688,20.0,1.431287772520482,0.03333333333333333,5.477225575051663,0.008333696290719323
k__Bacteria;_p__Proteobacteria;_c__Alphaproteobacteria;_o__Rhodobacterales;_f__Rhodobacteraceae,dropped,family,0.0013015991074748978,46.857142857142854,1.8773037072109946,0.03333333333333333,5.477225575051659,0.01205247523633024
k__Bacteria;_p__Proteobacteria;_c__Alphaproteobacteria;_o__Rhodobacterales;_f__Rhodobacteraceae;_g__Paracoccus,dropped,genus,0.0,0.0,0.0,0.0,0.0,0.009891446142210018
k__Bacteria;_p__Proteobacteria;_c__Alphaproteobacteria;_o__Rhodobacterales;_f__Rhodobacteraceae;_g__Paracoccus.1,dropped,genus,0.0,0.0,0.0,0.0,0.0,0.014650403700118445
k__Bacteria;_p__Proteobacteria;_c__Alphaproteobacteria;_o__Rhodobacterales;_f__Rhodobacteraceae;_g__Paracoccus;_s__marcusii,dropped,species,0.003532911863146151,17.157894736842106,3.1530968080935535,0.03333333333333333,5.477225575051662,0.011759826230851693
k__Bacteria;_p__Proteobacteria;_c__Alphaproteobacteria;_o__Rhodospirillales;_f__Acetobacteraceae,dropped,family,0.0013015991074748978,60.857142857142854,4.274700255671829,0.03333333333333333,5.477225575051661,0.011793357124920275
k__Bacteria;_p__Proteobacteria;_c__Alphaproteobacteria;_o__Rhodospirillales;_f__Acetobacteraceae.1,dropped,family,0.0026031982149497955,535.1428571428571,34.28285189303064,0.03333333333333333,5.477225575051661,0.01531266484350627
k__Bacteria;_p__Proteobacteria;_c__Alphaproteobacteria;_o__Rhodospirillales;_f__Acetobacteraceae;_g__Acetobacter;_s__,dropped,genus,0.0014875418371141688,304.375,13.330483339842031,0.03333333333333333,5.477225575051661,0.014252077311205976
k__Bacteria;_p__Proteobacteria;_c__Alphaproteobacteria;_o__Rhodospirillales;_f__Acetobacteraceae;_g__Roseomonas;_s__mucosa,dropped,species,0.0007437709185570844,189.75,7.29395389505353,0.03333333333333333,5.477225575051661,0.0158123159621634
k__Bacteria;_p__Proteobacteria;_c__Alphaproteobacteria;_o__Rhodospirillales;_f__Acetobacteraceae;_g__Saccharibacter;_s__floricola,dropped,species,0.00167348456675344,429.22222222222223,18.427749831319787,0.03333333333333333,5.477225575051661,0.007990530672261083
k__Bacteria;_p__Proteobacteria;_c__Alphaproteobacteria;_o__Rhodospirillales;_f__Rhodospirillaceae,dropped,family,0.0,0.0,0.0,0.0,0.0,0.03037361995299698
k__Bacteria;_p__Proteobacteria;_c__Alphaproteobacteria;_o__Rhodospirillales;_f__Rhodospirillaceae.1,dropped,family,0.0,0.0,0.0,0.0,0.0,0.014507626912479924
k__Bacteria;_p__Proteobacteria;_c__Alphaproteobacteria;_o__Rhodospirillales;_f__Rhodospirillaceae;_g__Azospirillum;_s__,dropped,genus,0.0,0.0,0.0,0.0,0.0,0.01319152063628474
k__Bacteria;_p__Proteobacteria;_c__Alphaproteobacteria;_o__Rhodospirillales;_f__Rhodospirillaceae;_g__Phaeospirillum;_s__,dropped,genus,0.0,0.0,0.0,0.0,0.0,0.010405097528634595
k__Bacteria;_p__Proteobacteria;_c__Alphaproteobacteria;_o__Rhodospirillales;_f__Rhodospirillaceae;_g__Phaeospirillum;_s__fulvum,dropped,species,0.0,0.0,0.0,0.0,0.0,0.015970351436886247
k__Bacteria;_p__Proteobacteria;_c__Alphaproteobacteria;_o__Rhodospirillales;_f__Rhodospirillaceae;_g__Reyranella;_s__massiliensis,dropped,species,0.0013015991074748978,135.28571428571428,5.9225715844296785,0.03333333333333333,5.477225575051661,0.01852444121356355
k__Bacteria;_p__Proteobacteria;_c__Alphaproteobacteria;_o__Rhodospirillales;_f__Rhodospirillaceae;_g__Reyranella;_s__massiliensis.1,dropped,species,0.0007437709185570844,50.0,1.9333588816229996,0.03333333333333333,5.477225575051661,0.018966153002591767
k__Bacteria;_p__Proteobacteria;_c__Alphaproteobacteria;_o__Rickettsiales;_f__Rickettsiaceae;_g__Wolbachia;_s__,dropped,genus,0.0014875418371141688,374.875,15.624348264056527,0.03333333333333333,5.477225575051661,0.011301127025589644
k__Bacteria;_p__Proteobacteria;_c__Alphaproteobacteria;_o__Rickettsiales;_f__Rickettsiaceae;_g__Wolbachia;_s__.1,dropped,genus,0.00167348456675344,309.8888888888889,17.43461784229317,0.03333333333333333,5.477225575051661,0.011843421066177907
k__Bacteria;_p__Proteobacteria;_c__Alphaproteobacteria;_o__Rickettsiales;_f__Rickettsiaceae;_g__Wolbachia;_s__Wolbachia_endosymbiont_of_Chorthippus_parallelus,dropped,species,0.0014875418371141688,567.5,28.918640796850138,0.03333333333333333,5.477225575051661,0.014044308509783584
k__Bacteria;_p__Proteobacteria;_c__Alphaproteobacteria;_o__Sphingomonadales,dropped,order,0.0005578281889178133,4.666666666666667,0.11728402745297675,0.03333333333333333,5.477225575051662,0.008479545738370797
k__Bacteria;_p__Proteobacteria;_c__Alphaproteobacteria;_o__Sphingomonadales;_f__Sphingomonadaceae,dropped,family,0.0,0.0,0.0,0.0,0.0,0.0241665684265529
k__Bacteria;_p__Proteobacteria;_c__Alphaproteobacteria;_o__Sphingomonadales;_f__Sphingomonadaceae;_g__Blastomonas,dropped,genus,0.0,0.0,0.0,0.0,0.0,0.013757394700003818
k__Bacteria;_p__Proteobacteria;_c__Alphaproteobacteria;_o__Sphingomonadales;_f__Sphingomonadaceae;_g__Blastomonas;_s__,dropped,genus,0.0,0.0,0.0,0.0,0.0,0.019575741959526403
k__Bacteria;_p__Proteobacteria;_c__Alphaproteobacteria;_o__Sphingomonadales;_f__Sphingomonadaceae;_g__Kaistobacter;_s__,dropped,genus,0.0014875418371141688,346.25,16.099948654180242,0.03333333333333333,5.477225575051661,0.010732265071245495
k__Bacteria;_p__Proteobacteria;_c__Alphaproteobacteria;_o__Sphingomonadales;_f__Sphingomonadaceae;_g__Novosphingobium;_s__capsulatum,dropped,species,0.0,0.0,0.0,0.0,0.0,0.01349169552660153
k__Bacteria;_p__Proteobacteria;_c__Alphaproteobacteria;_o__Sphingomonadales;_f__Sphingomonadaceae;_g__Sphingobium;_s__,dropped,genus,0.0,0.0,0.0,0.0,0.0,0.013151357312417285
k__Bacteria;_p__Proteobacteria;_c__Alphaproteobacteria;_o__Sphingomonadales;_f__Sphingomonadaceae;_g__Sphingobium;_s__yanoikuyae,dropped,species,0.002231312755671253,412.3333333333333,22.280231311791095,0.03333333333333333,5.47722557505166,0.03229027999793581
k__Bacteria;_p__Proteobacteria;_c__Alphaproteobacteria;_o__Sphingomonadales;_f__Sphingomonadaceae;_g__Sphingobium;_s__yanoikuyae.1,dropped,species,0.0007437709185570844,95.0,3.0890072444019983,0.03333333333333333,5.477225575051661,0.018635252573513023
k__Bacteria;_p__Proteobacteria;_c__Alphaproteobacteria;_o__Sphingomonadales;_f__Sphingomonadaceae;_g__Sphingomonas,dropped,genus,0.0,0.0,0.0,0.0,0.0,0.017473069628857387
k__Bacteria;_p__Proteobacteria;_c__Alphaproteobacteria;_o__Sphingomonadales;_f__Sphingomonadaceae;_g__Sphingomonas.1,dropped,genus,0.0,0.0,0.0,0.0,0.0,0.009742173927124865
k__Bacteria;_p__Proteobacteria;_c__Alphaproteobacteria;_o__Sphingomonadales;_f__Sphingomonadaceae;_g__Sphingomonas.2,dropped,genus,0.0,0.0,0.0,0.0,0.0,0.013338905006757319
k__Bacteria;_p__Proteobacteria;_c__Alphaproteobacteria;_o__Sphingomonadales;_f__Sphingomonadaceae;_g__Sphingomonas.3,dropped,genus,0.0,0.0,0.0,0.0,0.0,0.016581075763287358
k__Bacteria;_p__Proteobacteria;_c__Alphaproteobacteria;_o__Sphingomonadales;_f__Sphingomonadaceae;_g__Sphingomonas;_s__,dropped,genus,0.0,0.0,0.0,0.0,0.0,0.01435043898761746
k__Bacteria;_p__Proteobacteria;_c__Alphaproteobacteria;_o__Sphingomonadales;_f__Sphingomonadaceae;_g__Sphingomonas;_s__changbaiensis,dropped,species,0.0,0.0,0.0,0.0,0.0,0.021460745138769388
k__Bacteria;_p__Proteobacteria;_c__Alphaproteobacteria;_o__Sphingomonadales;_f__Sphingomonadaceae;_g__Sphingomonas;_s__yabuuchiae,dropped,species,0.0,0.0,0.0,0.0,0.0,0.016785060140804307
k__Bacteria;_p__Proteobacteria;_c__Alphaproteobacteria;_o__Sphingomonadales;_f__Sphingomonadaceae;_g__Sphingopyxis;_s__alaskensis,dropped,species,0.001859427296392711,508.5,28.73220689465906,0.03333333333333333,5.47722557505166,0.018208647826485326
k__Bacteria;_p__Proteobacteria;_c__Betaproteobacteria,dropped,class,0.0014875418371141688,117.5,6.1253671670980845,0.03333333333333333,5.477225575051662,0.012401170709362197
k__Bacteria;_p__Proteobacteria;_c__Betaproteobacteria.1,dropped,class,0.007065823726292302,63.526315789473685,8.046064585008738,0.03333333333333333,5.477225575051663,0.008797906293484684
k__Bacteria;_p__Proteobacteria;_c__Betaproteobacteria.2,dropped,class,0.02175529936779472,75.5042735042735,21.44172683360944,0.03333333333333333,5.477225575051661,0.02068770761628689
k__Bacteria;_p__Proteobacteria;_c__Betaproteobacteria.3,dropped,class,0.0026031982149497955,10.5,0.5683654057335568,0.03333333333333333,5.477225575051663,0.01834514098179402
k__Bacteria;_p__Proteobacteria;_c__Betaproteobacteria.4,dropped,class,0.006507995537374489,47.17142857142857,7.7365270667651735,0.03333333333333333,5.477225575051662,0.021504384640700133
k__Bacteria;_p__Proteobacteria;_c__Betaproteobacteria;_o__Burkholderiales,kept,order,0.05485310524358498,581.9084745762711,199.90672464027782,0.1,5.00236385616951,0.014929711869359808
k__Bacteria;_p__Proteobacteria;_c__Betaproteobacteria;_o__Burkholderiales.1,kept,order,0.03681666046857568,87.37878787878788,42.34454391331524,0.06666666666666667,4.970599500240541,0.018585966463595442
k__Bacteria;_p__Proteobacteria;_c__Betaproteobacteria;_o__Burkholderiales.2,kept,order,0.029750836742283376,82.625,38.61886815075693,0.06666666666666667,5.050379546916243,0.017443740263556093
k__Bacteria;_p__Proteobacteria;_c__Betaproteobacteria;_o__Burkholderiales.3,dropped,order,0.012086277426552623,72.07692307692308,20.78342720578305,0.03333333333333333,5.477225575051662,0.020161982893123535
k__Bacteria;_p__Proteobacteria;_c__Betaproteobacteria;_o__Burkholderiales.4,dropped,order,0.0046485682409817776,44.84,6.14173515245988,0.03333333333333333,5.477225575051662,0.02391807550453243
k__Bacteria;_p__Proteobacteria;_c__Betaproteobacteria;_o__Burkholderiales.5,dropped,order,0.02175529936779472,96.47863247863248,32.34345676353578,0.03333333333333333,5.477225575051661,0.011819823502917992
k__Bacteria;_p__Proteobacteria;_c__Betaproteobacteria;_o__Burkholderiales;_f__Alcaligenaceae,dropped,family,0.001859427296392711,811.7,43.968127235517926,0.03333333333333333,5.47722557505166,0.01601365043695129
k__Bacteria;_p__Proteobacteria;_c__Betaproteobacteria;_o__Burkholderiales;_f__Alcaligenaceae.1,dropped,family,0.002231312755671253,12.5,0.6361229928843056,0.03333333333333333,5.477225575051664,0.012966986259448691
k__Bacteria;_p__Proteobacteria;_c__Betaproteobacteria;_o__Burkholderiales;_f__Alcaligenaceae;_g__Achromobacter;_s__,dropped,genus,0.0027891409445890665,736.8666666666667,45.635770040541516,0.03333333333333333,5.47722557505166,0.017340183765343874
k__Bacteria;_p__Proteobacteria;_c__Betaproteobacteria;_o__Burkholderiales;_f__Alcaligenaceae;_g__Achromobacter;_s__.1,dropped,genus,0.0009297136481963555,2.2,0.08940268478318239,0.03333333333333333,5.47722557505166,0.028207547444170564
k__Bacteria;_p__Proteobacteria;_c__Betaproteobacteria;_o__Burkholderiales;_f__Alcaligenaceae;_g__Sutterella;_s__,kept,genus,0.01822238750464857,169.91836734693877,60.01405530479836,0.23333333333333334,2.6966016839307616,0.011911055468110547
k__Bacteria;_p__Proteobacteria;_c__Betaproteobacteria;_o__Burkholderiales;_f__Alcaligenaceae;_g__Sutterella;_s__.1,kept,genus,0.007809594644849386,272.4761904761905,35.4884878014782,0.13333333333333333,3.385852130379692,0.014043919982698739
k__Bacteria;_p__Proteobacteria;_c__Betaproteobacteria;_o__Burkholderiales;_f__Alcaligenaceae;_g__Sutterella;_s__.10,dropped,genus,0.0009297136481963555,146.0,5.22997097998036,0.03333333333333333,5.47722557505166,0.005338278836438285
k__Bacteria;_p__Proteobacteria;_c__Betaproteobacteria;_o__Burkholderiales;_f__Alcaligenaceae;_g__Sutterella;_s__.11,dropped,genus,0.0031610264038676086,411.6470588235294,62.63937780527468,0.03333333333333333,5.477225575051661,0.021965072586067533
k__Bacteria;_p__Proteobacteria;_c__Betaproteobacteria;_o__Burkholderiales;_f__Alcaligenaceae;_g__Sutterella;_s__.12,dropped,genus,0.0007437709185570844,108.75,3.561302328772052,0.03333333333333333,5.477225575051661,0.016412692274371123
k__Bacteria;_p__Proteobacteria;_c__Betaproteobacteria;_o__Burkholderiales;_f__Alcaligenaceae;_g__Sutterella;_s__.13,dropped,genus,0.0007437709185570844,375.5,11.871001768759578,0.03333333333333333,5.477225575051661,0.016732784545777497
k__Bacteria;_p__Proteobacteria;_c__Betaproteobacteria;_o__Burkholderiales;_f__Alcaligenaceae;_g__Sutterella;_s__.14,dropped,genus,0.004462625511342506,783.9166666666666,62.710069484534834,0.03333333333333333,5.47722557505166,0.010021374953054885
k__Bacteria;_p__Proteobacteria;_c__Betaproteobacteria;_o__Burkholderiales;_f__Alcaligenaceae;_g__Sutterella;_s__.2,kept,genus,0.016177017478616586,1028.712643678161,227.66580132820414,0.13333333333333333,3.8530654287528807,0.01048676107974018
k__Bacteria;_p__Proteobacteria;_c__Betaproteobacteria;_o__Burkholderiales;_f__Alcaligenaceae;_g__Sutterella;_s__.3,kept,genus,0.004462625511342506,436.3333333333333,46.2468270983444,0.13333333333333333,3.0070451627777626,0.013766909292457889
k__Bacteria;_p__Proteobacteria;_c__Betaproteobacteria;_o__Burkholderiales;_f__Alcaligenaceae;_g__Sutterella;_s__.4,kept,genus,0.009483079211602826,1061.5686274509803,173.17526358508877,0.1,3.6569698178281884,0.01226948935435009
k__Bacteria;_p__Proteobacteria;_c__Betaproteobacteria;_o__Burkholderiales;_f__Alcaligenaceae;_g__Sutterella;_s__.5,kept,genus,0.005578281889178133,534.2666666666667,60.049424672712746,0.1,3.592574066923484,0.02600946439623507
k__Bacteria;_p__Proteobacteria;_c__Betaproteobacteria;_o__Burkholderiales;_f__Alcaligenaceae;_g__Sutterella;_s__.6,kept,genus,0.01004090740052064,397.14814814814815,87.4672075856608,0.1,3.412360903918434,0.01636823149155883
k__Bacteria;_p__Proteobacteria;_c__Betaproteobacteria;_o__Burkholderiales;_f__Alcaligenaceae;_g__Sutterella;_s__.7,dropped,genus,0.0024172554853105245,485.3076923076923,27.23755295333894,0.03333333333333333,5.477225575051661,0.021772555055278635
k__Bacteria;_p__Proteobacteria;_c__Betaproteobacteria;_o__Burkholderiales;_f__Alcaligenaceae;_g__Sutterella;_s__.8,dropped,genus,0.0007437709185570844,131.25,4.476370493001688,0.03333333333333333,5.477225575051661,0.01651543940275375
k__Bacteria;_p__Proteobacteria;_c__Betaproteobacteria;_o__Burkholderiales;_f__Alcaligenaceae;_g__Sutterella;_s__.9,dropped,genus,0.0011156563778356265,144.33333333333334,6.0483537789874235,0.03333333333333333,5.47722557505166,0.014721207585094409
k__Bacteria;_p__Proteobacteria;_c__Betaproteobacteria;_o__Burkholderiales;_f__Burkholderiaceae;_g__Burkholderia;_s__,dropped,genus,0.003904797322424693,835.047619047619,66.08436359262754,0.03333333333333333,5.47722557505166,0.01140519537486453
k__Bacteria;_p__Proteobacteria;_c__Betaproteobacteria;_o__Burkholderiales;_f__Comamonadaceae,kept,family,0.0029750836742283376,207.6875,17.49498059849583,0.1,3.6006979495601388,0.03331617722545721
k__Bacteria;_p__Proteobacteria;_c__Betaproteobacteria;_o__Burkholderiales;_f__Comamonadaceae.1,kept,family,0.008553365563406471,84.5,14.549969909674989,0.06666666666666667,3.9153859498348513,0.010687092971608391
k__Bacteria;_p__Proteobacteria;_c__Betaproteobacteria;_o__Burkholderiales;_f__Comamonadaceae.2,kept,family,0.003904797322424693,319.2857142857143,27.069069619134893,0.06666666666666667,4.636899087493688,0.01724916413523981
k__Bacteria;_p__Proteobacteria;_c__Betaproteobacteria;_o__Burkholderiales;_f__Comamonadaceae.3,dropped,family,0.0011156563778356265,140.66666666666666,5.24422238123144,0.03333333333333333,5.47722557505166,0.014041190656132208
k__Bacteria;_p__Proteobacteria;_c__Betaproteobacteria;_o__Burkholderiales;_f__Comamonadaceae.4,dropped,family,0.0005578281889178133,287.6666666666667,7.097326997891979,0.03333333333333333,5.47722557505166,0.010372530547710352
k__Bacteria;_p__Proteobacteria;_c__Betaproteobacteria;_o__Burkholderiales;_f__Comamonadaceae.5,dropped,family,0.0005578281889178133,186.33333333333334,4.7725833543933645,0.03333333333333333,5.47722557505166,0.022068661995165936
k__Bacteria;_p__Proteobacteria;_c__Betaproteobacteria;_o__Burkholderiales;_f__Comamonadaceae.6,dropped,family,0.001859427296392711,719.5,34.96773696215295,0.03333333333333333,5.47722557505166,0.009527760838379666
k__Bacteria;_p__Proteobacteria;_c__Betaproteobacteria;_o__Burkholderiales;_f__Comamonadaceae;_g__Comamonas;_s__,dropped,genus,0.0013015991074748978,614.4285714285714,23.29963199203788,0.03333333333333333,5.477225575051661,0.011383304535328898
k__Bacteria;_p__Proteobacteria;_c__Betaproteobacteria;_o__Burkholderiales;_f__Oxalobacteraceae,kept,family,0.008181480104127928,36.61363636363637,11.370854838900055,0.1,3.3744964968478994,0.011996674802895953
k__Bacteria;_p__Proteobacteria;_c__Betaproteobacteria;_o__Burkholderiales;_f__Oxalobacteraceae;_g__Cupriavidus;_s__,dropped,genus,0.0005578281889178133,487.6666666666667,12.549259562069915,0.03333333333333333,5.47722557505166,0.016195853778729022
k__Bacteria;_p__Proteobacteria;_c__Betaproteobacteria;_o__Burkholderiales;_f__Oxalobacteraceae;_g__Cupriavidus;_s__.1,dropped,genus,0.0005578281889178133,275.3333333333333,7.688746256405292,0.03333333333333333,5.47722557505166,0.01607832929186683
k__Bacteria;_p__Proteobacteria;_c__Betaproteobacteria;_o__Burkholderiales;_f__Oxalobacteraceae;_g__Massilia,kept,genus,0.0046485682409817776,258.88,32.69573170437449,0.06666666666666667,4.114006078568912,0.014920552860670252
k__Bacteria;_p__Proteobacteria;_c__Betaproteobacteria;_o__Burkholderiales;_f__Oxalobacteraceae;_g__Oxalobacter,kept,genus,0.002231312755671253,115.5,7.5465304458757005,0.06666666666666667,4.297125010867048,0.010902401646630987
k__Bacteria;_p__Proteobacteria;_c__Betaproteobacteria;_o__Burkholderiales;_f__Oxalobacteraceae;_g__Oxalobacter;_s__,dropped,genus,0.0007437709185570844,248.0,7.868703831724085,0.03333333333333333,5.477225575051661,0.01314388078484962
k__Bacteria;_p__Proteobacteria;_c__Betaproteobacteria;_o__Burkholderiales;_f__Oxalobacteraceae;_g__Oxalobacter;_s__formigenes,kept,species,0.002045370026031982,15.272727272727273,0.7882284339265723,0.06666666666666667,4.6598399938754556,0.013051808516395032
k__Bacteria;_p__Proteobacteria;_c__Betaproteobacteria;_o__Burkholderiales;_f__Oxalobacteraceae;_g__Oxalobacter;_s__formigenes.1,dropped,species,0.0007437709185570844,9.75,0.28368217720832145,0.03333333333333333,5.477225575051663,0.009611395572682268
k__Bacteria;_p__Proteobacteria;_c__Betaproteobacteria;_o__Neisseriales;_f__Neisseriaceae,kept,family,0.002045370026031982,127.27272727272727,8.144633069859312,0.06666666666666667,4.062093331061141,0.010720297038886403
k__Bacteria;_p__Proteobacteria;_c__Betaproteobacteria;_o__Neisseriales;_f__Neisseriaceae.1,kept,family,0.009483079211602826,322.1372549019608,100.83063689422508,0.06666666666666667,4.053515489877432,0.014113345323945415
k__Bacteria;_p__Proteobacteria;_c__Betaproteobacteria;_o__Neisseriales;_f__Neisseriaceae;_g__Neisseria,kept,genus,0.0046485682409817776,40.24,5.7031165398730375,0.1,3.184504068881594,0.013778868261392881
k__Bacteria;_p__Proteobacteria;_c__Betaproteobacteria;_o__Neisseriales;_f__Neisseriaceae;_g__Vogesella;_s__,dropped,genus,0.0027891409445890665,724.2666666666667,46.05436993367433,0.03333333333333333,5.47722557505166,0.015670921005886452
k__Bacteria;_p__Proteobacteria;_c__Betaproteobacteria;_o__Neisseriales;_f__Neisseriaceae;_g__Vogesella;_s__indigofera,dropped,species,0.0011156563778356265,306.8333333333333,12.284495580228587,0.03333333333333333,5.47722557505166,0.011649136738113334
k__Bacteria;_p__Proteobacteria;_c__Deltaproteobacteria,dropped,class,0.0014875418371141688,17.125,0.8060481391016702,0.03333333333333333,5.477225575051662,0.008895165863209613
k__Bacteria;_p__Proteobacteria;_c__Deltaproteobacteria;_o__Desulfobacterales;_f__Nitrospinaceae;_g__Nitrospina;_s__,dropped,genus,0.0009297136481963555,171.4,5.544021916633999,0.03333333333333333,5.47722557505166,0.014197712665608446
k__Bacteria;_p__Proteobacteria;_c__Deltaproteobacteria;_o__Desulfovibrionales;_f__Desulfovibrionaceae,dropped,family,0.004090740052063964,58.36363636363637,6.700276384384344,0.03333333333333333,5.47722557505166,0.02105088874528395
k__Bacteria;_p__Proteobacteria;_c__Deltaproteobacteria;_o__Desulfovibrionales;_f__Desulfovibrionaceae.1,dropped,family,0.008925251022685012,44.1875,6.941538472997328,0.03333333333333333,5.477225575051662,0.012453123266271031
k__Bacteria;_p__Proteobacteria;_c__Deltaproteobacteria;_o__Desulfovibrionales;_f__Desulfovibrionaceae.2,dropped,family,0.014317590182223875,43.09090909090909,10.39148996461412,0.03333333333333333,5.477225575051661,0.01566644977350323
k__Bacteria;_p__Proteobacteria;_c__Deltaproteobacteria;_o__Desulfovibrionales;_f__Desulfovibrionaceae;_g__;_s__,kept,family,0.0011156563778356265,184.33333333333334,7.250051119969673,0.06666666666666667,4.428577656293404,0.012361399772037828
k__Bacteria;_p__Proteobacteria;_c__Deltaproteobacteria;_o__Desulfovibrionales;_f__Desulfovibrionaceae;_g__Bilophila;_s__,kept,genus,0.09166976571216065,100.5212981744422,55.615277856606326,0.26666666666666666,2.3130018639408205,0.012998019108297624
k__Bacteria;_p__Proteobacteria;_c__Deltaproteobacteria;_o__Desulfovibrionales;_f__Desulfovibrionaceae;_g__Bilophila;_s__.1,kept,genus,0.0024172554853105245,27.46153846153846,1.5668894679017964,0.1,3.262876832804481,0.019173978604567755
k__Bacteria;_p__Proteobacteria;_c__Deltaproteobacteria;_o__Desulfovibrionales;_f__Desulfovibrionaceae;_g__Bilophila;_s__.2,dropped,genus,0.0005578281889178133,187.66666666666666,4.844812473930861,0.03333333333333333,5.47722557505166,0.01675115159261838
k__Bacteria;_p__Proteobacteria;_c__Deltaproteobacteria;_o__Desulfovibrionales;_f__Desulfovibrionaceae;_g__Bilophila;_s__.3,dropped,genus,0.005950167348456675,328.125,30.665593345369906,0.03333333333333333,5.477225575051661,0.0140812552084952
k__Bacteria;_p__Proteobacteria;_c__Deltaproteobacteria;_o__Desulfovibrionales;_f__Desulfovibrionaceae;_g__Bilophila;_s__.4,dropped,genus,0.0007437709185570844,439.5,15.954832868226012,0.03333333333333333,5.477225575051661,0.014068708846622473
k__Bacteria;_p__Proteobacteria;_c__Deltaproteobacteria;_o__Desulfovibrionales;_f__Desulfovibrionaceae;_g__Bilophila;_s__.5,dropped,genus,0.0005578281889178133,48.333333333333336,1.9231608409736993,0.03333333333333333,5.47722557505166,0.013576239816975614
k__Bacteria;_p__Proteobacteria;_c__Deltaproteobacteria;_o__Desulfovibrionales;_f__Desulfovibrionaceae;_g__Desulfovibrio,kept,genus,0.0076236519152101155,128.6341463414634,25.95506191026617,0.1,3.7839844034087404,0.018932092672473998
k__Bacteria;_p__Proteobacteria;_c__Deltaproteobacteria;_o__Desulfovibrionales;_f__Desulfovibrionaceae;_g__Desulfovibrio;_s__,kept,genus,0.004462625511342506,105.33333333333333,9.600458734801993,0.16666666666666666,2.594169947404201,0.01557652189257505
k__Bacteria;_p__Proteobacteria;_c__Deltaproteobacteria;_o__Desulfovibrionales;_f__Desulfovibrionaceae;_g__Desulfovibrio;_s__.1,kept,genus,0.0027891409445890665,144.33333333333334,13.163832562823865,0.1,3.526669792849518,0.017795723226167893
k__Bacteria;_p__Proteobacteria;_c__Deltaproteobacteria;_o__Desulfovibrionales;_f__Desulfovibrionaceae;_g__Desulfovibrio;_s__.2,dropped,genus,0.0013015991074748978,52.142857142857146,2.3537855572808857,0.03333333333333333,5.477225575051661,0.022136047805412576
k__Bacteria;_p__Proteobacteria;_c__Deltaproteobacteria;_o__Desulfovibrionales;_f__Desulfovibrionaceae;_g__Desulfovibrio;_s__D168,kept,species,0.047415396058014134,62.384313725490195,36.94428927583461,0.16666666666666666,3.2546902358840737,0.016923395102188144
k__Bacteria;_p__Proteobacteria;_c__Epsilonproteobacteria;_o__Campylobacterales;_f__Campylobacteraceae;_g__Arcobacter;_s__,kept,genus,0.002045370026031982,105.0,6.673514135373181,0.06666666666666667,3.977734727657359,0.016702740171827046
k__Bacteria;_p__Proteobacteria;_c__Epsilonproteobacteria;_o__Campylobacterales;_f__Helicobacteraceae;_g__Helicobacter,dropped,genus,0.0011156563778356265,211.0,8.07499232540269,0.03333333333333333,5.47722557505166,0.012106953024241614
k__Bacteria;_p__Proteobacteria;_c__Epsilonproteobacteria;_o__Campylobacterales;_f__Helicobacteraceae;_g__Helicobacter;_s__pullorum,dropped,species,0.0024172554853105245,224.15384615384616,13.099177391198129,0.03333333333333333,5.477225575051661,0.019470262928568186
k__Bacteria;_p__Proteobacteria;_c__Epsilonproteobacteria;_o__Campylobacterales;_f__Helicobacteraceae;_g__Helicobacter;_s__pullorum.1,dropped,species,0.0009297136481963555,118.2,5.11497078370728,0.03333333333333333,5.47722557505166,0.01617700062157891
k__Bacteria;_p__Proteobacteria;_c__Gammaproteobacteria,kept,class,0.0042766827817032355,42.21739130434783,4.915194614796921,0.1,3.2709875196159204,0.014371323991293957
k__Bacteria;_p__Proteobacteria;_c__Gammaproteobacteria.1,kept,class,0.002045370026031982,31.0,2.234919015959109,0.06666666666666667,3.806578756000851,0.021185094885941374
k__Bacteria;_p__Proteobacteria;_c__Gammaproteobacteria.2,dropped,class,0.0005578281889178133,153.66666666666666,4.749430694525841,0.03333333333333333,5.47722557505166,0.01462340347677645
k__Bacteria;_p__Proteobacteria;_c__Gammaproteobacteria;_o__Aeromonadales;_f__Aeromonadaceae;_g__Aeromonas,dropped,genus,0.0024172554853105245,9.23076923076923,0.5521564778450571,0.03333333333333333,5.477225575051662,0.02273799863373312
k__Bacteria;_p__Proteobacteria;_c__Gammaproteobacteria;_o__Aeromonadales;_f__Succinivibrionaceae;_g__Succinatimonas;_s__hippei,kept,species,0.0011156563778356265,36.166666666666664,1.6760210938002271,0.06666666666666667,4.1771512800945825,0.013026055805584231
k__Bacteria;_p__Proteobacteria;_c__Gammaproteobacteria;_o__Aeromonadales;_f__Succinivibrionaceae;_g__Succinivibrio;_s__,kept,genus,0.0013015991074748978,199.0,12.750347336093967,0.06666666666666667,3.87336747547652,0.011490919734031572
k__Bacteria;_p__Proteobacteria;_c__Gammaproteobacteria;_o__Aeromonadales;_f__Succinivibrionaceae;_g__Succinivibrio;_s__.1,dropped,genus,0.005578281889178133,677.3666666666667,70.6212044508601,0.03333333333333333,5.47722557505166,0.029055033360505432
k__Bacteria;_p__Proteobacteria;_c__Gammaproteobacteria;_o__Aeromonadales;_f__Succinivibrionaceae;_g__Succinivibrio;_s__.2,dropped,genus,0.005392339159538862,1669.9310344827586,235.3924764711626,0.03333333333333333,5.47722557505166,0.016292100485332688
k__Bacteria;_p__Proteobacteria;_c__Gammaproteobacteria;_o__Aeromonadales;_f__Succinivibrionaceae;_g__Succinivibrio;_s__.3,dropped,genus,0.0007437709185570844,38.75,1.2500721739193768,0.03333333333333333,5.477225575051661,0.013342463897690619
k__Bacteria;_p__Proteobacteria;_c__Gammaproteobacteria;_o__Alteromonadales;_f__Alteromonadaceae,dropped,family,0.002045370026031982,141.9090909090909,6.957720686541184,0.03333333333333333,5.477225575051662,0.011637267011302743
k__Bacteria;_p__Proteobacteria;_c__Gammaproteobacteria;_o__Alteromonadales;_f__Shewanellaceae;_g__Shewanella;_s__algae,dropped,species,0.002231312755671253,441.8333333333333,22.19902085810837,0.03333333333333333,5.47722557505166,0.0076488179972636385
k__Bacteria;_p__Proteobacteria;_c__Gammaproteobacteria;_o__Enterobacteriales;_f__Enterobacteriaceae,kept,family,0.03402751952398661,1605.049180327869,800.0585737728236,0.26666666666666666,2.954591633583829,0.018942727140440305
k__Bacteria;_p__Proteobacteria;_c__Gammaproteobacteria;_o__Enterobacteriales;_f__Enterobacteriaceae.1,kept,family,0.042952770546671626,553.974025974026,355.57071747479364,0.26666666666666666,2.3633872655444077,0.012485715420031178
k__Bacteria;_p__Proteobacteria;_c__Gammaproteobacteria;_o__Enterobacteriales;_f__Enterobacteriaceae.10,dropped,family,0.0007437709185570844,20.0,0.7149939058396373,0.03333333333333333,5.477225575051663,0.01434184266127237
k__Bacteria;_p__Proteobacteria;_c__Gammaproteobacteria;_o__Enterobacteriales;_f__Enterobacteriaceae.2,kept,family,0.0881368538490145,1896.681434599156,1407.836850276603,0.16666666666666666,2.711622892834487,0.03895981756196136
k__Bacteria;_p__Proteobacteria;_c__Gammaproteobacteria;_o__Enterobacteriales;_f__Enterobacteriaceae.3,kept,family,0.08144291558200074,970.9406392694063,795.0517055953188,0.1,3.3165776222464536,0.01995191701902211
k__Bacteria;_p__Proteobacteria;_c__Gammaproteobacteria;_o__Enterobacteriales;_f__Enterobacteriaceae.4,kept,family,0.0011156563778356265,44.166666666666664,3.0925210547718196,0.06666666666666667,3.8932251755645537,0.017661232083733373
k__Bacteria;_p__Proteobacteria;_c__Gammaproteobacteria;_o__Enterobacteriales;_f__Enterobacteriaceae.5,kept,family,0.01822238750464857,1039.8367346938776,326.47910305152607,0.06666666666666667,5.222677238784685,0.011008233309573812
k__Bacteria;_p__Proteobacteria;_c__Gammaproteobacteria;_o__Enterobacteriales;_f__Enterobacteriaceae.6,kept,family,0.0013015991074748978,223.85714285714286,12.7311977396014,0.06666666666666667,3.814937506132237,0.012884978826654358
k__Bacteria;_p__Proteobacteria;_c__Gammaproteobacteria;_o__Enterobacteriales;_f__Enterobacteriaceae.7,kept,family,0.002045370026031982,62.36363636363637,6.130447554825549,0.06666666666666667,3.9533910645173136,0.007282600890136223
k__Bacteria;_p__Proteobacteria;_c__Gammaproteobacteria;_o__Enterobacteriales;_f__Enterobacteriaceae.8,kept,family,0.0046485682409817776,133.96,17.62825423773281,0.06666666666666667,4.338400882250941,0.015584473378025553
k__Bacteria;_p__Proteobacteria;_c__Gammaproteobacteria;_o__Enterobacteriales;_f__Enterobacteriaceae.9,dropped,family,0.0027891409445890665,38.266666666666666,2.935571769352634,0.03333333333333333,5.47722557505166,0.008237587187097335
k__Bacteria;_p__Proteobacteria;_c__Gammaproteobacteria;_o__Enterobacteriales;_f__Enterobacteriaceae;_g__Proteus,dropped,genus,0.002045370026031982,34.0,2.716880160126898,0.03333333333333333,5.47722557505166,0.014992793330787528
k__Bacteria;_p__Proteobacteria;_c__Gammaproteobacteria;_o__Legionellales;_f__Coxiellaceae;_g__Rickettsiella;_s__,dropped,genus,0.002231312755671253,316.9166666666667,22.005577537929124,0.03333333333333333,5.47722557505166,0.012422574720314694
k__Bacteria;_p__Proteobacteria;_c__Gammaproteobacteria;_o__Oceanospirillales;_f__Halomonadaceae;_g__Halomonas,kept,genus,0.0046485682409817776,645.88,60.03971930707164,0.06666666666666667,4.99587208821457,0.015734259701932977
k__Bacteria;_p__Proteobacteria;_c__Gammaproteobacteria;_o__Oceanospirillales;_f__Halomonadaceae;_g__Halomonas;_s__,dropped,genus,0.009854964670881369,32.45283018867924,10.839830970600909,0.03333333333333333,5.477225575051663,0.02027074884870136
k__Bacteria;_p__Proteobacteria;_c__Gammaproteobacteria;_o__Oceanospirillales;_f__Oceanospirillaceae;_g__Marinomonas,dropped,genus,0.0005578281889178133,159.66666666666666,3.9942849519203802,0.03333333333333333,5.47722557505166,0.007671358685949399
k__Bacteria;_p__Proteobacteria;_c__Gammaproteobacteria;_o__Oceanospirillales;_f__Oceanospirillaceae;_g__Neptuniibacter;_s__caesariensis,dropped,species,0.0013015991074748978,323.2857142857143,12.774352121835308,0.03333333333333333,5.477225575051661,0.00993820072600277
k__Bacteria;_p__Proteobacteria;_c__Gammaproteobacteria;_o__Pasteurellales;_f__Pasteurellaceae,kept,family,0.021011528449237635,172.04424778761063,54.64120969823409,0.16666666666666666,3.3906931625213015,0.011748044698389281
k__Bacteria;_p__Proteobacteria;_c__Gammaproteobacteria;_o__Pasteurellales;_f__Pasteurellaceae.1,dropped,family,0.05355150613611008,241.0,167.47525160989576,0.06666666666666667,5.330835379608236,0.01032358520798915
k__Bacteria;_p__Proteobacteria;_c__Gammaproteobacteria;_o__Pasteurellales;_f__Pasteurellaceae.2,dropped,family,0.0029750836742283376,33.625,5.03504881497639,0.03333333333333333,5.477225575051662,0.01723488457845969
k__Bacteria;_p__Proteobacteria;_c__Gammaproteobacteria;_o__Pasteurellales;_f__Pasteurellaceae.3,dropped,family,0.004462625511342506,86.125,11.408167365350751,0.03333333333333333,5.477225575051662,0.011040687393072882
k__Bacteria;_p__Proteobacteria;_c__Gammaproteobacteria;_o__Pasteurellales;_f__Pasteurellaceae;_g__Actinobacillus,kept,genus,0.005392339159538862,40.89655172413793,4.326941212100941,0.06666666666666667,4.369079025541665,0.019651089063658318
k__Bacteria;_p__Proteobacteria;_c__Gammaproteobacteria;_o__Pasteurellales;_f__Pasteurellaceae;_g__Haemophilus;_s__parainfluenzae,kept,species,0.015247303830420231,474.9146341463415,125.04769869585373,0.1,3.2916025521859598,0.0176907060425335
k__Bacteria;_p__Proteobacteria;_c__Gammaproteobacteria;_o__Pseudomonadales;_f__Moraxellaceae;_g__Acinetobacter,kept,genus,0.009111193752324285,139.55102040816325,30.2810763143538,0.1,3.150794380322885,0.020526222459116474
k__Bacteria;_p__Proteobacteria;_c__Gammaproteobacteria;_o__Pseudomonadales;_f__Moraxellaceae;_g__Acinetobacter.1,kept,genus,0.0011156563778356265,146.16666666666666,6.784139327242383,0.06666666666666667,4.1771512800945825,0.016935503872026025
k__Bacteria;_p__Proteobacteria;_c__Gammaproteobacteria;_o__Pseudomonadales;_f__Moraxellaceae;_g__Acinetobacter;_s__,dropped,genus,0.00167348456675344,6.333333333333333,0.345645854504808,0.03333333333333333,5.477225575051663,0.010673488732444588
k__Bacteria;_p__Proteobacteria;_c__Gammaproteobacteria;_o__Pseudomonadales;_f__Moraxellaceae;_g__Acinetobacter;_s__.1,dropped,genus,0.0,0.0,0.0,0.0,0.0,0.007216064042874981
k__Bacteria;_p__Proteobacteria;_c__Gammaproteobacteria;_o__Pseudomonadales;_f__Moraxellaceae;_g__Acinetobacter;_s__johnsonii,dropped,species,0.009854964670881369,88.24528301886792,45.01057183188412,0.03333333333333333,5.47722557505166,0.010624913099931743
k__Bacteria;_p__Proteobacteria;_c__Gammaproteobacteria;_o__Pseudomonadales;_f__Moraxellaceae;_g__Acinetobacter;_s__lwoffii,kept,species,0.0167348456675344,158.06666666666666,105.68628953221757,0.06666666666666667,5.0966414376312,0.02786836118778914
k__Bacteria;_p__Proteobacteria;_c__Gammaproteobacteria;_o__Pseudomonadales;_f__Moraxellaceae;_g__Acinetobacter;_s__rhizosphaerae,dropped,species,0.0005578281889178133,4.0,0.10018879727258569,0.03333333333333333,5.477225575051662,0.012145605911252844
k__Bacteria;_p__Proteobacteria;_c__Gammaproteobacteria;_o__Pseudomonadales;_f__Moraxellaceae;_g__Alkanindiges;_s__,dropped,genus,0.0005578281889178133,20.0,0.6322394531248828,0.03333333333333333,5.477225575051659,0.018258820943003202
k__Bacteria;_p__Proteobacteria;_c__Gammaproteobacteria;_o__Pseudomonadales;_f__Moraxellaceae;_g__Enhydrobacter,kept,genus,0.0024172554853105245,115.53846153846153,7.3241140702678,0.06666666666666667,4.4939073751689484,0.016496544104802287
k__Bacteria;_p__Proteobacteria;_c__Gammaproteobacteria;_o__Pseudomonadales;_f__Moraxellaceae;_g__Enhydrobacter.1,dropped,genus,0.0011156563778356265,113.5,4.614278826981519,0.03333333333333333,5.47722557505166,0.027333530219727915
k__Bacteria;_p__Proteobacteria;_c__Gammaproteobacteria;_o__Pseudomonadales;_f__Moraxellaceae;_g__Moraxella;_s__,dropped,genus,0.0014875418371141688,361.0,14.521537405857288,0.03333333333333333,5.477225575051661,0.013141789985541007
k__Bacteria;_p__Proteobacteria;_c__Gammaproteobacteria;_o__Pseudomonadales;_f__Moraxellaceae;_g__Perlucidibaca;_s__,dropped,genus,0.001859427296392711,455.6,21.50875260930725,0.03333333333333333,5.47722557505166,0.021657000439599165
k__Bacteria;_p__Proteobacteria;_c__Gammaproteobacteria;_o__Pseudomonadales;_f__Moraxellaceae;_g__Psychrobacter,dropped,genus,0.0009297136481963555,11.8,0.43003144920440434,0.03333333333333333,5.477225575051663,0.010152845074981058
k__Bacteria;_p__Proteobacteria;_c__Gammaproteobacteria;_o__Pseudomonadales;_f__Pseudomonadaceae,dropped,family,0.001859427296392711,701.1,32.553434274306,0.03333333333333333,5.47722557505166,0.015702772495446736
k__Bacteria;_p__Proteobacteria;_c__Gammaproteobacteria;_o__Pseudomonadales;_f__Pseudomonadaceae.1,dropped,family,0.0005578281889178133,180.33333333333334,5.527394338301652,0.03333333333333333,5.47722557505166,0.013149680337156104
k__Bacteria;_p__Proteobacteria;_c__Gammaproteobacteria;_o__Pseudomonadales;_f__Pseudomonadaceae.2,dropped,family,0.0005578281889178133,281.6666666666667,7.92197669498586,0.03333333333333333,5.47722557505166,0.024684445497975046
k__Bacteria;_p__Proteobacteria;_c__Gammaproteobacteria;_o__Pseudomonadales;_f__Pseudomonadaceae;_g__Pseudomonas,dropped,genus,0.01004090740052064,41.5,18.683682822770955,0.06666666666666667,5.379585920615548,0.014552471042235242
k__Bacteria;_p__Proteobacteria;_c__Gammaproteobacteria;_o__Pseudomonadales;_f__Pseudomonadaceae;_g__Pseudomonas.1,dropped,genus,0.0011156563778356265,53.666666666666664,3.674822244129309,0.03333333333333333,5.477225575051659,0.01159373186758057
k__Bacteria;_p__Proteobacteria;_c__Gammaproteobacteria;_o__Pseudomonadales;_f__Pseudomonadaceae;_g__Pseudomonas;_s__citronellolis,dropped,species,0.001859427296392711,724.0,39.33214388941296,0.03333333333333333,5.47722557505166,0.01748717132050732
k__Bacteria;_p__Proteobacteria;_c__Gammaproteobacteria;_o__Pseudomonadales;_f__Pseudomonadaceae;_g__Pseudomonas;_s__fragi,dropped,species,0.0,0.0,0.0,0.0,0.0,0.017157618296692632
k__Bacteria;_p__Proteobacteria;_c__Gammaproteobacteria;_o__Pseudomonadales;_f__Pseudomonadaceae;_g__Pseudomonas;_s__veronii,dropped,species,0.0,0.0,0.0,0.0,0.0,0.02615209481390835
k__Bacteria;_p__Proteobacteria;_c__Gammaproteobacteria;_o__Pseudomonadales;_f__Pseudomonadaceae;_g__Pseudomonas;_s__viridiflava,dropped,species,0.0014875418371141688,598.625,25.05767382261297,0.03333333333333333,5.477225575051661,0.012423646447458208
k__Bacteria;_p__Proteobacteria;_c__Gammaproteobacteria;_o__Vibrionales;_f__Pseudoalteromonadaceae;_g__Pseudoalteromonas,dropped,genus,0.0011156563778356265,324.6666666666667,13.217613279105851,0.03333333333333333,5.47722557505166,0.02106581899483108
k__Bacteria;_p__Proteobacteria;_c__Gammaproteobacteria;_o__Vibrionales;_f__Pseudoalteromonadaceae;_g__Pseudoalteromonas;_s__,dropped,genus,0.0005578281889178133,714.3333333333334,16.969615154097834,0.03333333333333333,5.47722557505166,0.00735234443663891
k__Bacteria;_p__Proteobacteria;_c__Gammaproteobacteria;_o__Vibrionales;_f__Vibrionaceae;_g__Photobacterium;_s__damselae,dropped,species,0.0005578281889178133,15.666666666666666,0.4087997219506844,0.03333333333333333,5.477225575051661,0.02511381978576604
k__Bacteria;_p__Proteobacteria;_c__Gammaproteobacteria;_o__Vibrionales;_f__Vibrionaceae;_g__Vibrio,dropped,genus,0.002045370026031982,526.0,26.137392694422697,0.03333333333333333,5.477225575051662,0.015108590399442885
k__Bacteria;_p__Proteobacteria;_c__Gammaproteobacteria;_o__Xanthomonadales;_f__Sinobacteraceae;_g__Solimonas;_s__soli,dropped,species,0.0014875418371141688,246.875,11.62599636786064,0.03333333333333333,5.477225575051661,0.01648651622205571
k__Bacteria;_p__Proteobacteria;_c__Gammaproteobacteria;_o__Xanthomonadales;_f__Xanthomonadaceae,dropped,family,0.0005578281889178133,116.0,3.0448718337925986,0.03333333333333333,5.47722557505166,0.011355024971660906
k__Bacteria;_p__Proteobacteria;_c__Gammaproteobacteria;_o__Xanthomonadales;_f__Xanthomonadaceae;_g__;_s__,dropped,family,0.005392339159538862,21.655172413793103,4.479255330674159,0.03333333333333333,5.47722557505166,0.019347096092492987
k__Bacteria;_p__Proteobacteria;_c__Gammaproteobacteria;_o__Xanthomonadales;_f__Xanthomonadaceae;_g__Lysobacter,dropped,genus,0.001859427296392711,453.7,23.318901182519223,0.03333333333333333,5.47722557505166,0.016281266337715945
k__Bacteria;_p__Proteobacteria;_c__Gammaproteobacteria;_o__Xanthomonadales;_f__Xanthomonadaceae;_g__Lysobacter;_s__,dropped,genus,0.00167348456675344,522.0,23.46830617758867,0.03333333333333333,5.477225575051661,0.029274911944544308
k__Bacteria;_p__Proteobacteria;_c__Gammaproteobacteria;_o__Xanthomonadales;_f__Xanthomonadaceae;_g__Pseudoxanthomonas;_s__indica,dropped,species,0.0031610264038676086,614.5882352941177,39.765002375645274,0.03333333333333333,5.477225575051661,0.009100519026565286
k__Bacteria;_p__Proteobacteria;_c__Gammaproteobacteria;_o__Xanthomonadales;_f__Xanthomonadaceae;_g__Rhodanobacter,dropped,genus,0.0007437709185570844,139.0,4.743965723762479,0.03333333333333333,5.477225575051661,0.01759544304499118
k__Bacteria;_p__Proteobacteria;_c__Gammaproteobacteria;_o__Xanthomonadales;_f__Xanthomonadaceae;_g__Stenotrophomonas,kept,genus,0.004090740052063964,148.0909090909091,14.59717808841988,0.06666666666666667,4.062093331061141,0.016215794279041813
k__Bacteria;_p__Proteobacteria;_c__Gammaproteobacteria;_o__Xanthomonadales;_f__Xanthomonadaceae;_g__Stenotrophomonas;_s__,dropped,genus,0.0,0.0,0.0,0.0,0.0,0.018512098990384692
k__Bacteria;_p__Synergistetes;_c__Synergistia;_o__Synergistales;_f__Dethiosulfovibrionaceae;_g__Pyramidobacter;_s__piscolens,kept,species,0.007809594644849386,45.785714285714285,11.13116380695111,0.16666666666666666,2.658573864856529,0.0115049714414221
k__Bacteria;_p__Synergistetes;_c__Synergistia;_o__Synergistales;_f__Dethiosulfovibrionaceae;_g__Pyramidobacter;_s__piscolens.1,kept,species,0.036258832279657864,34.36923076923077,43.10453285472061,0.1,4.549979360558786,0.014759889451624897
k__Bacteria;_p__Synergistetes;_c__Synergistia;_o__Synergistales;_f__Synergistaceae,dropped,family,0.00167348456675344,122.66666666666667,9.154363710007367,0.03333333333333333,5.47722557505166,0.03262261383360888
k__Bacteria;_p__Synergistetes;_c__Synergistia;_o__Synergistales;_f__Synergistaceae;_g__;_s__,kept,family,0.0013015991074748978,24.857142857142858,1.1791671895498168,0.06666666666666667,3.814937506132237,0.014596434851042709
k__Bacteria;_p__Synergistetes;_c__Synergistia;_o__Synergistales;_f__Synergistaceae;_g__;_s__.1,dropped,family,0.0042766827817032355,659.7826086956521,50.893135224162116,0.03333333333333333,5.47722557505166,0.014830237317897973
k__Bacteria;_p__Synergistetes;_c__Synergistia;_o__Synergistales;_f__Synergistaceae;_g__Cloacibacillus;_s__,kept,genus,0.00167348456675344,241.88888888888889,24.11307037601658,0.06666666666666667,3.805639304383052,0.017525894148205733
k__Bacteria;_p__Synergistetes;_c__Synergistia;_o__Synergistales;_f__Synergistaceae;_g__Synergistes;_s__,kept,genus,0.0013015991074748978,50.57142857142857,2.681974712406203,0.06666666666666667,4.201929370646222,0.009065949612451277
k__Bacteria;_p__Synergistetes;_c__Synergistia;_o__Synergistales;_f__Synergistaceae;_g__Synergistes;_s__.1,dropped,genus,0.0005578281889178133,100.33333333333333,2.481254002535412,0.03333333333333333,5.477225575051659,0.01254112276447954
k__Bacteria;_p__TM7;_c__TM7-3;_o__;_f__;_g__;_s__,kept,class,0.01190033469691335,21.84375,3.5699808678694733,0.13333333333333333,3.22104870276463,0.02509135636231048
k__Bacteria;_p__TM7;_c__TM7-3;_o__;_f__;_g__;_s__.1,kept,class,0.009854964670881369,28.471698113207548,4.435087442403892,0.1,4.760291953166675,0.016433214977000024
k__Bacteria;_p__TM7;_c__TM7-3;_o__;_f__;_g__;_s__.2,kept,class,0.0046485682409817776,40.64,3.982341053249836,0.1,3.792505825169563,0.01923747339274507
k__Bacteria;_p__TM7;_c__TM7-3;_o__;_f__;_g__;_s__.3,dropped,class,0.0005578281889178133,51.666666666666664,1.4753906330744198,0.03333333333333333,5.477225575051661,0.02556589959011851
k__Bacteria;_p__TM7;_c__TM7-3;_o__;_f__;_g__;_s__.4,dropped,class,0.0013015991074748978,33.285714285714285,1.5104191700973437,0.03333333333333333,5.477225575051661,0.01433898913755917
k__Bacteria;_p__TM7;_c__TM7-3;_o__;_f__;_g__;_s__.5,dropped,class,0.0013015991074748978,28.142857142857142,1.2989018228624005,0.03333333333333333,5.477225575051661,0.021394855066340195
k__Bacteria;_p__TM7;_c__TM7-3;_o__CW040;_f__;_g__;_s__,kept,order,0.002045370026031982,37.18181818181818,2.6284340720735884,0.1,3.052162962884375,0.011497019591768054
k__Bacteria;_p__TM7;_c__TM7-3;_o__CW040;_f__;_g__;_s__.1,kept,order,0.0013015991074748978,9.285714285714286,0.41904946415261934,0.06666666666666667,4.5099183460497585,0.013756931195911407
k__Bacteria;_p__TM7;_c__TM7-3;_o__I025;_f__Rs-045;_g__;_s__,kept,family,0.004462625511342506,32.541666666666664,4.71658311234526,0.13333333333333333,3.50460686709338,0.01392453629179997
k__Bacteria;_p__Tenericutes;_c__Mollicutes,dropped,class,0.029564894012644106,25.937106918238992,9.525916823603573,0.03333333333333333,5.477225575051661,0.011351038171873136
k__Bacteria;_p__Tenericutes;_c__Mollicutes;_o__;_f__;_g__;_s__,dropped,class,0.0009297136481963555,141.8,5.863767541684512,0.03333333333333333,5.47722557505166,0.017435357885962354
k__Bacteria;_p__Tenericutes;_c__Mollicutes;_o__;_f__;_g__;_s__.1,dropped,class,0.0027891409445890665,359.93333333333334,22.954057818126252,0.03333333333333333,5.47722557505166,0.010002744085023189
k__Bacteria;_p__Tenericutes;_c__Mollicutes;_o__Anaeroplasmatales;_f__Anaeroplasmataceae;_g__;_s__,dropped,family,0.0009297136481963555,41.2,2.225693596010576,0.03333333333333333,5.47722557505166,0.013338375638181773
k__Bacteria;_p__Tenericutes;_c__Mollicutes;_o__Mycoplasmatales;_f__Mycoplasmataceae;_g__Candidatus_Hepatoplasma;_s__,dropped,genus,0.0005578281889178133,6.666666666666667,0.17566559462790726,0.03333333333333333,5.477225575051661,0.006996846360381115
k__Bacteria;_p__Tenericutes;_c__Mollicutes;_o__RF39;_f__;_g__;_s__,kept,order,0.009669021941242098,59.78846153846154,11.92771374410594,0.26666666666666666,1.9742179638234696,0.01542466518481423
k__Bacteria;_p__Tenericutes;_c__Mollicutes;_o__RF39;_f__;_g__;_s__.1,kept,order,0.008553365563406471,146.17391304347825,25.215246429820503,0.2,2.3339293832844086,0.011020114539604772
k__Bacteria;_p__Tenericutes;_c__Mollicutes;_o__RF39;_f__;_g__;_s__.10,dropped,order,0.0009297136481963555,22.6,0.7820548339495964,0.03333333333333333,5.47722557505166,0.010656909817335343
k__Bacteria;_p__Tenericutes;_c__Mollicutes;_o__RF39;_f__;_g__;_s__.11,dropped,order,0.0005578281889178133,41.666666666666664,1.6370554816385086,0.03333333333333333,5.477225575051663,0.010079963891212714
k__Bacteria;_p__Tenericutes;_c__Mollicutes;_o__RF39;_f__;_g__;_s__.12,dropped,order,0.0014875418371141688,81.875,5.849027805011128,0.03333333333333333,5.477225575051659,0.015043589223652143
k__Bacteria;_p__Tenericutes;_c__Mollicutes;_o__RF39;_f__;_g__;_s__.13,dropped,order,0.0014875418371141688,54.625,3.365235154368862,0.03333333333333333,5.477225575051659,0.01477313827404961
k__Bacteria;_p__Tenericutes;_c__Mollicutes;_o__RF39;_f__;_g__;_s__.14,dropped,order,0.0031610264038676086,93.23529411764706,9.653855488865283,0.03333333333333333,5.477225575051662,0.015937472929748016
k__Bacteria;_p__Tenericutes;_c__Mollicutes;_o__RF39;_f__;_g__;_s__.15,dropped,order,0.0024172554853105245,120.76923076923077,8.64267699736658,0.03333333333333333,5.477225575051661,0.01628960191426087
k__Bacteria;_p__Tenericutes;_c__Mollicutes;_o__RF39;_f__;_g__;_s__.16,dropped,order,0.0007437709185570844,73.75,2.736959319146869,0.03333333333333333,5.477225575051659,0.01119375568739193
k__Bacteria;_p__Tenericutes;_c__Mollicutes;_o__RF39;_f__;_g__;_s__.17,dropped,order,0.0007437709185570844,146.75,7.37732642073126,0.03333333333333333,5.477225575051659,0.012938208067048396
k__Bacteria;_p__Tenericutes;_c__Mollicutes;_o__RF39;_f__;_g__;_s__.18,dropped,order,0.0005578281889178133,1149.0,38.588812624077825,0.03333333333333333,5.477225575051663,0.015046418910338866
k__Bacteria;_p__Tenericutes;_c__Mollicutes;_o__RF39;_f__;_g__;_s__.19,dropped,order,0.0011156563778356265,71.83333333333333,3.527739092983537,0.03333333333333333,5.477225575051663,0.010961659550747445
k__Bacteria;_p__Tenericutes;_c__Mollicutes;_o__RF39;_f__;_g__;_s__.2,kept,order,0.0061361100780959466,66.51515151515152,15.706125355430487,0.16666666666666666,2.377990240190666,0.013775589894269028
k__Bacteria;_p__Tenericutes;_c__Mollicutes;_o__RF39;_f__;_g__;_s__.20,dropped,order,0.0009297136481963555,113.8,5.0144815205760676,0.03333333333333333,5.47722557505166,0.012552604960282305
k__Bacteria;_p__Tenericutes;_c__Mollicutes;_o__RF39;_f__;_g__;_s__.21,dropped,order,0.002045370026031982,62.63636363636363,3.872832781237877,0.03333333333333333,5.477225575051661,0.016020769653121766
k__Bacteria;_p__Tenericutes;_c__Mollicutes;_o__RF39;_f__;_g__;_s__.3,kept,order,0.010226850130159911,81.98181818181818,18.440292055197062,0.16666666666666666,2.647511653206968,0.013098215906328817
k__Bacteria;_p__Tenericutes;_c__Mollicutes;_o__RF39;_f__;_g__;_s__.4,kept,order,0.024358497582744516,93.94656488549619,59.51033169916235,0.16666666666666666,3.462032993842399,0.009560981054508215
k__Bacteria;_p__Tenericutes;_c__Mollicutes;_o__RF39;_f__;_g__;_s__.5,kept,order,0.0014875418371141688,34.875,2.7694407605307783,0.1,3.8008808658879407,0.01234952378187475
k__Bacteria;_p__Tenericutes;_c__Mollicutes;_o__RF39;_f__;_g__;_s__.6,kept,order,0.00334696913350688,40.166666666666664,4.694137511267056,0.1,3.421534830362682,0.02838018333218563
k__Bacteria;_p__Tenericutes;_c__Mollicutes;_o__RF39;_f__;_g__;_s__.7,kept,order,0.0031610264038676086,32.88235294117647,2.852811566653759,0.1,4.127638544797785,0.009559255403087004
k__Bacteria;_p__Tenericutes;_c__Mollicutes;_o__RF39;_f__;_g__;_s__.8,kept,order,0.004834510970621049,269.1923076923077,32.7721276485915,0.1,4.617416236705276,0.024449098475731422
k__Bacteria;_p__Tenericutes;_c__Mollicutes;_o__RF39;_f__;_g__;_s__.9,kept,order,0.005392339159538862,44.206896551724135,5.961602987816533,0.1,3.389799974525564,0.016553952132802047
k__Bacteria;_p__Tenericutes;_c__RF3;_o__ML615J-28;_f__;_g__;_s__,kept,order,0.0031610264038676086,164.58823529411765,21.262532174414183,0.06666666666666667,3.9448973878948657,0.016285138746676992
k__Bacteria;_p__Verrucomicrobia;_c__Opitutae;_o___Cerasicoccales_;_f___Cerasicoccaceae_;_g__;_s__,dropped,family,0.00167348456675344,210.22222222222223,14.040765243356683,0.03333333333333333,5.477225575051661,0.01923182841910615
k__Bacteria;_p__Verrucomicrobia;_c__Opitutae;_o___Cerasicoccales_;_f___Cerasicoccaceae_;_g__;_s__.1,dropped,family,0.0005578281889178133,226.33333333333334,5.980615776771372,0.03333333333333333,5.47722557505166,0.02249626305119738
k__Bacteria;_p__Verrucomicrobia;_c__Verrucomicrobiae;_o__Verrucomicrobiales;_f__Verrucomicrobiaceae,dropped,family,0.0007437709185570844,11.25,0.3336620781033304,0.03333333333333333,5.477225575051661,0.011575082856944478
k__Bacteria;_p__Verrucomicrobia;_c__Verrucomicrobiae;_o__Verrucomicrobiales;_f__Verrucomicrobiaceae;_g__Akkermansia;_s__muciniphila,kept,species,0.07865377463741167,673.6170212765958,656.8439200801753,0.26666666666666666,2.3047315562158026,0.015525380641226461
k__Bacteria;_p__Verrucomicrobia;_c__Verrucomicrobiae;_o__Verrucomicrobiales;_f__Verrucomicrobiaceae;_g__Akkermansia;_s__muciniphila.1,kept,species,0.019895872071402008,926.9345794392524,485.9797886132383,0.2,2.363706576881163,0.019467329637199843
k__Bacteria;_p__Verrucomicrobia;_c__Verrucomicrobiae;_o__Verrucomicrobiales;_f__Verrucomicrobiaceae;_g__Akkermansia;_s__muciniphila.2,kept,species,0.017664559315730754,1600.0842105263157,380.5899732256226,0.06666666666666667,5.151790702253698,0.013020070709541861
k__Bacteria;_p__Verrucomicrobia;_c__Verrucomicrobiae;_o__Verrucomicrobiales;_f__Verrucomicrobiaceae;_g__Akkermansia;_s__muciniphila.3,dropped,species,0.0005578281889178133,105.33333333333333,4.254622195294874,0.03333333333333333,5.47722557505166,0.01773900900446231
k__Bacteria;_p__Verrucomicrobia;_c__Verrucomicrobiae;_o__Verrucomicrobiales;_f__Verrucomicrobiaceae;_g__Akkermansia;_s__muciniphila.4,dropped,species,0.0007437709185570844,40.25,1.2608598500862112,0.03333333333333333,5.477225575051661,0.022711917901331802
k__Bacteria;_p__Verrucomicrobia;_c__Verrucomicrobiae;_o__Verrucomicrobiales;_f__Verrucomicrobiaceae;_g__Akkermansia;_s__muciniphila.5,dropped,species,0.0007437709185570844,3.5,0.1188591507504861,0.03333333333333333,5.477225575051661,0.019498157302417128
k__Bacteria;_p__Verrucomicrobia;_c__Verrucomicrobiae;_o__Verrucomicrobiales;_f__Verrucomicrobiaceae;_g__Akkermansia;_s__muciniphila.6,dropped,species,0.0005578281889178133,188.66666666666666,5.122752656510458,0.03333333333333333,5.47722557505166,0.014247367956710865
k__Bacteria;_p__Verrucomicrobia;_c__Verrucomicrobiae;_o__Verrucomicrobiales;_f__Verrucomicrobiaceae;_g__Akkermansia;_s__muciniphila.7,dropped,species,0.0005578281889178133,753.6666666666666,18.146770243618864,0.03333333333333333,5.47722557505166,0.01098373608245542
k__Bacteria;_p__Verrucomicrobia;_c__Verrucomicrobiae;_o__Verrucomicrobiales;_f__Verrucomicrobiaceae;_g__Akkermansia;_s__muciniphila.8,dropped,species,0.0005578281889178133,4.666666666666667,0.12644077991220887,0.03333333333333333,5.47722557505166,0.013761938723887956
k__Bacteria;_p__WPS-2;_c__;_o__;_f__;_g__;_s__,dropped,phylum,0.0,0.0,0.0,0.0,0.0,0.01345238049423978
k__Bacteria;_p___Thermi_;_c__Deinococci;_o__Deinococcales;_f__Deinococcaceae;_g__Deinococcus;_s__,dropped,genus,0.0005578281889178133,139.0,4.647689389840773,0.03333333333333333,5.47722557505166,0.017164880855032583
k__Bacteria;_p___Thermi_;_c__Deinococci;_o__Thermales;_f__Thermaceae;_g__Meiothermus;_s__,dropped,genus,0.0005578281889178133,54.666666666666664,1.4718863698161837,0.03333333333333333,5.47722557505166,0.004630928825403517
k__Bacteria;_p___Thermi_;_c__Deinococci;_o__Thermales;_f__Thermaceae;_g__Meiothermus;_s__.1,dropped,genus,0.0005578281889178133,129.33333333333334,3.281079699484089,0.03333333333333333,5.47722557505166,0.015302413487363187
k__Bacteria;_p___Thermi_;_c__Deinococci;_o__Thermales;_f__Thermaceae;_g__Meiothermus;_s__.2,dropped,genus,0.0011156563778356265,175.83333333333334,7.099207209028079,0.03333333333333333,5.47722557505166,0.014681974669224503
k__Bacteria;_p___Thermi_;_c__Deinococci;_o__Thermales;_f__Thermaceae;_g__Thermus;_s__,kept,genus,0.010970621048716996,112.33898305084746,26.71724064080362,0.1,3.0958604989043677,0.01852221576395096
k__Bacteria;p__;c__;o__;f__;g__;s__,kept,unknown,0.1113796950539234,5.038255223248834e-05,6.03554041096483e-05,0.1,3.520404152909838,0.01448908886856263
k__Bacteria;p__Actinobacteria;c__;o__;f__;g__;s__,dropped,phylum,0.0046485682409817776,0.00040431702071074867,4.152835547604848e-05,0.03333333333333333,5.477225575051661,0.018464745682269315
k__Bacteria;p__Actinobacteria;c__Actinobacteria;o__Actinomycetales;f__;g__;s__,dropped,order,0.0007437709185570844,0.011263774521772501,0.0003082131982643017,0.03333333333333333,5.477225575051661,0.01673003210705067
k__Bacteria;p__Actinobacteria;c__Actinobacteria;o__Actinomycetales;f__Actinomycetaceae;g__;s__,kept,family,0.01171439196727408,0.00028751447548213305,4.676587733190147e-05,0.06666666666666667,4.666268774479401,0.02020251868398509
k__Bacteria;p__Actinobacteria;c__Actinobacteria;o__Actinomycetales;f__Actinomycetaceae;g__Actinobaculum;s__,kept,genus,0.007995537374488658,0.0010249820181684533,0.00021399905198587468,0.06666666666666667,4.796977984899157,0.017922107905581887
k__Bacteria;p__Actinobacteria;c__Actinobacteria;o__Actinomycetales;f__Actinomycetaceae;g__Actinomyces;s__,kept,genus,0.12662699888434362,0.00046450744850061676,0.00034527636675220195,0.1,3.0821193748721947,0.020199597134751012
k__Bacteria;p__Actinobacteria;c__Actinobacteria;o__Actinomycetales;f__Actinomycetaceae;g__Actinomyces;s__europaeus,dropped,species,0.005392339159538862,0.002045004482758621,0.0003708050822355492,0.03333333333333333,5.477225575051661,0.011960535879404125
k__Bacteria;p__Actinobacteria;c__Actinobacteria;o__Actinomycetales;f__Actinomycetaceae;g__Actinomyces;s__hyovaginalis,dropped,species,0.0007437709185570844,0.00562720583999405,0.00015640973507008915,0.03333333333333333,5.477225575051661,0.010613285156457911
k__Bacteria;p__Actinobacteria;c__Actinobacteria;o__Actinomycetales;f__Actinomycetaceae;g__Arcanobacterium;s__,dropped,genus,0.00334696913350688,0.0003767488888888889,3.874920608082681e-05,0.03333333333333333,5.47722557505166,0.02139123858105588
k__Bacteria;p__Actinobacteria;c__Actinobacteria;o__Actinomycetales;f__Actinomycetaceae;g__Mobiluncus;s__,dropped,genus,0.021197471178876905,0.0038726358859649123,0.001875271154914116,0.03333333333333333,5.477225575051661,0.00585966281878018
k__Bacteria;p__Actinobacteria;c__Actinobacteria;o__Actinomycetales;f__Actinomycetaceae;g__Trueperella;s__,dropped,genus,0.0027891409445890665,0.005009410933333333,0.0007226859160432534,0.03333333333333333,5.477225575051661,0.008400282351468244
k__Bacteria;p__Actinobacteria;c__Actinobacteria;o__Actinomycetales;f__Actinomycetaceae;g__Varibaculum;s__,dropped,genus,0.03161026403867609,0.0024136777065304135,0.001677742721970512,0.06666666666666667,5.2859130870883915,0.019019389550816848
k__Bacteria;p__Actinobacteria;c__Actinobacteria;o__Actinomycetales;f__Brevibacteriaceae;g__Brevibacterium;s__,kept,genus,0.007065823726292302,0.0038256422595383576,0.0006302664014394758,0.06666666666666667,4.526299038062758,0.009536278222678055
k__Bacteria;p__Actinobacteria;c__Actinobacteria;o__Actinomycetales;f__Brevibacteriaceae;g__Brevibacterium;s__paucivorans,dropped,species,0.0061361100780959466,0.003939146515151515,0.0006422041296383971,0.03333333333333333,5.477225575051662,0.01624823364701616
k__Bacteria;p__Actinobacteria;c__Actinobacteria;o__Actinomycetales;f__Corynebacteriaceae;g__Corynebacterium;s__,kept,genus,0.06786909631833395,0.0017560303023449442,0.0015224254225081684,0.1,4.6675096140167724,0.009670709508140574
k__Bacteria;p__Actinobacteria;c__Actinobacteria;o__Actinomycetales;f__Corynebacteriaceae;g__Corynebacterium;s__durum,kept,species,0.005206396429899591,0.00038757098806761005,4.322344306213592e-05,0.1,3.107889086205108,0.02328579445256062
k__Bacteria;p__Actinobacteria;c__Actinobacteria;o__Actinomycetales;f__Corynebacteriaceae;g__Corynebacterium;s__kroppenstedtii,dropped,species,0.0005578281889178133,0.0006849940000000001,2.2753547430462127e-05,0.03333333333333333,5.477225575051662,0.014969089640202774
k__Bacteria;p__Actinobacteria;c__Actinobacteria;o__Actinomycetales;f__Corynebacteriaceae;g__Corynebacterium;s__mastitidis,dropped,species,0.0005578281889178133,0.000922544,3.3368666775674946e-05,0.03333333333333333,5.477225575051662,0.012347420505473484
k__Bacteria;p__Actinobacteria;c__Actinobacteria;o__Actinomycetales;f__Corynebacteriaceae;g__Corynebacterium;s__simulans,dropped,species,0.007065823726292302,0.00678583813157895,0.0021589285184780613,0.03333333333333333,5.477225575051662,0.019304839270693583
k__Bacteria;p__Actinobacteria;c__Actinobacteria;o__Actinomycetales;f__Corynebacteriaceae;g__Corynebacterium;s__variabile,dropped,species,0.0005578281889178133,0.0006304266666666667,1.8158268199012303e-05,0.03333333333333333,5.477225575051662,0.010710583597580214
k__Bacteria;p__Actinobacteria;c__Actinobacteria;o__Actinomycetales;f__Dermabacteraceae;g__Brachybacterium;s__,dropped,genus,0.001859427296392711,0.0096020627,0.0011908080431483426,0.03333333333333333,5.477225575051662,0.009206905872681255
k__Bacteria;p__Actinobacteria;c__Actinobacteria;o__Actinomycetales;f__Dermabacteraceae;g__Dermabacter;s__,dropped,genus,0.004462625511342506,0.00029859729166666673,2.61346652553317e-05,0.03333333333333333,5.477225575051662,0.014230624637651117
k__Bacteria;p__Actinobacteria;c__Actinobacteria;o__Actinomycetales;f__Gordoniaceae;g__Gordonia;s__,dropped,genus,0.0009297136481963555,0.0013558822,5.714234472789277e-05,0.03333333333333333,5.477225575051662,0.012524928751450585
k__Bacteria;p__Actinobacteria;c__Actinobacteria;o__Actinomycetales;f__Intrasporangiaceae;g__;s__,dropped,family,0.0005578281889178133,0.00032577999999999996,8.710162405423194e-06,0.03333333333333333,5.477225575051662,0.010544581990854226
k__Bacteria;p__Actinobacteria;c__Actinobacteria;o__Actinomycetales;f__Microbacteriaceae;g__;s__,dropped,family,0.0005578281889178133,0.001094605,3.6082118845725705e-05,0.03333333333333333,5.477225575051662,0.01764487156859717
k__Bacteria;p__Actinobacteria;c__Actinobacteria;o__Actinomycetales;f__Microbacteriaceae;g__Microbacterium;s__,dropped,genus,0.005578281889178133,0.013075680766666669,0.003011797929497363,0.03333333333333333,5.477225575051661,0.00948008231404247
k__Bacteria;p__Actinobacteria;c__Actinobacteria;o__Actinomycetales;f__Microbacteriaceae;g__Pseudoclavibacter;s__bifida,dropped,species,0.007995537374488658,0.0016202751162790695,0.00028267470501617647,0.03333333333333333,5.477225575051661,0.017481065789505368
k__Bacteria;p__Actinobacteria;c__Actinobacteria;o__Actinomycetales;f__Micrococcaceae;g__;s__,dropped,family,0.004462625511342506,0.0036045653750000003,0.0004637451468695891,0.03333333333333333,5.477225575051662,0.014882016097542012
k__Bacteria;p__Actinobacteria;c__Actinobacteria;o__Actinomycetales;f__Micrococcaceae;g__Kocuria;s__,dropped,genus,0.003532911863146151,0.007640925157894735,0.0014672850390801487,0.03333333333333333,5.477225575051662,0.017067411500069896
k__Bacteria;p__Actinobacteria;c__Actinobacteria;o__Actinomycetales;f__Micrococcaceae;g__Kocuria;s__kristinae,dropped,species,0.0005578281889178133,0.00043656366666666664,1.3460237960704579e-05,0.03333333333333333,5.477225575051662,0.02615728971410558
k__Bacteria;p__Actinobacteria;c__Actinobacteria;o__Actinomycetales;f__Micrococcaceae;g__Micrococcus;s__,dropped,genus,0.0042766827817032355,0.004715188652173913,0.0007808632726520622,0.03333333333333333,5.477225575051662,0.01888350566144835
k__Bacteria;p__Actinobacteria;c__Actinobacteria;o__Actinomycetales;f__Micrococcaceae;g__Rothia;s__,dropped,genus,0.001859427296392711,0.0003737267525242562,2.3933378038073853e-05,0.03333333333333333,5.477225575051661,0.01693848496957586
k__Bacteria;p__Actinobacteria;c__Actinobacteria;o__Actinomycetales;f__Micrococcaceae;g__Rothia;s__dentocariosa,dropped,species,0.012086277426552623,0.00024008749230769227,3.7976000518170234e-05,0.03333333333333333,5.47722557505166,0.01724583268002892
k__Bacteria;p__Actinobacteria;c__Actinobacteria;o__Actinomycetales;f__Micrococcaceae;g__Rothia;s__mucilaginosa,kept,species,0.0405355150613611,0.0004140311359056458,0.00019125336753161943,0.06666666666666667,4.668360605400875,0.010098538125594136
k__Bacteria;p__Actinobacteria;c__Actinobacteria;o__Actinomycetales;f__Mycobacteriaceae;g__Mycobacterium;s__,dropped,genus,0.0005578281889178133,0.004420743333333334,0.00014953154266524879,0.03333333333333333,5.477225575051662,0.0200800504343755
k__Bacteria;p__Actinobacteria;c__Actinobacteria;o__Actinomycetales;f__Nocardiaceae;g__Rhodococcus;s__,kept,genus,0.003532911863146151,0.010024697287604285,0.0008851853770380725,0.06666666666666667,3.9952947727765107,0.011380909974154575
k__Bacteria;p__Actinobacteria;c__Actinobacteria;o__Actinomycetales;f__Nocardiaceae;g__Rhodococcus;s__equi,dropped,species,0.0005578281889178133,0.0020181833333333334,5.437937483787936e-05,0.03333333333333333,5.477225575051662,0.010550185037979894
k__Bacteria;p__Actinobacteria;c__Actinobacteria;o__Actinomycetales;f__Nocardiopsaceae;g__;s__,dropped,family,0.0009297136481963555,0.06062494399999999,0.0030447455151999,0.03333333333333333,5.477225575051662,0.011995895133976593
k__Bacteria;p__Actinobacteria;c__Actinobacteria;o__Actinomycetales;f__Promicromonosporaceae;g__Cellulosimicrobium;s__,dropped,genus,0.0011156563778356265,0.009954308166666667,0.0007154668222184001,0.03333333333333333,5.477225575051662,0.02041097080086085
k__Bacteria;p__Actinobacteria;c__Actinobacteria;o__Actinomycetales;f__Propionibacteriaceae;g__;s__,kept,family,0.01357381926366679,0.00032018834027112427,9.073852294095288e-05,0.1,3.2480490909822546,0.0216820247564898
k__Bacteria;p__Actinobacteria;c__Actinobacteria;o__Actinomycetales;f__Propionibacteriaceae;g__Brooklawnia;s__massiliensis,dropped,species,0.004462625511342506,0.000667095,9.669445280809621e-05,0.03333333333333333,5.477225575051662,0.011150083326442805
k__Bacteria;p__Actinobacteria;c__Actinobacteria;o__Actinomycetales;f__Propionibacteriaceae;g__Propionibacterium;s__,dropped,genus,0.0061361100780959466,0.0005305254242424244,7.384904524853062e-05,0.03333333333333333,5.477225575051662,0.017071961876760338
k__Bacteria;p__Actinobacteria;c__Actinobacteria;o__Actinomycetales;f__Propionibacteriaceae;g__Propionibacterium;s__acnes,dropped,species,0.020639642989959094,0.0023326332342342346,0.0029525963457149073,0.03333333333333333,5.477225575051661,0.012329117927326145
k__Bacteria;p__Actinobacteria;c__Actinobacteria;o__Actinomycetales;f__Propionibacteriaceae;g__Propionibacterium;s__granulosum,dropped,species,0.00167348456675344,0.00017594533333333332,9.091808858094335e-06,0.03333333333333333,5.47722557505166,0.009593322866596326
k__Bacteria;p__Actinobacteria;c__Actinobacteria;o__Actinomycetales;f__Propionibacteriaceae;g__Propionimicrobium;s__lymphophilum,dropped,species,0.003532911863146151,0.0008236335789473685,9.444779808883167e-05,0.03333333333333333,5.477225575051662,0.024618135268550004
k__Bacteria;p__Actinobacteria;c__Actinobacteria;o__Actinomycetales;f__Streptomycetaceae;g__;s__,dropped,family,0.0014875418371141688,0.016041491749999998,0.0013014061854880617,0.03333333333333333,5.477225575051662,0.015739014928697802
k__Bacteria;p__Actinobacteria;c__Actinobacteria;o__Actinomycetales;f__Streptomycetaceae;g__Streptomyces;s__,dropped,genus,0.005206396429899591,0.03391859885714286,0.005345814688475587,0.03333333333333333,5.477225575051661,0.016407837011984103
k__Bacteria;p__Actinobacteria;c__Actinobacteria;o__Bifidobacteriales;f__Bifidobacteriaceae;g__Alloscardovia;s__,kept,genus,0.009111193752324285,0.0006816244458813529,0.00010190411222237551,0.1,3.5545136591381508,0.00609512081445059
k__Bacteria;p__Actinobacteria;c__Actinobacteria;o__Bifidobacteriales;f__Bifidobacteriaceae;g__Bifidobacterium;s__,kept,genus,0.10561547043510598,0.023883990622623894,0.01650384837170803,0.1,3.229410448181878,0.02834230408791175
k__Bacteria;p__Actinobacteria;c__Actinobacteria;o__Bifidobacteriales;f__Bifidobacteriaceae;g__Bifidobacterium;s__adolescentis,kept,species,0.04722945332837486,0.04706784386881528,0.018998158490557093,0.06666666666666667,3.8385039120341697,0.018252821327350555
k__Bacteria;p__Actinobacteria;c__Actinobacteria;o__Bifidobacteriales;f__Bifidobacteriaceae;g__Bifidobacterium;s__animalis,kept,species,0.009483079211602826,0.0038515400002964496,0.0007298986780592427,0.06666666666666667,3.832564321124276,0.008493732286155953
k__Bacteria;p__Actinobacteria;c__Actinobacteria;o__Bifidobacteriales;f__Bifidobacteriaceae;g__Bifidobacterium;s__bifidum,kept,species,0.0334696913350688,0.016227892921541677,0.004117620219147638,0.1,3.072194746018651,0.024674643584060664
k__Bacteria;p__Actinobacteria;c__Actinobacteria;o__Bifidobacteriales;f__Bifidobacteriaceae;g__Gardnerella;s__,dropped,genus,0.005950167348456675,0.0094110438125,0.002175846816882033,0.03333333333333333,5.477225575051662,0.00954774339005379
k__Bacteria;p__Actinobacteria;c__Actinobacteria;o__Bifidobacteriales;f__Bifidobacteriaceae;g__Scardovia;s__,dropped,genus,0.009854964670881369,0.00023834122641509437,7.357257052084164e-05,0.03333333333333333,5.477225575051661,0.018786110455781903
k__Bacteria;p__Actinobacteria;c__Coriobacteriia;o__Coriobacteriales;f__Coriobacteriaceae;g__;s__,kept,family,0.1357381926366679,0.0005388906662305726,0.0004027256600007957,0.1,3.058283281395875,0.020224749199768466
k__Bacteria;p__Actinobacteria;c__Coriobacteriia;o__Coriobacteriales;f__Coriobacteriaceae;g__Adlercreutzia;s__,kept,genus,0.11547043510598735,0.0018158029052383483,0.0022388618084119736,0.1,3.0522250540304734,0.022960238311411252
k__Bacteria;p__Actinobacteria;c__Coriobacteriia;o__Coriobacteriales;f__Coriobacteriaceae;g__Atopobium;s__,kept,genus,0.02008181480104128,0.00021542037378496852,0.00010786249769990961,0.1,4.010601711882955,0.0052829495153902855
k__Bacteria;p__Actinobacteria;c__Coriobacteriia;o__Coriobacteriales;f__Coriobacteriaceae;g__Atopobium;s__rimae,dropped,species,0.002045370026031982,0.0006204364545454545,5.4041570190454985e-05,0.03333333333333333,5.477225575051662,0.018354037197885236
k__Bacteria;p__Actinobacteria;c__Coriobacteriia;o__Coriobacteriales;f__Coriobacteriaceae;g__Atopobium;s__vaginae,dropped,species,0.001859427296392711,0.0033047388000000005,0.0002446654672903042,0.03333333333333333,5.477225575051662,0.020092676853975835
k__Bacteria;p__Actinobacteria;c__Coriobacteriia;o__Coriobacteriales;f__Coriobacteriaceae;g__Collinsella;s__,kept,genus,0.03570100409074005,0.0018459376700407056,0.0007961289452925413,0.1,3.4181685659908165,0.019678198553025026
k__Bacteria;p__Actinobacteria;c__Coriobacteriia;o__Coriobacteriales;f__Coriobacteriaceae;g__Collinsella;s__aerofaciens,kept,species,0.11082186686500557,0.04978813151212845,0.02804359356681187,0.1,3.1069361140938088,0.023036924463329913
k__Bacteria;p__Actinobacteria;c__Coriobacteriia;o__Coriobacteriales;f__Coriobacteriaceae;g__Collinsella;s__stercoris,kept,species,0.024358497582744516,0.014126877435808304,0.003961342280651706,0.06666666666666667,4.322560115969394,0.02350692677918072
k__Bacteria;p__Actinobacteria;c__Coriobacteriia;o__Coriobacteriales;f__Coriobacteriaceae;g__Eggerthella;s__,dropped,genus,0.004462625511342506,0.0034748713370296043,0.00030112368056410885,0.03333333333333333,5.47722557505166,0.0032621804225770362
k__Bacteria;p__Actinobacteria;c__Coriobacteriia;o__Coriobacteriales;f__Coriobacteriaceae;g__Eggerthella;s__lenta,kept,species,0.10542952770546672,0.003345061631504462,0.002664475555726477,0.1,3.259603893297067,0.015353987218378544
k__Bacteria;p__Actinobacteria;c__Coriobacteriia;o__Coriobacteriales;f__Coriobacteriaceae;g__Enterococcus;s__casseliflavus,kept,species,0.007437709185570844,0.00020271074932714,2.2639283884022627e-05,0.06666666666666667,3.9011287413800275,0.014255106319595494
k__Bacteria;p__Actinobacteria;c__Coriobacteriia;o__Coriobacteriales;f__Coriobacteriaceae;g__Olsenella;s__,dropped,genus,0.002231312755671253,0.0006276329555292207,6.151596280870249e-05,0.03333333333333333,5.47722557505166,0.007920918749204775
k__Bacteria;p__Actinobacteria;c__Coriobacteriia;o__Coriobacteriales;f__Coriobacteriaceae;g__Olsenella;s__profusa,dropped,species,0.0007437709185570844,0.000228359,9.471353036153621e-06,0.03333333333333333,5.477225575051662,0.010156109087766511
k__Bacteria;p__Actinobacteria;c__Coriobacteriia;o__Coriobacteriales;f__Coriobacteriaceae;g__Olsenella;s__uli,kept,species,0.0031610264038676086,0.0003755910302355835,2.6614568342476542e-05,0.06666666666666667,4.772406439219308,0.021388098703818303
k__Bacteria;p__Actinobacteria;c__Coriobacteriia;o__Coriobacteriales;f__Coriobacteriaceae;g__Paraeggerthella;s__hongkongensis,dropped,species,0.0009297136481963555,0.0200354138,0.001025797123140836,0.03333333333333333,5.477225575051662,0.014541393589401668
k__Bacteria;p__Actinobacteria;c__Coriobacteriia;o__Coriobacteriales;f__Coriobacteriaceae;g__Slackia;s__,kept,genus,0.04592785422089996,0.001746480667016374,0.0011818175496081228,0.1,3.2507924960644616,0.01710697417417976
k__Bacteria;p__Actinobacteria;c__OPB41;o__;f__;g__;s__,dropped,class,0.003718854592785422,0.004409856779618235,0.00030839892332508754,0.03333333333333333,5.477225575051661,0.0177074158442671
k__Bacteria;p__Bacteroidetes;c__;o__;f__;g__;s__,kept,phylum,0.008739308293045742,0.0010595335986378807,0.0001432831398838713,0.06666666666666667,3.816701638657411,0.01546409697454878
k__Bacteria;p__Bacteroidetes;c__Bacteroidia;o__Bacteroidales;f__;g__;s__,kept,order,0.02212718482707326,0.002351740003087014,0.0007609683991637507,0.06666666666666667,4.1769024519424764,0.012614768327313015
k__Bacteria;p__Bacteroidetes;c__Bacteroidia;o__Bacteroidales;f__Bacteroidaceae;g__Bacteroides;s__,kept,genus,0.12030494607660841,0.027181151607656388,0.01250413033290002,0.1,3.3406347270272874,0.013344184386695343
k__Bacteria;p__Bacteroidetes;c__Bacteroidia;o__Bacteroidales;f__Bacteroidaceae;g__Bacteroides;s__acidifaciens,dropped,species,0.004462625511342506,0.02052009554166667,0.0024958538301244363,0.03333333333333333,5.477225575051662,0.021163030212343996
k__Bacteria;p__Bacteroidetes;c__Bacteroidia;o__Bacteroidales;f__Bacteroidaceae;g__Bacteroides;s__barnesiae,dropped,species,0.0007437709185570844,0.013793515982853275,0.00037932456420957945,0.03333333333333333,5.477225575051661,0.019230736209104295
k__Bacteria;p__Bacteroidetes;c__Bacteroidia;o__Bacteroidales;f__Bacteroidaceae;g__Bacteroides;s__caccae,kept,species,0.072703607288955,0.033113877452595794,0.018498548083923094,0.1,3.515321200762447,0.010724508909005693
k__Bacteria;p__Bacteroidetes;c__Bacteroidia;o__Bacteroidales;f__Bacteroidaceae;g__Bacteroides;s__coprophilus,dropped,species,0.002045370026031982,0.011320811272727273,0.0007774691937374683,0.03333333333333333,5.477225575051662,0.015951017227949317
k__Bacteria;p__Bacteroidetes;c__Bacteroidia;o__Bacteroidales;f__Bacteroidaceae;g__Bacteroides;s__eggerthii,kept,species,0.04127928597991819,0.01961594864738912,0.008842181934688454,0.1,3.5051429729127115,0.014589661833073383
k__Bacteria;p__Bacteroidetes;c__Bacteroidia;o__Bacteroidales;f__Bacteroidaceae;g__Bacteroides;s__fragilis,kept,species,0.06340647080699145,0.031947142495417975,0.016691628197928302,0.1,3.45989711989003,0.011071770155560231
k__Bacteria;p__Bacteroidetes;c__Bacteroidia;o__Bacteroidales;f__Bacteroidaceae;g__Bacteroides;s__ovatus,kept,species,0.11026403867608776,0.040215377685036496,0.025012199492128507,0.1,3.483200588482186,0.024631687270943316
k__Bacteria;p__Bacteroidetes;c__Bacteroidia;o__Bacteroidales;f__Bacteroidaceae;g__Bacteroides;s__plebeius,kept,species,0.017292673856452213,0.06320282903209215,0.016588083308347355,0.1,3.6166157891442907,0.01840600202585389
k__Bacteria;p__Bacteroidetes;c__Bacteroidia;o__Bacteroidales;f__Bacteroidaceae;g__Bacteroides;s__uniformis,kept,species,0.11249535143175902,0.03874017161120208,0.02006708438950462,0.1,3.401863730189433,0.013780371033249531
k__Bacteria;p__Bacteroidetes;c__Bacteroidia;o__Bacteroidales;f__Porphyromonadaceae;g__;s__,dropped,family,0.0011156563778356265,0.0029072316666666673,0.000149569171030632,0.03333333333333333,5.477225575051662,0.016276986829071704
k__Bacteria;p__Bacteroidetes;c__Bacteroidia;o__Bacteroidales;f__Porphyromonadaceae;g__Dysgonomonas;s__,dropped,genus,0.0011156563778356265,0.026333091333333336,0.001864463436026356,0.03333333333333333,5.477225575051662,0.010135762344913727
k__Bacteria;p__Bacteroidetes;c__Bacteroidia;o__Bacteroidales;f__Porphyromonadaceae;g__Parabacteroides;s__,kept,genus,0.09315730754927483,0.007579908057972458,0.0038896588647658434,0.1,3.701108282390884,0.009673504843363993
k__Bacteria;p__Bacteroidetes;c__Bacteroidia;o__Bacteroidales;f__Porphyromonadaceae;g__Parabacteroides;s__distasonis,kept,species,0.09352919300855336,0.00951165301897145,0.004743503099552447,0.1,3.6466129269986483,0.009188980933182515
k__Bacteria;p__Bacteroidetes;c__Bacteroidia;o__Bacteroidales;f__Porphyromonadaceae;g__Parabacteroides;s__gordonii,kept,species,0.012644105615470434,0.006874582300798814,0.0020388916620879436,0.06666666666666667,4.0411113551914735,0.012105382480020672
k__Bacteria;p__Bacteroidetes;c__Bacteroidia;o__Bacteroidales;f__Porphyromonadaceae;g__Porphyromonas;s__,kept,genus,0.05429527705466716,0.0019172956444340958,0.0014562301405925708,0.06666666666666667,5.063796677349366,0.023889379227250762
k__Bacteria;p__Bacteroidetes;c__Bacteroidia;o__Bacteroidales;f__Prevotellaceae;g__;s__,kept,family,0.009111193752324285,0.007083269569666932,0.001224914876562292,0.1,4.544441489370124,0.024211557857072245
k__Bacteria;p__Bacteroidetes;c__Bacteroidia;o__Bacteroidales;f__Prevotellaceae;g__Prevotella;s__,kept,genus,0.07288955001859428,0.0031792062496652784,0.0030222356971822922,0.1,3.588982640181091,0.019804700392778832
k__Bacteria;p__Bacteroidetes;c__Bacteroidia;o__Bacteroidales;f__Prevotellaceae;g__Prevotella;s__copri,kept,species,0.03365563406470807,0.035754157858225305,0.013022434530535107,0.1,4.220487052740631,0.021496090647306523
k__Bacteria;p__Bacteroidetes;c__Bacteroidia;o__Bacteroidales;f__Prevotellaceae;g__Prevotella;s__melaninogenica,dropped,species,0.0005578281889178133,0.054574873999999995,0.002223368947657728,0.03333333333333333,5.477225575051662,0.018699287737845696
k__Bacteria;p__Bacteroidetes;c__Bacteroidia;o__Bacteroidales;f__Prevotellaceae;g__Prevotella;s__pallens,dropped,species,0.0005578281889178133,0.010252424000000001,0.0004154606387669883,0.03333333333333333,5.477225575051662,0.018870998231539267
k__Bacteria;p__Bacteroidetes;c__Bacteroidia;o__Bacteroidales;f__Prevotellaceae;g__Prevotella;s__stercorea,kept,species,0.009854964670881369,0.024953625809692622,0.00463222325293423,0.1,4.7898137920827075,0.012601497705892665
k__Bacteria;p__Bacteroidetes;c__Bacteroidia;o__Bacteroidales;f__Rikenellaceae;g__;s__,kept,family,0.09166976571216065,0.004148597815053946,0.0031638020036472937,0.1,3.3687747844788154,0.010730871070580357
k__Bacteria;p__Bacteroidetes;c__Bacteroidia;o__Bacteroidales;f__Rikenellaceae;g__AF12;s__,kept,genus,0.002045370026031982,0.0015790079486453208,0.00010900984386420857,0.06666666666666667,4.5608610874484805,0.021949904062107048
k__Bacteria;p__Bacteroidetes;c__Bacteroidia;o__Bacteroidales;f__Rikenellaceae;g__Alistipes;s__,dropped,genus,0.003904797322424693,0.024562661746287396,0.002632069916616628,0.03333333333333333,5.477225575051662,0.017815409538075158
k__Bacteria;p__Bacteroidetes;c__Bacteroidia;o__Bacteroidales;f__Rikenellaceae;g__Alistipes;s__finegoldii,kept,species,0.05317962067683154,0.015263322163398164,0.006425775002355015,0.06666666666666667,3.80616837016943,0.013001675568349502
k__Bacteria;p__Bacteroidetes;c__Bacteroidia;o__Bacteroidales;f__Rikenellaceae;g__Alistipes;s__indistinctus,kept,species,0.0669393826701376,0.0013434165387690756,0.0006875782038385087,0.1,3.580776534381052,0.015102391448049894
k__Bacteria;p__Bacteroidetes;c__Bacteroidia;o__Bacteroidales;f__Rikenellaceae;g__Alistipes;s__massiliensis,kept,species,0.014503532911863145,0.007994735756207553,0.0016079115996718743,0.06666666666666667,4.130592091377538,0.019273948502452395
k__Bacteria;p__Bacteroidetes;c__Bacteroidia;o__Bacteroidales;f__Rikenellaceae;g__Alistipes;s__onderdonkii,kept,species,0.07567869096318335,0.03786319437849677,0.021193355986253562,0.06666666666666667,3.8073061923025624,0.019389279021309307
k__Bacteria;p__Bacteroidetes;c__Bacteroidia;o__Bacteroidales;f__Rikenellaceae;g__Alistipes;s__putredinis,kept,species,0.07456303458534771,0.036942380374732714,0.013806638496954089,0.06666666666666667,3.8130422194820275,0.008880447175391366
k__Bacteria;p__Bacteroidetes;c__Bacteroidia;o__Bacteroidales;f__Rikenellaceae;g__Blvii28;s__,dropped,genus,0.0007437709185570844,0.00162858275,6.834001688809967e-05,0.03333333333333333,5.477225575051662,0.0178229757844851
k__Bacteria;p__Bacteroidetes;c__Bacteroidia;o__Bacteroidales;f__Rikenellaceae;g__human;s__gutmetagenome,dropped,species,0.004834510970621049,0.033083744692307696,0.004519189671433026,0.03333333333333333,5.47722557505166,0.014721177593025277
k__Bacteria;p__Bacteroidetes;c__Bacteroidia;o__Bacteroidales;f__S24-7;g__;s__,kept,family,0.025660096690219413,0.003894911626523704,0.0015595018732457184,0.1,4.306104965648071,0.012032137832371441
k__Bacteria;p__Bacteroidetes;c__Bacteroidia;o__Bacteroidales;f___Barnesiellaceae_;g__;s__,kept,family,0.05968761621420603,0.007276765303441603,0.004511558023940921,0.1,3.7247903870972356,0.018242849243168286
k__Bacteria;p__Bacteroidetes;c__Bacteroidia;o__Bacteroidales;f___Barnesiellaceae_;g__Barnesiella;s__intestinihominis,dropped,species,0.006322052807735217,0.02507194773609469,0.0036540406778227757,0.03333333333333333,5.477225575051662,0.011330761725565124
k__Bacteria;p__Bacteroidetes;c__Bacteroidia;o__Bacteroidales;f___Odoribacteraceae_;g__Butyricimonas;s__,kept,genus,0.05801413164745258,0.0014431319665309502,0.0005595669190266354,0.1,3.8773183805847324,0.012734236618981647
k__Bacteria;p__Bacteroidetes;c__Bacteroidia;o__Bacteroidales;f___Odoribacteraceae_;g__Odoribacter;s__,kept,genus,0.08200074377091855,0.004463727488583084,0.003102294973814858,0.1,3.693210947402802,0.01985794899974618
k__Bacteria;p__Bacteroidetes;c__Bacteroidia;o__Bacteroidales;f___Paraprevotellaceae_;g__;s__,kept,family,0.0076236519152101155,0.0029768895940832894,0.0005386025411760619,0.1,4.492739642742537,0.01013804052339448
k__Bacteria;p__Bacteroidetes;c__Bacteroidia;o__Bacteroidales;f___Paraprevotellaceae_;g__CF231;s__,dropped,genus,0.0014875418371141688,0.02688029173867045,0.0015151755445817292,0.03333333333333333,5.477225575051661,0.012410651619325827
k__Bacteria;p__Bacteroidetes;c__Bacteroidia;o__Bacteroidales;f___Paraprevotellaceae_;g__Paraprevotella;s__,kept,genus,0.030122722201561918,0.0063863882784682335,0.0019298340328372683,0.06666666666666667,3.8567272901476994,0.0103980450198167
k__Bacteria;p__Bacteroidetes;c__Bacteroidia;o__Bacteroidales;f___Paraprevotellaceae_;g___Prevotella_;s__,kept,genus,0.0042766827817032355,0.01973482793850828,0.0025082697905571276,0.1,4.529819542438514,0.01187437970844137
k__Bacteria;p__Bacteroidetes;c__Bacteroidia;o__Bacteroidales;f___Paraprevotellaceae_;g___Prevotella_;s__tannerae,dropped,species,0.0011156563778356265,0.026743322833333336,0.0021162292505498936,0.03333333333333333,5.477225575051662,0.01361581342637291
k__Bacteria;p__Bacteroidetes;c__Flavobacteriia;o__Flavobacteriales;f__;g__;s__,dropped,order,0.0011156563778356265,0.0029039113333333335,0.00012427472264314637,0.03333333333333333,5.477225575051662,0.02402486327727388
k__Bacteria;p__Bacteroidetes;c__Flavobacteriia;o__Flavobacteriales;f___Weeksellaceae_;g__Chryseobacterium;s__,dropped,genus,0.001859427296392711,0.013119735900000002,0.001620358265275148,0.03333333333333333,5.477225575051662,0.027505690632388984
k__Bacteria;p__Bacteroidetes;c__Sphingobacteriia;o__Sphingobacteriales;f__Sphingobacteriaceae;g__Sphingobacterium;s__mizutaii,dropped,species,0.002045370026031982,0.045682291727272735,0.0037877977579645742,0.03333333333333333,5.477225575051662,0.018791300799495144
k__Bacteria;p__Bacteroidetes;c__Sphingobacteriia;o__Sphingobacteriales;f__Sphingobacteriaceae;g__Sphingobacterium;s__multivorum,dropped,species,0.0005578281889178133,0.004659120666666666,0.00013114828385175185,0.03333333333333333,5.477225575051662,0.014668241805316569
k__Bacteria;p__Chloroflexi;c__Anaerolineae;o__Anaerolineales;f__Anaerolinaceae;g__SHD-231;s__,dropped,genus,0.0007437709185570844,0.00079537612768625,2.1721266016177593e-05,0.03333333333333333,5.477225575051661,0.013858979381661104
k__Bacteria;p__Cyanobacteria;c__4C0d-2;o__YS2;f__;g__;s__,kept,order,0.03365563406470807,0.0011595217949313661,0.0007567816620646544,0.1,3.203624938328823,0.02036416636716735
k__Bacteria;p__Cyanobacteria;c__ML635J-21;o__;f__;g__;s__,dropped,class,0.005392339159538862,0.0004619760175474087,4.022304144172938e-05,0.03333333333333333,5.477225575051662,0.012907685293168747
k__Bacteria;p__Elusimicrobia;c__Elusimicrobia;o__Elusimicrobiales;f__Elusimicrobiaceae;g__;s__,dropped,family,0.0007437709185570844,0.015653503902695497,0.0008072582066639707,0.03333333333333333,5.477225575051661,0.01124086312841758
k__Bacteria;p__Firmicutes;c__;o__;f__;g__;s__,kept,phylum,0.025846039419858684,0.0006097024929004054,0.0001831350337753517,0.1,3.2421852218162375,0.0025539287706104106
k__Bacteria;p__Firmicutes;c__Bacilli;o__Bacillales;f__;g__;s__,kept,order,0.02882112309408702,0.00711361580330354,0.0030303231368628628,0.06666666666666667,4.841225957078201,0.015877398486016926
k__Bacteria;p__Firmicutes;c__Bacilli;o__Bacillales;f__Bacillaceae;g__;s__,kept,family,0.0042766827817032355,0.002855668623096269,0.0007659690517535823,0.06666666666666667,4.36349592816519,0.0126031834411345
k__Bacteria;p__Firmicutes;c__Bacilli;o__Bacillales;f__Bacillaceae;g__Anaerobacillus;s__,dropped,genus,0.0007437709185570844,0.01113687275,0.0005625380043080976,0.03333333333333333,5.477225575051662,0.016281707515283062
k__Bacteria;p__Firmicutes;c__Bacilli;o__Bacillales;f__Bacillaceae;g__Bacillus;s__,dropped,genus,0.009297136481963555,0.0023400178999999997,0.0005477776835286513,0.03333333333333333,5.477225575051662,0.016874434518389155
k__Bacteria;p__Firmicutes;c__Bacilli;o__Bacillales;f__Bacillaceae;g__Bacillus;s__clausii,dropped,species,0.005206396429899591,0.0023253143571428567,0.00034913852830921444,0.03333333333333333,5.477225575051661,0.013736409250187657
k__Bacteria;p__Firmicutes;c__Bacilli;o__Bacillales;f__Bacillaceae;g__Bacillus;s__farraginis,dropped,species,0.0013015991074748978,0.0010876061428571429,5.075235550982907e-05,0.03333333333333333,5.477225575051661,0.016266066580758635
k__Bacteria;p__Firmicutes;c__Bacilli;o__Bacillales;f__Bacillaceae;g__Bacillus;s__firmus,dropped,species,0.001859427296392711,0.0362268755,0.004063162512706051,0.03333333333333333,5.477225575051662,0.022176093662007863
k__Bacteria;p__Firmicutes;c__Bacilli;o__Bacillales;f__Bacillaceae;g__Oceanobacillus;s__,dropped,genus,0.001859427296392711,0.012714090300000003,0.001633215414583216,0.03333333333333333,5.477225575051662,0.014298812956639846
k__Bacteria;p__Firmicutes;c__Bacilli;o__Bacillales;f__Bacillaceae;g__Oceanobacillus;s__chironomi,dropped,species,0.0042766827817032355,0.014620209391304347,0.003364336645585561,0.03333333333333333,5.477225575051662,0.010762901463107922
k__Bacteria;p__Firmicutes;c__Bacilli;o__Bacillales;f__Bacillaceae;g__Oceanobacillus;s__profundus,dropped,species,0.0007437709185570844,0.00094358675,3.470265059173705e-05,0.03333333333333333,5.477225575051662,0.017926172175281474
k__Bacteria;p__Firmicutes;c__Bacilli;o__Bacillales;f__Paenibacillaceae;g__Brevibacillus;s__,dropped,genus,0.0014875418371141688,0.011226634749999999,0.0008665071481538666,0.03333333333333333,5.477225575051662,0.011130234166368661
k__Bacteria;p__Firmicutes;c__Bacilli;o__Bacillales;f__Paenibacillaceae;g__Paenibacillus;s__,kept,genus,0.0029750836742283376,0.002190980968603731,0.00027943527845893806,0.06666666666666667,4.020198882461709,0.014717432245835431
k__Bacteria;p__Firmicutes;c__Bacilli;o__Bacillales;f__Paenibacillaceae;g__Paenibacillus;s__amylolyticus,dropped,species,0.0013015991074748978,0.016860112571428575,0.0013796260279404387,0.03333333333333333,5.477225575051661,0.012733035809681681
k__Bacteria;p__Firmicutes;c__Bacilli;o__Bacillales;f__Paenibacillaceae;g__Paenibacillus;s__lautus,dropped,species,0.0026031982149497955,0.002395970857142857,0.0002503030789027851,0.03333333333333333,5.477225575051661,0.01127577144555758
k__Bacteria;p__Firmicutes;c__Bacilli;o__Bacillales;f__Planococcaceae;g__;s__,kept,family,0.017106731126812942,0.02722259993377296,0.010540713076003518,0.06666666666666667,3.9736239245885394,0.010799394303552257
k__Bacteria;p__Firmicutes;c__Bacilli;o__Bacillales;f__Planococcaceae;g__Rummeliibacillus;s__,dropped,genus,0.00167348456675344,0.002066626222222222,0.0001601418637432212,0.03333333333333333,5.47722557505166,0.019778624159109366
k__Bacteria;p__Firmicutes;c__Bacilli;o__Bacillales;f__Planococcaceae;g__Solibacillus;s__,dropped,genus,0.0005578281889178133,0.0008352616666666667,2.0454422307162585e-05,0.03333333333333333,5.477225575051662,0.008934714216004202
k__Bacteria;p__Firmicutes;c__Bacilli;o__Bacillales;f__Planococcaceae;g__Sporosarcina;s__,dropped,genus,0.0014875418371141688,0.024635312041447498,0.0010168025714997189,0.03333333333333333,5.477225575051661,0.01098915349488665
k__Bacteria;p__Firmicutes;c__Bacilli;o__Bacillales;f__Staphylococcaceae;g__Jeotgalicoccus;s__,dropped,genus,0.0014875418371141688,0.016516915875,0.0016851722014587056,0.03333333333333333,5.477225575051662,0.013721806316448348
k__Bacteria;p__Firmicutes;c__Bacilli;o__Bacillales;f__Staphylococcaceae;g__Staphylococcus;s__,kept,genus,0.031052435849758274,0.007204392241496212,0.0038285519226573307,0.06666666666666667,5.101668703752889,0.01045760202410945
k__Bacteria;p__Firmicutes;c__Bacilli;o__Gemellales;f__Gemellaceae;g__;s__,kept,family,0.029750836742283376,0.0003366318379338979,8.761549704070148e-05,0.1,3.0524508940451485,0.012048513537215115
k__Bacteria;p__Firmicutes;c__Bacilli;o__Lactobacillales;f__;g__;s__,kept,order,0.06712532539977686,0.002698486861155975,0.002850240018827039,0.1,3.434540750129215,0.02201353407625835
k__Bacteria;p__Firmicutes;c__Bacilli;o__Lactobacillales;f__Aerococcaceae;g__Abiotrophia;s__,dropped,genus,0.0009297136481963555,0.0002146804,7.81574580087962e-06,0.03333333333333333,5.477225575051662,0.01634355186268961
k__Bacteria;p__Firmicutes;c__Bacilli;o__Lactobacillales;f__Aerococcaceae;g__Aerococcus;s__,dropped,genus,0.0026031982149497955,0.0006932410714285714,8.500954254471952e-05,0.03333333333333333,5.477225575051661,0.01580486807917271
k__Bacteria;p__Firmicutes;c__Bacilli;o__Lactobacillales;f__Aerococcaceae;g__Facklamia;s__,dropped,genus,0.010598735589438453,0.000307556,6.373381600319418e-05,0.03333333333333333,5.477225575051661,0.019935337638863054
k__Bacteria;p__Firmicutes;c__Bacilli;o__Lactobacillales;f__Carnobacteriaceae;g__Carnobacterium;s__,kept,genus,0.003532911863146151,0.035688636852842015,0.0030295720825077553,0.06666666666666667,5.009605141521922,0.0089465920348026
k__Bacteria;p__Firmicutes;c__Bacilli;o__Lactobacillales;f__Enterococcaceae;g__;s__,dropped,family,0.029193008553365565,0.0903341778679428,0.027816182466989334,0.03333333333333333,5.477225575051662,0.015646244131823205
k__Bacteria;p__Firmicutes;c__Bacilli;o__Lactobacillales;f__Enterococcaceae;g__Enterococcus;s__,kept,genus,0.059873558943845294,0.010943300918646813,0.006385913625787214,0.06666666666666667,4.541037269458114,0.017797702049352174
k__Bacteria;p__Firmicutes;c__Bacilli;o__Lactobacillales;f__Lactobacillaceae;g__;s__,kept,family,0.04425436965414652,0.056745418811399356,0.01944526037027439,0.1,3.844407727000038,0.008830549966778374
k__Bacteria;p__Firmicutes;c__Bacilli;o__Lactobacillales;f__Lactobacillaceae;g__Lactobacillus;s__,kept,genus,0.09278542208999628,0.0065229254983052735,0.005227279058007335,0.1,3.34695779724166,0.01888653688890117
k__Bacteria;p__Firmicutes;c__Bacilli;o__Lactobacillales;f__Lactobacillaceae;g__Lactobacillus;s__agilis,dropped,species,0.0005578281889178133,0.0050790774364997,0.00012384987208430572,0.03333333333333333,5.47722557505166,0.01565119262986699
k__Bacteria;p__Firmicutes;c__Bacilli;o__Lactobacillales;f__Lactobacillaceae;g__Lactobacillus;s__brevis,kept,species,0.0024172554853105245,0.015244634747419623,0.0010949326146309217,0.06666666666666667,3.828573389918153,0.015332385297331393
k__Bacteria;p__Firmicutes;c__Bacilli;o__Lactobacillales;f__Lactobacillaceae;g__Lactobacillus;s__coleohominis,dropped,species,0.0014875418371141688,0.0025734676433954748,0.00011227423142876824,0.03333333333333333,5.477225575051661,0.01769494497457138
k__Bacteria;p__Firmicutes;c__Bacilli;o__Lactobacillales;f__Lactobacillaceae;g__Lactobacillus;s__delbrueckii,kept,species,0.007437709185570844,0.0063156487715985265,0.001977198829513975,0.06666666666666667,4.369309479892036,0.01902819921621312
k__Bacteria;p__Firmicutes;c__Bacilli;o__Lactobacillales;f__Lactobacillaceae;g__Lactobacillus;s__iners,dropped,species,0.001859427296392711,0.0028464401,0.0002632384396540977,0.03333333333333333,5.477225575051662,0.009159964556031215
k__Bacteria;p__Firmicutes;c__Bacilli;o__Lactobacillales;f__Lactobacillaceae;g__Lactobacillus;s__manihotivorans,dropped,species,0.0007437709185570844,0.0067104707595413505,0.00019152088777700223,0.03333333333333333,5.477225575051661,0.016950855375029415
k__Bacteria;p__Firmicutes;c__Bacilli;o__Lactobacillales;f__Lactobacillaceae;g__Lactobacillus;s__mucosae,kept,species,0.010412792859799182,0.017421259586991766,0.003399399798676365,0.1,3.570067730738807,0.014550555210859373
k__Bacteria;p__Firmicutes;c__Bacilli;o__Lactobacillales;f__Lactobacillaceae;g__Lactobacillus;s__paralimentarius,dropped,species,0.0005578281889178133,0.0017673845548449333,4.270795632109722e-05,0.03333333333333333,5.47722557505166,0.01437589788261003
k__Bacteria;p__Firmicutes;c__Bacilli;o__Lactobacillales;f__Lactobacillaceae;g__Lactobacillus;s__ruminis,kept,species,0.002231312755671253,0.026299620535538137,0.0017106088120488175,0.1,4.07875611927361,0.008961951367003713
k__Bacteria;p__Firmicutes;c__Bacilli;o__Lactobacillales;f__Lactobacillaceae;g__Lactobacillus;s__salivarius,dropped,species,0.012272220156191893,0.04778089425895876,0.010613008877769775,0.03333333333333333,5.477225575051661,0.015828206144327592
k__Bacteria;p__Firmicutes;c__Bacilli;o__Lactobacillales;f__Lactobacillaceae;g__Lactobacillus;s__vaginalis,dropped,species,0.0007437709185570844,0.0005489764626398,1.6437347738961326e-05,0.03333333333333333,5.477225575051661,0.01870356948554901
k__Bacteria;p__Firmicutes;c__Bacilli;o__Lactobacillales;f__Lactobacillaceae;g__Lactobacillus;s__zeae,kept,species,0.036258832279657864,0.005438382541884909,0.004839330387067731,0.06666666666666667,4.004336304866821,0.013021344363113625
k__Bacteria;p__Firmicutes;c__Bacilli;o__Lactobacillales;f__Lactobacillaceae;g__Pediococcus;s__,kept,genus,0.01004090740052064,0.021042332715829073,0.0053889267176757075,0.1,3.1532887098952553,0.01339514195970249
k__Bacteria;p__Firmicutes;c__Bacilli;o__Lactobacillales;f__Leuconostocaceae;g__;s__,dropped,family,0.013015991074748977,0.005460001014285714,0.001911836024382029,0.03333333333333333,5.47722557505166,0.006794445986916142
k__Bacteria;p__Firmicutes;c__Bacilli;o__Lactobacillales;f__Leuconostocaceae;g__Leuconostoc;s__,kept,genus,0.009483079211602826,0.0006236391716517666,0.00012139177164727313,0.1,3.1881787696895225,0.020610390483037335
k__Bacteria;p__Firmicutes;c__Bacilli;o__Lactobacillales;f__Leuconostocaceae;g__Leuconostoc;s__mesenteroides,kept,species,0.010784678319077723,0.0579518381044511,0.015877612686103708,0.1,3.4826066941427483,0.023876841677760823
k__Bacteria;p__Firmicutes;c__Bacilli;o__Lactobacillales;f__Leuconostocaceae;g__Weissella;s__,dropped,genus,0.0005578281889178133,0.00038656206698147057,1.2518738630615966e-05,0.03333333333333333,5.47722557505166,0.015485884832939882
k__Bacteria;p__Firmicutes;c__Bacilli;o__Lactobacillales;f__Streptococcaceae;g__Lactococcus;s__,kept,genus,0.07400520639642989,0.0008731022302148967,0.0005197707472473828,0.1,3.054834972024602,0.011193099057955461
k__Bacteria;p__Firmicutes;c__Bacilli;o__Lactobacillales;f__Streptococcaceae;g__Lactococcus;s__garvieae,kept,species,0.003718854592785422,0.04758616562892085,0.004525112020340879,0.06666666666666667,4.423580510388365,0.018591561327813293
k__Bacteria;p__Firmicutes;c__Bacilli;o__Lactobacillales;f__Streptococcaceae;g__Streptococcus;s__,kept,genus,0.1493120119003347,0.011713549452420874,0.01168349132538912,0.1,3.0518644012554668,0.021931585019015022
k__Bacteria;p__Firmicutes;c__Bacilli;o__Lactobacillales;f__Streptococcaceae;g__Streptococcus;s__agalactiae,kept,species,0.005392339159538862,0.00366282816454109,0.0007330521643740012,0.06666666666666667,4.007349496297695,0.009684815090444809
k__Bacteria;p__Firmicutes;c__Bacilli;o__Lactobacillales;f__Streptococcaceae;g__Streptococcus;s__alactolyticus,dropped,species,0.0005578281889178133,0.0012542996443401999,3.992563545711966e-05,0.03333333333333333,5.47722557505166,0.015262913736790517
k__Bacteria;p__Firmicutes;c__Bacilli;o__Lactobacillales;f__Streptococcaceae;g__Streptococcus;s__anginosus,kept,species,0.052993677947192265,0.006989656295680751,0.004393334291360229,0.1,3.196506173297452,0.02603654875594048
k__Bacteria;p__Firmicutes;c__Bacilli;o__Lactobacillales;f__Streptococcaceae;g__Streptococcus;s__luteciae,dropped,species,0.014317590182223875,0.031372899766233774,0.00877388091353995,0.03333333333333333,5.47722557505166,0.013282287274039255
k__Bacteria;p__Firmicutes;c__Bacilli;o__Lactobacillales;f__Streptococcaceae;g__Streptococcus;s__sobrinus,kept,species,0.014317590182223875,0.02922300625796037,0.007442719512483212,0.1,3.977506220670618,0.01168247954196516
k__Bacteria;p__Firmicutes;c__Bacilli;o__Turicibacterales;f__Turicibacteraceae;g__Turicibacter;s__,kept,genus,0.08832279657865377,0.01236663035361969,0.008686053355009132,0.1,3.0745058720347984,0.018192440410521
k__Bacteria;p__Firmicutes;c__Clostridia;o__;f__;g__;s__,kept,class,0.07698029007065824,0.0003575381110670121,0.00018519052052009874,0.1,3.3183486474966926,0.01925002566502465
k__Bacteria;p__Firmicutes;c__Clostridia;o__Clostridiales;f__;g__;s__,kept,order,0.15042766827817033,0.00045919404285418744,0.0003039243088510582,0.1,3.0518507355681437,0.020294480803412555
k__Bacteria;p__Firmicutes;c__Clostridia;o__Clostridiales;f__Christensenellaceae;g__;s__,kept,family,0.094644849386389,0.0014035349026666902,0.002834774944209447,0.1,3.5244442712673023,0.011711013661577658
k__Bacteria;p__Firmicutes;c__Clostridia;o__Clostridiales;f__Christensenellaceae;g__Christensenella;s__,kept,genus,0.053365563406470806,0.00015419210630050848,7.63410762945522e-05,0.06666666666666667,3.8812958045692265,0.01536926554973419
k__Bacteria;p__Firmicutes;c__Clostridia;o__Clostridiales;f__Clostridiaceae;g__02d06;s__,kept,genus,0.0046485682409817776,0.005361060957054493,0.0005212583030244854,0.06666666666666667,4.732834088375895,0.017851005418900136
k__Bacteria;p__Firmicutes;c__Clostridia;o__Clostridiales;f__Clostridiaceae;g__;s__,kept,family,0.06507995537374489,0.0218774545009501,0.01338580314629967,0.1,3.2696951247189774,0.014612399575421804
k__Bacteria;p__Firmicutes;c__Clostridia;o__Clostridiales;f__Clostridiaceae;g__Clostridium;s__,kept,genus,0.08850873930829305,0.04280148885797356,0.02978800142725425,0.06666666666666667,3.892501720800897,0.01978880773859882
k__Bacteria;p__Firmicutes;c__Clostridia;o__Clostridiales;f__Clostridiaceae;g__Clostridium;s__baratii,dropped,species,0.0005578281889178133,0.0014544839999999998,5.599613792543255e-05,0.03333333333333333,5.477225575051662,0.01915635925610016
k__Bacteria;p__Firmicutes;c__Clostridia;o__Clostridiales;f__Clostridiaceae;g__Clostridium;s__bowmanii,dropped,species,0.0009297136481963555,0.0012237723698499598,4.3301687876168045e-05,0.03333333333333333,5.477225575051661,0.02472917778596589
k__Bacteria;p__Firmicutes;c__Clostridia;o__Clostridiales;f__Clostridiaceae;g__Clostridium;s__butyricum,kept,species,0.002231312755671253,0.0002678349054272419,1.5954351894325572e-05,0.06666666666666667,3.8056710604147077,0.028753999427771206
k__Bacteria;p__Firmicutes;c__Clostridia;o__Clostridiales;f__Clostridiaceae;g__Clostridium;s__celatum,kept,species,0.049832651543324655,0.009700278343259549,0.007045112168608578,0.06666666666666667,3.9733933609414107,0.01955807284387634
k__Bacteria;p__Firmicutes;c__Clostridia;o__Clostridiales;f__Clostridiaceae;g__Clostridium;s__colicanis,dropped,species,0.0005578281889178133,0.000922892414306,2.2054859821557932e-05,0.03333333333333333,5.47722557505166,0.017191034575054744
k__Bacteria;p__Firmicutes;c__Clostridia;o__Clostridiales;f__Clostridiaceae;g__Clostridium;s__hiranonis,dropped,species,0.001859427296392711,0.021825376400000006,0.0015260611000596986,0.03333333333333333,5.477225575051662,0.007589653350662669
k__Bacteria;p__Firmicutes;c__Clostridia;o__Clostridiales;f__Clostridiaceae;g__Clostridium;s__neonatale,dropped,species,0.003718854592785422,0.00126065865,0.00017778057513728862,0.03333333333333333,5.477225575051662,0.0038076914384235364
k__Bacteria;p__Firmicutes;c__Clostridia;o__Clostridiales;f__Clostridiaceae;g__Clostridium;s__paraputrificum,kept,species,0.025102268501301598,0.006016281268800804,0.0018774341479232035,0.1,3.251572007046799,0.00932513076039312
k__Bacteria;p__Firmicutes;c__Clostridia;o__Clostridiales;f__Clostridiaceae;g__Clostridium;s__perfringens,kept,species,0.01896615842320565,0.00452429646998164,0.0017099075304003318,0.1,3.1272214600248125,0.012944621015969307
k__Bacteria;p__Firmicutes;c__Clostridia;o__Clostridiales;f__Clostridiaceae;g__SMB53;s__,dropped,genus,0.005950167348456675,0.0033531296559460005,0.0005712529918342625,0.03333333333333333,5.477225575051661,0.013519106217634991
k__Bacteria;p__Firmicutes;c__Clostridia;o__Clostridiales;f__Clostridiaceae;g__Sarcina;s__,kept,genus,0.0024172554853105245,0.131111155266282,0.011560107898765253,0.06666666666666667,4.550702171696128,0.009763064496504917
k__Bacteria;p__Firmicutes;c__Clostridia;o__Clostridiales;f__Dehalobacteriaceae;g__;s__,kept,family,0.0167348456675344,0.002062958276527206,0.0005048747740117417,0.1,3.203169183134094,0.020793494404537045
k__Bacteria;p__Firmicutes;c__Clostridia;o__Clostridiales;f__Dehalobacteriaceae;g__Dehalobacterium;s__,kept,genus,0.05838601710673113,0.00013778316994400225,6.089725388297304e-05,0.1,3.597760609424064,0.021332158534958772
k__Bacteria;p__Firmicutes;c__Clostridia;o__Clostridiales;f__EtOH8;g__;s__,kept,family,0.022870955745630347,0.0003172175763417846,7.24321564025415e-05,0.06666666666666667,4.580887255654626,0.020934133628989406
k__Bacteria;p__Firmicutes;c__Clostridia;o__Clostridiales;f__Eubacteriaceae;g__Anaerofustis;s__,kept,genus,0.06061732986240238,0.0001256781515578034,5.0213404239601294e-05,0.1,3.1225068582961613,0.02640977816781908
k__Bacteria;p__Firmicutes;c__Clostridia;o__Clostridiales;f__Eubacteriaceae;g__Pseudoramibacter_Eubacterium;s__,kept,genus,0.05169207883971737,0.002492285405223148,0.001550589954860821,0.1,3.5637213171707436,0.022672807788579993
k__Bacteria;p__Firmicutes;c__Clostridia;o__Clostridiales;f__Lachnospiraceae;g__;s__,kept,family,0.1532168092227594,0.0013460594944995992,0.0011516341438642765,0.1,3.051299007830625,0.03237827431908365
k__Bacteria;p__Firmicutes;c__Clostridia;o__Clostridiales;f__Lachnospiraceae;g__Anaerostipes;s__,kept,genus,0.07623651915210115,0.0009511624049610985,0.0006179107150624238,0.1,3.6573174652714617,0.020069082263030346
k__Bacteria;p__Firmicutes;c__Clostridia;o__Clostridiales;f__Lachnospiraceae;g__Blautia;s__,kept,genus,0.1517292673856452,0.012925087506649661,0.012334697325144698,0.1,3.051411002081548,0.028163618735182406
k__Bacteria;p__Firmicutes;c__Clostridia;o__Clostridiales;f__Lachnospiraceae;g__Blautia;s__obeum,kept,species,0.11509854964670882,0.04763644663931172,0.03941924256840044,0.1,3.0919333581268553,0.019191881909366968
k__Bacteria;p__Firmicutes;c__Clostridia;o__Clostridiales;f__Lachnospiraceae;g__Blautia;s__producta,kept,species,0.08088508739308294,0.003318098829287748,0.0020178007186980535,0.1,3.5002415317164504,0.015486167387669192
k__Bacteria;p__Firmicutes;c__Clostridia;o__Clostridiales;f__Lachnospiraceae;g__Butyrivibrio;s__,kept,genus,0.005578281889178133,0.0008223638457926819,9.566227962225425e-05,0.06666666666666667,4.346256633275292,0.01212736772695006
k__Bacteria;p__Firmicutes;c__Clostridia;o__Clostridiales;f__Lachnospiraceae;g__Butyrivibrio;s__crossotus,kept,species,0.00334696913350688,0.09502734710549761,0.006984523713504345,0.06666666666666667,4.628867694955202,0.012511170984836022
k__Bacteria;p__Firmicutes;c__Clostridia;o__Clostridiales;f__Lachnospiraceae;g__Clostridium;s__,kept,genus,0.056712532539977684,0.0005086660496544215,0.0002373666051156054,0.1,3.585218429925463,0.008607678778378196
k__Bacteria;p__Firmicutes;c__Clostridia;o__Clostridiales;f__Lachnospiraceae;g__Clostridium;s__aldenense,dropped,species,0.050204537002603196,0.0030540367740740744,0.0015624436134465374,0.03333333333333333,5.477225575051662,0.01268895479042825
k__Bacteria;p__Firmicutes;c__Clostridia;o__Clostridiales;f__Lachnospiraceae;g__Clostridium;s__citroniae,kept,species,0.09055410933432503,0.013480642201023114,0.009496359270162975,0.06666666666666667,3.950584135717945,0.01149108260980994
k__Bacteria;p__Firmicutes;c__Clostridia;o__Clostridiales;f__Lachnospiraceae;g__Clostridium;s__colinum,dropped,species,0.012458162885831164,0.002426430507462686,0.0007614636889499089,0.03333333333333333,5.477225575051661,0.01249888291239752
k__Bacteria;p__Firmicutes;c__Clostridia;o__Clostridiales;f__Lachnospiraceae;g__Clostridium;s__hathewayi,kept,species,0.07698029007065824,0.002192946572644445,0.0016799064288254974,0.1,4.0354151488458925,0.014474330080689856
k__Bacteria;p__Firmicutes;c__Clostridia;o__Clostridiales;f__Lachnospiraceae;g__Clostridium;s__lavalense,kept,species,0.07251766455931573,0.0021063489014387818,0.0010322051514424853,0.06666666666666667,4.191256151768104,0.02050006036667069
k__Bacteria;p__Firmicutes;c__Clostridia;o__Clostridiales;f__Lachnospiraceae;g__Clostridium;s__symbiosum,kept,species,0.07010040907400521,0.004221210273050522,0.0025322261908222697,0.1,4.833058997392828,0.009969530461170313
k__Bacteria;p__Firmicutes;c__Clostridia;o__Clostridiales;f__Lachnospiraceae;g__Coprococcus;s__,kept,genus,0.1498698400892525,0.024752021597299393,0.025212578478411237,0.1,3.05161168951122,0.0143559744563814
k__Bacteria;p__Firmicutes;c__Clostridia;o__Clostridiales;f__Lachnospiraceae;g__Coprococcus;s__catus,kept,species,0.0682409817776125,0.004834900299123044,0.0021944551977362984,0.1,3.284412385796601,0.010827506722775297
k__Bacteria;p__Firmicutes;c__Clostridia;o__Clostridiales;f__Lachnospiraceae;g__Coprococcus;s__eutactus,kept,species,0.030494607660840462,0.01140266996022768,0.003725223083288737,0.1,3.803153746570602,0.027798504960143244
k__Bacteria;p__Firmicutes;c__Clostridia;o__Clostridiales;f__Lachnospiraceae;g__Dorea;s__,kept,genus,0.13239122350316102,0.003071902103159054,0.003002177609056918,0.1,3.083526632589809,0.0227344820974529
k__Bacteria;p__Firmicutes;c__Clostridia;o__Clostridiales;f__Lachnospiraceae;g__Dorea;s__formicigenerans,kept,species,0.09427296392711045,0.009838518869568075,0.006395715136331996,0.1,3.1515394765709717,0.018937176962555473
k__Bacteria;p__Firmicutes;c__Clostridia;o__Clostridiales;f__Lachnospiraceae;g__Dorea;s__longicatena,dropped,species,0.01171439196727408,0.017505356391425326,0.0022136742597914545,0.03333333333333333,5.477225575051661,0.01653128001107992
k__Bacteria;p__Firmicutes;c__Clostridia;o__Clostridiales;f__Lachnospiraceae;g__Epulopiscium;s__,kept,genus,0.010784678319077723,0.0050205779380604245,0.001132391412300701,0.1,3.4201329096986224,0.022252717901764568
k__Bacteria;p__Firmicutes;c__Clostridia;o__Clostridiales;f__Lachnospiraceae;g__Lachnoanaerobaculum;s__orale,dropped,species,0.0014875418371141688,8.6928875e-05,3.7950230758682537e-06,0.03333333333333333,5.477225575051662,0.010641728442703296
k__Bacteria;p__Firmicutes;c__Clostridia;o__Clostridiales;f__Lachnospiraceae;g__Lachnobacterium;s__,kept,genus,0.04592785422089996,0.012805821090471282,0.007428780566771077,0.1,3.4720428539279555,0.02034214044412063
k__Bacteria;p__Firmicutes;c__Clostridia;o__Clostridiales;f__Lachnospiraceae;g__Lachnospira;s__,kept,genus,0.10264038676087765,0.007813645322016399,0.004301454156801841,0.1,3.227515243820653,0.015306918912554127
k__Bacteria;p__Firmicutes;c__Clostridia;o__Clostridiales;f__Lachnospiraceae;g__Lactonifactor;s__longoviformis,dropped,species,0.014689475641502418,0.0005548941265822784,0.00011440312254655836,0.03333333333333333,5.477225575051659,0.01289129810340158
k__Bacteria;p__Firmicutes;c__Clostridia;o__Clostridiales;f__Lachnospiraceae;g__Marvinbryantia;s__formatexigens,dropped,species,0.0007437709185570844,0.0059809185,0.0003188424855494888,0.03333333333333333,5.477225575051662,0.015766191803831608
k__Bacteria;p__Firmicutes;c__Clostridia;o__Clostridiales;f__Lachnospiraceae;g__Moryella;s__,dropped,genus,0.00167348456675344,0.0002486441111111111,2.5448287060327038e-05,0.03333333333333333,5.47722557505166,0.014642988215384959
k__Bacteria;p__Firmicutes;c__Clostridia;o__Clostridiales;f__Lachnospiraceae;g__Moryella;s__indoligenes,dropped,species,0.0029750836742283376,0.0012127502500000002,0.00011330861827365721,0.03333333333333333,5.477225575051662,0.012493603794115949
k__Bacteria;p__Firmicutes;c__Clostridia;o__Clostridiales;f__Lachnospiraceae;g__Oribacterium;s__,dropped,genus,0.0029750836742283376,0.00013189125,8.49345869647255e-06,0.03333333333333333,5.477225575051662,0.007693995101932812
k__Bacteria;p__Firmicutes;c__Clostridia;o__Clostridiales;f__Lachnospiraceae;g__Robinsoniella;s__peoriensis,dropped,species,0.00167348456675344,0.0007247025555555556,3.8533589965829626e-05,0.03333333333333333,5.47722557505166,0.013629077830054626
k__Bacteria;p__Firmicutes;c__Clostridia;o__Clostridiales;f__Lachnospiraceae;g__Roseburia;s__,kept,genus,0.12699888434362216,0.007682377027932123,0.004931291544348975,0.1,3.06373630824334,0.018699851703022345
k__Bacteria;p__Firmicutes;c__Clostridia;o__Clostridiales;f__Lachnospiraceae;g__Roseburia;s__faecis,kept,species,0.08702119747117888,0.07045719604898754,0.031031385055874508,0.06666666666666667,3.8205430907291187,0.018273757516060543
k__Bacteria;p__Firmicutes;c__Clostridia;o__Clostridiales;f__Lachnospiraceae;g__Ruminococcus;s__gauvreauii,kept,species,0.01171439196727408,0.0008713450175690908,0.00013713036658881495,0.06666666666666667,4.038420489981155,0.010760461570105469
k__Bacteria;p__Firmicutes;c__Clostridia;o__Clostridiales;f__Lachnospiraceae;g__Ruminococcus;s__lactaris,dropped,species,0.026031982149497954,0.013811221271428569,0.0033724266618342215,0.03333333333333333,5.47722557505166,0.019363724415534342
k__Bacteria;p__Firmicutes;c__Clostridia;o__Clostridiales;f__Lachnospiraceae;g___Ruminococcus_;s__,kept,genus,0.12941613982893269,0.006299281393519148,0.008845435948195996,0.1,3.0711075593273516,0.01888234072643961
k__Bacteria;p__Firmicutes;c__Clostridia;o__Clostridiales;f__Lachnospiraceae;g___Ruminococcus_;s__gnavus,kept,species,0.12086277426552622,0.006149035329525196,0.005672986115425358,0.1,3.1730474714854147,0.024725335924763305
k__Bacteria;p__Firmicutes;c__Clostridia;o__Clostridiales;f__Lachnospiraceae;g___Ruminococcus_;s__torques,kept,species,0.09297136481963555,0.031029470311121597,0.020046306237237764,0.1,3.614237139726829,0.015585599866682339
k__Bacteria;p__Firmicutes;c__Clostridia;o__Clostridiales;f__Peptococcaceae;g__;s__,kept,family,0.027705466716251393,0.0003512173215497148,9.84760776022264e-05,0.06666666666666667,3.908275754656455,0.011716956624795986
k__Bacteria;p__Firmicutes;c__Clostridia;o__Clostridiales;f__Peptococcaceae;g__Peptococcus;s__,kept,genus,0.027891409445890667,0.007913654334929549,0.0034104073523714656,0.1,3.104560188243553,0.01234189068584953
k__Bacteria;p__Firmicutes;c__Clostridia;o__Clostridiales;f__Peptococcaceae;g__rc4-4;s__,kept,genus,0.032168092227593904,0.00042306908899877735,0.00017254825182652417,0.1,3.6601417146641584,0.016299370498195038
k__Bacteria;p__Firmicutes;c__Clostridia;o__Clostridiales;f__Peptostreptococcaceae;g__;s__,kept,family,0.12476757158795092,0.03352707158224795,0.027849150281160716,0.1,3.0528795245015914,0.03059587442853567
k__Bacteria;p__Firmicutes;c__Clostridia;o__Clostridiales;f__Peptostreptococcaceae;g__Clostridium;s__,dropped,genus,0.014875418371141688,0.025559234240649088,0.00593132157166837,0.03333333333333333,5.477225575051661,0.011098357106340662
k__Bacteria;p__Firmicutes;c__Clostridia;o__Clostridiales;f__Peptostreptococcaceae;g__Clostridium;s__ruminantium,kept,species,0.014503532911863145,0.002943151377141694,0.0007036248188505836,0.06666666666666667,3.840271551604187,0.013686972385467833
k__Bacteria;p__Firmicutes;c__Clostridia;o__Clostridiales;f__Peptostreptococcaceae;g__Peptostreptococcus;s__,kept,genus,0.006322052807735217,0.0023788579244137876,0.0004143661462947743,0.06666666666666667,4.414863025737815,0.01781022983750984
k__Bacteria;p__Firmicutes;c__Clostridia;o__Clostridiales;f__Peptostreptococcaceae;g__Peptostreptococcus;s__anaerobius,kept,species,0.0061361100780959466,0.0005776596772775699,5.8709463274577286e-05,0.06666666666666667,4.42040365051744,0.021599572440106272
k__Bacteria;p__Firmicutes;c__Clostridia;o__Clostridiales;f__Peptostreptococcaceae;g___Clostridium_;s__,dropped,genus,0.0026031982149497955,0.0020052294285714286,0.000259332299804296,0.03333333333333333,5.477225575051661,0.010814322988383437
k__Bacteria;p__Firmicutes;c__Clostridia;o__Clostridiales;f__Peptostreptococcaceae;g___Clostridium_;s__bifermentans,dropped,species,0.0007437709185570844,0.00025474600000000003,9.051666927990681e-06,0.03333333333333333,5.477225575051662,0.013530795172084768
k__Bacteria;p__Firmicutes;c__Clostridia;o__Clostridiales;f__Peptostreptococcaceae;g___Clostridium_;s__sordellii,dropped,species,0.00167348456675344,0.009285611998935277,0.0005083943173530063,0.03333333333333333,5.477225575051661,0.012304616688233964
k__Bacteria;p__Firmicutes;c__Clostridia;o__Clostridiales;f__Ruminococcaceae;g__;s__,kept,family,0.1517292673856452,0.0008888534361284765,0.0005882769699944668,0.1,3.0516050173916676,0.015573652923042322
k__Bacteria;p__Firmicutes;c__Clostridia;o__Clostridiales;f__Ruminococcaceae;g__Anaerofilum;s__,dropped,genus,0.0057642246188174045,0.00041296941935483873,3.9877853330481476e-05,0.03333333333333333,5.477225575051661,0.009638689595376762
k__Bacteria;p__Firmicutes;c__Clostridia;o__Clostridiales;f__Ruminococcaceae;g__Anaerotruncus;s__,kept,genus,0.07381926366679063,0.000936621203549726,0.0006249027205168872,0.06666666666666667,3.8600755278842183,0.016778281561590513
k__Bacteria;p__Firmicutes;c__Clostridia;o__Clostridiales;f__Ruminococcaceae;g__Butyricicoccus;s__pullicaecorum,kept,species,0.0907400520639643,0.0008347189484036583,0.00047489892781762017,0.1,3.437322646519512,0.014836812845062242
k__Bacteria;p__Firmicutes;c__Clostridia;o__Clostridiales;f__Ruminococcaceae;g__Clostridium;s__,kept,genus,0.003904797322424693,0.0003584255353902905,3.565367397614044e-05,0.06666666666666667,3.8442776799906415,0.013766424361299127
k__Bacteria;p__Firmicutes;c__Clostridia;o__Clostridiales;f__Ruminococcaceae;g__Clostridium;s__methylpentosum,kept,species,0.07344737820751208,7.370801572979722e-05,4.707170693450781e-05,0.1,3.5876876647580755,0.02217693459651559
k__Bacteria;p__Firmicutes;c__Clostridia;o__Clostridiales;f__Ruminococcaceae;g__Faecalibacterium;s__,kept,genus,0.047787281517292675,0.0062397878680318245,0.003948355944939996,0.1,4.101155526332547,0.014404991530821738
k__Bacteria;p__Firmicutes;c__Clostridia;o__Clostridiales;f__Ruminococcaceae;g__Faecalibacterium;s__prausnitzii,kept,species,0.1320193380438825,0.023665141334939882,0.013604231033224992,0.1,3.0836744125877957,0.021026460287829698
k__Bacteria;p__Firmicutes;c__Clostridia;o__Clostridiales;f__Ruminococcaceae;g__Gemmiger;s__formicilis,kept,species,0.07363332093715136,0.01987594684824152,0.009770871830712787,0.06666666666666667,3.8588196598369287,0.009415201655286835
k__Bacteria;p__Firmicutes;c__Clostridia;o__Clostridiales;f__Ruminococcaceae;g__Oscillospira;s__,kept,genus,0.13146150985496466,0.0010273426924434967,0.000504094765223789,0.1,3.1556371495660898,0.018566683430707717
k__Bacteria;p__Firmicutes;c__Clostridia;o__Clostridiales;f__Ruminococcaceae;g__Oscillospira;s__guilliermondii,kept,species,0.021569356638155446,0.0025281789704121862,0.0006484921050095514,0.06666666666666667,4.075662499798289,0.012994917499807915
k__Bacteria;p__Firmicutes;c__Clostridia;o__Clostridiales;f__Ruminococcaceae;g__Ruminococcus;s__,kept,genus,0.14187430271476384,0.0007815692365455483,0.0006067036028892998,0.1,3.0759193935439395,0.03058107589268737
k__Bacteria;p__Firmicutes;c__Clostridia;o__Clostridiales;f__Ruminococcaceae;g__Ruminococcus;s__albus,kept,species,0.016177017478616586,0.006088220595111528,0.002111479503006171,0.06666666666666667,5.2426002529784155,0.009744525810913755
k__Bacteria;p__Firmicutes;c__Clostridia;o__Clostridiales;f__Ruminococcaceae;g__Ruminococcus;s__bromii,kept,species,0.10319821494979546,0.03164097512562663,0.016698018798803407,0.1,3.127886307171327,0.01609276783115324
k__Bacteria;p__Firmicutes;c__Clostridia;o__Clostridiales;f__Ruminococcaceae;g__Ruminococcus;s__callidus,kept,species,0.031052435849758274,0.006131723538906506,0.0023352758430551864,0.1,3.405787817569444,0.01854098513086184
k__Bacteria;p__Firmicutes;c__Clostridia;o__Clostridiales;f__Ruminococcaceae;g__Ruminococcus;s__flavefaciens,kept,species,0.010784678319077723,0.0013267546147635223,0.00022165743967466706,0.06666666666666667,5.2766333941549854,0.022041947878622747
k__Bacteria;p__Firmicutes;c__Clostridia;o__Clostridiales;f__Syntrophomonadaceae;g__Syntrophomonas;s__,kept,genus,0.004834510970621049,9.011949286301923e-05,1.0252641078851122e-05,0.06666666666666667,4.130592091377537,0.020083945913103814
k__Bacteria;p__Firmicutes;c__Clostridia;o__Clostridiales;f__Veillonellaceae;g__;s__,kept,family,0.012086277426552623,0.0034951509706192783,0.0008484770487543252,0.06666666666666667,3.890115786865801,0.013767692999857428
k__Bacteria;p__Firmicutes;c__Clostridia;o__Clostridiales;f__Veillonellaceae;g__Acidaminococcus;s__,kept,genus,0.039791744142804016,0.07150226413169705,0.0249475910941245,0.1,3.88324630626989,0.0286257710404395
k__Bacteria;p__Firmicutes;c__Clostridia;o__Clostridiales;f__Veillonellaceae;g__Dialister;s__,kept,genus,0.08925251022685013,0.0029347067605202557,0.0019907130499108965,0.1,3.296959514344387,0.01721610089744492
k__Bacteria;p__Firmicutes;c__Clostridia;o__Clostridiales;f__Veillonellaceae;g__Megamonas;s__,dropped,genus,0.006879880996653031,0.054723386972972965,0.011971866062465085,0.03333333333333333,5.477225575051662,0.010481214180289362
k__Bacteria;p__Firmicutes;c__Clostridia;o__Clostridiales;f__Veillonellaceae;g__Megasphaera;s__,kept,genus,0.04444031238378579,0.011069787860083538,0.005877683975571111,0.1,3.7158415312697115,0.008533457167654338
k__Bacteria;p__Firmicutes;c__Clostridia;o__Clostridiales;f__Veillonellaceae;g__Mitsuokella;s__,kept,genus,0.004834510970621049,0.010212847048668658,0.0014379917246459461,0.06666666666666667,5.0206325689872076,0.018614803273264584
k__Bacteria;p__Firmicutes;c__Clostridia;o__Clostridiales;f__Veillonellaceae;g__Pectinatus;s__,dropped,genus,0.0007437709185570844,0.0071302202499999995,0.00034344824389168435,0.03333333333333333,5.477225575051662,0.01951848970986326
k__Bacteria;p__Firmicutes;c__Clostridia;o__Clostridiales;f__Veillonellaceae;g__Phascolarctobacterium;s__,kept,genus,0.09390107846783191,0.041352930843963236,0.018375371051262916,0.1,3.7271773851564363,0.017428054517038254
k__Bacteria;p__Firmicutes;c__Clostridia;o__Clostridiales;f__Veillonellaceae;g__Schwartzia;s__,dropped,genus,0.0009297136481963555,0.00010226739999999999,3.5790872564895864e-06,0.03333333333333333,5.477225575051662,0.01940481847012287
k__Bacteria;p__Firmicutes;c__Clostridia;o__Clostridiales;f__Veillonellaceae;g__Selenomonas;s__,dropped,genus,0.00334696913350688,7.188638888888889e-05,8.033319627148309e-06,0.03333333333333333,5.47722557505166,0.01794495178079826
k__Bacteria;p__Firmicutes;c__Clostridia;o__Clostridiales;f__Veillonellaceae;g__Selenomonas;s__noxia,dropped,species,0.0009297136481963555,0.00011372739999999999,3.87813303734582e-06,0.03333333333333333,5.477225575051662,0.008752416633095022
k__Bacteria;p__Firmicutes;c__Clostridia;o__Clostridiales;f__Veillonellaceae;g__Succiniclasticum;s__,dropped,genus,0.004090740052063964,0.03174212154545454,0.005612890786199306,0.03333333333333333,5.477225575051662,0.0083513432202115
k__Bacteria;p__Firmicutes;c__Clostridia;o__Clostridiales;f__Veillonellaceae;g__Veillonella;s__,kept,genus,0.005950167348456675,0.027200170176952622,0.005068072468116452,0.1,3.325999080726619,0.018295962709991696
k__Bacteria;p__Firmicutes;c__Clostridia;o__Clostridiales;f__Veillonellaceae;g__Veillonella;s__dispar,kept,species,0.0753068055039048,0.011607132324367088,0.011224102046280805,0.1,3.7513848103593808,0.01342431220354033
k__Bacteria;p__Firmicutes;c__Clostridia;o__Clostridiales;f__Veillonellaceae;g__Veillonella;s__parvula,kept,species,0.046671625139457044,0.007377622448784459,0.004595488679337574,0.06666666666666667,3.8215215030401164,0.016302330211211545
k__Bacteria;p__Firmicutes;c__Clostridia;o__Clostridiales;f___Mogibacteriaceae_;g__;s__,kept,family,0.14001487541837115,0.00025431673129627824,0.0001725829368913013,0.1,3.053583351344877,0.015328872451915047
k__Bacteria;p__Firmicutes;c__Clostridia;o__Clostridiales;f___Mogibacteriaceae_;g__Anaerovorax;s__,dropped,genus,0.0013015991074748978,0.0003094945714285714,1.1694957639981828e-05,0.03333333333333333,5.477225575051661,0.029905088566660017
k__Bacteria;p__Firmicutes;c__Clostridia;o__Clostridiales;f___Mogibacteriaceae_;g__Mogibacterium;s__,kept,genus,0.042208999628114544,0.004118022459150303,0.0022599007383532596,0.1,3.091476557181131,0.026634604387329407
k__Bacteria;p__Firmicutes;c__Clostridia;o__Clostridiales;f___Tissierellaceae_;g__1-68;s__,kept,genus,0.04704351059873559,0.003177278428962901,0.002343879979950396,0.06666666666666667,5.143821924213227,0.01721287733065183
k__Bacteria;p__Firmicutes;c__Clostridia;o__Clostridiales;f___Tissierellaceae_;g__;s__,kept,family,0.008553365563406471,0.0011981687325798218,0.00025287242454801107,0.06666666666666667,4.659776983632174,0.019882242228330935
k__Bacteria;p__Firmicutes;c__Clostridia;o__Clostridiales;f___Tissierellaceae_;g__Anaerococcus;s__,kept,genus,0.061361100780959466,0.0004542586889872255,0.0004638742216683768,0.06666666666666667,5.156869313268909,0.011585878733501349
k__Bacteria;p__Firmicutes;c__Clostridia;o__Clostridiales;f___Tissierellaceae_;g__Finegoldia;s__,kept,genus,0.06638155448121978,0.005246538578583816,0.004934337241782012,0.06666666666666667,4.189783954526448,0.02611578240205552
k__Bacteria;p__Firmicutes;c__Clostridia;o__Clostridiales;f___Tissierellaceae_;g__Gallicola;s__,dropped,genus,0.0076236519152101155,0.001203103268292683,0.00030792252726389023,0.03333333333333333,5.47722557505166,0.011761944779010965
k__Bacteria;p__Firmicutes;c__Clostridia;o__Clostridiales;f___Tissierellaceae_;g__Helcococcus;s__,dropped,genus,0.004090740052063964,0.00037529663636363627,4.434610033273265e-05,0.03333333333333333,5.477225575051662,0.006958636767364264
k__Bacteria;p__Firmicutes;c__Clostridia;o__Clostridiales;f___Tissierellaceae_;g__Parvimonas;s__,kept,genus,0.02026775753068055,0.0004378643650968101,0.00017116531629959614,0.06666666666666667,4.052099728510717,0.006769965208913287
k__Bacteria;p__Firmicutes;c__Clostridia;o__Clostridiales;f___Tissierellaceae_;g__Peptoniphilus;s__,kept,genus,0.07735217552993678,0.0008082449139728478,0.0009473341199779411,0.06666666666666667,4.324777212451155,0.010163092353982228
k__Bacteria;p__Firmicutes;c__Clostridia;o__Clostridiales;f___Tissierellaceae_;g__Sporanaerobacter;s__,dropped,genus,0.0005578281889178133,0.0015105423333333333,5.747816931863027e-05,0.03333333333333333,5.477225575051662,0.022993944570621434
k__Bacteria;p__Firmicutes;c__Clostridia;o__Clostridiales;f___Tissierellaceae_;g__WAL_1855D;s__,dropped,genus,0.04685756786909632,0.010585753939484289,0.007543453581062008,0.06666666666666667,5.346699410941343,0.011856021244571828
k__Bacteria;p__Firmicutes;c__Clostridia;o__Clostridiales;f___Tissierellaceae_;g__ph2;s__,dropped,genus,0.033097805875790254,0.0005805055056179776,0.0003704597066955086,0.03333333333333333,5.477225575051661,0.012865925313561677
k__Bacteria;p__Firmicutes;c__Erysipelotrichi;o__Erysipelotrichales;f__Erysipelotrichaceae;g__;s__,kept,family,0.08925251022685013,0.011837703346234636,0.009961159113959705,0.1,3.1740677786919345,0.02010344586170776
k__Bacteria;p__Firmicutes;c__Erysipelotrichi;o__Erysipelotrichales;f__Erysipelotrichaceae;g__Allobaculum;s__,dropped,genus,0.0007437709185570844,0.000194996,5.972789968069577e-06,0.03333333333333333,5.477225575051662,0.012459969957088519
k__Bacteria;p__Firmicutes;c__Erysipelotrichi;o__Erysipelotrichales;f__Erysipelotrichaceae;g__Anaerorhabdus;s__furcosa,dropped,species,0.0007437709185570844,8.671650000000001e-05,2.5569813801434404e-06,0.03333333333333333,5.477225575051662,0.015896705203793198
k__Bacteria;p__Firmicutes;c__Erysipelotrichi;o__Erysipelotrichales;f__Erysipelotrichaceae;g__Bulleidia;s__,kept,genus,0.0024172554853105245,0.0008842384607525846,5.030758637239638e-05,0.06666666666666667,5.184387064603632,0.014577447532231573
k__Bacteria;p__Firmicutes;c__Erysipelotrichi;o__Erysipelotrichales;f__Erysipelotrichaceae;g__Bulleidia;s__moorei,kept,species,0.006322052807735217,0.0001359619945809894,1.6761356712155102e-05,0.1,3.0686316350601217,0.01622169925220657
k__Bacteria;p__Firmicutes;c__Erysipelotrichi;o__Erysipelotrichales;f__Erysipelotrichaceae;g__Bulleidia;s__p-1630-c5,kept,species,0.004090740052063964,0.003863938524337264,0.0003234407357013357,0.1,4.706024022596926,0.019424168621541622
k__Bacteria;p__Firmicutes;c__Erysipelotrichi;o__Erysipelotrichales;f__Erysipelotrichaceae;g__Catenibacterium;s__,kept,genus,0.015061361100780959,0.018003426375495762,0.003946310937929551,0.1,4.001825953228162,0.025402318547780887
k__Bacteria;p__Firmicutes;c__Erysipelotrichi;o__Erysipelotrichales;f__Erysipelotrichaceae;g__Clostridium;s__,kept,genus,0.025660096690219413,0.002350440255842403,0.0008960109211328775,0.1,4.031884117578735,0.018410962357680877
k__Bacteria;p__Firmicutes;c__Erysipelotrichi;o__Erysipelotrichales;f__Erysipelotrichaceae;g__Clostridium;s__ramosum,kept,species,0.03644477500929714,0.0014314937315486496,0.0006910508992686074,0.06666666666666667,4.12287460189816,0.01578333198584382
k__Bacteria;p__Firmicutes;c__Erysipelotrichi;o__Erysipelotrichales;f__Erysipelotrichaceae;g__Clostridium;s__spiroforme,kept,species,0.04425436965414652,0.0006515367513229024,0.0002813840753218347,0.1,3.062291654308341,0.014788625296940694
k__Bacteria;p__Firmicutes;c__Erysipelotrichi;o__Erysipelotrichales;f__Erysipelotrichaceae;g__Coprobacillus;s__,kept,genus,0.060245444403123835,0.0003041882985168744,0.000141027476332086,0.1,3.112123558417157,0.012258604024710396
k__Bacteria;p__Firmicutes;c__Erysipelotrichi;o__Erysipelotrichales;f__Erysipelotrichaceae;g__Coprobacillus;s__cateniformis,kept,species,0.02026775753068055,0.0021112377016164335,0.0007005024047791766,0.1,3.3210162820368927,0.01990707901601163
k__Bacteria;p__Firmicutes;c__Erysipelotrichi;o__Erysipelotrichales;f__Erysipelotrichaceae;g__Holdemania;s__,kept,genus,0.06582372629230197,0.00010544403318883532,4.2945582748766495e-05,0.1,3.628580795277345,0.011977200690432073
k__Bacteria;p__Firmicutes;c__Erysipelotrichi;o__Erysipelotrichales;f__Erysipelotrichaceae;g__RFN20;s__,kept,genus,0.005392339159538862,0.000879881433421689,0.00011181287378196062,0.1,4.8307443355763775,0.015782611623653967
k__Bacteria;p__Firmicutes;c__Erysipelotrichi;o__Erysipelotrichales;f__Erysipelotrichaceae;g___Eubacterium_;s__,kept,genus,0.024916325771662327,0.01013322099483014,0.0035780078848821092,0.1,3.4761989696653495,0.017121828937139434
k__Bacteria;p__Firmicutes;c__Erysipelotrichi;o__Erysipelotrichales;f__Erysipelotrichaceae;g___Eubacterium_;s__biforme,kept,species,0.042208999628114544,0.050133229184472744,0.022335894867709104,0.1,3.5331250655392648,0.017126087947628932
k__Bacteria;p__Firmicutes;c__Erysipelotrichi;o__Erysipelotrichales;f__Erysipelotrichaceae;g___Eubacterium_;s__cylindroides,kept,species,0.012272220156191893,0.09546564823880099,0.017594615736028,0.06666666666666667,3.8058068895078208,0.01866629596716341
k__Bacteria;p__Firmicutes;c__Erysipelotrichi;o__Erysipelotrichales;f__Erysipelotrichaceae;g___Eubacterium_;s__dolichum,kept,species,0.0894384529564894,0.000892029216745758,0.001014033979297921,0.1,3.0609129170245395,0.021352346938936707
k__Bacteria;p__Firmicutes;c__Erysipelotrichi;o__Erysipelotrichales;f__Erysipelotrichaceae;g__cc_115;s__,kept,genus,0.034213462253625884,0.0006789025792098507,0.0003728679179852156,0.1,3.5607853119590254,0.009238394323339527
k__Bacteria;p__Firmicutes;c__Erysipelotrichi;o__Erysipelotrichales;f__Erysipelotrichaceae;g__p-75-a5;s__,dropped,genus,0.0014875418371141688,0.00045162938408468755,2.525827663524493e-05,0.03333333333333333,5.477225575051661,0.012533459430169362
k__Bacteria;p__Fusobacteria;c__Fusobacteriia;o__Fusobacteriales;f__Fusobacteriaceae;g__;s__,kept,family,0.005578281889178133,0.017688004439742562,0.003332939139123345,0.06666666666666667,4.020198882461709,0.015413730853118169
k__Bacteria;p__Fusobacteria;c__Fusobacteriia;o__Fusobacteriales;f__Fusobacteriaceae;g__Fusobacterium;s__,kept,genus,0.019523986612123467,0.0010276645681989737,0.00037659503675399516,0.06666666666666667,4.326317091465551,0.018082233772619104
k__Bacteria;p__Fusobacteria;c__Fusobacteriia;o__Fusobacteriales;f__Leptotrichiaceae;g__Leptotrichia;s__,dropped,genus,0.0005578281889178133,0.0003380953504596334,8.193283716994925e-06,0.03333333333333333,5.47722557505166,0.02218526644902532
k__Bacteria;p__Fusobacteria;c__Fusobacteriia;o__Fusobacteriales;f__Leptotrichiaceae;g__Sneathia;s__,dropped,genus,0.0009297136481963555,0.0040439377999999995,0.0002586092296591623,0.03333333333333333,5.477225575051662,0.022089795201233834
k__Bacteria;p__Lentisphaerae;c___Lentisphaeria_;o__Victivallales;f__Victivallaceae;g__;s__,kept,family,0.010970621048716996,0.002055515202192606,0.0004683392505505816,0.1,4.235926303758645,0.01085980405295257
k__Bacteria;p__Lentisphaerae;c___Lentisphaeria_;o__Victivallales;f__Victivallaceae;g__Victivallis;s__vadensis,kept,species,0.022685013015991073,0.004661705757853801,0.0019232311372440285,0.1,4.317365267834906,0.02443545962893748
k__Bacteria;p__OD1;c__;o__;f__;g__;s__,kept,phylum,0.05355150613611008,1.0502913350156027e-05,9.708664996708842e-06,0.06666666666666667,4.828555198583197,0.013118040720485858
k__Bacteria;p__Proteobacteria;c__Alphaproteobacteria;o__;f__;g__;s__,dropped,class,0.0005578281889178133,0.0002651277868939333,6.792977797749347e-06,0.03333333333333333,5.47722557505166,0.00892106002035366
k__Bacteria;p__Proteobacteria;c__Alphaproteobacteria;o__Caulobacterales;f__Caulobacteraceae;g__Brevundimonas;s__diminuta,dropped,species,0.002231312755671253,0.032773298166666666,0.003229227117438683,0.03333333333333333,5.477225575051662,0.020621333042866292
k__Bacteria;p__Proteobacteria;c__Alphaproteobacteria;o__Caulobacterales;f__Caulobacteraceae;g__Brevundimonas;s__vesicularis,kept,species,0.002045370026031982,0.006335191254313464,0.0006274103974396426,0.06666666666666667,3.8133954080329815,0.01018372361939753
k__Bacteria;p__Proteobacteria;c__Alphaproteobacteria;o__Caulobacterales;f__Caulobacteraceae;g__Phenylobacterium;s__,dropped,genus,0.0011156563778356265,0.00016656582406690825,7.106076444725973e-06,0.03333333333333333,5.47722557505166,0.011223725829672319
k__Bacteria;p__Proteobacteria;c__Alphaproteobacteria;o__RF32;f__;g__;s__,kept,order,0.031052435849758274,0.003707699030140391,0.0015169668383833068,0.1,3.7655753359487685,0.010874207802769102
k__Bacteria;p__Proteobacteria;c__Alphaproteobacteria;o__Rhizobiales;f__;g__;s__,dropped,order,0.004834510970621049,0.0017150097307692307,0.00025696197096964816,0.03333333333333333,5.47722557505166,0.01372908480442355
k__Bacteria;p__Proteobacteria;c__Alphaproteobacteria;o__Rhizobiales;f__Aurantimonadaceae;g__Aurantimonas;s__,dropped,genus,0.0007437709185570844,0.0012474015,4.333682080383453e-05,0.03333333333333333,5.477225575051662,0.017074942113599677
k__Bacteria;p__Proteobacteria;c__Alphaproteobacteria;o__Rhizobiales;f__Bradyrhizobiaceae;g__;s__,dropped,family,0.002045370026031982,0.0002831067272727272,1.730062891301705e-05,0.03333333333333333,5.477225575051662,0.01758562617496492
k__Bacteria;p__Proteobacteria;c__Alphaproteobacteria;o__Rhizobiales;f__Brucellaceae;g__Ochrobactrum;s__,dropped,genus,0.0046485682409817776,0.00409842956,0.0006107245106405088,0.03333333333333333,5.477225575051662,0.01116120343483904
k__Bacteria;p__Proteobacteria;c__Alphaproteobacteria;o__Rhizobiales;f__Brucellaceae;g__Ochrobactrum;s__intermedium,dropped,species,0.0007437709185570844,0.0582828245,0.002360149675658279,0.03333333333333333,5.477225575051662,0.015936864570174684
k__Bacteria;p__Proteobacteria;c__Alphaproteobacteria;o__Rhizobiales;f__Methylobacteriaceae;g__;s__,dropped,family,0.0013015991074748978,0.0005745242857142856,2.806664151357445e-05,0.03333333333333333,5.477225575051661,0.013741400219367265
k__Bacteria;p__Proteobacteria;c__Alphaproteobacteria;o__Rhizobiales;f__Methylobacteriaceae;g__Methylobacterium;s__,dropped,genus,0.0031610264038676086,0.0006360125882352942,7.692899785853443e-05,0.03333333333333333,5.47722557505166,0.020638048909278412
k__Bacteria;p__Proteobacteria;c__Alphaproteobacteria;o__Rhizobiales;f__Phyllobacteriaceae;g__;s__,dropped,family,0.0027891409445890665,0.0005493563333333332,7.759750509659984e-05,0.03333333333333333,5.477225575051661,0.01663405073788619
k__Bacteria;p__Proteobacteria;c__Alphaproteobacteria;o__Rhizobiales;f__Phyllobacteriaceae;g__Mesorhizobium;s__,dropped,genus,0.003532911863146151,0.00013414481102952823,9.583187821424198e-06,0.03333333333333333,5.477225575051661,0.00834672939507175
k__Bacteria;p__Proteobacteria;c__Alphaproteobacteria;o__Rhizobiales;f__Phyllobacteriaceae;g__Mesorhizobium;s__huakuii,dropped,species,0.002231312755671253,0.00017857672344910952,9.56419838983445e-06,0.03333333333333333,5.47722557505166,0.014805888232565893
k__Bacteria;p__Proteobacteria;c__Alphaproteobacteria;o__Rhizobiales;f__Rhizobiaceae;g__;s__,dropped,family,0.0011156563778356265,0.0050857448333333334,0.00022817925422314033,0.03333333333333333,5.477225575051662,0.008880001225068728
k__Bacteria;p__Proteobacteria;c__Alphaproteobacteria;o__Rhizobiales;f__Rhizobiaceae;g__Agrobacterium;s__,dropped,genus,0.0011156563778356265,0.018529992,0.0009128530264573433,0.03333333333333333,5.477225575051662,0.011037560144234515
k__Bacteria;p__Proteobacteria;c__Alphaproteobacteria;o__Rhizobiales;f__Rhizobiaceae;g__Rhizobium;s__,dropped,genus,0.0005578281889178133,0.019715436333333333,0.0005761409842723848,0.03333333333333333,5.477225575051662,0.01591241184848721
k__Bacteria;p__Proteobacteria;c__Alphaproteobacteria;o__Rhizobiales;f__Rhizobiaceae;g__Shinella;s__granuli,dropped,species,0.00167348456675344,0.008177359444444443,0.0005404713924211803,0.03333333333333333,5.47722557505166,0.019121168831882706
k__Bacteria;p__Proteobacteria;c__Alphaproteobacteria;o__Rhodobacterales;f__Rhodobacteraceae;g__;s__,dropped,family,0.0007437709185570844,0.00052484175,1.5888394394524398e-05,0.03333333333333333,5.477225575051662,0.016738010595407367
k__Bacteria;p__Proteobacteria;c__Alphaproteobacteria;o__Rhodobacterales;f__Rhodobacteraceae;g__Paracoccus;s__,dropped,genus,0.0013015991074748978,0.007873219428571429,0.0006451527327599872,0.03333333333333333,5.477225575051661,0.014901859188672883
k__Bacteria;p__Proteobacteria;c__Alphaproteobacteria;o__Rhodobacterales;f__Rhodobacteraceae;g__Paracoccus;s__marcusii,dropped,species,0.002045370026031982,0.004126514454545455,0.00033064022979040507,0.03333333333333333,5.477225575051662,0.01261732664132688
k__Bacteria;p__Proteobacteria;c__Alphaproteobacteria;o__Rhodospirillales;f__Acetobacteraceae;g__Roseomonas;s__mucosa,dropped,species,0.0009297136481963555,0.0011779809999999998,5.428106963829081e-05,0.03333333333333333,5.477225575051662,0.012248223939894243
k__Bacteria;p__Proteobacteria;c__Alphaproteobacteria;o__Rickettsiales;f__;g__;s__,dropped,order,0.0007437709185570844,0.00017173125,5.147052486420794e-06,0.03333333333333333,5.477225575051662,0.015841549732277915
k__Bacteria;p__Proteobacteria;c__Alphaproteobacteria;o__Sphingomonadales;f__Sphingomonadaceae;g__Blastomonas;s__,dropped,genus,0.0005578281889178133,0.009353739666666666,0.00033339034289887957,0.03333333333333333,5.477225575051662,0.006109953785857362
k__Bacteria;p__Proteobacteria;c__Alphaproteobacteria;o__Sphingomonadales;f__Sphingomonadaceae;g__Novosphingobium;s__,dropped,genus,0.0007437709185570844,0.00350352925,0.00018212872412263356,0.03333333333333333,5.477225575051662,0.01943986503095001
k__Bacteria;p__Proteobacteria;c__Alphaproteobacteria;o__Sphingomonadales;f__Sphingomonadaceae;g__Sphingobium;s__,dropped,genus,0.0005578281889178133,0.040565797,0.0016506818294711552,0.03333333333333333,5.477225575051662,0.017084073882142815
k__Bacteria;p__Proteobacteria;c__Alphaproteobacteria;o__Sphingomonadales;f__Sphingomonadaceae;g__Sphingobium;s__yanoikuyae,dropped,species,0.0013015991074748978,0.06089393714285714,0.004509842344583088,0.03333333333333333,5.477225575051661,0.010073348784757585
k__Bacteria;p__Proteobacteria;c__Alphaproteobacteria;o__Sphingomonadales;f__Sphingomonadaceae;g__Sphingomonas;s__,dropped,genus,0.002045370026031982,0.022564371454545457,0.0021574291478911015,0.03333333333333333,5.477225575051662,0.010108440214074487
k__Bacteria;p__Proteobacteria;c__Alphaproteobacteria;o__Sphingomonadales;f__Sphingomonadaceae;g__Sphingomonas;s__wittichii,dropped,species,0.0007437709185570844,0.00042742874999999997,1.2801869143377818e-05,0.03333333333333333,5.477225575051662,0.013342366199372029
k__Bacteria;p__Proteobacteria;c__Alphaproteobacteria;o__Sphingomonadales;f__Sphingomonadaceae;g__Sphingopyxis;s__,dropped,genus,0.0007437709185570844,0.017037117249999997,0.0007079114558849448,0.03333333333333333,5.477225575051662,0.017371295946236785
k__Bacteria;p__Proteobacteria;c__Alphaproteobacteria;o__Sphingomonadales;f__Sphingomonadaceae;g__Sphingopyxis;s__alaskensis,dropped,species,0.002231312755671253,0.009135091916666668,0.0008346414830978972,0.03333333333333333,5.477225575051662,0.015598501462538984
k__Bacteria;p__Proteobacteria;c__Betaproteobacteria;o__;f__;g__;s__,dropped,class,0.0005578281889178133,0.0026951486666666664,8.398700405633127e-05,0.03333333333333333,5.477225575051662,0.016506236847860425
k__Bacteria;p__Proteobacteria;c__Betaproteobacteria;o__Burkholderiales;f__;g__;s__,kept,order,0.0027891409445890665,0.013461680295554473,0.000996339597286644,0.06666666666666667,5.055295945366079,0.012511400985496546
k__Bacteria;p__Proteobacteria;c__Betaproteobacteria;o__Burkholderiales;f__Alcaligenaceae;g__Achromobacter;s__,dropped,genus,0.0024172554853105245,0.037661165076923075,0.003124173774720382,0.03333333333333333,5.47722557505166,0.013380945722218433
k__Bacteria;p__Proteobacteria;c__Betaproteobacteria;o__Burkholderiales;f__Alcaligenaceae;g__Oligella;s__,dropped,genus,0.001859427296392711,0.034799195299999995,0.0027943401836864894,0.03333333333333333,5.477225575051662,0.015926464219436744
k__Bacteria;p__Proteobacteria;c__Betaproteobacteria;o__Burkholderiales;f__Alcaligenaceae;g__Sutterella;s__,kept,genus,0.09352919300855336,0.0030969161962036786,0.0015534518819897971,0.1,3.5649598862507967,0.019846922202774744
k__Bacteria;p__Proteobacteria;c__Betaproteobacteria;o__Burkholderiales;f__Burkholderiaceae;g__Burkholderia;s__,dropped,genus,0.003904797322424693,0.0001805970537332766,1.2730895198910775e-05,0.03333333333333333,5.477225575051662,0.014566022926052417
k__Bacteria;p__Proteobacteria;c__Betaproteobacteria;o__Burkholderiales;f__Burkholderiaceae;g__Lautropia;s__,dropped,genus,0.00167348456675344,0.00011725977777777778,5.196710952525266e-06,0.03333333333333333,5.47722557505166,0.022122402209163408
k__Bacteria;p__Proteobacteria;c__Betaproteobacteria;o__Burkholderiales;f__Comamonadaceae;g__;s__,kept,family,0.023056898475269618,0.00647040797172269,0.008001312571943859,0.06666666666666667,4.157146210091067,0.01695480484761275
k__Bacteria;p__Proteobacteria;c__Betaproteobacteria;o__Burkholderiales;f__Comamonadaceae;g__Acidovorax;s__,dropped,genus,0.0005578281889178133,0.00012221866666666667,3.650849423186725e-06,0.03333333333333333,5.477225575051662,0.012984351336367194
k__Bacteria;p__Proteobacteria;c__Betaproteobacteria;o__Burkholderiales;f__Comamonadaceae;g__Comamonas;s__,dropped,genus,0.0014875418371141688,0.089921219375,0.006911311954303886,0.03333333333333333,5.477225575051662,0.016188919834821063
k__Bacteria;p__Proteobacteria;c__Betaproteobacteria;o__Burkholderiales;f__Comamonadaceae;g__Variovorax;s__,dropped,genus,0.00167348456675344,0.000978074888888889,6.392420589840075e-05,0.03333333333333333,5.47722557505166,0.02484703455672282
k__Bacteria;p__Proteobacteria;c__Betaproteobacteria;o__Burkholderiales;f__Oxalobacteraceae;g__;s__,kept,family,0.012830048345109707,0.0006659729772845262,8.956801544855863e-05,0.06666666666666667,4.516937414198357,0.01371727829974687
k__Bacteria;p__Proteobacteria;c__Betaproteobacteria;o__Burkholderiales;f__Oxalobacteraceae;g__Herbaspirillum;s__,dropped,genus,0.001859427296392711,0.0011620998,0.000122617322197161,0.03333333333333333,5.477225575051662,0.01375104474963756
k__Bacteria;p__Proteobacteria;c__Betaproteobacteria;o__Burkholderiales;f__Oxalobacteraceae;g__Oxalobacter;s__,kept,genus,0.02863518036444775,0.000923939423823604,0.00023397680129926083,0.06666666666666667,4.001910721334597,0.013663713542762494
k__Bacteria;p__Proteobacteria;c__Betaproteobacteria;o__Burkholderiales;f__Oxalobacteraceae;g__Ralstonia;s__,dropped,genus,0.0007437709185570844,0.00032046349999999995,1.1240972697789465e-05,0.03333333333333333,5.477225575051662,0.024026034339914112
k__Bacteria;p__Proteobacteria;c__Betaproteobacteria;o__Neisseriales;f__Neisseriaceae;g__Eikenella;s__,dropped,genus,0.0005578281889178133,0.000459127,1.2432800064228115e-05,0.03333333333333333,5.477225575051662,0.011397858898710795
k__Bacteria;p__Proteobacteria;c__Betaproteobacteria;o__Neisseriales;f__Neisseriaceae;g__Neisseria;s__,kept,genus,0.0027891409445890665,0.0017024521969321933,0.0002367447176112723,0.06666666666666667,4.020198882461709,0.011049230154774185
k__Bacteria;p__Proteobacteria;c__Betaproteobacteria;o__Tremblayales;f__Tremblayaceae;g__;s__,dropped,family,0.0014875418371141688,0.00021160087500000002,1.016455614397111e-05,0.03333333333333333,5.477225575051662,0.012098578307707997
k__Bacteria;p__Proteobacteria;c__Deltaproteobacteria;o__Desulfovibrionales;f__Desulfovibrionaceae;g__;s__,kept,family,0.027519523986612122,0.0006071981127472517,0.0001899086128075828,0.06666666666666667,4.00590942411639,0.020672393118875046
k__Bacteria;p__Proteobacteria;c__Deltaproteobacteria;o__Desulfovibrionales;f__Desulfovibrionaceae;g__Bilophila;s__,kept,genus,0.07400520639642989,0.0053975465076821875,0.002559754443715499,0.1,3.777431737264821,0.014880683734620266
k__Bacteria;p__Proteobacteria;c__Deltaproteobacteria;o__Desulfovibrionales;f__Desulfovibrionaceae;g__Desulfovibrio;s__,kept,genus,0.05076236519152101,0.004457037127538706,0.002737937832032222,0.1,3.6935351405943293,0.008469457769333071
k__Bacteria;p__Proteobacteria;c__Deltaproteobacteria;o__Desulfovibrionales;f__Desulfovibrionaceae;g__Desulfovibrio;s__D168,kept,species,0.003904797322424693,0.02072089861096091,0.0017785119869321946,0.06666666666666667,4.832690689533843,0.011531700658452614
k__Bacteria;p__Proteobacteria;c__Epsilonproteobacteria;o__Campylobacterales;f__Campylobacteraceae;g__Campylobacter;s__,kept,genus,0.020453700260319823,0.0011452060586136965,0.0006553216793739987,0.06666666666666667,3.8657381903111374,0.023155009156176038
k__Bacteria;p__Proteobacteria;c__Epsilonproteobacteria;o__Campylobacterales;f__Campylobacteraceae;g__Campylobacter;s__ureolyticus,dropped,species,0.021569356638155446,0.004017235422413793,0.002771109279839036,0.03333333333333333,5.477225575051661,0.010076803974275935
k__Bacteria;p__Proteobacteria;c__Gammaproteobacteria;o__Aeromonadales;f__Succinivibrionaceae;g__Succinivibrio;s__,kept,genus,0.0024172554853105245,0.017033521761666413,0.001990123788936359,0.1,3.669369539873356,0.019625909471115845
k__Bacteria;p__Proteobacteria;c__Gammaproteobacteria;o__Enterobacteriales;f__Enterobacteriaceae;g__;s__,kept,family,0.1377835626626999,0.09785585168771863,0.05971747088885854,0.1,3.094604305157624,0.027340722877050413
k__Bacteria;p__Proteobacteria;c__Gammaproteobacteria;o__Enterobacteriales;f__Enterobacteriaceae;g__Edwardsiella;s__,dropped,genus,0.0005578281889178133,0.04550839233333332,0.0018574119132690778,0.03333333333333333,5.477225575051662,0.020010047431114994
k__Bacteria;p__Proteobacteria;c__Gammaproteobacteria;o__Enterobacteriales;f__Enterobacteriaceae;g__Morganella;s__,dropped,genus,0.0076236519152101155,0.056898376292682934,0.010598843850907085,0.03333333333333333,5.47722557505166,0.01834264888968975
k__Bacteria;p__Proteobacteria;c__Gammaproteobacteria;o__Enterobacteriales;f__Enterobacteriaceae;g__Plesiomonas;s__,dropped,genus,0.0024172554853105245,0.00833977346153846,0.0007280004145059168,0.03333333333333333,5.47722557505166,0.02348633170737895
k__Bacteria;p__Proteobacteria;c__Gammaproteobacteria;o__Enterobacteriales;f__Enterobacteriaceae;g__Proteus;s__,dropped,genus,0.021197471178876905,0.06493917659649123,0.026606390978175406,0.03333333333333333,5.477225575051661,0.019956324307255018
k__Bacteria;p__Proteobacteria;c__Gammaproteobacteria;o__Enterobacteriales;f__Enterobacteriaceae;g__Providencia;s__,dropped,genus,0.0026031982149497955,0.04893248342857143,0.005585275949891478,0.03333333333333333,5.477225575051661,0.013678610953680895
k__Bacteria;p__Proteobacteria;c__Gammaproteobacteria;o__Enterobacteriales;f__Enterobacteriaceae;g__Serratia;s__,dropped,genus,0.0026031982149497955,0.005374670357142857,0.00043241042887096743,0.03333333333333333,5.477225575051661,0.01618989157331384
k__Bacteria;p__Proteobacteria;c__Gammaproteobacteria;o__Oceanospirillales;f__Halomonadaceae;g__Halomonas;s__,dropped,genus,0.0007437709185570844,0.000924435,4.593802808445135e-05,0.03333333333333333,5.477225575051662,0.026470237067747864
k__Bacteria;p__Proteobacteria;c__Gammaproteobacteria;o__Pasteurellales;f__Pasteurellaceae;g__;s__,kept,family,0.04016362960208256,0.0015187279547509615,0.0006939049959102109,0.1,3.8097842320946484,0.023512759056812323
k__Bacteria;p__Proteobacteria;c__Gammaproteobacteria;o__Pasteurellales;f__Pasteurellaceae;g__Aggregatibacter;s__,dropped,genus,0.001859427296392711,0.000664841,3.450659903515431e-05,0.03333333333333333,5.477225575051662,0.00962034527677252
k__Bacteria;p__Proteobacteria;c__Gammaproteobacteria;o__Pasteurellales;f__Pasteurellaceae;g__Haemophilus;s__parainfluenzae,dropped,species,0.007437709185570844,0.005232634028845483,0.0008899342212608537,0.03333333333333333,5.477225575051661,0.027379057693854996
k__Bacteria;p__Proteobacteria;c__Gammaproteobacteria;o__Pseudomonadales;f__Moraxellaceae;g__Acinetobacter;s__,dropped,genus,0.0027891409445890665,0.015237022933333334,0.0015854089753968466,0.03333333333333333,5.477225575051661,0.016882011010117333
k__Bacteria;p__Proteobacteria;c__Gammaproteobacteria;o__Pseudomonadales;f__Moraxellaceae;g__Acinetobacter;s__guillouiae,dropped,species,0.0014875418371141688,0.094809055125,0.006496171473438803,0.03333333333333333,5.477225575051662,0.013932704342982579
k__Bacteria;p__Proteobacteria;c__Gammaproteobacteria;o__Pseudomonadales;f__Moraxellaceae;g__Acinetobacter;s__lwoffii,dropped,species,0.0011156563778356265,0.025980173666666665,0.0015697708688388315,0.03333333333333333,5.477225575051662,0.011448198117046974
k__Bacteria;p__Proteobacteria;c__Gammaproteobacteria;o__Pseudomonadales;f__Moraxellaceae;g__Acinetobacter;s__rhizosphaerae,dropped,species,0.0011156563778356265,0.0753021145,0.004995178494462579,0.03333333333333333,5.477225575051662,0.01507150907781223
k__Bacteria;p__Proteobacteria;c__Gammaproteobacteria;o__Pseudomonadales;f__Moraxellaceae;g__Acinetobacter;s__schindleri,dropped,species,0.0014875418371141688,0.00943006625,0.0007962515975326117,0.03333333333333333,5.477225575051662,0.016354007211406753
k__Bacteria;p__Proteobacteria;c__Gammaproteobacteria;o__Pseudomonadales;f__Moraxellaceae;g__Enhydrobacter;s__,dropped,genus,0.00167348456675344,0.001326754222222222,0.00011801800493463356,0.03333333333333333,5.47722557505166,0.01316256519383657
k__Bacteria;p__Proteobacteria;c__Gammaproteobacteria;o__Pseudomonadales;f__Pseudomonadaceae;g__;s__,dropped,family,0.0009297136481963555,0.0271199784,0.0010948823244575547,0.03333333333333333,5.477225575051662,0.008078644790265226
k__Bacteria;p__Proteobacteria;c__Gammaproteobacteria;o__Pseudomonadales;f__Pseudomonadaceae;g__Pseudomonas;s__,kept,genus,0.04425436965414652,0.044106228686420806,0.023766522924990242,0.06666666666666667,4.721430801438094,0.019779003369102217
k__Bacteria;p__Proteobacteria;c__Gammaproteobacteria;o__Pseudomonadales;f__Pseudomonadaceae;g__Pseudomonas;s__fragi,dropped,species,0.011156563778356266,0.08268688944999998,0.019241911290280335,0.03333333333333333,5.477225575051661,0.01422523511957341
k__Bacteria;p__Proteobacteria;c__Gammaproteobacteria;o__Xanthomonadales;f__Xanthomonadaceae;g__Ignatzschineria;s__,dropped,genus,0.0024172554853105245,0.006474050692307694,0.0009921558209376384,0.03333333333333333,5.47722557505166,0.017867168316039805
k__Bacteria;p__Proteobacteria;c__Gammaproteobacteria;o__Xanthomonadales;f__Xanthomonadaceae;g__Pseudoxanthomonas;s__mexicana,dropped,species,0.005578281889178133,0.0677494854,0.013092593398030624,0.03333333333333333,5.477225575051661,0.008784423623271127
k__Bacteria;p__Proteobacteria;c__Gammaproteobacteria;o__Xanthomonadales;f__Xanthomonadaceae;g__Stenotrophomonas;s__,dropped,genus,0.003532911863146151,0.001084345105263158,0.0002341854729476053,0.03333333333333333,5.477225575051662,0.01664335113639103
k__Bacteria;p__Proteobacteria;c__Gammaproteobacteria;o__Xanthomonadales;f__Xanthomonadaceae;g__Stenotrophomonas;s__geniculata,dropped,species,0.00502045370026032,0.09516300203703702,0.016209049196061438,0.03333333333333333,5.477225575051661,0.008905346919222385
k__Bacteria;p__Synergistetes;c__Synergistia;o__Synergistales;f__Dethiosulfovibrionaceae;g__Jonquetella;s__anthropi,dropped,species,0.005950167348456675,0.003306574875,0.0007726354186077569,0.03333333333333333,5.477225575051662,0.009118543356105558
k__Bacteria;p__Synergistetes;c__Synergistia;o__Synergistales;f__Dethiosulfovibrionaceae;g__Pyramidobacter;s__,dropped,genus,0.01171439196727408,0.0018983947777777782,0.0005458586162735094,0.03333333333333333,5.47722557505166,0.03357804948905452
k__Bacteria;p__Synergistetes;c__Synergistia;o__Synergistales;f__Dethiosulfovibrionaceae;g__Pyramidobacter;s__piscolens,kept,species,0.0042766827817032355,0.01997522610717607,0.004254914295575395,0.06666666666666667,3.931282152777099,0.017914425899657617
k__Bacteria;p__Synergistetes;c__Synergistia;o__Synergistales;f__Dethiosulfovibrionaceae;g__TG5;s__,dropped,genus,0.0011156563778356265,0.000325798,1.2486423093597125e-05,0.03333333333333333,5.477225575051662,0.013941575901939363
k__Bacteria;p__Synergistetes;c__Synergistia;o__Synergistales;f__Synergistaceae;g__;s__,dropped,family,0.0029750836742283376,0.0129859335625,0.0016871827726721218,0.03333333333333333,5.477225575051662,0.007207002996843729
k__Bacteria;p__Synergistetes;c__Synergistia;o__Synergistales;f__Synergistaceae;g__Cloacibacillus;s__,kept,genus,0.029750836742283376,0.03465921502385042,0.01307987700872802,0.1,3.7961465484589065,0.018992597081153972
k__Bacteria;p__Synergistetes;c__Synergistia;o__Synergistales;f__Synergistaceae;g__Synergistes;s__,kept,genus,0.009854964670881369,0.01763321782300829,0.003550967538203618,0.06666666666666667,3.8232812296005356,0.01466343764825433
k__Bacteria;p__TM7;c__TM7-3;o__;f__;g__;s__,kept,class,0.07642246188174043,0.00016370058544534327,0.00018332446018344236,0.06666666666666667,3.9883414377497735,0.02306466069050083
k__Bacteria;p__TM7;c__TM7-3;o__CW040;f__;g__;s__,kept,order,0.02714763852733358,0.00019331653265750409,5.547956972915175e-05,0.06666666666666667,4.734464588112183,0.013324647256426044
k__Bacteria;p__TM7;c__TM7-3;o__CW040;f__F16;g__;s__,dropped,family,0.0031610264038676086,9.5511e-05,6.524518713772236e-06,0.03333333333333333,5.47722557505166,0.015204764588507235
k__Bacteria;p__TM7;c__TM7-3;o__I025;f__Rs-045;g__;s__,dropped,family,0.008739308293045742,0.00042449568085106384,0.00010402077385237761,0.03333333333333333,5.477225575051661,0.016140307968746288
k__Bacteria;p__Tenericutes;c__;o__;f__;g__;s__,kept,phylum,0.0014875418371141688,0.0013229663791328875,8.762252763281973e-05,0.06666666666666667,4.35013255412483,0.007759813130547211
k__Bacteria;p__Tenericutes;c__Mollicutes;o__Anaeroplasmatales;f__Anaeroplasmataceae;g__;s__,dropped,family,0.0014875418371141688,0.04652925791671211,0.0032893494992178515,0.03333333333333333,5.477225575051661,0.008378427048652704
k__Bacteria;p__Tenericutes;c__Mollicutes;o__RF39;f__;g__;s__,kept,order,0.03718854592785422,0.0008289787342256534,0.0004824064795965516,0.1,3.362192127034726,0.026486737090937275
k__Bacteria;p__Tenericutes;c__RF3;o__ML615J-28;f__;g__;s__,kept,order,0.02212718482707326,0.00716057047682281,0.0024064492227943313,0.1,3.8320565153970834,0.00993853897413938
k__Bacteria;p__Verrucomicrobia;c__Opitutae;o__;f__;g__;s__,dropped,class,0.0026031982149497955,0.0002602272857142857,1.6392836487949825e-05,0.03333333333333333,5.477225575051661,0.011685866294373662
k__Bacteria;p__Verrucomicrobia;c__Opitutae;o___Cerasicoccales_;f___Cerasicoccaceae_;g__;s__,kept,family,0.01004090740052064,0.002665380452559995,0.0005687494324570792,0.1,3.6912578094587496,0.019649111269312524
k__Bacteria;p__Verrucomicrobia;c__Verrucomicrobiae;o__Verrucomicrobiales;f__Verrucomicrobiaceae;g__Akkermansia;s__muciniphila,kept,species,0.10970621048716996,0.027388274275840015,0.020417969263557975,0.1,3.149027887719799,0.023280705642701415
k__Bacteria;p___Thermi_;c__Deinococci;o__Deinococcales;f__Deinococcaceae;g__Deinococcus;s__geothermalis,dropped,species,0.0013015991074748978,0.0011849131428571431,8.605421520738551e-05,0.03333333333333333,5.477225575051661,0.020766820368935106
