microbe,status
k__Archaea;p__Candidatus_Thermoplasmatota,dropped
k__Archaea;p__Candidatus_Thermoplasmatota;c__Thermoplasmata,dropped
k__Archaea;p__Candidatus_Thermoplasmatota;c__Thermoplasmata;o__Methanomassiliicoccales,dropped
k__Archaea;p__Candidatus_Thermoplasmatota;c__Thermoplasmata;o__Methanomassiliicoccales;f__Candidatus_Methanomethylophilaceae,dropped
k__Archaea;p__Candidatus_Thermoplasmatota;c__Thermoplasmata;o__Methanomassiliicoccales;f__Candidatus_Methanomethylophilaceae;g__Candidatus_Methanomethylophilus,dropped
k__Archaea;p__Candidatus_Thermoplasmatota;c__Thermoplasmata;o__Methanomassiliicoccales;f__Candidatus_Methanomethylophilaceae;g__Candidatus_Methanomethylophilus;s__Candidatus_Methanomethylophilus_alvus,dropped
k__Archaea;p__Candidatus_Thermoplasmatota;c__Thermoplasmata;o__Methanomassiliicoccales;f__Methanomassiliicoccaceae,dropped
k__Archaea;p__Candidatus_Thermoplasmatota;c__Thermoplasmata;o__Methanomassiliicoccales;f__Methanomassiliicoccaceae;g__GGB260,dropped
k__Archaea;p__Candidatus_Thermoplasmatota;c__Thermoplasmata;o__Methanomassiliicoccales;f__Methanomassiliicoccaceae;g__GGB260;s__GGB260_SGB362,dropped
k__Archaea;p__Candidatus_Thermoplasmatota;c__Thermoplasmata;o__Methanomassiliicoccales;f__Methanomassiliicoccaceae;g__Methanomassiliicoccaceae_unclassified,dropped
k__Archaea;p__Candidatus_Thermoplasmatota;c__Thermoplasmata;o__Methanomassiliicoccales;f__Methanomassiliicoccaceae;g__Methanomassiliicoccaceae_unclassified;s__Methanomassiliicoccaceae_archaeon_DOK,dropped
k__Archaea;p__Candidatus_Thermoplasmatota;c__Thermoplasmata;o__Methanomassiliicoccales;f__Methanomassiliicoccaceae;g__Methanomassiliicoccaceae_unclassified;s__Methanomassiliicoccaceae_unclassified_SGB380,dropped
k__Archaea;p__Candidatus_Thermoplasmatota;c__Thermoplasmata;o__Methanomassiliicoccales;f__Methanomassiliicoccaceae;g__Methanomassiliicoccus,dropped
k__Archaea;p__Candidatus_Thermoplasmatota;c__Thermoplasmata;o__Methanomassiliicoccales;f__Methanomassiliicoccaceae;g__Methanomassiliicoccus;s__Candidatus_Methanomassiliicoccus_intestinalis,dropped
k__Archaea;p__Candidatus_Thermoplasmatota;c__Thermoplasmata;o__Methanomassiliicoccales;f__Methanomassiliicoccaceae;g__Methanomassiliicoccus;s__Methanomassiliicoccus_SGB58821,dropped
k__Archaea;p__Candidatus_Thermoplasmatota;c__Thermoplasmata;o__Methanomassiliicoccales;f__Methanomassiliicoccales_unclassified,dropped
k__Archaea;p__Candidatus_Thermoplasmatota;c__Thermoplasmata;o__Methanomassiliicoccales;f__Methanomassiliicoccales_unclassified;g__Methanomassiliicoccales_unclassified,dropped
k__Archaea;p__Candidatus_Thermoplasmatota;c__Thermoplasmata;o__Methanomassiliicoccales;f__Methanomassiliicoccales_unclassified;g__Methanomassiliicoccales_unclassified;s__Methanomassiliicoccales_archaeon,dropped
k__Archaea;p__Crenarchaeota,dropped
k__Archaea;p__Crenarchaeota;c__Thermoprotei,dropped
k__Archaea;p__Crenarchaeota;c__Thermoprotei;o__Thermoproteales,dropped
k__Archaea;p__Crenarchaeota;c__Thermoprotei;o__Thermoproteales;f__Thermofilaceae,dropped
k__Archaea;p__Crenarchaeota;c__Thermoprotei;o__Thermoproteales;f__Thermofilaceae;g__GGB1567,dropped
k__Archaea;p__Crenarchaeota;c__Thermoprotei;o__Thermoproteales;f__Thermofilaceae;g__GGB1567;s__GGB1567_SGB2154,dropped
k__Archaea;p__Euryarchaeota;c__CFGB343,dropped
k__Archaea;p__Euryarchaeota;c__CFGB343;o__OFGB343,dropped
k__Archaea;p__Euryarchaeota;c__CFGB343;o__OFGB343;f__FGB343,dropped
k__Archaea;p__Euryarchaeota;c__CFGB343;o__OFGB343;f__FGB343;g__GGB781,dropped
k__Archaea;p__Euryarchaeota;c__CFGB343;o__OFGB343;f__FGB343;g__GGB781;s__GGB781_SGB1024,dropped
k__Archaea;p__Euryarchaeota;c__Methanobacteria;o__Methanobacteriales;f__Methanobacteriaceae;g__GGB519,dropped
k__Archaea;p__Euryarchaeota;c__Methanobacteria;o__Methanobacteriales;f__Methanobacteriaceae;g__GGB519;s__GGB519_SGB697,dropped
k__Archaea;p__Euryarchaeota;c__Methanobacteria;o__Methanobacteriales;f__Methanobacteriaceae;g__Methanobacteriaceae_unclassified,dropped
k__Archaea;p__Euryarchaeota;c__Methanobacteria;o__Methanobacteriales;f__Methanobacteriaceae;g__Methanobacteriaceae_unclassified;s__Methanobacteriaceae_archaeon,dropped
k__Archaea;p__Euryarchaeota;c__Methanobacteria;o__Methanobacteriales;f__Methanobacteriaceae;g__Methanobacterium,dropped
k__Archaea;p__Euryarchaeota;c__Methanobacteria;o__Methanobacteriales;f__Methanobacteriaceae;g__Methanobacterium;s__Methanobacterium_formicicum,dropped
k__Archaea;p__Euryarchaeota;c__Methanobacteria;o__Methanobacteriales;f__Methanobacteriaceae;g__Methanobacterium;s__Methanobacterium_sp_MB1,dropped
k__Archaea;p__Euryarchaeota;c__Methanobacteria;o__Methanobacteriales;f__Methanobacteriaceae;g__Methanobrevibacter;s__Methanobrevibacter_arboriphilus,dropped
k__Archaea;p__Euryarchaeota;c__Methanobacteria;o__Methanobacteriales;f__Methanobacteriaceae;g__Methanobrevibacter;s__Methanobrevibacter_oralis,dropped
k__Archaea;p__Euryarchaeota;c__Methanobacteria;o__Methanobacteriales;f__Methanobacteriaceae;g__Methanobrevibacter;s__Methanobrevibacter_woesei,dropped
k__Archaea;p__Euryarchaeota;c__Methanobacteria;o__Methanobacteriales;f__Methanobacteriaceae;g__Methanosphaera,dropped
k__Archaea;p__Euryarchaeota;c__Methanobacteria;o__Methanobacteriales;f__Methanobacteriaceae;g__Methanosphaera;s__Methanosphaera_cuniculi,dropped
k__Archaea;p__Euryarchaeota;c__Methanobacteria;o__Methanobacteriales;f__Methanobacteriaceae;g__Methanosphaera;s__Methanosphaera_stadtmanae,dropped
k__Archaea_p__Euryarchaeota_c__Methanobacteria_o__Methanobacteriales_f__Methanobacteriaceae_g__Methanobrevibacter_s__Methanobrevibacter_arboriphilus,dropped
k__Archaea_p__Euryarchaeota_c__Methanobacteria_o__Methanobacteriales_f__Methanobacteriaceae_g__Methanosphaera,dropped
k__Archaea_p__Euryarchaeota_c__Methanobacteria_o__Methanobacteriales_f__Methanobacteriaceae_g__Methanosphaera_s__Methanosphaera_stadtmanae,dropped
k__Archaea_p__Euryarchaeota_c__Thermoplasmata,dropped
k__Archaea_p__Euryarchaeota_c__Thermoplasmata_o__Methanomassiliicoccales,dropped
k__Archaea_p__Euryarchaeota_c__Thermoplasmata_o__Methanomassiliicoccales_f__Methanomassiliicoccaceae,dropped
k__Archaea_p__Euryarchaeota_c__Thermoplasmata_o__Methanomassiliicoccales_f__Methanomassiliicoccaceae_g__Candidatus_Methanomethylophilus,dropped
k__Archaea_p__Euryarchaeota_c__Thermoplasmata_o__Methanomassiliicoccales_f__Methanomassiliicoccaceae_g__Candidatus_Methanomethylophilus_s__Candidatus_Methanomethylophilus_alvus,dropped
k__Archaea_p__Euryarchaeota_c__Thermoplasmata_o__Methanomassiliicoccales_f__Methanomassiliicoccaceae_g__Methanomassiliicoccus,dropped
k__Archaea_p__Euryarchaeota_c__Thermoplasmata_o__Methanomassiliicoccales_f__Methanomassiliicoccaceae_g__Methanomassiliicoccus_s__Candidatus_Methanomassiliicoccus_intestinalis,dropped
k__Bacteria;p__Actinobacteria;c__Actinobacteria;o__Actinobacteria_unclassified;f__Actinobacteria_unclassified;g__GGB39918,dropped
k__Bacteria;p__Actinobacteria;c__Actinobacteria;o__Actinobacteria_unclassified;f__Actinobacteria_unclassified;g__GGB39918;s__GGB39918_SGB47522,dropped
k__Bacteria;p__Actinobacteria;c__Actinobacteria;o__Actinomycetales;f__Actinomycetaceae;g__Actinobaculum,dropped
k__Bacteria;p__Actinobacteria;c__Actinobacteria;o__Actinomycetales;f__Actinomycetaceae;g__Actinobaculum;s__Actinobaculum_massiliense,dropped
k__Bacteria;p__Actinobacteria;c__Actinobacteria;o__Actinomycetales;f__Actinomycetaceae;g__Actinobaculum;s__Actinobaculum_sp_oral_taxon_183,dropped
k__Bacteria;p__Actinobacteria;c__Actinobacteria;o__Actinomycetales;f__Actinomycetaceae;g__Actinomyces;s__Actinomyces_SGB15893,dropped
k__Bacteria;p__Actinobacteria;c__Actinobacteria;o__Actinomycetales;f__Actinomycetaceae;g__Actinomyces;s__Actinomyces_dentalis,dropped
k__Bacteria;p__Actinobacteria;c__Actinobacteria;o__Actinomycetales;f__Actinomycetaceae;g__Actinomyces;s__Actinomyces_gerencseriae,dropped
k__Bacteria;p__Actinobacteria;c__Actinobacteria;o__Actinomycetales;f__Actinomycetaceae;g__Actinomyces;s__Actinomyces_graevenitzii,dropped
k__Bacteria;p__Actinobacteria;c__Actinobacteria;o__Actinomycetales;f__Actinomycetaceae;g__Actinomyces;s__Actinomyces_israelii,dropped
k__Bacteria;p__Actinobacteria;c__Actinobacteria;o__Actinomycetales;f__Actinomycetaceae;g__Actinomyces;s__Actinomyces_johnsonii,dropped
k__Bacteria;p__Actinobacteria;c__Actinobacteria;o__Actinomycetales;f__Actinomycetaceae;g__Actinomyces;s__Actinomyces_massiliensis,dropped
k__Bacteria;p__Actinobacteria;c__Actinobacteria;o__Actinomycetales;f__Actinomycetaceae;g__Actinomyces;s__Actinomyces_naeslundii,dropped
k__Bacteria;p__Actinobacteria;c__Actinobacteria;o__Actinomycetales;f__Actinomycetaceae;g__Actinomyces;s__Actinomyces_oricola,dropped
k__Bacteria;p__Actinobacteria;c__Actinobacteria;o__Actinomycetales;f__Actinomycetaceae;g__Actinomyces;s__Actinomyces_oris,dropped
k__Bacteria;p__Actinobacteria;c__Actinobacteria;o__Actinomycetales;f__Actinomycetaceae;g__Actinomyces;s__Actinomyces_radicidentis,dropped
k__Bacteria;p__Actinobacteria;c__Actinobacteria;o__Actinomycetales;f__Actinomycetaceae;g__Actinomyces;s__Actinomyces_sp_oral_taxon_448,dropped
k__Bacteria;p__Actinobacteria;c__Actinobacteria;o__Actinomycetales;f__Actinomycetaceae;g__Actinomyces;s__Actinomyces_sp_oral_taxon_897,dropped
k__Bacteria;p__Actinobacteria;c__Actinobacteria;o__Actinomycetales;f__Actinomycetaceae;g__Actinomyces;s__Actinomyces_timonensis,dropped
k__Bacteria;p__Actinobacteria;c__Actinobacteria;o__Actinomycetales;f__Actinomycetaceae;g__Actinomyces;s__Actinomyces_urogenitalis,dropped
k__Bacteria;p__Actinobacteria;c__Actinobacteria;o__Actinomycetales;f__Actinomycetaceae;g__Actinotignum,dropped
k__Bacteria;p__Actinobacteria;c__Actinobacteria;o__Actinomycetales;f__Actinomycetaceae;g__Actinotignum;s__Actinotignum_timonense,dropped
k__Bacteria;p__Actinobacteria;c__Actinobacteria;o__Actinomycetales;f__Actinomycetaceae;g__Arcanobacterium,dropped
k__Bacteria;p__Actinobacteria;c__Actinobacteria;o__Actinomycetales;f__Actinomycetaceae;g__Arcanobacterium;s__Arcanobacterium_urinimassiliense,dropped
k__Bacteria;p__Actinobacteria;c__Actinobacteria;o__Actinomycetales;f__Actinomycetaceae;g__Fannyhessea,dropped
k__Bacteria;p__Actinobacteria;c__Actinobacteria;o__Actinomycetales;f__Actinomycetaceae;g__Fannyhessea;s__Fannyhessea_vaginae,dropped
k__Bacteria;p__Actinobacteria;c__Actinobacteria;o__Actinomycetales;f__Actinomycetaceae;g__Gleimia,dropped
k__Bacteria;p__Actinobacteria;c__Actinobacteria;o__Actinomycetales;f__Actinomycetaceae;g__Gleimia;s__Gleimia_europaea,dropped
k__Bacteria;p__Actinobacteria;c__Actinobacteria;o__Actinomycetales;f__Actinomycetaceae;g__Mobiluncus,dropped
k__Bacteria;p__Actinobacteria;c__Actinobacteria;o__Actinomycetales;f__Actinomycetaceae;g__Mobiluncus;s__Mobiluncus_SGB15488,dropped
k__Bacteria;p__Actinobacteria;c__Actinobacteria;o__Actinomycetales;f__Actinomycetaceae;g__Pauljensenia,dropped
k__Bacteria;p__Actinobacteria;c__Actinobacteria;o__Actinomycetales;f__Actinomycetaceae;g__Pauljensenia;s__Pauljensenia_hongkongensis,dropped
k__Bacteria;p__Actinobacteria;c__Actinobacteria;o__Actinomycetales;f__Actinomycetaceae;g__Peptidiphaga,dropped
k__Bacteria;p__Actinobacteria;c__Actinobacteria;o__Actinomycetales;f__Actinomycetaceae;g__Peptidiphaga;s__Peptidiphaga_gingivicola,dropped
k__Bacteria;p__Actinobacteria;c__Actinobacteria;o__Actinomycetales;f__Actinomycetaceae;g__Schaalia;s__Schaalia_georgiae,dropped
k__Bacteria;p__Actinobacteria;c__Actinobacteria;o__Actinomycetales;f__Actinomycetaceae;g__Schaalia;s__Schaalia_meyeri,dropped
k__Bacteria;p__Actinobacteria;c__Actinobacteria;o__Actinomycetales;f__Actinomycetaceae;g__Schaalia;s__Schaalia_odontolytica,dropped
k__Bacteria;p__Actinobacteria;c__Actinobacteria;o__Actinomycetales;f__Actinomycetaceae;g__Schaalia;s__Schaalia_turicensis,dropped
k__Bacteria;p__Actinobacteria;c__Actinobacteria;o__Actinomycetales;f__Actinomycetaceae;g__Trueperella;s__Trueperella_bernardiae,dropped
k__Bacteria;p__Actinobacteria;c__Actinobacteria;o__Actinomycetales;f__Actinomycetaceae;g__Varibaculum,dropped
k__Bacteria;p__Actinobacteria;c__Actinobacteria;o__Actinomycetales;f__Actinomycetaceae;g__Varibaculum;s__Varibaculum_SGB15480,dropped
k__Bacteria;p__Actinobacteria;c__Actinobacteria;o__Actinomycetales;f__Actinomycetaceae;g__Varibaculum;s__Varibaculum_massiliense,dropped
k__Bacteria;p__Actinobacteria;c__Actinobacteria;o__Bifidobacteriales;f__Bifidobacteriaceae;g__Alloscardovia,dropped
k__Bacteria;p__Actinobacteria;c__Actinobacteria;o__Bifidobacteriales;f__Bifidobacteriaceae;g__Alloscardovia;s__Alloscardovia_omnicolens,dropped
k__Bacteria;p__Actinobacteria;c__Actinobacteria;o__Bifidobacteriales;f__Bifidobacteriaceae;g__Bifidobacterium;s__Bifidobacterium_angulatum,dropped
k__Bacteria;p__Actinobacteria;c__Actinobacteria;o__Bifidobacteriales;f__Bifidobacteriaceae;g__Bifidobacterium;s__Bifidobacterium_animalis,dropped
k__Bacteria;p__Actinobacteria;c__Actinobacteria;o__Bifidobacteriales;f__Bifidobacteriaceae;g__Bifidobacterium;s__Bifidobacterium_bifidum,dropped
k__Bacteria;p__Actinobacteria;c__Actinobacteria;o__Bifidobacteriales;f__Bifidobacteriaceae;g__Bifidobacterium;s__Bifidobacterium_breve,dropped
k__Bacteria;p__Actinobacteria;c__Actinobacteria;o__Bifidobacteriales;f__Bifidobacteriaceae;g__Bifidobacterium;s__Bifidobacterium_catenulatum,dropped
k__Bacteria;p__Actinobacteria;c__Actinobacteria;o__Bifidobacteriales;f__Bifidobacteriaceae;g__Bifidobacterium;s__Bifidobacterium_mongoliense,dropped
k__Bacteria;p__Actinobacteria;c__Actinobacteria;o__Bifidobacteriales;f__Bifidobacteriaceae;g__Bifidobacterium;s__Bifidobacterium_moukalabense,dropped
k__Bacteria;p__Actinobacteria;c__Actinobacteria;o__Bifidobacteriales;f__Bifidobacteriaceae;g__Bifidobacterium;s__Bifidobacterium_myosotis,dropped
k__Bacteria;p__Actinobacteria;c__Actinobacteria;o__Bifidobacteriales;f__Bifidobacteriaceae;g__Bifidobacterium;s__Bifidobacterium_pseudocatenulatum,dropped
k__Bacteria;p__Actinobacteria;c__Actinobacteria;o__Bifidobacteriales;f__Bifidobacteriaceae;g__Bifidobacterium;s__Bifidobacterium_pseudolongum,dropped
k__Bacteria;p__Actinobacteria;c__Actinobacteria;o__Bifidobacteriales;f__Bifidobacteriaceae;g__Bifidobacterium;s__Bifidobacterium_pullorum,dropped
k__Bacteria;p__Actinobacteria;c__Actinobacteria;o__Bifidobacteriales;f__Bifidobacteriaceae;g__Bifidobacterium;s__Bifidobacterium_reuteri,dropped
k__Bacteria;p__Actinobacteria;c__Actinobacteria;o__Bifidobacteriales;f__Bifidobacteriaceae;g__Bifidobacterium;s__Bifidobacterium_ruminantium,dropped
k__Bacteria;p__Actinobacteria;c__Actinobacteria;o__Bifidobacteriales;f__Bifidobacteriaceae;g__Bifidobacterium;s__Bifidobacterium_scaligerum,dropped
k__Bacteria;p__Actinobacteria;c__Actinobacteria;o__Bifidobacteriales;f__Bifidobacteriaceae;g__Bifidobacterium;s__Bifidobacterium_scardovii,dropped
k__Bacteria;p__Actinobacteria;c__Actinobacteria;o__Bifidobacteriales;f__Bifidobacteriaceae;g__Bifidobacterium;s__Bifidobacterium_sp_DSM_109957,dropped
k__Bacteria;p__Actinobacteria;c__Actinobacteria;o__Bifidobacteriales;f__Bifidobacteriaceae;g__Bifidobacterium;s__Bifidobacterium_sp_DSM_109960,dropped
k__Bacteria;p__Actinobacteria;c__Actinobacteria;o__Bifidobacteriales;f__Bifidobacteriaceae;g__Bifidobacterium;s__Bifidobacterium_thermophilum,dropped
k__Bacteria;p__Actinobacteria;c__Actinobacteria;o__Bifidobacteriales;f__Bifidobacteriaceae;g__GGB13134,dropped
k__Bacteria;p__Actinobacteria;c__Actinobacteria;o__Bifidobacteriales;f__Bifidobacteriaceae;g__GGB13134;s__GGB13134_SGB20337,dropped
k__Bacteria;p__Actinobacteria;c__Actinobacteria;o__Bifidobacteriales;f__Bifidobacteriaceae;g__GGB13135,dropped
k__Bacteria;p__Actinobacteria;c__Actinobacteria;o__Bifidobacteriales;f__Bifidobacteriaceae;g__GGB13135;s__GGB13135_SGB20338,dropped
k__Bacteria;p__Actinobacteria;c__Actinobacteria;o__Bifidobacteriales;f__Bifidobacteriaceae;g__Gardnerella,dropped
k__Bacteria;p__Actinobacteria;c__Actinobacteria;o__Bifidobacteriales;f__Bifidobacteriaceae;g__Gardnerella;s__Gardnerella_vaginalis,dropped
k__Bacteria;p__Actinobacteria;c__Actinobacteria;o__Bifidobacteriales;f__Bifidobacteriaceae;g__Parascardovia,dropped
k__Bacteria;p__Actinobacteria;c__Actinobacteria;o__Bifidobacteriales;f__Bifidobacteriaceae;g__Parascardovia;s__Parascardovia_denticolens,dropped
k__Bacteria;p__Actinobacteria;c__Actinobacteria;o__Bifidobacteriales;f__Bifidobacteriaceae;g__Scardovia;s__Scardovia_inopinata,dropped
k__Bacteria;p__Actinobacteria;c__Actinobacteria;o__Corynebacteriales,dropped
k__Bacteria;p__Actinobacteria;c__Actinobacteria;o__Corynebacteriales;f__Corynebacteriaceae,dropped
k__Bacteria;p__Actinobacteria;c__Actinobacteria;o__Corynebacteriales;f__Corynebacteriaceae;g__Corynebacterium,dropped
k__Bacteria;p__Actinobacteria;c__Actinobacteria;o__Corynebacteriales;f__Corynebacteriaceae;g__Corynebacterium;s__Corynebacterium_afermentans,dropped
k__Bacteria;p__Actinobacteria;c__Actinobacteria;o__Corynebacteriales;f__Corynebacteriaceae;g__Corynebacterium;s__Corynebacterium_amycolatum,dropped
k__Bacteria;p__Actinobacteria;c__Actinobacteria;o__Corynebacteriales;f__Corynebacteriaceae;g__Corynebacterium;s__Corynebacterium_argentoratense,dropped
k__Bacteria;p__Actinobacteria;c__Actinobacteria;o__Corynebacteriales;f__Corynebacteriaceae;g__Corynebacterium;s__Corynebacterium_aurimucosum,dropped
k__Bacteria;p__Actinobacteria;c__Actinobacteria;o__Corynebacteriales;f__Corynebacteriaceae;g__Corynebacterium;s__Corynebacterium_casei,dropped
k__Bacteria;p__Actinobacteria;c__Actinobacteria;o__Corynebacteriales;f__Corynebacteriaceae;g__Corynebacterium;s__Corynebacterium_durum,dropped
k__Bacteria;p__Actinobacteria;c__Actinobacteria;o__Corynebacteriales;f__Corynebacteriaceae;g__Corynebacterium;s__Corynebacterium_flavescens,dropped
k__Bacteria;p__Actinobacteria;c__Actinobacteria;o__Corynebacteriales;f__Corynebacteriaceae;g__Corynebacterium;s__Corynebacterium_jeikeium,dropped
k__Bacteria;p__Actinobacteria;c__Actinobacteria;o__Corynebacteriales;f__Corynebacteriaceae;g__Corynebacterium;s__Corynebacterium_kroppenstedtii,dropped
k__Bacteria;p__Actinobacteria;c__Actinobacteria;o__Corynebacteriales;f__Corynebacteriaceae;g__Corynebacterium;s__Corynebacterium_matruchotii,dropped
k__Bacteria;p__Actinobacteria;c__Actinobacteria;o__Corynebacteriales;f__Corynebacteriaceae;g__Corynebacterium;s__Corynebacterium_nuruki,dropped
k__Bacteria;p__Actinobacteria;c__Actinobacteria;o__Corynebacteriales;f__Corynebacteriaceae;g__Corynebacterium;s__Corynebacterium_propinquum,dropped
k__Bacteria;p__Actinobacteria;c__Actinobacteria;o__Corynebacteriales;f__Corynebacteriaceae;g__Corynebacterium;s__Corynebacterium_pseudodiphtheriticum,dropped
k__Bacteria;p__Actinobacteria;c__Actinobacteria;o__Corynebacteriales;f__Corynebacteriaceae;g__Corynebacterium;s__Corynebacterium_striatum,dropped
k__Bacteria;p__Actinobacteria;c__Actinobacteria;o__Corynebacteriales;f__Corynebacteriaceae;g__Corynebacterium;s__Corynebacterium_urealyticum,dropped
k__Bacteria;p__Actinobacteria;c__Actinobacteria;o__Corynebacteriales;f__Corynebacteriaceae;g__Corynebacterium;s__Corynebacterium_variabile,dropped
k__Bacteria;p__Actinobacteria;c__Actinobacteria;o__Corynebacteriales;f__Lawsonellaceae;g__GGB2722,dropped
k__Bacteria;p__Actinobacteria;c__Actinobacteria;o__Corynebacteriales;f__Lawsonellaceae;g__GGB2722;s__GGB2722_SGB3663,dropped
k__Bacteria;p__Actinobacteria;c__Actinobacteria;o__Corynebacteriales;f__Lawsonellaceae;g__Lawsonella,dropped
k__Bacteria;p__Actinobacteria;c__Actinobacteria;o__Corynebacteriales;f__Lawsonellaceae;g__Lawsonella;s__Lawsonella_SGB3665,dropped
k__Bacteria;p__Actinobacteria;c__Actinobacteria;o__Corynebacteriales;f__Lawsonellaceae;g__Lawsonella;s__Lawsonella_clevelandensis,dropped
k__Bacteria;p__Actinobacteria;c__Actinobacteria;o__Corynebacteriales;f__Nocardiaceae,dropped
k__Bacteria;p__Actinobacteria;c__Actinobacteria;o__Corynebacteriales;f__Nocardiaceae;g__Rhodococcus,dropped
k__Bacteria;p__Actinobacteria;c__Actinobacteria;o__Corynebacteriales;f__Nocardiaceae;g__Rhodococcus;s__Rhodococcus_erythropolis,dropped
k__Bacteria;p__Actinobacteria;c__Actinobacteria;o__Micrococcales;f__Brevibacteriaceae,dropped
k__Bacteria;p__Actinobacteria;c__Actinobacteria;o__Micrococcales;f__Brevibacteriaceae;g__Brevibacterium,dropped
k__Bacteria;p__Actinobacteria;c__Actinobacteria;o__Micrococcales;f__Brevibacteriaceae;g__Brevibacterium;s__Brevibacterium_aurantiacum,dropped
k__Bacteria;p__Actinobacteria;c__Actinobacteria;o__Micrococcales;f__Brevibacteriaceae;g__Brevibacterium;s__Brevibacterium_mcbrellneri,dropped
k__Bacteria;p__Actinobacteria;c__Actinobacteria;o__Micrococcales;f__Brevibacteriaceae;g__Brevibacterium;s__Brevibacterium_ravenspurgense,dropped
k__Bacteria;p__Actinobacteria;c__Actinobacteria;o__Micrococcales;f__Dermabacteraceae,dropped
k__Bacteria;p__Actinobacteria;c__Actinobacteria;o__Micrococcales;f__Dermabacteraceae;g__Brachybacterium,dropped
k__Bacteria;p__Actinobacteria;c__Actinobacteria;o__Micrococcales;f__Dermabacteraceae;g__Brachybacterium;s__Brachybacterium_tyrofermentans,dropped
k__Bacteria;p__Actinobacteria;c__Actinobacteria;o__Micrococcales;f__Kytococcaceae,dropped
k__Bacteria;p__Actinobacteria;c__Actinobacteria;o__Micrococcales;f__Kytococcaceae;g__Kytococcus,dropped
k__Bacteria;p__Actinobacteria;c__Actinobacteria;o__Micrococcales;f__Kytococcaceae;g__Kytococcus;s__Kytococcus_sedentarius,dropped
k__Bacteria;p__Actinobacteria;c__Actinobacteria;o__Micrococcales;f__Microbacteriaceae,dropped
k__Bacteria;p__Actinobacteria;c__Actinobacteria;o__Micrococcales;f__Microbacteriaceae;g__Agrococcus,dropped
k__Bacteria;p__Actinobacteria;c__Actinobacteria;o__Micrococcales;f__Microbacteriaceae;g__Agrococcus;s__Agrococcus_casei,dropped
k__Bacteria;p__Actinobacteria;c__Actinobacteria;o__Micrococcales;f__Microbacteriaceae;g__Frigoribacterium,dropped
k__Bacteria;p__Actinobacteria;c__Actinobacteria;o__Micrococcales;f__Microbacteriaceae;g__Frigoribacterium;s__Frigoribacterium_sp_Leaf186,dropped
k__Bacteria;p__Actinobacteria;c__Actinobacteria;o__Micrococcales;f__Microbacteriaceae;g__GGB33356,dropped
k__Bacteria;p__Actinobacteria;c__Actinobacteria;o__Micrococcales;f__Microbacteriaceae;g__GGB33356;s__GGB33356_SGB54315,dropped
k__Bacteria;p__Actinobacteria;c__Actinobacteria;o__Micrococcales;f__Microbacteriaceae;g__Gulosibacter,dropped
k__Bacteria;p__Actinobacteria;c__Actinobacteria;o__Micrococcales;f__Microbacteriaceae;g__Gulosibacter;s__Gulosibacter_sp_401352_2018,dropped
k__Bacteria;p__Actinobacteria;c__Actinobacteria;o__Micrococcales;f__Microbacteriaceae;g__Leifsonia,dropped
k__Bacteria;p__Actinobacteria;c__Actinobacteria;o__Micrococcales;f__Microbacteriaceae;g__Leifsonia;s__Leifsonia_aquatica,dropped
k__Bacteria;p__Actinobacteria;c__Actinobacteria;o__Micrococcales;f__Microbacteriaceae;g__Leifsonia;s__Leifsonia_sp_Root227,dropped
k__Bacteria;p__Actinobacteria;c__Actinobacteria;o__Micrococcales;f__Microbacteriaceae;g__Leucobacter,dropped
k__Bacteria;p__Actinobacteria;c__Actinobacteria;o__Micrococcales;f__Microbacteriaceae;g__Leucobacter;s__Leucobacter_luti,dropped
k__Bacteria;p__Actinobacteria;c__Actinobacteria;o__Micrococcales;f__Microbacteriaceae;g__Leucobacter;s__Leucobacter_sp_7_1,dropped
k__Bacteria;p__Actinobacteria;c__Actinobacteria;o__Micrococcales;f__Microbacteriaceae;g__Microbacterium,dropped
k__Bacteria;p__Actinobacteria;c__Actinobacteria;o__Micrococcales;f__Microbacteriaceae;g__Microbacterium;s__Microbacterium_SGB47860,dropped
k__Bacteria;p__Actinobacteria;c__Actinobacteria;o__Micrococcales;f__Microbacteriaceae;g__Microbacterium;s__Microbacterium_SGB53518,dropped
k__Bacteria;p__Actinobacteria;c__Actinobacteria;o__Micrococcales;f__Microbacteriaceae;g__Microbacterium;s__Microbacterium_algeriense,dropped
k__Bacteria;p__Actinobacteria;c__Actinobacteria;o__Micrococcales;f__Microbacteriaceae;g__Microbacterium;s__Microbacterium_gubbeenense,dropped
k__Bacteria;p__Actinobacteria;c__Actinobacteria;o__Micrococcales;f__Microbacteriaceae;g__Microbacterium;s__Microbacterium_lacticum,dropped
k__Bacteria;p__Actinobacteria;c__Actinobacteria;o__Micrococcales;f__Microbacteriaceae;g__Microbacterium;s__Microbacterium_mitrae,dropped
k__Bacteria;p__Actinobacteria;c__Actinobacteria;o__Micrococcales;f__Microbacteriaceae;g__Pseudoclavibacter,dropped
k__Bacteria;p__Actinobacteria;c__Actinobacteria;o__Micrococcales;f__Microbacteriaceae;g__Pseudoclavibacter;s__Pseudoclavibacter_sp_CFCC_11306,dropped
k__Bacteria;p__Actinobacteria;c__Actinobacteria;o__Micrococcales;f__Micrococcaceae;g__Arthrobacter,dropped
k__Bacteria;p__Actinobacteria;c__Actinobacteria;o__Micrococcales;f__Micrococcaceae;g__Arthrobacter;s__Arthrobacter_gandavensis,dropped
k__Bacteria;p__Actinobacteria;c__Actinobacteria;o__Micrococcales;f__Micrococcaceae;g__Kocuria,dropped
k__Bacteria;p__Actinobacteria;c__Actinobacteria;o__Micrococcales;f__Micrococcaceae;g__Kocuria;s__Kocuria_sp_257,dropped
k__Bacteria;p__Actinobacteria;c__Actinobacteria;o__Micrococcales;f__Micrococcaceae;g__Rothia;s__Rothia_SGB16985,dropped
k__Bacteria;p__Actinobacteria;c__Actinobacteria;o__Micrococcales;f__Micrococcaceae;g__Rothia;s__Rothia_aeria,dropped
k__Bacteria;p__Actinobacteria;c__Actinobacteria;o__Micrococcales;f__Micrococcaceae;g__Rothia;s__Rothia_dentocariosa,dropped
k__Bacteria;p__Actinobacteria;c__Actinobacteria;o__Micrococcales;f__Micrococcaceae;g__Rothia;s__Rothia_kristinae,dropped
k__Bacteria;p__Actinobacteria;c__Actinobacteria;o__Micrococcales;f__Tropherymataceae,dropped
k__Bacteria;p__Actinobacteria;c__Actinobacteria;o__Micrococcales;f__Tropherymataceae;g__Tropheryma,dropped
k__Bacteria;p__Actinobacteria;c__Actinobacteria;o__Micrococcales;f__Tropherymataceae;g__Tropheryma;s__Tropheryma_whipplei,dropped
k__Bacteria;p__Actinobacteria;c__Actinobacteria;o__Propionibacteriales,dropped
k__Bacteria;p__Actinobacteria;c__Actinobacteria;o__Propionibacteriales;f__Propionibacteriaceae,dropped
k__Bacteria;p__Actinobacteria;c__Actinobacteria;o__Propionibacteriales;f__Propionibacteriaceae;g__Arachnia,dropped
k__Bacteria;p__Actinobacteria;c__Actinobacteria;o__Propionibacteriales;f__Propionibacteriaceae;g__Arachnia;s__Arachnia_SGB15898,dropped
k__Bacteria;p__Actinobacteria;c__Actinobacteria;o__Propionibacteriales;f__Propionibacteriaceae;g__Arachnia;s__Arachnia_SGB15899,dropped
k__Bacteria;p__Actinobacteria;c__Actinobacteria;o__Propionibacteriales;f__Propionibacteriaceae;g__Arachnia;s__Pseudopropionibacterium_massiliense,dropped
k__Bacteria;p__Actinobacteria;c__Actinobacteria;o__Propionibacteriales;f__Propionibacteriaceae;g__Arachnia;s__Pseudopropionibacterium_propionicum,dropped
k__Bacteria;p__Actinobacteria;c__Actinobacteria;o__Propionibacteriales;f__Propionibacteriaceae;g__Cutibacterium,dropped
k__Bacteria;p__Actinobacteria;c__Actinobacteria;o__Propionibacteriales;f__Propionibacteriaceae;g__Cutibacterium;s__Cutibacterium_acnes,dropped
k__Bacteria;p__Actinobacteria;c__Actinobacteria;o__Propionibacteriales;f__Propionibacteriaceae;g__Cutibacterium;s__Cutibacterium_granulosum,dropped
k__Bacteria;p__Actinobacteria;c__Actinobacteria;o__Propionibacteriales;f__Propionibacteriaceae;g__GGB10022,dropped
k__Bacteria;p__Actinobacteria;c__Actinobacteria;o__Propionibacteriales;f__Propionibacteriaceae;g__GGB10022;s__GGB10022_SGB15896,dropped
k__Bacteria;p__Actinobacteria;c__Actinobacteria;o__Propionibacteriales;f__Propionibacteriaceae;g__Propionibacterium,dropped
k__Bacteria;p__Actinobacteria;c__Actinobacteria;o__Propionibacteriales;f__Propionibacteriaceae;g__Propionibacterium;s__Propionibacterium_acidifaciens,dropped
k__Bacteria;p__Actinobacteria;c__Actinobacteria;o__Propionibacteriales;f__Propionibacteriaceae;g__Propionibacterium;s__Propionibacterium_freudenreichii,dropped
k__Bacteria;p__Actinobacteria;c__Actinobacteria;o__Propionibacteriales;f__Propionibacteriaceae;g__Propionibacterium;s__Propionibacterium_sp_oral_taxon_192,dropped
k__Bacteria;p__Actinobacteria;c__Actinobacteria;o__Propionibacteriales;f__Propionibacteriaceae;g__Tessaracoccus,dropped
k__Bacteria;p__Actinobacteria;c__Actinobacteria;o__Propionibacteriales;f__Propionibacteriaceae;g__Tessaracoccus;s__Tessaracoccus_timonensis,dropped
k__Bacteria;p__Actinobacteria;c__Actinobacteria;o__Streptomycetales,dropped
k__Bacteria;p__Actinobacteria;c__Actinobacteria;o__Streptomycetales;f__Streptomycetaceae,dropped
k__Bacteria;p__Actinobacteria;c__Actinobacteria;o__Streptomycetales;f__Streptomycetaceae;g__GGB31179,dropped
k__Bacteria;p__Actinobacteria;c__Actinobacteria;o__Streptomycetales;f__Streptomycetaceae;g__GGB31179;s__GGB31179_SGB44472,dropped
k__Bacteria;p__Actinobacteria;c__Actinobacteria;o__Streptomycetales;f__Streptomycetaceae;g__GGB35743,dropped
k__Bacteria;p__Actinobacteria;c__Actinobacteria;o__Streptomycetales;f__Streptomycetaceae;g__GGB35743;s__GGB35743_SGB53443,dropped
k__Bacteria;p__Actinobacteria;c__CFGB10515,dropped
k__Bacteria;p__Actinobacteria;c__CFGB10515;o__OFGB10515,dropped
k__Bacteria;p__Actinobacteria;c__CFGB10515;o__OFGB10515;f__FGB10515,dropped
k__Bacteria;p__Actinobacteria;c__CFGB10515;o__OFGB10515;f__FGB10515;g__GGB48227,dropped
k__Bacteria;p__Actinobacteria;c__CFGB10515;o__OFGB10515;f__FGB10515;g__GGB48227;s__GGB48227_SGB66234,dropped
k__Bacteria;p__Actinobacteria;c__CFGB25442,dropped
k__Bacteria;p__Actinobacteria;c__CFGB25442;o__OFGB25442,dropped
k__Bacteria;p__Actinobacteria;c__CFGB25442;o__OFGB25442;f__FGB25442,dropped
k__Bacteria;p__Actinobacteria;c__CFGB25442;o__OFGB25442;f__FGB25442;g__GGB51960,dropped
k__Bacteria;p__Actinobacteria;c__CFGB25442;o__OFGB25442;f__FGB25442;g__GGB51960;s__GGB51960_SGB72480,dropped
k__Bacteria;p__Actinobacteria;c__CFGB4469,dropped
k__Bacteria;p__Actinobacteria;c__CFGB4469;o__OFGB4469,dropped
k__Bacteria;p__Actinobacteria;c__CFGB4469;o__OFGB4469;f__FGB4469,dropped
k__Bacteria;p__Actinobacteria;c__CFGB4469;o__OFGB4469;f__FGB4469;g__GGB18381,dropped
k__Bacteria;p__Actinobacteria;c__CFGB4469;o__OFGB4469;f__FGB4469;g__GGB18381;s__GGB18381_SGB27144,dropped
k__Bacteria;p__Actinobacteria;c__CFGB4469;o__OFGB4469;f__FGB4469;g__GGB18384,dropped
k__Bacteria;p__Actinobacteria;c__CFGB4469;o__OFGB4469;f__FGB4469;g__GGB18384;s__GGB18384_SGB72500,dropped
k__Bacteria;p__Actinobacteria;c__Coriobacteriia;o__Coriobacteriales;f__Atopobiaceae;g__Atopobiaceae_unclassified,dropped
k__Bacteria;p__Actinobacteria;c__Coriobacteriia;o__Coriobacteriales;f__Atopobiaceae;g__Atopobiaceae_unclassified;s__Atopobiaceae_bacterium_FL090493,dropped
k__Bacteria;p__Actinobacteria;c__Coriobacteriia;o__Coriobacteriales;f__Atopobiaceae;g__Atopobium,dropped
k__Bacteria;p__Actinobacteria;c__Coriobacteriia;o__Coriobacteriales;f__Atopobiaceae;g__Atopobium;s__Atopobium_deltae,dropped
k__Bacteria;p__Actinobacteria;c__Coriobacteriia;o__Coriobacteriales;f__Atopobiaceae;g__Atopobium;s__Atopobium_fossor,dropped
k__Bacteria;p__Actinobacteria;c__Coriobacteriia;o__Coriobacteriales;f__Atopobiaceae;g__Atopobium;s__Atopobium_minutum,dropped
k__Bacteria;p__Actinobacteria;c__Coriobacteriia;o__Coriobacteriales;f__Atopobiaceae;g__Atopobium;s__Atopobium_sp_oral_taxon_199,dropped
k__Bacteria;p__Actinobacteria;c__Coriobacteriia;o__Coriobacteriales;f__Atopobiaceae;g__Atopobium;s__Atopobium_sp_oral_taxon_810,dropped
k__Bacteria;p__Actinobacteria;c__Coriobacteriia;o__Coriobacteriales;f__Atopobiaceae;g__GGB25425,dropped
k__Bacteria;p__Actinobacteria;c__Coriobacteriia;o__Coriobacteriales;f__Atopobiaceae;g__GGB25425;s__GGB25425_SGB37378,dropped
k__Bacteria;p__Actinobacteria;c__Coriobacteriia;o__Coriobacteriales;f__Atopobiaceae;g__GGB25437,dropped
k__Bacteria;p__Actinobacteria;c__Coriobacteriia;o__Coriobacteriales;f__Atopobiaceae;g__GGB25437;s__GGB25437_SGB37391,dropped
k__Bacteria;p__Actinobacteria;c__Coriobacteriia;o__Coriobacteriales;f__Atopobiaceae;g__GGB25442,dropped
k__Bacteria;p__Actinobacteria;c__Coriobacteriia;o__Coriobacteriales;f__Atopobiaceae;g__GGB25442;s__GGB25442_SGB37397,dropped
k__Bacteria;p__Actinobacteria;c__Coriobacteriia;o__Coriobacteriales;f__Atopobiaceae;g__GGB25443,dropped
k__Bacteria;p__Actinobacteria;c__Coriobacteriia;o__Coriobacteriales;f__Atopobiaceae;g__GGB25443;s__GGB25443_SGB37398,dropped
k__Bacteria;p__Actinobacteria;c__Coriobacteriia;o__Coriobacteriales;f__Atopobiaceae;g__GGB9369,dropped
k__Bacteria;p__Actinobacteria;c__Coriobacteriia;o__Coriobacteriales;f__Atopobiaceae;g__GGB9369;s__GGB9369_SGB14350,dropped
k__Bacteria;p__Actinobacteria;c__Coriobacteriia;o__Coriobacteriales;f__Atopobiaceae;g__Olsenella;s__Olsenella_SGB14390,dropped
k__Bacteria;p__Actinobacteria;c__Coriobacteriia;o__Coriobacteriales;f__Atopobiaceae;g__Olsenella;s__Olsenella_mediterranea,dropped
k__Bacteria;p__Actinobacteria;c__Coriobacteriia;o__Coriobacteriales;f__Atopobiaceae;g__Olsenella;s__Olsenella_phocaeensis,dropped
k__Bacteria;p__Actinobacteria;c__Coriobacteriia;o__Coriobacteriales;f__Atopobiaceae;g__Olsenella;s__Olsenella_profusa,dropped
k__Bacteria;p__Actinobacteria;c__Coriobacteriia;o__Coriobacteriales;f__Atopobiaceae;g__Olsenella;s__Olsenella_provencensis,dropped
k__Bacteria;p__Actinobacteria;c__Coriobacteriia;o__Coriobacteriales;f__Atopobiaceae;g__Olsenella;s__Olsenella_scatoligenes,dropped
k__Bacteria;p__Actinobacteria;c__Coriobacteriia;o__Coriobacteriales;f__Atopobiaceae;g__Olsenella;s__Olsenella_sp_An188,dropped
k__Bacteria;p__Actinobacteria;c__Coriobacteriia;o__Coriobacteriales;f__Atopobiaceae;g__Olsenella;s__Olsenella_sp_An270,dropped
k__Bacteria;p__Actinobacteria;c__Coriobacteriia;o__Coriobacteriales;f__Atopobiaceae;g__Olsenella;s__Olsenella_sp_DSM_105246,dropped
k__Bacteria;p__Actinobacteria;c__Coriobacteriia;o__Coriobacteriales;f__Atopobiaceae;g__Olsenella;s__Olsenella_sp_DSM_107455,dropped
k__Bacteria;p__Actinobacteria;c__Coriobacteriia;o__Coriobacteriales;f__Atopobiaceae;g__Olsenella;s__Olsenella_sp_KGMB02461,dropped
k__Bacteria;p__Actinobacteria;c__Coriobacteriia;o__Coriobacteriales;f__Atopobiaceae;g__Olsenella;s__Olsenella_sp_LZLJ_2,dropped
k__Bacteria;p__Actinobacteria;c__Coriobacteriia;o__Coriobacteriales;f__Atopobiaceae;g__Olsenella;s__Olsenella_sp_oral_taxon_807,dropped
k__Bacteria;p__Actinobacteria;c__Coriobacteriia;o__Coriobacteriales;f__Atopobiaceae;g__Olsenella;s__Olsenella_timonensis,dropped
k__Bacteria;p__Actinobacteria;c__Coriobacteriia;o__Coriobacteriales;f__Atopobiaceae;g__Olsenella;s__Olsenella_uli,dropped
k__Bacteria;p__Actinobacteria;c__Coriobacteriia;o__Coriobacteriales;f__Atopobiaceae;g__Olsenella;s__Olsenella_umbonata,dropped
k__Bacteria;p__Actinobacteria;c__Coriobacteriia;o__Coriobacteriales;f__Atopobiaceae;g__Olsenella;s__Olsenella_urininfantis,dropped
k__Bacteria;p__Actinobacteria;c__Coriobacteriia;o__Coriobacteriales;f__Atopobiaceae;g__Parolsenella,dropped
k__Bacteria;p__Actinobacteria;c__Coriobacteriia;o__Coriobacteriales;f__Atopobiaceae;g__Parolsenella;s__Parolsenella_SGB14378,dropped
k__Bacteria;p__Actinobacteria;c__Coriobacteriia;o__Coriobacteriales;f__Atopobiaceae;g__Parolsenella;s__Parolsenella_catena,dropped
k__Bacteria;p__Actinobacteria;c__Coriobacteriia;o__Coriobacteriales;f__Atopobiaceae;g__Parolsenella;s__Parolsenella_massiliensis,dropped
k__Bacteria;p__Actinobacteria;c__Coriobacteriia;o__Coriobacteriales;f__Coriobacteriaceae;g__Collinsella;s__Collinsella_SGB14747,dropped
k__Bacteria;p__Actinobacteria;c__Coriobacteriia;o__Coriobacteriales;f__Coriobacteriaceae;g__Collinsella;s__Collinsella_SGB14754,dropped
k__Bacteria;p__Actinobacteria;c__Coriobacteriia;o__Coriobacteriales;f__Coriobacteriaceae;g__Collinsella;s__Collinsella_ihuae,dropped
k__Bacteria;p__Actinobacteria;c__Coriobacteriia;o__Coriobacteriales;f__Coriobacteriaceae;g__Collinsella;s__Collinsella_intestinalis,dropped
k__Bacteria;p__Actinobacteria;c__Coriobacteriia;o__Coriobacteriales;f__Coriobacteriaceae;g__Collinsella;s__Collinsella_phocaeensis,dropped
k__Bacteria;p__Actinobacteria;c__Coriobacteriia;o__Coriobacteriales;f__Coriobacteriaceae;g__Collinsella;s__Collinsella_provencensis,dropped
k__Bacteria;p__Actinobacteria;c__Coriobacteriia;o__Coriobacteriales;f__Coriobacteriaceae;g__Collinsella;s__Collinsella_sp_AF08_23,dropped
k__Bacteria;p__Actinobacteria;c__Coriobacteriia;o__Coriobacteriales;f__Coriobacteriaceae;g__Collinsella;s__Collinsella_sp_An268,dropped
k__Bacteria;p__Actinobacteria;c__Coriobacteriia;o__Coriobacteriales;f__Coriobacteriaceae;g__Collinsella;s__Collinsella_sp_An307,dropped
k__Bacteria;p__Actinobacteria;c__Coriobacteriia;o__Coriobacteriales;f__Coriobacteriaceae;g__Collinsella;s__Collinsella_sp_An7,dropped
k__Bacteria;p__Actinobacteria;c__Coriobacteriia;o__Coriobacteriales;f__Coriobacteriaceae;g__Collinsella;s__Collinsella_stercoris,dropped
k__Bacteria;p__Actinobacteria;c__Coriobacteriia;o__Coriobacteriales;f__Coriobacteriaceae;g__Collinsella;s__Collinsella_tanakaei,dropped
k__Bacteria;p__Actinobacteria;c__Coriobacteriia;o__Coriobacteriales;f__Coriobacteriaceae;g__Enorma,dropped
k__Bacteria;p__Actinobacteria;c__Coriobacteriia;o__Coriobacteriales;f__Coriobacteriaceae;g__Enorma;s__Collinsella_massiliensis,dropped
k__Bacteria;p__Actinobacteria;c__Coriobacteriia;o__Coriobacteriales;f__Coriobacteriaceae;g__Enorma;s__Enorma_SGB14753,dropped
k__Bacteria;p__Actinobacteria;c__Coriobacteriia;o__Coriobacteriales;f__Coriobacteriaceae;g__Enorma;s__Enorma_burkinafasonensis,dropped
k__Bacteria;p__Actinobacteria;c__Coriobacteriia;o__Coriobacteriales;f__Coriobacteriaceae;g__Enorma;s__Enorma_massiliensis,dropped
k__Bacteria;p__Actinobacteria;c__Coriobacteriia;o__Coriobacteriales;f__Coriobacteriaceae;g__Enorma;s__Enorma_phocaeensis,dropped
k__Bacteria;p__Actinobacteria;c__Coriobacteriia;o__Coriobacteriales;f__Coriobacteriaceae;g__GGB9379,dropped
k__Bacteria;p__Actinobacteria;c__Coriobacteriia;o__Coriobacteriales;f__Coriobacteriaceae;g__GGB9379;s__GGB9379_SGB14372,dropped
k__Bacteria;p__Actinobacteria;c__Coriobacteriia;o__Coriobacteriales;f__Coriobacteriaceae;g__GGB9394,dropped
k__Bacteria;p__Actinobacteria;c__Coriobacteriia;o__Coriobacteriales;f__Coriobacteriaceae;g__GGB9394;s__GGB9394_SGB14398,dropped
k__Bacteria;p__Actinobacteria;c__Coriobacteriia;o__Coriobacteriales;f__Coriobacteriaceae;g__Olegusella,dropped
k__Bacteria;p__Actinobacteria;c__Coriobacteriia;o__Coriobacteriales;f__Coriobacteriaceae;g__Olegusella;s__Olegusella_massiliensis,dropped
k__Bacteria;p__Actinobacteria;c__Coriobacteriia;o__Coriobacteriales;f__Coriobacteriaceae;g__Senegalimassilia;s__Senegalimassilia_faecalis,dropped
k__Bacteria;p__Actinobacteria;c__Coriobacteriia;o__Coriobacteriales;f__Coriobacteriales_unclassified,dropped
k__Bacteria;p__Actinobacteria;c__Coriobacteriia;o__Coriobacteriales;f__Coriobacteriales_unclassified;g__Coriobacteriales_unclassified,dropped
k__Bacteria;p__Actinobacteria;c__Coriobacteriia;o__Coriobacteriales;f__Coriobacteriales_unclassified;g__Coriobacteriales_unclassified;s__Coriobacteriales_bacterium_DNF00809,dropped
k__Bacteria;p__Actinobacteria;c__Coriobacteriia;o__Coriobacteriales;f__Coriobacteriales_unclassified;g__Coriobacteriales_unclassified;s__Coriobacteriales_unclassified_SGB72475,dropped
k__Bacteria;p__Actinobacteria;c__Coriobacteriia;o__Coriobacteriia_unclassified;f__Coriobacteriia_unclassified;g__Coriobacteriia_unclassified;s__Coriobacteriia_bacterium,dropped
k__Bacteria;p__Actinobacteria;c__Coriobacteriia;o__Coriobacteriia_unclassified;f__Coriobacteriia_unclassified;g__Coriobacteriia_unclassified;s__Coriobacteriia_unclassified_SGB14764,dropped
k__Bacteria;p__Actinobacteria;c__Coriobacteriia;o__Eggerthellales;f__Eggerthellaceae;g__Adlercreutzia;s__Adlercreutzia_caecicola,dropped
k__Bacteria;p__Actinobacteria;c__Coriobacteriia;o__Eggerthellales;f__Eggerthellaceae;g__Adlercreutzia;s__Adlercreutzia_caecimuris,dropped
k__Bacteria;p__Actinobacteria;c__Coriobacteriia;o__Eggerthellales;f__Eggerthellaceae;g__Adlercreutzia;s__Adlercreutzia_mucosicola,dropped
k__Bacteria;p__Actinobacteria;c__Coriobacteriia;o__Eggerthellales;f__Eggerthellaceae;g__Adlercreutzia;s__Adlercreutzia_muris,dropped
k__Bacteria;p__Actinobacteria;c__Coriobacteriia;o__Eggerthellales;f__Eggerthellaceae;g__Arabia,dropped
k__Bacteria;p__Actinobacteria;c__Coriobacteriia;o__Eggerthellales;f__Eggerthellaceae;g__Arabia;s__Arabia_massiliensis,dropped
k__Bacteria;p__Actinobacteria;c__Coriobacteriia;o__Eggerthellales;f__Eggerthellaceae;g__Cryptobacterium,dropped
k__Bacteria;p__Actinobacteria;c__Coriobacteriia;o__Eggerthellales;f__Eggerthellaceae;g__Cryptobacterium;s__Cryptobacterium_curtum,dropped
k__Bacteria;p__Actinobacteria;c__Coriobacteriia;o__Eggerthellales;f__Eggerthellaceae;g__Eggerthella;s__Eggerthella_sinensis,dropped
k__Bacteria;p__Actinobacteria;c__Coriobacteriia;o__Eggerthellales;f__Eggerthellaceae;g__Eggerthella;s__Eggerthella_sp_HF_1101,dropped
k__Bacteria;p__Actinobacteria;c__Coriobacteriia;o__Eggerthellales;f__Eggerthellaceae;g__Eggerthella;s__Eggerthella_sp_YY7918,dropped
k__Bacteria;p__Actinobacteria;c__Coriobacteriia;o__Eggerthellales;f__Eggerthellaceae;g__Eggerthellaceae_unclassified;s__Eggerthellaceae_bacterium_AT8,dropped
k__Bacteria;p__Actinobacteria;c__Coriobacteriia;o__Eggerthellales;f__Eggerthellaceae;g__Eggerthellaceae_unclassified;s__Eggerthellaceae_unclassified_SGB14322,dropped
k__Bacteria;p__Actinobacteria;c__Coriobacteriia;o__Eggerthellales;f__Eggerthellaceae;g__Eggerthellaceae_unclassified;s__Eggerthellaceae_unclassified_SGB14330,dropped
k__Bacteria;p__Actinobacteria;c__Coriobacteriia;o__Eggerthellales;f__Eggerthellaceae;g__Eggerthellaceae_unclassified;s__Eggerthellaceae_unclassified_SGB63096,dropped
k__Bacteria;p__Actinobacteria;c__Coriobacteriia;o__Eggerthellales;f__Eggerthellaceae;g__Enterorhabdus,dropped
k__Bacteria;p__Actinobacteria;c__Coriobacteriia;o__Eggerthellales;f__Eggerthellaceae;g__Enterorhabdus;s__Enterorhabdus_sp_P55,dropped
k__Bacteria;p__Actinobacteria;c__Coriobacteriia;o__Eggerthellales;f__Eggerthellaceae;g__Enteroscipio,dropped
k__Bacteria;p__Actinobacteria;c__Coriobacteriia;o__Eggerthellales;f__Eggerthellaceae;g__Enteroscipio;s__Enteroscipio_rubneri,dropped
k__Bacteria;p__Actinobacteria;c__Coriobacteriia;o__Eggerthellales;f__Eggerthellaceae;g__GGB30048,dropped
k__Bacteria;p__Actinobacteria;c__Coriobacteriia;o__Eggerthellales;f__Eggerthellaceae;g__GGB30048;s__GGB30048_SGB42949,dropped
k__Bacteria;p__Actinobacteria;c__Coriobacteriia;o__Eggerthellales;f__Eggerthellaceae;g__GGB45432,dropped
k__Bacteria;p__Actinobacteria;c__Coriobacteriia;o__Eggerthellales;f__Eggerthellaceae;g__GGB45432;s__GGB45432_SGB63101,dropped
k__Bacteria;p__Actinobacteria;c__Coriobacteriia;o__Eggerthellales;f__Eggerthellaceae;g__GGB9358,dropped
k__Bacteria;p__Actinobacteria;c__Coriobacteriia;o__Eggerthellales;f__Eggerthellaceae;g__GGB9358;s__GGB9358_SGB14333,dropped
k__Bacteria;p__Actinobacteria;c__Coriobacteriia;o__Eggerthellales;f__Eggerthellaceae;g__GGB9361,dropped
k__Bacteria;p__Actinobacteria;c__Coriobacteriia;o__Eggerthellales;f__Eggerthellaceae;g__GGB9361;s__GGB9361_SGB14336,dropped
k__Bacteria;p__Actinobacteria;c__Coriobacteriia;o__Eggerthellales;f__Eggerthellaceae;g__GGB9423,dropped
k__Bacteria;p__Actinobacteria;c__Coriobacteriia;o__Eggerthellales;f__Eggerthellaceae;g__GGB9423;s__GGB9423_SGB14792,dropped
k__Bacteria;p__Actinobacteria;c__Coriobacteriia;o__Eggerthellales;f__Eggerthellaceae;g__GGB9434,dropped
k__Bacteria;p__Actinobacteria;c__Coriobacteriia;o__Eggerthellales;f__Eggerthellaceae;g__GGB9434;s__GGB9434_SGB14812,dropped
k__Bacteria;p__Actinobacteria;c__Coriobacteriia;o__Eggerthellales;f__Eggerthellaceae;g__Gordonibacter;s__Gordonibacter_massiliensis,dropped
k__Bacteria;p__Actinobacteria;c__Coriobacteriia;o__Eggerthellales;f__Eggerthellaceae;g__Gordonibacter;s__Gordonibacter_sp_28C,dropped
k__Bacteria;p__Actinobacteria;c__Coriobacteriia;o__Eggerthellales;f__Eggerthellaceae;g__Gordonibacter;s__Gordonibacter_sp_An230,dropped
k__Bacteria;p__Actinobacteria;c__Coriobacteriia;o__Eggerthellales;f__Eggerthellaceae;g__Gordonibacter;s__Gordonibacter_sp_An232A,dropped
k__Bacteria;p__Actinobacteria;c__Coriobacteriia;o__Eggerthellales;f__Eggerthellaceae;g__Gordonibacter;s__Gordonibacter_sp_Marseille_P4307,dropped
k__Bacteria;p__Actinobacteria;c__Coriobacteriia;o__Eggerthellales;f__Eggerthellaceae;g__Paraeggerthella,dropped
k__Bacteria;p__Actinobacteria;c__Coriobacteriia;o__Eggerthellales;f__Eggerthellaceae;g__Paraeggerthella;s__Paraeggerthella_hongkongensis,dropped
k__Bacteria;p__Actinobacteria;c__Coriobacteriia;o__Eggerthellales;f__Eggerthellaceae;g__Phoenicibacter,dropped
k__Bacteria;p__Actinobacteria;c__Coriobacteriia;o__Eggerthellales;f__Eggerthellaceae;g__Phoenicibacter;s__Phoenicibacter_congonensis,dropped
k__Bacteria;p__Actinobacteria;c__Coriobacteriia;o__Eggerthellales;f__Eggerthellaceae;g__Raoultibacter,dropped
k__Bacteria;p__Actinobacteria;c__Coriobacteriia;o__Eggerthellales;f__Eggerthellaceae;g__Raoultibacter;s__Raoultibacter_sp_Marseille_P8396,dropped
k__Bacteria;p__Actinobacteria;c__Coriobacteriia;o__Eggerthellales;f__Eggerthellaceae;g__Raoultibacter;s__Raoultibacter_timonensis,dropped
k__Bacteria;p__Actinobacteria;c__Coriobacteriia;o__Eggerthellales;f__Eggerthellaceae;g__Slackia;s__Slackia_SGB14778,dropped
k__Bacteria;p__Actinobacteria;c__Coriobacteriia;o__Eggerthellales;f__Eggerthellaceae;g__Slackia;s__Slackia_equolifaciens,dropped
k__Bacteria;p__Actinobacteria;c__Coriobacteriia;o__Eggerthellales;f__Eggerthellaceae;g__Slackia;s__Slackia_faecicanis,dropped
k__Bacteria;p__Actinobacteria;c__Coriobacteriia;o__Eggerthellales;f__Eggerthellaceae;g__Slackia;s__Slackia_piriformis,dropped
k__Bacteria;p__Bacteria_unclassified,dropped
k__Bacteria;p__Bacteria_unclassified;c__Bacteria_unclassified,dropped
k__Bacteria;p__Bacteria_unclassified;c__Bacteria_unclassified;o__Bacteria_unclassified,dropped
k__Bacteria;p__Bacteria_unclassified;c__Bacteria_unclassified;o__Bacteria_unclassified;f__Bacteria_unclassified,dropped
k__Bacteria;p__Bacteria_unclassified;c__Bacteria_unclassified;o__Bacteria_unclassified;f__Bacteria_unclassified;g__Bacteria_unclassified,dropped
k__Bacteria;p__Bacteria_unclassified;c__Bacteria_unclassified;o__Bacteria_unclassified;f__Bacteria_unclassified;g__Bacteria_unclassified;s__bacterium_1XD42_54,dropped
k__Bacteria;p__Bacteria_unclassified;c__Bacteria_unclassified;o__Bacteria_unclassified;f__Bacteria_unclassified;g__Bacteria_unclassified;s__bacterium_D16_34,dropped
k__Bacteria;p__Bacteria_unclassified;c__Bacteria_unclassified;o__Bacteria_unclassified;f__Bacteria_unclassified;g__Bacteria_unclassified;s__bacterium_J10_2018,dropped
k__Bacteria;p__Bacteria_unclassified;c__Bacteria_unclassified;o__Bacteria_unclassified;f__Bacteria_unclassified;g__Bacteria_unclassified;s__bacterium_OL_1,dropped
k__Bacteria;p__Bacteria_unclassified;c__Bacteria_unclassified;o__Bacteria_unclassified;f__Bacteria_unclassified;g__GGB28944,dropped
k__Bacteria;p__Bacteria_unclassified;c__Bacteria_unclassified;o__Bacteria_unclassified;f__Bacteria_unclassified;g__GGB28944;s__GGB28944_SGB41648,dropped
k__Bacteria;p__Bacteroidetes;c__Bacteroidetes_unclassified,dropped
k__Bacteria;p__Bacteroidetes;c__Bacteroidetes_unclassified;o__Bacteroidetes_unclassified,dropped
k__Bacteria;p__Bacteroidetes;c__Bacteroidetes_unclassified;o__Bacteroidetes_unclassified;f__Bacteroidetes_unclassified,dropped
k__Bacteria;p__Bacteroidetes;c__Bacteroidetes_unclassified;o__Bacteroidetes_unclassified;f__Bacteroidetes_unclassified;g__Bacteroidetes_unclassified,dropped
k__Bacteria;p__Bacteroidetes;c__Bacteroidetes_unclassified;o__Bacteroidetes_unclassified;f__Bacteroidetes_unclassified;g__Bacteroidetes_unclassified;s__Bacteroidetes_oral_taxon_274,dropped
k__Bacteria;p__Bacteroidetes;c__Bacteroidia;o__Bacteroidales;f__Bacteroidaceae;g__Bacteroidaceae_unclassified;s__Bacteroidaceae_unclassified_SGB1468,dropped
k__Bacteria;p__Bacteroidetes;c__Bacteroidia;o__Bacteroidales;f__Bacteroidaceae;g__Bacteroidaceae_unclassified;s__Bacteroidaceae_unclassified_SGB1909,dropped
k__Bacteria;p__Bacteroidetes;c__Bacteroidia;o__Bacteroidales;f__Bacteroidaceae;g__Bacteroidaceae_unclassified;s__Bacteroidaceae_unclassified_SGB63885,dropped
k__Bacteria;p__Bacteroidetes;c__Bacteroidia;o__Bacteroidales;f__Bacteroidaceae;g__Bacteroides;s__Bacteroides_acidifaciens,dropped
k__Bacteria;p__Bacteroidetes;c__Bacteroidia;o__Bacteroidales;f__Bacteroidaceae;g__Bacteroides;s__Bacteroides_bouchesdurhonensis,dropped
k__Bacteria;p__Bacteroidetes;c__Bacteroidia;o__Bacteroidales;f__Bacteroidaceae;g__Bacteroides;s__Bacteroides_cutis,dropped
k__Bacteria;p__Bacteroidetes;c__Bacteroidia;o__Bacteroidales;f__Bacteroidaceae;g__Bacteroides;s__Bacteroides_faecalis,dropped
k__Bacteria;p__Bacteroidetes;c__Bacteroidia;o__Bacteroidales;f__Bacteroidaceae;g__Bacteroides;s__Bacteroides_fluxus,dropped
k__Bacteria;p__Bacteroidetes;c__Bacteroidia;o__Bacteroidales;f__Bacteroidaceae;g__Bacteroides;s__Bacteroides_gallinarum,dropped
k__Bacteria;p__Bacteroidetes;c__Bacteroidia;o__Bacteroidales;f__Bacteroidaceae;g__Bacteroides;s__Bacteroides_helcogenes,dropped
k__Bacteria;p__Bacteroidetes;c__Bacteroidia;o__Bacteroidales;f__Bacteroidaceae;g__Bacteroides;s__Bacteroides_heparinolyticus,dropped
k__Bacteria;p__Bacteroidetes;c__Bacteroidia;o__Bacteroidales;f__Bacteroidaceae;g__Bacteroides;s__Bacteroides_ilei,dropped
k__Bacteria;p__Bacteroidetes;c__Bacteroidia;o__Bacteroidales;f__Bacteroidaceae;g__Bacteroides;s__Bacteroides_mediterraneensis,dropped
k__Bacteria;p__Bacteroidetes;c__Bacteroidia;o__Bacteroidales;f__Bacteroidaceae;g__Bacteroides;s__Bacteroides_ndongoniae,dropped
k__Bacteria;p__Bacteroidetes;c__Bacteroidia;o__Bacteroidales;f__Bacteroidaceae;g__Bacteroides;s__Bacteroides_oleiciplenus,dropped
k__Bacteria;p__Bacteroidetes;c__Bacteroidia;o__Bacteroidales;f__Bacteroidaceae;g__Bacteroides;s__Bacteroides_pyogenes,dropped
k__Bacteria;p__Bacteroidetes;c__Bacteroidia;o__Bacteroidales;f__Bacteroidaceae;g__Bacteroides;s__Bacteroides_sp_AF16_49,dropped
k__Bacteria;p__Bacteroidetes;c__Bacteroidia;o__Bacteroidales;f__Bacteroidaceae;g__Bacteroides;s__Bacteroides_sp_An19,dropped
k__Bacteria;p__Bacteroidetes;c__Bacteroidia;o__Bacteroidales;f__Bacteroidaceae;g__Bacteroides;s__Bacteroides_sp_An322,dropped
k__Bacteria;p__Bacteroidetes;c__Bacteroidia;o__Bacteroidales;f__Bacteroidaceae;g__Bacteroides;s__Bacteroides_sp_CBA7301,dropped
k__Bacteria;p__Bacteroidetes;c__Bacteroidia;o__Bacteroidales;f__Bacteroidaceae;g__Bacteroides;s__Bacteroides_sp_GM023,dropped
k__Bacteria;p__Bacteroidetes;c__Bacteroidia;o__Bacteroidales;f__Bacteroidaceae;g__Bacteroides;s__Bacteroides_sp_Marseille_P3684,dropped
k__Bacteria;p__Bacteroidetes;c__Bacteroidia;o__Bacteroidales;f__Bacteroidaceae;g__Bacteroides;s__Bacteroides_sp_OF04_15BH,dropped
k__Bacteria;p__Bacteroidetes;c__Bacteroidia;o__Bacteroidales;f__Bacteroidaceae;g__Bacteroides;s__Bacteroides_stercorirosoris,dropped
k__Bacteria;p__Bacteroidetes;c__Bacteroidia;o__Bacteroidales;f__Bacteroidaceae;g__Bacteroides;s__Bacteroides_timonensis,dropped
k__Bacteria;p__Bacteroidetes;c__Bacteroidia;o__Bacteroidales;f__Bacteroidaceae;g__Bacteroides;s__Bacteroides_togonis,dropped
k__Bacteria;p__Bacteroidetes;c__Bacteroidia;o__Bacteroidales;f__Bacteroidaceae;g__GGB1095,dropped
k__Bacteria;p__Bacteroidetes;c__Bacteroidia;o__Bacteroidales;f__Bacteroidaceae;g__GGB1095;s__GGB1095_SGB1407,dropped
k__Bacteria;p__Bacteroidetes;c__Bacteroidia;o__Bacteroidales;f__Bacteroidaceae;g__GGB1116,dropped
k__Bacteria;p__Bacteroidetes;c__Bacteroidia;o__Bacteroidales;f__Bacteroidaceae;g__GGB1116;s__GGB1116_SGB1430,dropped
k__Bacteria;p__Bacteroidetes;c__Bacteroidia;o__Bacteroidales;f__Bacteroidaceae;g__GGB1153,dropped
k__Bacteria;p__Bacteroidetes;c__Bacteroidia;o__Bacteroidales;f__Bacteroidaceae;g__GGB1153;s__GGB1153_SGB1481,dropped
k__Bacteria;p__Bacteroidetes;c__Bacteroidia;o__Bacteroidales;f__Bacteroidaceae;g__GGB1154,dropped
k__Bacteria;p__Bacteroidetes;c__Bacteroidia;o__Bacteroidales;f__Bacteroidaceae;g__GGB1154;s__GGB1154_SGB1482,dropped
k__Bacteria;p__Bacteroidetes;c__Bacteroidia;o__Bacteroidales;f__Bacteroidaceae;g__GGB1350,dropped
k__Bacteria;p__Bacteroidetes;c__Bacteroidia;o__Bacteroidales;f__Bacteroidaceae;g__GGB1350;s__GGB1350_SGB1808,dropped
k__Bacteria;p__Bacteroidetes;c__Bacteroidia;o__Bacteroidales;f__Bacteroidaceae;g__GGB1355,dropped
k__Bacteria;p__Bacteroidetes;c__Bacteroidia;o__Bacteroidales;f__Bacteroidaceae;g__GGB1355;s__GGB1355_SGB1819,dropped
k__Bacteria;p__Bacteroidetes;c__Bacteroidia;o__Bacteroidales;f__Bacteroidaceae;g__GGB1379,dropped
k__Bacteria;p__Bacteroidetes;c__Bacteroidia;o__Bacteroidales;f__Bacteroidaceae;g__GGB1379;s__GGB1379_SGB1880,dropped
k__Bacteria;p__Bacteroidetes;c__Bacteroidia;o__Bacteroidales;f__Bacteroidaceae;g__GGB1380,dropped
k__Bacteria;p__Bacteroidetes;c__Bacteroidia;o__Bacteroidales;f__Bacteroidaceae;g__GGB1380;s__GGB1380_SGB1883,dropped
k__Bacteria;p__Bacteroidetes;c__Bacteroidia;o__Bacteroidales;f__Bacteroidaceae;g__GGB1387,dropped
k__Bacteria;p__Bacteroidetes;c__Bacteroidia;o__Bacteroidales;f__Bacteroidaceae;g__GGB1387;s__GGB1387_SGB1894,dropped
k__Bacteria;p__Bacteroidetes;c__Bacteroidia;o__Bacteroidales;f__Bacteroidaceae;g__GGB1387;s__GGB1387_SGB1895,dropped
k__Bacteria;p__Bacteroidetes;c__Bacteroidia;o__Bacteroidales;f__Bacteroidaceae;g__GGB1392,dropped
k__Bacteria;p__Bacteroidetes;c__Bacteroidia;o__Bacteroidales;f__Bacteroidaceae;g__GGB1392;s__GGB1392_SGB1913,dropped
k__Bacteria;p__Bacteroidetes;c__Bacteroidia;o__Bacteroidales;f__Bacteroidaceae;g__GGB28265,dropped
k__Bacteria;p__Bacteroidetes;c__Bacteroidia;o__Bacteroidales;f__Bacteroidaceae;g__GGB28265;s__GGB28265_SGB40817,dropped
k__Bacteria;p__Bacteroidetes;c__Bacteroidia;o__Bacteroidales;f__Bacteroidaceae;g__Mediterranea,dropped
k__Bacteria;p__Bacteroidetes;c__Bacteroidia;o__Bacteroidales;f__Bacteroidaceae;g__Mediterranea;s__Mediterranea_massiliensis,dropped
k__Bacteria;p__Bacteroidetes;c__Bacteroidia;o__Bacteroidales;f__Bacteroidales_unclassified;g__Bacteroidales_unclassified,dropped
k__Bacteria;p__Bacteroidetes;c__Bacteroidia;o__Bacteroidales;f__Bacteroidales_unclassified;g__Bacteroidales_unclassified;s__Bacteroidales_bacterium,dropped
k__Bacteria;p__Bacteroidetes;c__Bacteroidia;o__Bacteroidales;f__Bacteroidales_unclassified;g__Bacteroidales_unclassified;s__Bacteroidales_bacterium_KA00251,dropped
k__Bacteria;p__Bacteroidetes;c__Bacteroidia;o__Bacteroidales;f__Bacteroidales_unclassified;g__Bacteroidales_unclassified;s__Bacteroidales_bacterium_Oil_RF_744_WCA_WT_10,dropped
k__Bacteria;p__Bacteroidetes;c__Bacteroidia;o__Bacteroidales;f__Bacteroidales_unclassified;g__Bacteroidales_unclassified;s__Bacteroidales_unclassified_SGB1954,dropped
k__Bacteria;p__Bacteroidetes;c__Bacteroidia;o__Bacteroidales;f__Bacteroidales_unclassified;g__Bacteroidales_unclassified;s__Bacteroidales_unclassified_SGB2072,dropped
k__Bacteria;p__Bacteroidetes;c__Bacteroidia;o__Bacteroidales;f__Bacteroidales_unclassified;g__Bacteroidales_unclassified;s__Bacteroidales_unclassified_SGB2076,dropped
k__Bacteria;p__Bacteroidetes;c__Bacteroidia;o__Bacteroidales;f__Bacteroidales_unclassified;g__Bacteroidales_unclassified;s__Bacteroidales_unclassified_SGB2135,dropped
k__Bacteria;p__Bacteroidetes;c__Bacteroidia;o__Bacteroidales;f__Bacteroidales_unclassified;g__Bacteroidales_unclassified;s__Bacteroidales_unclassified_SGB2162,dropped
k__Bacteria;p__Bacteroidetes;c__Bacteroidia;o__Bacteroidales;f__Bacteroidales_unclassified;g__Bacteroidales_unclassified;s__Bacteroidales_unclassified_SGB2164,dropped
k__Bacteria;p__Bacteroidetes;c__Bacteroidia;o__Bacteroidales;f__Bacteroidales_unclassified;g__Bacteroidales_unclassified;s__Bacteroidales_unclassified_SGB2166,dropped
k__Bacteria;p__Bacteroidetes;c__Bacteroidia;o__Bacteroidales;f__Bacteroidales_unclassified;g__GGB12853,dropped
k__Bacteria;p__Bacteroidetes;c__Bacteroidia;o__Bacteroidales;f__Bacteroidales_unclassified;g__GGB12853;s__GGB12853_SGB19980,dropped
k__Bacteria;p__Bacteroidetes;c__Bacteroidia;o__Bacteroidales;f__Bacteroidales_unclassified;g__GGB1460,dropped
k__Bacteria;p__Bacteroidetes;c__Bacteroidia;o__Bacteroidales;f__Bacteroidales_unclassified;g__GGB1460;s__GGB1460_SGB2023,dropped
k__Bacteria;p__Bacteroidetes;c__Bacteroidia;o__Bacteroidales;f__Bacteroidales_unclassified;g__GGB1495,dropped
k__Bacteria;p__Bacteroidetes;c__Bacteroidia;o__Bacteroidales;f__Bacteroidales_unclassified;g__GGB1495;s__GGB1495_SGB2071,dropped
k__Bacteria;p__Bacteroidetes;c__Bacteroidia;o__Bacteroidales;f__Bacteroidales_unclassified;g__GGB1514,dropped
k__Bacteria;p__Bacteroidetes;c__Bacteroidia;o__Bacteroidales;f__Bacteroidales_unclassified;g__GGB1514;s__GGB1514_SGB2094,dropped
k__Bacteria;p__Bacteroidetes;c__Bacteroidia;o__Bacteroidales;f__Bacteroidales_unclassified;g__GGB1525,dropped
k__Bacteria;p__Bacteroidetes;c__Bacteroidia;o__Bacteroidales;f__Bacteroidales_unclassified;g__GGB1525;s__GGB1525_SGB2107,dropped
k__Bacteria;p__Bacteroidetes;c__Bacteroidia;o__Bacteroidales;f__Bacteroidales_unclassified;g__GGB1530,dropped
k__Bacteria;p__Bacteroidetes;c__Bacteroidia;o__Bacteroidales;f__Bacteroidales_unclassified;g__GGB1530;s__GGB1530_SGB2113,dropped
k__Bacteria;p__Bacteroidetes;c__Bacteroidia;o__Bacteroidales;f__Bacteroidales_unclassified;g__GGB1536,dropped
k__Bacteria;p__Bacteroidetes;c__Bacteroidia;o__Bacteroidales;f__Bacteroidales_unclassified;g__GGB1536;s__GGB1536_SGB2119,dropped
k__Bacteria;p__Bacteroidetes;c__Bacteroidia;o__Bacteroidales;f__Bacteroidales_unclassified;g__GGB1538,dropped
k__Bacteria;p__Bacteroidetes;c__Bacteroidia;o__Bacteroidales;f__Bacteroidales_unclassified;g__GGB1538;s__GGB1538_SGB2121,dropped
k__Bacteria;p__Bacteroidetes;c__Bacteroidia;o__Bacteroidales;f__Bacteroidales_unclassified;g__GGB1543,dropped
k__Bacteria;p__Bacteroidetes;c__Bacteroidia;o__Bacteroidales;f__Bacteroidales_unclassified;g__GGB1543;s__GGB1543_SGB2126,dropped
k__Bacteria;p__Bacteroidetes;c__Bacteroidia;o__Bacteroidales;f__Bacteroidales_unclassified;g__GGB1547,dropped
k__Bacteria;p__Bacteroidetes;c__Bacteroidia;o__Bacteroidales;f__Bacteroidales_unclassified;g__GGB1547;s__GGB1547_SGB2131,dropped
k__Bacteria;p__Bacteroidetes;c__Bacteroidia;o__Bacteroidales;f__Bacteroidales_unclassified;g__GGB1548,dropped
k__Bacteria;p__Bacteroidetes;c__Bacteroidia;o__Bacteroidales;f__Bacteroidales_unclassified;g__GGB1548;s__GGB1548_SGB2132,dropped
k__Bacteria;p__Bacteroidetes;c__Bacteroidia;o__Bacteroidales;f__Bacteroidales_unclassified;g__GGB1551,dropped
k__Bacteria;p__Bacteroidetes;c__Bacteroidia;o__Bacteroidales;f__Bacteroidales_unclassified;g__GGB1551;s__GGB1551_SGB2136,dropped
k__Bacteria;p__Bacteroidetes;c__Bacteroidia;o__Bacteroidales;f__Bacteroidales_unclassified;g__GGB1582,dropped
k__Bacteria;p__Bacteroidetes;c__Bacteroidia;o__Bacteroidales;f__Bacteroidales_unclassified;g__GGB1582;s__GGB1582_SGB2173,dropped
k__Bacteria;p__Bacteroidetes;c__Bacteroidia;o__Bacteroidales;f__Bacteroidales_unclassified;g__GGB24132,dropped
k__Bacteria;p__Bacteroidetes;c__Bacteroidia;o__Bacteroidales;f__Bacteroidales_unclassified;g__GGB24132;s__GGB24132_SGB35935,dropped
k__Bacteria;p__Bacteroidetes;c__Bacteroidia;o__Bacteroidales;f__Bacteroidales_unclassified;g__GGB24134,dropped
k__Bacteria;p__Bacteroidetes;c__Bacteroidia;o__Bacteroidales;f__Bacteroidales_unclassified;g__GGB24134;s__GGB24134_SGB35937,dropped
k__Bacteria;p__Bacteroidetes;c__Bacteroidia;o__Bacteroidales;f__Bacteroidales_unclassified;g__GGB24146,dropped
k__Bacteria;p__Bacteroidetes;c__Bacteroidia;o__Bacteroidales;f__Bacteroidales_unclassified;g__GGB24146;s__GGB24146_SGB35950,dropped
k__Bacteria;p__Bacteroidetes;c__Bacteroidia;o__Bacteroidales;f__Bacteroidales_unclassified;g__GGB24148,dropped
k__Bacteria;p__Bacteroidetes;c__Bacteroidia;o__Bacteroidales;f__Bacteroidales_unclassified;g__GGB24148;s__GGB24148_SGB35952,dropped
k__Bacteria;p__Bacteroidetes;c__Bacteroidia;o__Bacteroidales;f__Bacteroidales_unclassified;g__GGB27872,dropped
k__Bacteria;p__Bacteroidetes;c__Bacteroidia;o__Bacteroidales;f__Bacteroidales_unclassified;g__GGB27872;s__GGB27872_SGB40306,dropped
k__Bacteria;p__Bacteroidetes;c__Bacteroidia;o__Bacteroidales;f__Bacteroidales_unclassified;g__GGB27876,dropped
k__Bacteria;p__Bacteroidetes;c__Bacteroidia;o__Bacteroidales;f__Bacteroidales_unclassified;g__GGB27876;s__GGB27876_SGB40310,dropped
k__Bacteria;p__Bacteroidetes;c__Bacteroidia;o__Bacteroidales;f__Bacteroidales_unclassified;g__GGB27884,dropped
k__Bacteria;p__Bacteroidetes;c__Bacteroidia;o__Bacteroidales;f__Bacteroidales_unclassified;g__GGB27884;s__GGB27884_SGB40318,dropped
k__Bacteria;p__Bacteroidetes;c__Bacteroidia;o__Bacteroidales;f__Bacteroidales_unclassified;g__GGB27887,dropped
k__Bacteria;p__Bacteroidetes;c__Bacteroidia;o__Bacteroidales;f__Bacteroidales_unclassified;g__GGB27887;s__GGB27887_SGB40321,dropped
k__Bacteria;p__Bacteroidetes;c__Bacteroidia;o__Bacteroidales;f__Bacteroidales_unclassified;g__Phocaeicola;s__Phocaeicola_SGB1898,dropped
k__Bacteria;p__Bacteroidetes;c__Bacteroidia;o__Bacteroidales;f__Bacteroidales_unclassified;g__Phocaeicola;s__Phocaeicola_abscessus,dropped
k__Bacteria;p__Bacteroidetes;c__Bacteroidia;o__Bacteroidales;f__Bacteroidales_unclassified;g__Phocaeicola;s__Phocaeicola_barnesiae,dropped
k__Bacteria;p__Bacteroidetes;c__Bacteroidia;o__Bacteroidales;f__Bacteroidales_unclassified;g__Phocaeicola;s__Phocaeicola_coprocola,dropped
k__Bacteria;p__Bacteroidetes;c__Bacteroidia;o__Bacteroidales;f__Bacteroidales_unclassified;g__Phocaeicola;s__Phocaeicola_coprophilus,dropped
k__Bacteria;p__Bacteroidetes;c__Bacteroidia;o__Bacteroidales;f__Bacteroidales_unclassified;g__Phocaeicola;s__Phocaeicola_salanitronis,dropped
k__Bacteria;p__Bacteroidetes;c__Bacteroidia;o__Bacteroidales;f__Bacteroidales_unclassified;g__Phocaeicola;s__Phocaeicola_sartorii,dropped
k__Bacteria;p__Bacteroidetes;c__Bacteroidia;o__Bacteroidales;f__Barnesiellaceae;g__Barnesiella;s__Barnesiella_sp_An22,dropped
k__Bacteria;p__Bacteroidetes;c__Bacteroidia;o__Bacteroidales;f__Barnesiellaceae;g__Barnesiella;s__Barnesiella_sp_WM24,dropped
k__Bacteria;p__Bacteroidetes;c__Bacteroidia;o__Bacteroidales;f__Barnesiellaceae;g__Barnesiella;s__Barnesiella_viscericola,dropped
k__Bacteria;p__Bacteroidetes;c__Bacteroidia;o__Bacteroidales;f__Dysgonomonadaceae,dropped
k__Bacteria;p__Bacteroidetes;c__Bacteroidia;o__Bacteroidales;f__Dysgonomonadaceae;g__Dysgonomonas,dropped
k__Bacteria;p__Bacteroidetes;c__Bacteroidia;o__Bacteroidales;f__Dysgonomonadaceae;g__Dysgonomonas;s__Dysgonomonas_capnocytophagoides,dropped
k__Bacteria;p__Bacteroidetes;c__Bacteroidia;o__Bacteroidales;f__Dysgonomonadaceae;g__Dysgonomonas;s__Dysgonomonas_gadei,dropped
k__Bacteria;p__Bacteroidetes;c__Bacteroidia;o__Bacteroidales;f__Dysgonomonadaceae;g__Dysgonomonas;s__Dysgonomonas_mossii,dropped
k__Bacteria;p__Bacteroidetes;c__Bacteroidia;o__Bacteroidales;f__Muribaculaceae,dropped
k__Bacteria;p__Bacteroidetes;c__Bacteroidia;o__Bacteroidales;f__Muribaculaceae;g__Duncaniella,dropped
k__Bacteria;p__Bacteroidetes;c__Bacteroidia;o__Bacteroidales;f__Muribaculaceae;g__Duncaniella;s__Duncaniella_dubosii,dropped
k__Bacteria;p__Bacteroidetes;c__Bacteroidia;o__Bacteroidales;f__Muribaculaceae;g__Duncaniella;s__Duncaniella_muris,dropped
k__Bacteria;p__Bacteroidetes;c__Bacteroidia;o__Bacteroidales;f__Muribaculaceae;g__GGB14014,dropped
k__Bacteria;p__Bacteroidetes;c__Bacteroidia;o__Bacteroidales;f__Muribaculaceae;g__GGB14014;s__GGB14014_SGB21441,dropped
k__Bacteria;p__Bacteroidetes;c__Bacteroidia;o__Bacteroidales;f__Muribaculaceae;g__GGB14016,dropped
k__Bacteria;p__Bacteroidetes;c__Bacteroidia;o__Bacteroidales;f__Muribaculaceae;g__GGB14016;s__GGB14016_SGB21443,dropped
k__Bacteria;p__Bacteroidetes;c__Bacteroidia;o__Bacteroidales;f__Muribaculaceae;g__GGB1503,dropped
k__Bacteria;p__Bacteroidetes;c__Bacteroidia;o__Bacteroidales;f__Muribaculaceae;g__GGB1503;s__GGB1503_SGB2082,dropped
k__Bacteria;p__Bacteroidetes;c__Bacteroidia;o__Bacteroidales;f__Muribaculaceae;g__GGB1503;s__GGB1503_SGB2083,dropped
k__Bacteria;p__Bacteroidetes;c__Bacteroidia;o__Bacteroidales;f__Muribaculaceae;g__GGB1511,dropped
k__Bacteria;p__Bacteroidetes;c__Bacteroidia;o__Bacteroidales;f__Muribaculaceae;g__GGB1511;s__GGB1511_SGB2091,dropped
k__Bacteria;p__Bacteroidetes;c__Bacteroidia;o__Bacteroidales;f__Muribaculaceae;g__Muribaculaceae_unclassified,dropped
k__Bacteria;p__Bacteroidetes;c__Bacteroidia;o__Bacteroidales;f__Muribaculaceae;g__Muribaculaceae_unclassified;s__Muribaculaceae_bacterium,dropped
k__Bacteria;p__Bacteroidetes;c__Bacteroidia;o__Bacteroidales;f__Muribaculaceae;g__Muribaculaceae_unclassified;s__Muribaculaceae_bacterium_Isolate_002_NCI,dropped
k__Bacteria;p__Bacteroidetes;c__Bacteroidia;o__Bacteroidales;f__Muribaculaceae;g__Muribaculaceae_unclassified;s__Muribaculaceae_bacterium_Isolate_013_NCI,dropped
k__Bacteria;p__Bacteroidetes;c__Bacteroidia;o__Bacteroidales;f__Muribaculaceae;g__Muribaculaceae_unclassified;s__Muribaculaceae_bacterium_Isolate_104_HZI,dropped
k__Bacteria;p__Bacteroidetes;c__Bacteroidia;o__Bacteroidales;f__Muribaculaceae;g__Muribaculaceae_unclassified;s__Muribaculaceae_bacterium_Isolate_110_HZI,dropped
k__Bacteria;p__Bacteroidetes;c__Bacteroidia;o__Bacteroidales;f__Muribaculaceae;g__Muribaculum,dropped
k__Bacteria;p__Bacteroidetes;c__Bacteroidia;o__Bacteroidales;f__Muribaculaceae;g__Muribaculum;s__Muribaculum_gordoncarteri,dropped
k__Bacteria;p__Bacteroidetes;c__Bacteroidia;o__Bacteroidales;f__Muribaculaceae;g__Muribaculum;s__Muribaculum_intestinale,dropped
k__Bacteria;p__Bacteroidetes;c__Bacteroidia;o__Bacteroidales;f__Muribaculaceae;g__Paramuribaculum,dropped
k__Bacteria;p__Bacteroidetes;c__Bacteroidia;o__Bacteroidales;f__Muribaculaceae;g__Paramuribaculum;s__Paramuribaculum_intestinale,dropped
k__Bacteria;p__Bacteroidetes;c__Bacteroidia;o__Bacteroidales;f__Odoribacteraceae;g__Butyricimonas;s__Butyricimonas_SGB1783,dropped
k__Bacteria;p__Bacteroidetes;c__Bacteroidia;o__Bacteroidales;f__Odoribacteraceae;g__Butyricimonas;s__Butyricimonas_sp_Marseille_P3923,dropped
k__Bacteria;p__Bacteroidetes;c__Bacteroidia;o__Bacteroidales;f__Odoribacteraceae;g__Butyricimonas;s__Butyricimonas_synergistica,dropped
k__Bacteria;p__Bacteroidetes;c__Bacteroidia;o__Bacteroidales;f__Odoribacteraceae;g__Culturomica,dropped
k__Bacteria;p__Bacteroidetes;c__Bacteroidia;o__Bacteroidales;f__Odoribacteraceae;g__Culturomica;s__Culturomica_massiliensis,dropped
k__Bacteria;p__Bacteroidetes;c__Bacteroidia;o__Bacteroidales;f__Odoribacteraceae;g__GGB1332,dropped
k__Bacteria;p__Bacteroidetes;c__Bacteroidia;o__Bacteroidales;f__Odoribacteraceae;g__GGB1332;s__GGB1332_SGB1789,dropped
k__Bacteria;p__Bacteroidetes;c__Bacteroidia;o__Bacteroidales;f__Odoribacteraceae;g__Odoribacter;s__Odoribacter_laneus,dropped
k__Bacteria;p__Bacteroidetes;c__Bacteroidia;o__Bacteroidales;f__Odoribacteraceae;g__Odoribacter;s__Odoribacter_sp_AF15_53,dropped
k__Bacteria;p__Bacteroidetes;c__Bacteroidia;o__Bacteroidales;f__Porphyromonadaceae;g__Porphyromonadaceae_unclassified,dropped
k__Bacteria;p__Bacteroidetes;c__Bacteroidia;o__Bacteroidales;f__Porphyromonadaceae;g__Porphyromonadaceae_unclassified;s__Porphyromonadaceae_bacterium_FC4,dropped
k__Bacteria;p__Bacteroidetes;c__Bacteroidia;o__Bacteroidales;f__Porphyromonadaceae;g__Porphyromonas;s__Porphyromonas_SGB1977,dropped
k__Bacteria;p__Bacteroidetes;c__Bacteroidia;o__Bacteroidales;f__Porphyromonadaceae;g__Porphyromonas;s__Porphyromonas_SGB1980,dropped
k__Bacteria;p__Bacteroidetes;c__Bacteroidia;o__Bacteroidales;f__Porphyromonadaceae;g__Porphyromonas;s__Porphyromonas_asaccharolytica,dropped
k__Bacteria;p__Bacteroidetes;c__Bacteroidia;o__Bacteroidales;f__Porphyromonadaceae;g__Porphyromonas;s__Porphyromonas_bennonis,dropped
k__Bacteria;p__Bacteroidetes;c__Bacteroidia;o__Bacteroidales;f__Porphyromonadaceae;g__Porphyromonas;s__Porphyromonas_endodontalis,dropped
k__Bacteria;p__Bacteroidetes;c__Bacteroidia;o__Bacteroidales;f__Porphyromonadaceae;g__Porphyromonas;s__Porphyromonas_gingivalis,dropped
k__Bacteria;p__Bacteroidetes;c__Bacteroidia;o__Bacteroidales;f__Porphyromonadaceae;g__Porphyromonas;s__Porphyromonas_pasteri,dropped
k__Bacteria;p__Bacteroidetes;c__Bacteroidia;o__Bacteroidales;f__Porphyromonadaceae;g__Porphyromonas;s__Porphyromonas_somerae,dropped
k__Bacteria;p__Bacteroidetes;c__Bacteroidia;o__Bacteroidales;f__Porphyromonadaceae;g__Porphyromonas;s__Porphyromonas_sp_HMSC065F10,dropped
k__Bacteria;p__Bacteroidetes;c__Bacteroidia;o__Bacteroidales;f__Porphyromonadaceae;g__Porphyromonas;s__Porphyromonas_uenonis,dropped
k__Bacteria;p__Bacteroidetes;c__Bacteroidia;o__Bacteroidales;f__Porphyromonadaceae;g__Sanguibacteroides,dropped
k__Bacteria;p__Bacteroidetes;c__Bacteroidia;o__Bacteroidales;f__Porphyromonadaceae;g__Sanguibacteroides;s__Sanguibacteroides_SGB1777,dropped
k__Bacteria;p__Bacteroidetes;c__Bacteroidia;o__Bacteroidales;f__Porphyromonadaceae;g__Sanguibacteroides;s__Sanguibacteroides_justesenii,dropped
k__Bacteria;p__Bacteroidetes;c__Bacteroidia;o__Bacteroidales;f__Prevotellaceae;g__Alloprevotella,dropped
k__Bacteria;p__Bacteroidetes;c__Bacteroidia;o__Bacteroidales;f__Prevotellaceae;g__Alloprevotella;s__Alloprevotella_SGB1466,dropped
k__Bacteria;p__Bacteroidetes;c__Bacteroidia;o__Bacteroidales;f__Prevotellaceae;g__Alloprevotella;s__Alloprevotella_rava,dropped
k__Bacteria;p__Bacteroidetes;c__Bacteroidia;o__Bacteroidales;f__Prevotellaceae;g__Alloprevotella;s__Alloprevotella_tannerae,dropped
k__Bacteria;p__Bacteroidetes;c__Bacteroidia;o__Bacteroidales;f__Prevotellaceae;g__Alloprevotella;s__Prevotella_sp_oral_taxon_473,dropped
k__Bacteria;p__Bacteroidetes;c__Bacteroidia;o__Bacteroidales;f__Prevotellaceae;g__GGB1188,dropped
k__Bacteria;p__Bacteroidetes;c__Bacteroidia;o__Bacteroidales;f__Prevotellaceae;g__GGB1188;s__GGB1188_SGB1538,dropped
k__Bacteria;p__Bacteroidetes;c__Bacteroidia;o__Bacteroidales;f__Prevotellaceae;g__GGB1215,dropped
k__Bacteria;p__Bacteroidetes;c__Bacteroidia;o__Bacteroidales;f__Prevotellaceae;g__GGB1215;s__GGB1215_SGB1581,dropped
k__Bacteria;p__Bacteroidetes;c__Bacteroidia;o__Bacteroidales;f__Prevotellaceae;g__GGB1219,dropped
k__Bacteria;p__Bacteroidetes;c__Bacteroidia;o__Bacteroidales;f__Prevotellaceae;g__GGB1219;s__GGB1219_SGB1586,dropped
k__Bacteria;p__Bacteroidetes;c__Bacteroidia;o__Bacteroidales;f__Prevotellaceae;g__GGB1219;s__GGB1219_SGB1587,dropped
k__Bacteria;p__Bacteroidetes;c__Bacteroidia;o__Bacteroidales;f__Prevotellaceae;g__GGB1221,dropped
k__Bacteria;p__Bacteroidetes;c__Bacteroidia;o__Bacteroidales;f__Prevotellaceae;g__GGB1221;s__GGB1221_SGB1590,dropped
k__Bacteria;p__Bacteroidetes;c__Bacteroidia;o__Bacteroidales;f__Prevotellaceae;g__GGB1222,dropped
k__Bacteria;p__Bacteroidetes;c__Bacteroidia;o__Bacteroidales;f__Prevotellaceae;g__GGB1222;s__GGB1222_SGB1592,dropped
k__Bacteria;p__Bacteroidetes;c__Bacteroidia;o__Bacteroidales;f__Prevotellaceae;g__GGB1223,dropped
k__Bacteria;p__Bacteroidetes;c__Bacteroidia;o__Bacteroidales;f__Prevotellaceae;g__GGB1223;s__GGB1223_SGB1593,dropped
k__Bacteria;p__Bacteroidetes;c__Bacteroidia;o__Bacteroidales;f__Prevotellaceae;g__GGB1223;s__GGB1223_SGB1595,dropped
k__Bacteria;p__Bacteroidetes;c__Bacteroidia;o__Bacteroidales;f__Prevotellaceae;g__GGB1223;s__GGB1223_SGB1596,dropped
k__Bacteria;p__Bacteroidetes;c__Bacteroidia;o__Bacteroidales;f__Prevotellaceae;g__GGB1227,dropped
k__Bacteria;p__Bacteroidetes;c__Bacteroidia;o__Bacteroidales;f__Prevotellaceae;g__GGB1227;s__GGB1227_SGB1600,dropped
k__Bacteria;p__Bacteroidetes;c__Bacteroidia;o__Bacteroidales;f__Prevotellaceae;g__GGB1229,dropped
k__Bacteria;p__Bacteroidetes;c__Bacteroidia;o__Bacteroidales;f__Prevotellaceae;g__GGB1229;s__GGB1229_SGB1604,dropped
k__Bacteria;p__Bacteroidetes;c__Bacteroidia;o__Bacteroidales;f__Prevotellaceae;g__GGB1235,dropped
k__Bacteria;p__Bacteroidetes;c__Bacteroidia;o__Bacteroidales;f__Prevotellaceae;g__GGB1235;s__GGB1235_SGB1614,dropped
k__Bacteria;p__Bacteroidetes;c__Bacteroidia;o__Bacteroidales;f__Prevotellaceae;g__GGB1237,dropped
k__Bacteria;p__Bacteroidetes;c__Bacteroidia;o__Bacteroidales;f__Prevotellaceae;g__GGB1237;s__GGB1237_SGB1623,dropped
k__Bacteria;p__Bacteroidetes;c__Bacteroidia;o__Bacteroidales;f__Prevotellaceae;g__GGB1239,dropped
k__Bacteria;p__Bacteroidetes;c__Bacteroidia;o__Bacteroidales;f__Prevotellaceae;g__GGB1239;s__GGB1239_SGB1657,dropped
k__Bacteria;p__Bacteroidetes;c__Bacteroidia;o__Bacteroidales;f__Prevotellaceae;g__GGB1243,dropped
k__Bacteria;p__Bacteroidetes;c__Bacteroidia;o__Bacteroidales;f__Prevotellaceae;g__GGB1243;s__GGB1243_SGB1663,dropped
k__Bacteria;p__Bacteroidetes;c__Bacteroidia;o__Bacteroidales;f__Prevotellaceae;g__GGB1244,dropped
k__Bacteria;p__Bacteroidetes;c__Bacteroidia;o__Bacteroidales;f__Prevotellaceae;g__GGB1244;s__GGB1244_SGB1664,dropped
k__Bacteria;p__Bacteroidetes;c__Bacteroidia;o__Bacteroidales;f__Prevotellaceae;g__GGB1246,dropped
k__Bacteria;p__Bacteroidetes;c__Bacteroidia;o__Bacteroidales;f__Prevotellaceae;g__GGB1246;s__GGB1246_SGB1667,dropped
k__Bacteria;p__Bacteroidetes;c__Bacteroidia;o__Bacteroidales;f__Prevotellaceae;g__GGB1247,dropped
k__Bacteria;p__Bacteroidetes;c__Bacteroidia;o__Bacteroidales;f__Prevotellaceae;g__GGB1247;s__GGB1247_SGB1668,dropped
k__Bacteria;p__Bacteroidetes;c__Bacteroidia;o__Bacteroidales;f__Prevotellaceae;g__GGB1249,dropped
k__Bacteria;p__Bacteroidetes;c__Bacteroidia;o__Bacteroidales;f__Prevotellaceae;g__GGB1249;s__GGB1249_SGB1670,dropped
k__Bacteria;p__Bacteroidetes;c__Bacteroidia;o__Bacteroidales;f__Prevotellaceae;g__GGB1250,dropped
k__Bacteria;p__Bacteroidetes;c__Bacteroidia;o__Bacteroidales;f__Prevotellaceae;g__GGB1250;s__GGB1250_SGB1672,dropped
k__Bacteria;p__Bacteroidetes;c__Bacteroidia;o__Bacteroidales;f__Prevotellaceae;g__GGB1250;s__GGB1250_SGB1673,dropped
k__Bacteria;p__Bacteroidetes;c__Bacteroidia;o__Bacteroidales;f__Prevotellaceae;g__GGB1256,dropped
k__Bacteria;p__Bacteroidetes;c__Bacteroidia;o__Bacteroidales;f__Prevotellaceae;g__GGB1256;s__GGB1256_SGB1684,dropped
k__Bacteria;p__Bacteroidetes;c__Bacteroidia;o__Bacteroidales;f__Prevotellaceae;g__GGB1257,dropped
k__Bacteria;p__Bacteroidetes;c__Bacteroidia;o__Bacteroidales;f__Prevotellaceae;g__GGB1257;s__GGB1257_SGB1685,dropped
k__Bacteria;p__Bacteroidetes;c__Bacteroidia;o__Bacteroidales;f__Prevotellaceae;g__GGB1260,dropped
k__Bacteria;p__Bacteroidetes;c__Bacteroidia;o__Bacteroidales;f__Prevotellaceae;g__GGB1260;s__GGB1260_SGB1692,dropped
k__Bacteria;p__Bacteroidetes;c__Bacteroidia;o__Bacteroidales;f__Prevotellaceae;g__GGB1264,dropped
k__Bacteria;p__Bacteroidetes;c__Bacteroidia;o__Bacteroidales;f__Prevotellaceae;g__GGB1264;s__GGB1264_SGB1697,dropped
k__Bacteria;p__Bacteroidetes;c__Bacteroidia;o__Bacteroidales;f__Prevotellaceae;g__GGB1266,dropped
k__Bacteria;p__Bacteroidetes;c__Bacteroidia;o__Bacteroidales;f__Prevotellaceae;g__GGB1266;s__GGB1266_SGB1699,dropped
k__Bacteria;p__Bacteroidetes;c__Bacteroidia;o__Bacteroidales;f__Prevotellaceae;g__GGB1267,dropped
k__Bacteria;p__Bacteroidetes;c__Bacteroidia;o__Bacteroidales;f__Prevotellaceae;g__GGB1267;s__GGB1267_SGB1701,dropped
k__Bacteria;p__Bacteroidetes;c__Bacteroidia;o__Bacteroidales;f__Prevotellaceae;g__GGB1269,dropped
k__Bacteria;p__Bacteroidetes;c__Bacteroidia;o__Bacteroidales;f__Prevotellaceae;g__GGB1269;s__GGB1269_SGB1704,dropped
k__Bacteria;p__Bacteroidetes;c__Bacteroidia;o__Bacteroidales;f__Prevotellaceae;g__GGB1270,dropped
k__Bacteria;p__Bacteroidetes;c__Bacteroidia;o__Bacteroidales;f__Prevotellaceae;g__GGB1270;s__GGB1270_SGB1705,dropped
k__Bacteria;p__Bacteroidetes;c__Bacteroidia;o__Bacteroidales;f__Prevotellaceae;g__GGB1277,dropped
k__Bacteria;p__Bacteroidetes;c__Bacteroidia;o__Bacteroidales;f__Prevotellaceae;g__GGB1277;s__GGB1277_SGB1714,dropped
k__Bacteria;p__Bacteroidetes;c__Bacteroidia;o__Bacteroidales;f__Prevotellaceae;g__GGB12959,dropped
k__Bacteria;p__Bacteroidetes;c__Bacteroidia;o__Bacteroidales;f__Prevotellaceae;g__GGB12959;s__GGB12959_SGB20113,dropped
k__Bacteria;p__Bacteroidetes;c__Bacteroidia;o__Bacteroidales;f__Prevotellaceae;g__GGB12964,dropped
k__Bacteria;p__Bacteroidetes;c__Bacteroidia;o__Bacteroidales;f__Prevotellaceae;g__GGB12964;s__GGB12964_SGB20122,dropped
k__Bacteria;p__Bacteroidetes;c__Bacteroidia;o__Bacteroidales;f__Prevotellaceae;g__GGB12964;s__GGB12964_SGB20123,dropped
k__Bacteria;p__Bacteroidetes;c__Bacteroidia;o__Bacteroidales;f__Prevotellaceae;g__GGB12971,dropped
k__Bacteria;p__Bacteroidetes;c__Bacteroidia;o__Bacteroidales;f__Prevotellaceae;g__GGB12971;s__GGB12971_SGB20130,dropped
k__Bacteria;p__Bacteroidetes;c__Bacteroidia;o__Bacteroidales;f__Prevotellaceae;g__GGB12974,dropped
k__Bacteria;p__Bacteroidetes;c__Bacteroidia;o__Bacteroidales;f__Prevotellaceae;g__GGB12974;s__GGB12974_SGB20138,dropped
k__Bacteria;p__Bacteroidetes;c__Bacteroidia;o__Bacteroidales;f__Prevotellaceae;g__GGB12977,dropped
k__Bacteria;p__Bacteroidetes;c__Bacteroidia;o__Bacteroidales;f__Prevotellaceae;g__GGB12977;s__GGB12977_SGB20142,dropped
k__Bacteria;p__Bacteroidetes;c__Bacteroidia;o__Bacteroidales;f__Prevotellaceae;g__GGB12985,dropped
k__Bacteria;p__Bacteroidetes;c__Bacteroidia;o__Bacteroidales;f__Prevotellaceae;g__GGB12985;s__GGB12985_SGB20152,dropped
k__Bacteria;p__Bacteroidetes;c__Bacteroidia;o__Bacteroidales;f__Prevotellaceae;g__GGB1339,dropped
k__Bacteria;p__Bacteroidetes;c__Bacteroidia;o__Bacteroidales;f__Prevotellaceae;g__GGB1339;s__GGB1339_SGB1796,dropped
k__Bacteria;p__Bacteroidetes;c__Bacteroidia;o__Bacteroidales;f__Prevotellaceae;g__GGB1341,dropped
k__Bacteria;p__Bacteroidetes;c__Bacteroidia;o__Bacteroidales;f__Prevotellaceae;g__GGB1341;s__GGB1341_SGB1799,dropped
k__Bacteria;p__Bacteroidetes;c__Bacteroidia;o__Bacteroidales;f__Prevotellaceae;g__GGB18559,dropped
k__Bacteria;p__Bacteroidetes;c__Bacteroidia;o__Bacteroidales;f__Prevotellaceae;g__GGB18559;s__GGB18559_SGB27424,dropped
k__Bacteria;p__Bacteroidetes;c__Bacteroidia;o__Bacteroidales;f__Prevotellaceae;g__GGB23947,dropped
k__Bacteria;p__Bacteroidetes;c__Bacteroidia;o__Bacteroidales;f__Prevotellaceae;g__GGB23947;s__GGB23947_SGB35692,dropped
k__Bacteria;p__Bacteroidetes;c__Bacteroidia;o__Bacteroidales;f__Prevotellaceae;g__Paraprevotella;s__Paraprevotella_xylaniphila,dropped
k__Bacteria;p__Bacteroidetes;c__Bacteroidia;o__Bacteroidales;f__Prevotellaceae;g__Prevotella;s__Prevotella_SGB1589,dropped
k__Bacteria;p__Bacteroidetes;c__Bacteroidia;o__Bacteroidales;f__Prevotellaceae;g__Prevotella;s__Prevotella_SGB1612,dropped
k__Bacteria;p__Bacteroidetes;c__Bacteroidia;o__Bacteroidales;f__Prevotellaceae;g__Prevotella;s__Prevotella_SGB1653,dropped
k__Bacteria;p__Bacteroidetes;c__Bacteroidia;o__Bacteroidales;f__Prevotellaceae;g__Prevotella;s__Prevotella_SGB1675,dropped
k__Bacteria;p__Bacteroidetes;c__Bacteroidia;o__Bacteroidales;f__Prevotellaceae;g__Prevotella;s__Prevotella_SGB1680,dropped
k__Bacteria;p__Bacteroidetes;c__Bacteroidia;o__Bacteroidales;f__Prevotellaceae;g__Prevotella;s__Prevotella_aurantiaca,dropped
k__Bacteria;p__Bacteroidetes;c__Bacteroidia;o__Bacteroidales;f__Prevotellaceae;g__Prevotella;s__Prevotella_baroniae,dropped
k__Bacteria;p__Bacteroidetes;c__Bacteroidia;o__Bacteroidales;f__Prevotellaceae;g__Prevotella;s__Prevotella_bergensis,dropped
k__Bacteria;p__Bacteroidetes;c__Bacteroidia;o__Bacteroidales;f__Prevotellaceae;g__Prevotella;s__Prevotella_bivia,dropped
k__Bacteria;p__Bacteroidetes;c__Bacteroidia;o__Bacteroidales;f__Prevotellaceae;g__Prevotella;s__Prevotella_brunnea,dropped
k__Bacteria;p__Bacteroidetes;c__Bacteroidia;o__Bacteroidales;f__Prevotellaceae;g__Prevotella;s__Prevotella_buccae,dropped
k__Bacteria;p__Bacteroidetes;c__Bacteroidia;o__Bacteroidales;f__Prevotellaceae;g__Prevotella;s__Prevotella_buccalis,dropped
k__Bacteria;p__Bacteroidetes;c__Bacteroidia;o__Bacteroidales;f__Prevotellaceae;g__Prevotella;s__Prevotella_colorans,dropped
k__Bacteria;p__Bacteroidetes;c__Bacteroidia;o__Bacteroidales;f__Prevotellaceae;g__Prevotella;s__Prevotella_copri_clade_B,dropped
k__Bacteria;p__Bacteroidetes;c__Bacteroidia;o__Bacteroidales;f__Prevotellaceae;g__Prevotella;s__Prevotella_copri_clade_C,dropped
k__Bacteria;p__Bacteroidetes;c__Bacteroidia;o__Bacteroidales;f__Prevotellaceae;g__Prevotella;s__Prevotella_copri_clade_D,dropped
k__Bacteria;p__Bacteroidetes;c__Bacteroidia;o__Bacteroidales;f__Prevotellaceae;g__Prevotella;s__Prevotella_corporis,dropped
k__Bacteria;p__Bacteroidetes;c__Bacteroidia;o__Bacteroidales;f__Prevotellaceae;g__Prevotella;s__Prevotella_denticola,dropped
k__Bacteria;p__Bacteroidetes;c__Bacteroidia;o__Bacteroidales;f__Prevotellaceae;g__Prevotella;s__Prevotella_disiens,dropped
k__Bacteria;p__Bacteroidetes;c__Bacteroidia;o__Bacteroidales;f__Prevotellaceae;g__Prevotella;s__Prevotella_histicola,dropped
k__Bacteria;p__Bacteroidetes;c__Bacteroidia;o__Bacteroidales;f__Prevotellaceae;g__Prevotella;s__Prevotella_hominis,dropped
k__Bacteria;p__Bacteroidetes;c__Bacteroidia;o__Bacteroidales;f__Prevotellaceae;g__Prevotella;s__Prevotella_intermedia,dropped
k__Bacteria;p__Bacteroidetes;c__Bacteroidia;o__Bacteroidales;f__Prevotellaceae;g__Prevotella;s__Prevotella_jejuni,dropped
k__Bacteria;p__Bacteroidetes;c__Bacteroidia;o__Bacteroidales;f__Prevotellaceae;g__Prevotella;s__Prevotella_koreensis,dropped
k__Bacteria;p__Bacteroidetes;c__Bacteroidia;o__Bacteroidales;f__Prevotellaceae;g__Prevotella;s__Prevotella_marseillensis,dropped
k__Bacteria;p__Bacteroidetes;c__Bacteroidia;o__Bacteroidales;f__Prevotellaceae;g__Prevotella;s__Prevotella_marshii,dropped
k__Bacteria;p__Bacteroidetes;c__Bacteroidia;o__Bacteroidales;f__Prevotellaceae;g__Prevotella;s__Prevotella_melaninogenica,dropped
k__Bacteria;p__Bacteroidetes;c__Bacteroidia;o__Bacteroidales;f__Prevotellaceae;g__Prevotella;s__Prevotella_multiformis,dropped
k__Bacteria;p__Bacteroidetes;c__Bacteroidia;o__Bacteroidales;f__Prevotellaceae;g__Prevotella;s__Prevotella_multisaccharivorax,dropped
k__Bacteria;p__Bacteroidetes;c__Bacteroidia;o__Bacteroidales;f__Prevotellaceae;g__Prevotella;s__Prevotella_nanceiensis,dropped
k__Bacteria;p__Bacteroidetes;c__Bacteroidia;o__Bacteroidales;f__Prevotellaceae;g__Prevotella;s__Prevotella_nigrescens,dropped
k__Bacteria;p__Bacteroidetes;c__Bacteroidia;o__Bacteroidales;f__Prevotellaceae;g__Prevotella;s__Prevotella_oralis,dropped
k__Bacteria;p__Bacteroidetes;c__Bacteroidia;o__Bacteroidales;f__Prevotellaceae;g__Prevotella;s__Prevotella_oris,dropped
k__Bacteria;p__Bacteroidetes;c__Bacteroidia;o__Bacteroidales;f__Prevotellaceae;g__Prevotella;s__Prevotella_pallens,dropped
k__Bacteria;p__Bacteroidetes;c__Bacteroidia;o__Bacteroidales;f__Prevotellaceae;g__Prevotella;s__Prevotella_pectinovora,dropped
k__Bacteria;p__Bacteroidetes;c__Bacteroidia;o__Bacteroidales;f__Prevotellaceae;g__Prevotella;s__Prevotella_pleuritidis,dropped
k__Bacteria;p__Bacteroidetes;c__Bacteroidia;o__Bacteroidales;f__Prevotellaceae;g__Prevotella;s__Prevotella_salivae,dropped
k__Bacteria;p__Bacteroidetes;c__Bacteroidia;o__Bacteroidales;f__Prevotellaceae;g__Prevotella;s__Prevotella_sp_885,dropped
k__Bacteria;p__Bacteroidetes;c__Bacteroidia;o__Bacteroidales;f__Prevotellaceae;g__Prevotella;s__Prevotella_sp_A2879,dropped
k__Bacteria;p__Bacteroidetes;c__Bacteroidia;o__Bacteroidales;f__Prevotellaceae;g__Prevotella;s__Prevotella_sp_DNF00663,dropped
k__Bacteria;p__Bacteroidetes;c__Bacteroidia;o__Bacteroidales;f__Prevotellaceae;g__Prevotella;s__Prevotella_sp_F0091,dropped
k__Bacteria;p__Bacteroidetes;c__Bacteroidia;o__Bacteroidales;f__Prevotellaceae;g__Prevotella;s__Prevotella_sp_Marseille_P4119,dropped
k__Bacteria;p__Bacteroidetes;c__Bacteroidia;o__Bacteroidales;f__Prevotellaceae;g__Prevotella;s__Prevotella_sp_P3_120,dropped
k__Bacteria;p__Bacteroidetes;c__Bacteroidia;o__Bacteroidales;f__Prevotellaceae;g__Prevotella;s__Prevotella_sp_P3_122,dropped
k__Bacteria;p__Bacteroidetes;c__Bacteroidia;o__Bacteroidales;f__Prevotellaceae;g__Prevotella;s__Prevotella_sp_P4_51,dropped
k__Bacteria;p__Bacteroidetes;c__Bacteroidia;o__Bacteroidales;f__Prevotellaceae;g__Prevotella;s__Prevotella_sp_PCHR,dropped
k__Bacteria;p__Bacteroidetes;c__Bacteroidia;o__Bacteroidales;f__Prevotellaceae;g__Prevotella;s__Prevotella_sp_PCJ2,dropped
k__Bacteria;p__Bacteroidetes;c__Bacteroidia;o__Bacteroidales;f__Prevotellaceae;g__Prevotella;s__Prevotella_sp_oral_taxon_376,dropped
k__Bacteria;p__Bacteroidetes;c__Bacteroidia;o__Bacteroidales;f__Prevotellaceae;g__Prevotella;s__Prevotella_stercorea,dropped
k__Bacteria;p__Bacteroidetes;c__Bacteroidia;o__Bacteroidales;f__Prevotellaceae;g__Prevotella;s__Prevotella_timonensis,dropped
k__Bacteria;p__Bacteroidetes;c__Bacteroidia;o__Bacteroidales;f__Prevotellaceae;g__Prevotella;s__Prevotella_veroralis,dropped
k__Bacteria;p__Bacteroidetes;c__Bacteroidia;o__Bacteroidales;f__Prevotellaceae;g__Prevotellaceae_unclassified,dropped
k__Bacteria;p__Bacteroidetes;c__Bacteroidia;o__Bacteroidales;f__Prevotellaceae;g__Prevotellaceae_unclassified;s__Prevotellaceae_bacterium_Marseille_P2826,dropped
k__Bacteria;p__Bacteroidetes;c__Bacteroidia;o__Bacteroidales;f__Prevotellaceae;g__Prevotellaceae_unclassified;s__Prevotellaceae_unclassified_SGB1688,dropped
k__Bacteria;p__Bacteroidetes;c__Bacteroidia;o__Bacteroidales;f__Prevotellaceae;g__Prevotellamassilia,dropped
k__Bacteria;p__Bacteroidetes;c__Bacteroidia;o__Bacteroidales;f__Prevotellaceae;g__Prevotellamassilia;s__Prevotellamassilia_timonensis,dropped
k__Bacteria;p__Bacteroidetes;c__Bacteroidia;o__Bacteroidales;f__Rikenellaceae;g__Alistipes;s__Alistipes_SGB2305,dropped
k__Bacteria;p__Bacteroidetes;c__Bacteroidia;o__Bacteroidales;f__Rikenellaceae;g__Alistipes;s__Alistipes_SGB2307,dropped
k__Bacteria;p__Bacteroidetes;c__Bacteroidia;o__Bacteroidales;f__Rikenellaceae;g__Alistipes;s__Alistipes_SGB2310,dropped
k__Bacteria;p__Bacteroidetes;c__Bacteroidia;o__Bacteroidales;f__Rikenellaceae;g__Alistipes;s__Alistipes_dispar,dropped
k__Bacteria;p__Bacteroidetes;c__Bacteroidia;o__Bacteroidales;f__Rikenellaceae;g__Alistipes;s__Alistipes_inops,dropped
k__Bacteria;p__Bacteroidetes;c__Bacteroidia;o__Bacteroidales;f__Rikenellaceae;g__Alistipes;s__Alistipes_megaguti,dropped
k__Bacteria;p__Bacteroidetes;c__Bacteroidia;o__Bacteroidales;f__Rikenellaceae;g__Alistipes;s__Alistipes_provencensis,dropped
k__Bacteria;p__Bacteroidetes;c__Bacteroidia;o__Bacteroidales;f__Rikenellaceae;g__Alistipes;s__Alistipes_sp_An31A,dropped
k__Bacteria;p__Bacteroidetes;c__Bacteroidia;o__Bacteroidales;f__Rikenellaceae;g__Alistipes;s__Alistipes_sp_An66,dropped
k__Bacteria;p__Bacteroidetes;c__Bacteroidia;o__Bacteroidales;f__Rikenellaceae;g__Alistipes;s__Alistipes_sp_CHKCI003,dropped
k__Bacteria;p__Bacteroidetes;c__Bacteroidia;o__Bacteroidales;f__Rikenellaceae;g__Alistipes;s__Alistipes_timonensis,dropped
k__Bacteria;p__Bacteroidetes;c__Bacteroidia;o__Bacteroidales;f__Rikenellaceae;g__GGB13054,dropped
k__Bacteria;p__Bacteroidetes;c__Bacteroidia;o__Bacteroidales;f__Rikenellaceae;g__GGB13054;s__GGB13054_SGB20235,dropped
k__Bacteria;p__Bacteroidetes;c__Bacteroidia;o__Bacteroidales;f__Rikenellaceae;g__GGB13054;s__GGB13054_SGB20236,dropped
k__Bacteria;p__Bacteroidetes;c__Bacteroidia;o__Bacteroidales;f__Rikenellaceae;g__GGB13054;s__GGB13054_SGB20238,dropped
k__Bacteria;p__Bacteroidetes;c__Bacteroidia;o__Bacteroidales;f__Rikenellaceae;g__GGB13054;s__GGB13054_SGB20239,dropped
k__Bacteria;p__Bacteroidetes;c__Bacteroidia;o__Bacteroidales;f__Rikenellaceae;g__GGB13054;s__GGB13054_SGB20240,dropped
k__Bacteria;p__Bacteroidetes;c__Bacteroidia;o__Bacteroidales;f__Rikenellaceae;g__GGB13056,dropped
k__Bacteria;p__Bacteroidetes;c__Bacteroidia;o__Bacteroidales;f__Rikenellaceae;g__GGB13056;s__GGB13056_SGB20243,dropped
k__Bacteria;p__Bacteroidetes;c__Bacteroidia;o__Bacteroidales;f__Rikenellaceae;g__GGB1617,dropped
k__Bacteria;p__Bacteroidetes;c__Bacteroidia;o__Bacteroidales;f__Rikenellaceae;g__GGB1617;s__GGB1617_SGB2214,dropped
k__Bacteria;p__Bacteroidetes;c__Bacteroidia;o__Bacteroidales;f__Rikenellaceae;g__GGB1620,dropped
k__Bacteria;p__Bacteroidetes;c__Bacteroidia;o__Bacteroidales;f__Rikenellaceae;g__GGB1620;s__GGB1620_SGB2218,dropped
k__Bacteria;p__Bacteroidetes;c__Bacteroidia;o__Bacteroidales;f__Rikenellaceae;g__GGB1621,dropped
k__Bacteria;p__Bacteroidetes;c__Bacteroidia;o__Bacteroidales;f__Rikenellaceae;g__GGB1621;s__GGB1621_SGB2219,dropped
k__Bacteria;p__Bacteroidetes;c__Bacteroidia;o__Bacteroidales;f__Rikenellaceae;g__GGB1629,dropped
k__Bacteria;p__Bacteroidetes;c__Bacteroidia;o__Bacteroidales;f__Rikenellaceae;g__GGB1629;s__GGB1629_SGB2237,dropped
k__Bacteria;p__Bacteroidetes;c__Bacteroidia;o__Bacteroidales;f__Rikenellaceae;g__GGB1630,dropped
k__Bacteria;p__Bacteroidetes;c__Bacteroidia;o__Bacteroidales;f__Rikenellaceae;g__GGB1630;s__GGB1630_SGB2238,dropped
k__Bacteria;p__Bacteroidetes;c__Bacteroidia;o__Bacteroidales;f__Rikenellaceae;g__GGB1631,dropped
k__Bacteria;p__Bacteroidetes;c__Bacteroidia;o__Bacteroidales;f__Rikenellaceae;g__GGB1631;s__GGB1631_SGB2239,dropped
k__Bacteria;p__Bacteroidetes;c__Bacteroidia;o__Bacteroidales;f__Rikenellaceae;g__GGB1632,dropped
k__Bacteria;p__Bacteroidetes;c__Bacteroidia;o__Bacteroidales;f__Rikenellaceae;g__GGB1632;s__GGB1632_SGB2240,dropped
k__Bacteria;p__Bacteroidetes;c__Bacteroidia;o__Bacteroidales;f__Rikenellaceae;g__GGB1671,dropped
k__Bacteria;p__Bacteroidetes;c__Bacteroidia;o__Bacteroidales;f__Rikenellaceae;g__GGB1671;s__GGB1671_SGB2287,dropped
k__Bacteria;p__Bacteroidetes;c__Bacteroidia;o__Bacteroidales;f__Rikenellaceae;g__GGB1672,dropped
k__Bacteria;p__Bacteroidetes;c__Bacteroidia;o__Bacteroidales;f__Rikenellaceae;g__GGB1672;s__GGB1672_SGB2289,dropped
k__Bacteria;p__Bacteroidetes;c__Bacteroidia;o__Bacteroidales;f__Rikenellaceae;g__GGB1680,dropped
k__Bacteria;p__Bacteroidetes;c__Bacteroidia;o__Bacteroidales;f__Rikenellaceae;g__GGB1680;s__GGB1680_SGB2312,dropped
k__Bacteria;p__Bacteroidetes;c__Bacteroidia;o__Bacteroidales;f__Rikenellaceae;g__GGB1681,dropped
k__Bacteria;p__Bacteroidetes;c__Bacteroidia;o__Bacteroidales;f__Rikenellaceae;g__GGB1681;s__GGB1681_SGB2313,dropped
k__Bacteria;p__Bacteroidetes;c__Bacteroidia;o__Bacteroidales;f__Rikenellaceae;g__GGB1689,dropped
k__Bacteria;p__Bacteroidetes;c__Bacteroidia;o__Bacteroidales;f__Rikenellaceae;g__GGB1689;s__GGB1689_SGB2321,dropped
k__Bacteria;p__Bacteroidetes;c__Bacteroidia;o__Bacteroidales;f__Rikenellaceae;g__GGB1691,dropped
k__Bacteria;p__Bacteroidetes;c__Bacteroidia;o__Bacteroidales;f__Rikenellaceae;g__GGB1691;s__GGB1691_SGB2323,dropped
k__Bacteria;p__Bacteroidetes;c__Bacteroidia;o__Bacteroidales;f__Rikenellaceae;g__GGB24102,dropped
k__Bacteria;p__Bacteroidetes;c__Bacteroidia;o__Bacteroidales;f__Rikenellaceae;g__GGB24102;s__GGB24102_SGB35895,dropped
k__Bacteria;p__Bacteroidetes;c__Bacteroidia;o__Bacteroidales;f__Rikenellaceae;g__GGB24102;s__GGB24102_SGB40205,dropped
k__Bacteria;p__Bacteroidetes;c__Bacteroidia;o__Bacteroidales;f__Rikenellaceae;g__GGB27774,dropped
k__Bacteria;p__Bacteroidetes;c__Bacteroidia;o__Bacteroidales;f__Rikenellaceae;g__GGB27774;s__GGB27774_SGB40188,dropped
k__Bacteria;p__Bacteroidetes;c__Bacteroidia;o__Bacteroidales;f__Rikenellaceae;g__GGB27776,dropped
k__Bacteria;p__Bacteroidetes;c__Bacteroidia;o__Bacteroidales;f__Rikenellaceae;g__GGB27776;s__GGB27776_SGB40190,dropped
k__Bacteria;p__Bacteroidetes;c__Bacteroidia;o__Bacteroidales;f__Rikenellaceae;g__GGB27778,dropped
k__Bacteria;p__Bacteroidetes;c__Bacteroidia;o__Bacteroidales;f__Rikenellaceae;g__GGB27778;s__GGB27778_SGB40192,dropped
k__Bacteria;p__Bacteroidetes;c__Bacteroidia;o__Bacteroidales;f__Rikenellaceae;g__GGB27782,dropped
k__Bacteria;p__Bacteroidetes;c__Bacteroidia;o__Bacteroidales;f__Rikenellaceae;g__GGB27782;s__GGB27782_SGB40196,dropped
k__Bacteria;p__Bacteroidetes;c__Bacteroidia;o__Bacteroidales;f__Rikenellaceae;g__GGB27792,dropped
k__Bacteria;p__Bacteroidetes;c__Bacteroidia;o__Bacteroidales;f__Rikenellaceae;g__GGB27792;s__GGB27792_SGB40208,dropped
k__Bacteria;p__Bacteroidetes;c__Bacteroidia;o__Bacteroidales;f__Rikenellaceae;g__Millionella,dropped
k__Bacteria;p__Bacteroidetes;c__Bacteroidia;o__Bacteroidales;f__Rikenellaceae;g__Millionella;s__Millionella_massiliensis,dropped
k__Bacteria;p__Bacteroidetes;c__Bacteroidia;o__Bacteroidales;f__Rikenellaceae;g__Rikenella,dropped
k__Bacteria;p__Bacteroidetes;c__Bacteroidia;o__Bacteroidales;f__Rikenellaceae;g__Rikenella;s__Rikenella_microfusus,dropped
k__Bacteria;p__Bacteroidetes;c__Bacteroidia;o__Bacteroidales;f__Rikenellaceae;g__Rikenellaceae_unclassified;s__Rikenellaceae_bacterium_DSM_108975,dropped
k__Bacteria;p__Bacteroidetes;c__Bacteroidia;o__Bacteroidales;f__Rikenellaceae;g__Rikenellaceae_unclassified;s__Rikenellaceae_unclassified_SGB2181,dropped
k__Bacteria;p__Bacteroidetes;c__Bacteroidia;o__Bacteroidales;f__Rikenellaceae;g__Rikenellaceae_unclassified;s__Rikenellaceae_unclassified_SGB2184,dropped
k__Bacteria;p__Bacteroidetes;c__Bacteroidia;o__Bacteroidales;f__Rikenellaceae;g__Rikenellaceae_unclassified;s__Rikenellaceae_unclassified_SGB2185,dropped
k__Bacteria;p__Bacteroidetes;c__Bacteroidia;o__Bacteroidales;f__Rikenellaceae;g__Rikenellaceae_unclassified;s__Rikenellaceae_unclassified_SGB2227,dropped
k__Bacteria;p__Bacteroidetes;c__Bacteroidia;o__Bacteroidales;f__Rikenellaceae;g__Rikenellaceae_unclassified;s__Rikenellaceae_unclassified_SGB2230,dropped
k__Bacteria;p__Bacteroidetes;c__Bacteroidia;o__Bacteroidales;f__Rikenellaceae;g__Rikenellaceae_unclassified;s__Rikenellaceae_unclassified_SGB40209,dropped
k__Bacteria;p__Bacteroidetes;c__Bacteroidia;o__Bacteroidales;f__Tannerellaceae;g__GGB1405,dropped
k__Bacteria;p__Bacteroidetes;c__Bacteroidia;o__Bacteroidales;f__Tannerellaceae;g__GGB1405;s__GGB1405_SGB1928,dropped
k__Bacteria;p__Bacteroidetes;c__Bacteroidia;o__Bacteroidales;f__Tannerellaceae;g__GGB1407,dropped
k__Bacteria;p__Bacteroidetes;c__Bacteroidia;o__Bacteroidales;f__Tannerellaceae;g__GGB1407;s__GGB1407_SGB1930,dropped
k__Bacteria;p__Bacteroidetes;c__Bacteroidia;o__Bacteroidales;f__Tannerellaceae;g__GGB1407;s__GGB1407_SGB1931,dropped
k__Bacteria;p__Bacteroidetes;c__Bacteroidia;o__Bacteroidales;f__Tannerellaceae;g__GGB1408,dropped
k__Bacteria;p__Bacteroidetes;c__Bacteroidia;o__Bacteroidales;f__Tannerellaceae;g__GGB1408;s__GGB1408_SGB1933,dropped
k__Bacteria;p__Bacteroidetes;c__Bacteroidia;o__Bacteroidales;f__Tannerellaceae;g__GGB1410,dropped
k__Bacteria;p__Bacteroidetes;c__Bacteroidia;o__Bacteroidales;f__Tannerellaceae;g__GGB1410;s__GGB1410_SGB1935,dropped
k__Bacteria;p__Bacteroidetes;c__Bacteroidia;o__Bacteroidales;f__Tannerellaceae;g__Parabacteroides;s__Parabacteroides_acidifaciens,dropped
k__Bacteria;p__Bacteroidetes;c__Bacteroidia;o__Bacteroidales;f__Tannerellaceae;g__Parabacteroides;s__Parabacteroides_bouchesdurhonensis,dropped
k__Bacteria;p__Bacteroidetes;c__Bacteroidia;o__Bacteroidales;f__Tannerellaceae;g__Parabacteroides;s__Parabacteroides_chinchillae,dropped
k__Bacteria;p__Bacteroidetes;c__Bacteroidia;o__Bacteroidales;f__Tannerellaceae;g__Parabacteroides;s__Parabacteroides_faecis,dropped
k__Bacteria;p__Bacteroidetes;c__Bacteroidia;o__Bacteroidales;f__Tannerellaceae;g__Parabacteroides;s__Parabacteroides_goldsteinii,dropped
k__Bacteria;p__Bacteroidetes;c__Bacteroidia;o__Bacteroidales;f__Tannerellaceae;g__Parabacteroides;s__Parabacteroides_gordonii,dropped
k__Bacteria;p__Bacteroidetes;c__Bacteroidia;o__Bacteroidales;f__Tannerellaceae;g__Parabacteroides;s__Parabacteroides_sp_AM08_6,dropped
k__Bacteria;p__Bacteroidetes;c__Bacteroidia;o__Bacteroidales;f__Tannerellaceae;g__Parabacteroides;s__Parabacteroides_sp_TM07_1AC,dropped
k__Bacteria;p__Bacteroidetes;c__Bacteroidia;o__Bacteroidales;f__Tannerellaceae;g__Parabacteroides;s__Parabacteroides_sp_ZJ_118,dropped
k__Bacteria;p__Bacteroidetes;c__Bacteroidia;o__Bacteroidales;f__Tannerellaceae;g__Tannerella,dropped
k__Bacteria;p__Bacteroidetes;c__Bacteroidia;o__Bacteroidales;f__Tannerellaceae;g__Tannerella;s__Tannerella_forsythia,dropped
k__Bacteria;p__Bacteroidetes;c__Bacteroidia;o__Bacteroidales;f__Tannerellaceae;g__Tannerella;s__Tannerella_sp_oral_taxon_808,dropped
k__Bacteria;p__Bacteroidetes;c__Bacteroidia;o__Bacteroidales;f__Tannerellaceae;g__Tannerella;s__Tannerella_sp_oral_taxon_HOT_286,dropped
k__Bacteria;p__Bacteroidetes;c__CFGB1285,dropped
k__Bacteria;p__Bacteroidetes;c__CFGB1285;o__OFGB1285,dropped
k__Bacteria;p__Bacteroidetes;c__CFGB1285;o__OFGB1285;f__FGB1285,dropped
k__Bacteria;p__Bacteroidetes;c__CFGB1285;o__OFGB1285;f__FGB1285;g__GGB3100,dropped
k__Bacteria;p__Bacteroidetes;c__CFGB1285;o__OFGB1285;f__FGB1285;g__GGB3100;s__GGB3100_SGB4108,dropped
k__Bacteria;p__Bacteroidetes;c__CFGB1583,dropped
k__Bacteria;p__Bacteroidetes;c__CFGB1583;o__OFGB1583,dropped
k__Bacteria;p__Bacteroidetes;c__CFGB1583;o__OFGB1583;f__FGB1583,dropped
k__Bacteria;p__Bacteroidetes;c__CFGB1583;o__OFGB1583;f__FGB1583;g__GGB46152,dropped
k__Bacteria;p__Bacteroidetes;c__CFGB1583;o__OFGB1583;f__FGB1583;g__GGB46152;s__GGB46152_SGB63920,dropped
k__Bacteria;p__Bacteroidetes;c__CFGB3419,dropped
k__Bacteria;p__Bacteroidetes;c__CFGB3419;o__OFGB3419,dropped
k__Bacteria;p__Bacteroidetes;c__CFGB3419;o__OFGB3419;f__FGB3419,dropped
k__Bacteria;p__Bacteroidetes;c__CFGB3419;o__OFGB3419;f__FGB3419;g__GGB11117,dropped
k__Bacteria;p__Bacteroidetes;c__CFGB3419;o__OFGB3419;f__FGB3419;g__GGB11117;s__GGB11117_SGB17823,dropped
k__Bacteria;p__Bacteroidetes;c__CFGB4405,dropped
k__Bacteria;p__Bacteroidetes;c__CFGB4405;o__OFGB4405,dropped
k__Bacteria;p__Bacteroidetes;c__CFGB4405;o__OFGB4405;f__FGB4405,dropped
k__Bacteria;p__Bacteroidetes;c__CFGB4405;o__OFGB4405;f__FGB4405;g__GGB12969,dropped
k__Bacteria;p__Bacteroidetes;c__CFGB4405;o__OFGB4405;f__FGB4405;g__GGB12969;s__GGB12969_SGB20128,dropped
k__Bacteria;p__Bacteroidetes;c__CFGB4418,dropped
k__Bacteria;p__Bacteroidetes;c__CFGB4418;o__OFGB4418,dropped
k__Bacteria;p__Bacteroidetes;c__CFGB4418;o__OFGB4418;f__FGB4418,dropped
k__Bacteria;p__Bacteroidetes;c__CFGB4418;o__OFGB4418;f__FGB4418;g__GGB13012,dropped
k__Bacteria;p__Bacteroidetes;c__CFGB4418;o__OFGB4418;f__FGB4418;g__GGB13012;s__GGB13012_SGB20183,dropped
k__Bacteria;p__Bacteroidetes;c__CFGB4418;o__OFGB4418;f__FGB4418;g__GGB13012;s__GGB13012_SGB20184,dropped
k__Bacteria;p__Bacteroidetes;c__CFGB4419,dropped
k__Bacteria;p__Bacteroidetes;c__CFGB4419;o__OFGB4419,dropped
k__Bacteria;p__Bacteroidetes;c__CFGB4419;o__OFGB4419;f__FGB4419,dropped
k__Bacteria;p__Bacteroidetes;c__CFGB4419;o__OFGB4419;f__FGB4419;g__GGB13016,dropped
k__Bacteria;p__Bacteroidetes;c__CFGB4419;o__OFGB4419;f__FGB4419;g__GGB13016;s__GGB13016_SGB20188,dropped
k__Bacteria;p__Bacteroidetes;c__CFGB4425,dropped
k__Bacteria;p__Bacteroidetes;c__CFGB4425;o__OFGB4425,dropped
k__Bacteria;p__Bacteroidetes;c__CFGB4425;o__OFGB4425;f__FGB4425,dropped
k__Bacteria;p__Bacteroidetes;c__CFGB4425;o__OFGB4425;f__FGB4425;g__GGB27903,dropped
k__Bacteria;p__Bacteroidetes;c__CFGB4425;o__OFGB4425;f__FGB4425;g__GGB27903;s__GGB27903_SGB40338,dropped
k__Bacteria;p__Bacteroidetes;c__CFGB4425;o__OFGB4425;f__FGB4425;g__GGB27923,dropped
k__Bacteria;p__Bacteroidetes;c__CFGB4425;o__OFGB4425;f__FGB4425;g__GGB27923;s__GGB27923_SGB40361,dropped
k__Bacteria;p__Bacteroidetes;c__CFGB494,dropped
k__Bacteria;p__Bacteroidetes;c__CFGB494;o__OFGB494,dropped
k__Bacteria;p__Bacteroidetes;c__CFGB494;o__OFGB494;f__FGB494,dropped
k__Bacteria;p__Bacteroidetes;c__CFGB494;o__OFGB494;f__FGB494;g__GGB1022,dropped
k__Bacteria;p__Bacteroidetes;c__CFGB494;o__OFGB494;f__FGB494;g__GGB1022;s__GGB1022_SGB1315,dropped
k__Bacteria;p__Bacteroidetes;c__CFGB536,dropped
k__Bacteria;p__Bacteroidetes;c__CFGB536;o__OFGB536,dropped
k__Bacteria;p__Bacteroidetes;c__CFGB536;o__OFGB536;f__FGB536,dropped
k__Bacteria;p__Bacteroidetes;c__CFGB536;o__OFGB536;f__FGB536;g__GGB1102,dropped
k__Bacteria;p__Bacteroidetes;c__CFGB536;o__OFGB536;f__FGB536;g__GGB1102;s__GGB1102_SGB1416,dropped
k__Bacteria;p__Bacteroidetes;c__CFGB540,dropped
k__Bacteria;p__Bacteroidetes;c__CFGB540;o__OFGB540,dropped
k__Bacteria;p__Bacteroidetes;c__CFGB540;o__OFGB540;f__FGB540,dropped
k__Bacteria;p__Bacteroidetes;c__CFGB540;o__OFGB540;f__FGB540;g__GGB1109,dropped
k__Bacteria;p__Bacteroidetes;c__CFGB540;o__OFGB540;f__FGB540;g__GGB1109;s__GGB1109_SGB1423,dropped
k__Bacteria;p__Bacteroidetes;c__CFGB540;o__OFGB540;f__FGB540;g__GGB1110,dropped
k__Bacteria;p__Bacteroidetes;c__CFGB540;o__OFGB540;f__FGB540;g__GGB1110;s__GGB1110_SGB1424,dropped
k__Bacteria;p__Bacteroidetes;c__CFGB544,dropped
k__Bacteria;p__Bacteroidetes;c__CFGB544;o__OFGB544,dropped
k__Bacteria;p__Bacteroidetes;c__CFGB544;o__OFGB544;f__FGB544,dropped
k__Bacteria;p__Bacteroidetes;c__CFGB544;o__OFGB544;f__FGB544;g__GGB1123,dropped
k__Bacteria;p__Bacteroidetes;c__CFGB544;o__OFGB544;f__FGB544;g__GGB1123;s__GGB1123_SGB1437,dropped
k__Bacteria;p__Bacteroidetes;c__CFGB575,dropped
k__Bacteria;p__Bacteroidetes;c__CFGB575;o__OFGB575,dropped
k__Bacteria;p__Bacteroidetes;c__CFGB575;o__OFGB575;f__FGB575,dropped
k__Bacteria;p__Bacteroidetes;c__CFGB575;o__OFGB575;f__FGB575;g__GGB1213,dropped
k__Bacteria;p__Bacteroidetes;c__CFGB575;o__OFGB575;f__FGB575;g__GGB1213;s__GGB1213_SGB1579,dropped
k__Bacteria;p__Bacteroidetes;c__CFGB602,dropped
k__Bacteria;p__Bacteroidetes;c__CFGB602;o__OFGB602,dropped
k__Bacteria;p__Bacteroidetes;c__CFGB602;o__OFGB602;f__FGB602,dropped
k__Bacteria;p__Bacteroidetes;c__CFGB602;o__OFGB602;f__FGB602;g__GGB1420,dropped
k__Bacteria;p__Bacteroidetes;c__CFGB602;o__OFGB602;f__FGB602;g__GGB1420;s__GGB1420_SGB1957,dropped
k__Bacteria;p__Bacteroidetes;c__CFGB602;o__OFGB602;f__FGB602;g__GGB1421,dropped
k__Bacteria;p__Bacteroidetes;c__CFGB602;o__OFGB602;f__FGB602;g__GGB1421;s__GGB1421_SGB1958,dropped
k__Bacteria;p__Bacteroidetes;c__CFGB602;o__OFGB602;f__FGB602;g__GGB1421;s__GGB1421_SGB1959,dropped
k__Bacteria;p__Bacteroidetes;c__CFGB618,dropped
k__Bacteria;p__Bacteroidetes;c__CFGB618;o__OFGB618,dropped
k__Bacteria;p__Bacteroidetes;c__CFGB618;o__OFGB618;f__FGB618,dropped
k__Bacteria;p__Bacteroidetes;c__CFGB618;o__OFGB618;f__FGB618;g__GGB1455,dropped
k__Bacteria;p__Bacteroidetes;c__CFGB618;o__OFGB618;f__FGB618;g__GGB1455;s__GGB1455_SGB2018,dropped
k__Bacteria;p__Bacteroidetes;c__CFGB618;o__OFGB618;f__FGB618;g__GGB1456,dropped
k__Bacteria;p__Bacteroidetes;c__CFGB618;o__OFGB618;f__FGB618;g__GGB1456;s__GGB1456_SGB2019,dropped
k__Bacteria;p__Bacteroidetes;c__CFGB636,dropped
k__Bacteria;p__Bacteroidetes;c__CFGB636;o__OFGB636,dropped
k__Bacteria;p__Bacteroidetes;c__CFGB636;o__OFGB636;f__FGB636,dropped
k__Bacteria;p__Bacteroidetes;c__CFGB636;o__OFGB636;f__FGB636;g__GGB14001,dropped
k__Bacteria;p__Bacteroidetes;c__CFGB636;o__OFGB636;f__FGB636;g__GGB14001;s__GGB14001_SGB21428,dropped
k__Bacteria;p__Bacteroidetes;c__CFGB636;o__OFGB636;f__FGB636;g__GGB1554,dropped
k__Bacteria;p__Bacteroidetes;c__CFGB636;o__OFGB636;f__FGB636;g__GGB1554;s__GGB1554_SGB2141,dropped
k__Bacteria;p__Bacteroidetes;c__CFGB637,dropped
k__Bacteria;p__Bacteroidetes;c__CFGB637;o__OFGB637,dropped
k__Bacteria;p__Bacteroidetes;c__CFGB637;o__OFGB637;f__FGB637,dropped
k__Bacteria;p__Bacteroidetes;c__CFGB637;o__OFGB637;f__FGB637;g__GGB1556,dropped
k__Bacteria;p__Bacteroidetes;c__CFGB637;o__OFGB637;f__FGB637;g__GGB1556;s__GGB1556_SGB2143,dropped
k__Bacteria;p__Bacteroidetes;c__CFGB637;o__OFGB637;f__FGB637;g__GGB1559,dropped
k__Bacteria;p__Bacteroidetes;c__CFGB637;o__OFGB637;f__FGB637;g__GGB1559;s__GGB1559_SGB2146,dropped
k__Bacteria;p__Bacteroidetes;c__CFGB637;o__OFGB637;f__FGB637;g__GGB1562,dropped
k__Bacteria;p__Bacteroidetes;c__CFGB637;o__OFGB637;f__FGB637;g__GGB1562;s__GGB1562_SGB2149,dropped
k__Bacteria;p__Bacteroidetes;c__CFGB637;o__OFGB637;f__FGB637;g__GGB27849,dropped
k__Bacteria;p__Bacteroidetes;c__CFGB637;o__OFGB637;f__FGB637;g__GGB27849;s__GGB27849_SGB40283,dropped
k__Bacteria;p__Bacteroidetes;c__CFGB637;o__OFGB637;f__FGB637;g__GGB27851,dropped
k__Bacteria;p__Bacteroidetes;c__CFGB637;o__OFGB637;f__FGB637;g__GGB27851;s__GGB27851_SGB40285,dropped
k__Bacteria;p__Bacteroidetes;c__CFGB637;o__OFGB637;f__FGB637;g__GGB27860,dropped
k__Bacteria;p__Bacteroidetes;c__CFGB637;o__OFGB637;f__FGB637;g__GGB27860;s__GGB27860_SGB40294,dropped
k__Bacteria;p__Bacteroidetes;c__CFGB640,dropped
k__Bacteria;p__Bacteroidetes;c__CFGB640;o__OFGB640,dropped
k__Bacteria;p__Bacteroidetes;c__CFGB640;o__OFGB640;f__FGB640,dropped
k__Bacteria;p__Bacteroidetes;c__CFGB640;o__OFGB640;f__FGB640;g__GGB1566,dropped
k__Bacteria;p__Bacteroidetes;c__CFGB640;o__OFGB640;f__FGB640;g__GGB1566;s__GGB1566_SGB2153,dropped
k__Bacteria;p__Bacteroidetes;c__CFGB671,dropped
k__Bacteria;p__Bacteroidetes;c__CFGB671;o__OFGB671,dropped
k__Bacteria;p__Bacteroidetes;c__CFGB671;o__OFGB671;f__FGB671,dropped
k__Bacteria;p__Bacteroidetes;c__CFGB671;o__OFGB671;f__FGB671;g__GGB1669,dropped
k__Bacteria;p__Bacteroidetes;c__CFGB671;o__OFGB671;f__FGB671;g__GGB1669;s__GGB1669_SGB2285,dropped
k__Bacteria;p__Bacteroidetes;c__CFGB7529,dropped
k__Bacteria;p__Bacteroidetes;c__CFGB7529;o__OFGB7529,dropped
k__Bacteria;p__Bacteroidetes;c__CFGB7529;o__OFGB7529;f__FGB7529,dropped
k__Bacteria;p__Bacteroidetes;c__CFGB7529;o__OFGB7529;f__FGB7529;g__GGB24019,dropped
k__Bacteria;p__Bacteroidetes;c__CFGB7529;o__OFGB7529;f__FGB7529;g__GGB24019;s__GGB24019_SGB35786,dropped
k__Bacteria;p__Bacteroidetes;c__CFGB9395,dropped
k__Bacteria;p__Bacteroidetes;c__CFGB9395;o__OFGB9395,dropped
k__Bacteria;p__Bacteroidetes;c__CFGB9395;o__OFGB9395;f__FGB9395,dropped
k__Bacteria;p__Bacteroidetes;c__CFGB9395;o__OFGB9395;f__FGB9395;g__GGB27929,dropped
k__Bacteria;p__Bacteroidetes;c__CFGB9395;o__OFGB9395;f__FGB9395;g__GGB27929;s__GGB27929_SGB40368,dropped
k__Bacteria;p__Bacteroidetes;c__Flavobacteriia,dropped
k__Bacteria;p__Bacteroidetes;c__Flavobacteriia;o__Flavobacteriales,dropped
k__Bacteria;p__Bacteroidetes;c__Flavobacteriia;o__Flavobacteriales;f__Flavobacteriaceae,dropped
k__Bacteria;p__Bacteroidetes;c__Flavobacteriia;o__Flavobacteriales;f__Flavobacteriaceae;g__GGB5975,dropped
k__Bacteria;p__Bacteroidetes;c__Flavobacteriia;o__Flavobacteriales;f__Flavobacteriaceae;g__GGB5975;s__GGB5975_SGB8592,dropped
k__Bacteria;p__Bacteroidetes;c__Flavobacteriia;o__Flavobacteriales;f__Flavobacteriales_unclassified,dropped
k__Bacteria;p__Bacteroidetes;c__Flavobacteriia;o__Flavobacteriales;f__Flavobacteriales_unclassified;g__Flavobacteriales_unclassified,dropped
k__Bacteria;p__Bacteroidetes;c__Flavobacteriia;o__Flavobacteriales;f__Flavobacteriales_unclassified;g__Flavobacteriales_unclassified;s__Flavobacteriales_bacterium,dropped
k__Bacteria;p__Bacteroidetes;c__Flavobacteriia;o__Flavobacteriales;f__Flavobacteriales_unclassified;g__GGB1662,dropped
k__Bacteria;p__Bacteroidetes;c__Flavobacteriia;o__Flavobacteriales;f__Flavobacteriales_unclassified;g__GGB1662;s__GGB1662_SGB2276,dropped
k__Bacteria;p__Bacteroidetes;c__Flavobacteriia;o__Flavobacteriales;f__Weeksellaceae,dropped
k__Bacteria;p__Bacteroidetes;c__Flavobacteriia;o__Flavobacteriales;f__Weeksellaceae;g__GGB1843,dropped
k__Bacteria;p__Bacteroidetes;c__Flavobacteriia;o__Flavobacteriales;f__Weeksellaceae;g__GGB1843;s__GGB1843_SGB2524,dropped
k__Bacteria;p__Candidatus_Absconditabacteria,dropped
k__Bacteria;p__Candidatus_Absconditabacteria;c__Candidatus_Absconditabacteria_unclassified,dropped
k__Bacteria;p__Candidatus_Absconditabacteria;c__Candidatus_Absconditabacteria_unclassified;o__Candidatus_Absconditabacteria_unclassified,dropped
k__Bacteria;p__Candidatus_Absconditabacteria;c__Candidatus_Absconditabacteria_unclassified;o__Candidatus_Absconditabacteria_unclassified;f__Candidatus_Absconditabacteria_unclassified,dropped
k__Bacteria;p__Candidatus_Absconditabacteria;c__Candidatus_Absconditabacteria_unclassified;o__Candidatus_Absconditabacteria_unclassified;f__Candidatus_Absconditabacteria_unclassified;g__Candidatus_Absconditabacteria_unclassified,dropped
k__Bacteria;p__Candidatus_Absconditabacteria;c__Candidatus_Absconditabacteria_unclassified;o__Candidatus_Absconditabacteria_unclassified;f__Candidatus_Absconditabacteria_unclassified;g__Candidatus_Absconditabacteria_unclassified;s__SR1_bacterium_human_oral_taxon_HOT_345,dropped
k__Bacteria;p__Candidatus_Absconditabacteria;c__Candidatus_Absconditabacteria_unclassified;o__Candidatus_Absconditabacteria_unclassified;f__Candidatus_Absconditabacteria_unclassified;g__Candidatus_Absconditabacteria_unclassified;s__candidate_division_SR1_bacterium_MGEHA,dropped
k__Bacteria;p__Candidatus_Melainabacteria,dropped
k__Bacteria;p__Candidatus_Melainabacteria;c__Candidatus_Melainabacteria_unclassified,dropped
k__Bacteria;p__Candidatus_Melainabacteria;c__Candidatus_Melainabacteria_unclassified;o__Candidatus_Gastranaerophilales,dropped
k__Bacteria;p__Candidatus_Melainabacteria;c__Candidatus_Melainabacteria_unclassified;o__Candidatus_Gastranaerophilales;f__Candidatus_Gastranaerophilales_unclassified,dropped
k__Bacteria;p__Candidatus_Melainabacteria;c__Candidatus_Melainabacteria_unclassified;o__Candidatus_Gastranaerophilales;f__Candidatus_Gastranaerophilales_unclassified;g__Candidatus_Gastranaerophilales_unclassified,dropped
k__Bacteria;p__Candidatus_Melainabacteria;c__Candidatus_Melainabacteria_unclassified;o__Candidatus_Gastranaerophilales;f__Candidatus_Gastranaerophilales_unclassified;g__Candidatus_Gastranaerophilales_unclassified;s__Candidatus_Gastranaerophilales_bacterium,dropped
k__Bacteria;p__Candidatus_Melainabacteria;c__Candidatus_Melainabacteria_unclassified;o__Candidatus_Gastranaerophilales;f__Candidatus_Gastranaerophilales_unclassified;g__Candidatus_Gastranaerophilales_unclassified;s__Candidatus_Gastranaerophilales_unclassified_SGB70776,dropped
k__Bacteria;p__Candidatus_Melainabacteria;c__Candidatus_Melainabacteria_unclassified;o__Candidatus_Gastranaerophilales;f__Candidatus_Gastranaerophilales_unclassified;g__Candidatus_Gastranaerophilales_unclassified;s__Candidatus_Gastranaerophilales_unclassified_SGB8596,dropped
k__Bacteria;p__Candidatus_Melainabacteria;c__Candidatus_Melainabacteria_unclassified;o__Candidatus_Gastranaerophilales;f__Candidatus_Gastranaerophilales_unclassified;g__Candidatus_Gastranaerophilales_unclassified;s__Candidatus_Gastranaerophilales_unclassified_SGB8630,dropped
k__Bacteria;p__Candidatus_Melainabacteria;c__Candidatus_Melainabacteria_unclassified;o__Candidatus_Gastranaerophilales;f__Candidatus_Gastranaerophilales_unclassified;g__Candidatus_Gastranaerophilales_unclassified;s__Candidatus_Gastranaerophilales_unclassified_SGB8631,dropped
k__Bacteria;p__Candidatus_Melainabacteria;c__Candidatus_Melainabacteria_unclassified;o__Candidatus_Gastranaerophilales;f__Candidatus_Gastranaerophilales_unclassified;g__GGB5980,dropped
k__Bacteria;p__Candidatus_Melainabacteria;c__Candidatus_Melainabacteria_unclassified;o__Candidatus_Gastranaerophilales;f__Candidatus_Gastranaerophilales_unclassified;g__GGB5980;s__GGB5980_SGB8599,dropped
k__Bacteria;p__Candidatus_Melainabacteria;c__Candidatus_Melainabacteria_unclassified;o__Candidatus_Gastranaerophilales;f__Candidatus_Gastranaerophilales_unclassified;g__GGB5997,dropped
k__Bacteria;p__Candidatus_Melainabacteria;c__Candidatus_Melainabacteria_unclassified;o__Candidatus_Gastranaerophilales;f__Candidatus_Gastranaerophilales_unclassified;g__GGB5997;s__GGB5997_SGB8620,dropped
k__Bacteria;p__Candidatus_Melainabacteria;c__Candidatus_Melainabacteria_unclassified;o__Candidatus_Gastranaerophilales;f__Candidatus_Gastranaerophilales_unclassified;g__GGB5998,dropped
k__Bacteria;p__Candidatus_Melainabacteria;c__Candidatus_Melainabacteria_unclassified;o__Candidatus_Gastranaerophilales;f__Candidatus_Gastranaerophilales_unclassified;g__GGB5998;s__GGB5998_SGB8621,dropped
k__Bacteria;p__Candidatus_Melainabacteria;c__Candidatus_Melainabacteria_unclassified;o__Candidatus_Gastranaerophilales;f__Candidatus_Gastranaerophilales_unclassified;g__GGB6007,dropped
k__Bacteria;p__Candidatus_Melainabacteria;c__Candidatus_Melainabacteria_unclassified;o__Candidatus_Gastranaerophilales;f__Candidatus_Gastranaerophilales_unclassified;g__GGB6007;s__GGB6007_SGB8633,dropped
k__Bacteria;p__Candidatus_Melainabacteria;c__Candidatus_Melainabacteria_unclassified;o__Candidatus_Gastranaerophilales;f__Candidatus_Gastranaerophilales_unclassified;g__GGB6007;s__GGB6007_SGB8634,dropped
k__Bacteria;p__Candidatus_Melainabacteria;c__Candidatus_Melainabacteria_unclassified;o__Candidatus_Gastranaerophilales;f__Candidatus_Gastranaerophilales_unclassified;g__GGB6009,dropped
k__Bacteria;p__Candidatus_Melainabacteria;c__Candidatus_Melainabacteria_unclassified;o__Candidatus_Gastranaerophilales;f__Candidatus_Gastranaerophilales_unclassified;g__GGB6009;s__GGB6009_SGB8636,dropped
k__Bacteria;p__Candidatus_Melainabacteria;c__Candidatus_Melainabacteria_unclassified;o__Candidatus_Gastranaerophilales;f__Candidatus_Gastranaerophilales_unclassified;g__GGB6010,dropped
k__Bacteria;p__Candidatus_Melainabacteria;c__Candidatus_Melainabacteria_unclassified;o__Candidatus_Gastranaerophilales;f__Candidatus_Gastranaerophilales_unclassified;g__GGB6010;s__GGB6010_SGB8637,dropped
k__Bacteria;p__Candidatus_Melainabacteria;c__Candidatus_Melainabacteria_unclassified;o__Candidatus_Gastranaerophilales;f__Candidatus_Gastranaerophilales_unclassified;g__GGB6012,dropped
k__Bacteria;p__Candidatus_Melainabacteria;c__Candidatus_Melainabacteria_unclassified;o__Candidatus_Gastranaerophilales;f__Candidatus_Gastranaerophilales_unclassified;g__GGB6012;s__GGB6012_SGB8640,dropped
k__Bacteria;p__Candidatus_Melainabacteria;c__Candidatus_Melainabacteria_unclassified;o__Candidatus_Gastranaerophilales;f__Candidatus_Gastranaerophilales_unclassified;g__GGB6016,dropped
k__Bacteria;p__Candidatus_Melainabacteria;c__Candidatus_Melainabacteria_unclassified;o__Candidatus_Gastranaerophilales;f__Candidatus_Gastranaerophilales_unclassified;g__GGB6016;s__GGB6016_SGB8648,dropped
k__Bacteria;p__Candidatus_Saccharibacteria;c__CFGB4354,dropped
k__Bacteria;p__Candidatus_Saccharibacteria;c__CFGB4354;o__OFGB4354,dropped
k__Bacteria;p__Candidatus_Saccharibacteria;c__CFGB4354;o__OFGB4354;f__FGB4354,dropped
k__Bacteria;p__Candidatus_Saccharibacteria;c__CFGB4354;o__OFGB4354;f__FGB4354;g__GGB12787,dropped
k__Bacteria;p__Candidatus_Saccharibacteria;c__CFGB4354;o__OFGB4354;f__FGB4354;g__GGB12787;s__GGB12787_SGB19830,dropped
k__Bacteria;p__Candidatus_Saccharibacteria;c__CFGB4355,dropped
k__Bacteria;p__Candidatus_Saccharibacteria;c__CFGB4355;o__OFGB4355,dropped
k__Bacteria;p__Candidatus_Saccharibacteria;c__CFGB4355;o__OFGB4355;f__FGB4355,dropped
k__Bacteria;p__Candidatus_Saccharibacteria;c__CFGB4355;o__OFGB4355;f__FGB4355;g__GGB12788,dropped
k__Bacteria;p__Candidatus_Saccharibacteria;c__CFGB4355;o__OFGB4355;f__FGB4355;g__GGB12788;s__GGB12788_SGB19831,dropped
k__Bacteria;p__Candidatus_Saccharibacteria;c__CFGB4356,dropped
k__Bacteria;p__Candidatus_Saccharibacteria;c__CFGB4356;o__OFGB4356,dropped
k__Bacteria;p__Candidatus_Saccharibacteria;c__CFGB4356;o__OFGB4356;f__FGB4356,dropped
k__Bacteria;p__Candidatus_Saccharibacteria;c__CFGB4356;o__OFGB4356;f__FGB4356;g__GGB12790,dropped
k__Bacteria;p__Candidatus_Saccharibacteria;c__CFGB4356;o__OFGB4356;f__FGB4356;g__GGB12790;s__GGB12790_SGB19844,dropped
k__Bacteria;p__Candidatus_Saccharibacteria;c__CFGB4356;o__OFGB4356;f__FGB4356;g__GGB12790;s__GGB12790_SGB19845,dropped
k__Bacteria;p__Candidatus_Saccharibacteria;c__Candidatus_Nanosyncoccalia,dropped
k__Bacteria;p__Candidatus_Saccharibacteria;c__Candidatus_Nanosyncoccalia;o__Candidatus_Nanogingivales,dropped
k__Bacteria;p__Candidatus_Saccharibacteria;c__Candidatus_Nanosyncoccalia;o__Candidatus_Nanogingivales;f__Candidatus_Nanogingivalaceae,dropped
k__Bacteria;p__Candidatus_Saccharibacteria;c__Candidatus_Nanosyncoccalia;o__Candidatus_Nanogingivales;f__Candidatus_Nanogingivalaceae;g__Candidatus_Nanogingivalis,dropped
k__Bacteria;p__Candidatus_Saccharibacteria;c__Candidatus_Nanosyncoccalia;o__Candidatus_Nanogingivales;f__Candidatus_Nanogingivalaceae;g__Candidatus_Nanogingivalis;s__Candidatus_Nanogingivalis_gingivitcus,dropped
k__Bacteria;p__Candidatus_Saccharibacteria;c__Candidatus_Nanosyncoccalia;o__Candidatus_Nanogingivales;f__Candidatus_Nanogingivalaceae;g__GGB12785,dropped
k__Bacteria;p__Candidatus_Saccharibacteria;c__Candidatus_Nanosyncoccalia;o__Candidatus_Nanogingivales;f__Candidatus_Nanogingivalaceae;g__GGB12785;s__GGB12785_SGB19823,dropped
k__Bacteria;p__Candidatus_Saccharibacteria;c__Candidatus_Nanosyncoccalia;o__Candidatus_Nanogingivales;f__Candidatus_Nanogingivalaceae;g__GGB12785;s__GGB12785_SGB19825,dropped
k__Bacteria;p__Candidatus_Saccharibacteria;c__Candidatus_Nanosyncoccalia;o__Candidatus_Nanogingivales;f__Candidatus_Nanogingivalaceae;g__GGB12785;s__GGB12785_SGB19827,dropped
k__Bacteria;p__Candidatus_Saccharibacteria;c__Candidatus_Saccharibacteria_unclassified;o__Candidatus_Saccharibacteria_unclassified;f__Candidatus_Saccharibacteria_unclassified;g__Candidatus_Saccharibacteria_unclassified;s__Candidatus_Saccharibacteria_bacterium,dropped
k__Bacteria;p__Candidatus_Saccharibacteria;c__Candidatus_Saccharibacteria_unclassified;o__Candidatus_Saccharibacteria_unclassified;f__Candidatus_Saccharibacteria_unclassified;g__Candidatus_Saccharibacteria_unclassified;s__Candidatus_Saccharibacteria_bacterium_oral_taxon_488,dropped
k__Bacteria;p__Candidatus_Saccharibacteria;c__Candidatus_Saccharibacteria_unclassified;o__Candidatus_Saccharibacteria_unclassified;f__Candidatus_Saccharibacteria_unclassified;g__Candidatus_Saccharibacteria_unclassified;s__Candidatus_Saccharibacteria_bacterium_oral_taxon_955,dropped
k__Bacteria;p__Candidatus_Saccharibacteria;c__Candidatus_Saccharibacteria_unclassified;o__Candidatus_Saccharibacteria_unclassified;f__Candidatus_Saccharibacteria_unclassified;g__Candidatus_Saccharibacteria_unclassified;s__Candidatus_Saccharibacteria_unclassified_SGB19782,dropped
k__Bacteria;p__Candidatus_Saccharibacteria;c__Candidatus_Saccharibacteria_unclassified;o__Candidatus_Saccharibacteria_unclassified;f__Candidatus_Saccharibacteria_unclassified;g__Candidatus_Saccharibacteria_unclassified;s__TM7_phylum_sp_oral_taxon_348,dropped
k__Bacteria;p__Candidatus_Saccharibacteria;c__Candidatus_Saccharibacteria_unclassified;o__Candidatus_Saccharibacteria_unclassified;f__Candidatus_Saccharibacteria_unclassified;g__Candidatus_Saccharibacteria_unclassified;s__TM7_phylum_sp_oral_taxon_350,dropped
k__Bacteria;p__Candidatus_Saccharibacteria;c__Candidatus_Saccharibacteria_unclassified;o__Candidatus_Saccharibacteria_unclassified;f__Candidatus_Saccharibacteria_unclassified;g__Candidatus_Saccharibacteria_unclassified;s__TM7_phylum_sp_oral_taxon_351,dropped
k__Bacteria;p__Candidatus_Saccharibacteria;c__Candidatus_Saccharibacteria_unclassified;o__Candidatus_Saccharibacteria_unclassified;f__Candidatus_Saccharibacteria_unclassified;g__GGB12761,dropped
k__Bacteria;p__Candidatus_Saccharibacteria;c__Candidatus_Saccharibacteria_unclassified;o__Candidatus_Saccharibacteria_unclassified;f__Candidatus_Saccharibacteria_unclassified;g__GGB12761;s__GGB12761_SGB19791,dropped
k__Bacteria;p__Candidatus_Saccharibacteria;c__Candidatus_Saccharibacteria_unclassified;o__Candidatus_Saccharibacteria_unclassified;f__Candidatus_Saccharibacteria_unclassified;g__GGB12762,dropped
k__Bacteria;p__Candidatus_Saccharibacteria;c__Candidatus_Saccharibacteria_unclassified;o__Candidatus_Saccharibacteria_unclassified;f__Candidatus_Saccharibacteria_unclassified;g__GGB12762;s__GGB12762_SGB19792,dropped
k__Bacteria;p__Candidatus_Saccharibacteria;c__Candidatus_Saccharibacteria_unclassified;o__Candidatus_Saccharibacteria_unclassified;f__Candidatus_Saccharibacteria_unclassified;g__GGB12763,dropped
k__Bacteria;p__Candidatus_Saccharibacteria;c__Candidatus_Saccharibacteria_unclassified;o__Candidatus_Saccharibacteria_unclassified;f__Candidatus_Saccharibacteria_unclassified;g__GGB12763;s__GGB12763_SGB19797,dropped
k__Bacteria;p__Candidatus_Saccharibacteria;c__Candidatus_Saccharibacteria_unclassified;o__Candidatus_Saccharibacteria_unclassified;f__Candidatus_Saccharibacteria_unclassified;g__GGB12796,dropped
k__Bacteria;p__Candidatus_Saccharibacteria;c__Candidatus_Saccharibacteria_unclassified;o__Candidatus_Saccharibacteria_unclassified;f__Candidatus_Saccharibacteria_unclassified;g__GGB12796;s__GGB12796_SGB19893,dropped
k__Bacteria;p__Candidatus_Saccharibacteria;c__Candidatus_Saccharimonia;o__Candidatus_Nanosynbacterales,dropped
k__Bacteria;p__Candidatus_Saccharibacteria;c__Candidatus_Saccharimonia;o__Candidatus_Nanosynbacterales;f__Candidatus_Nanosynbacteraceae,dropped
k__Bacteria;p__Candidatus_Saccharibacteria;c__Candidatus_Saccharimonia;o__Candidatus_Nanosynbacterales;f__Candidatus_Nanosynbacteraceae;g__Candidatus_Nanosynbacter,dropped
k__Bacteria;p__Candidatus_Saccharibacteria;c__Candidatus_Saccharimonia;o__Candidatus_Nanosynbacterales;f__Candidatus_Nanosynbacteraceae;g__Candidatus_Nanosynbacter;s__Candidatus_Nanosynbacter_lyticus,dropped
k__Bacteria;p__Cyanobacteria,dropped
k__Bacteria;p__Cyanobacteria;c__Cyanobacteria_unclassified,dropped
k__Bacteria;p__Cyanobacteria;c__Cyanobacteria_unclassified;o__Synechococcales,dropped
k__Bacteria;p__Cyanobacteria;c__Cyanobacteria_unclassified;o__Synechococcales;f__Leptolyngbyaceae,dropped
k__Bacteria;p__Cyanobacteria;c__Cyanobacteria_unclassified;o__Synechococcales;f__Leptolyngbyaceae;g__GGB49499,dropped
k__Bacteria;p__Cyanobacteria;c__Cyanobacteria_unclassified;o__Synechococcales;f__Leptolyngbyaceae;g__GGB49499;s__GGB49499_SGB69440,dropped
k__Bacteria;p__Cyanobacteria;c__Cyanobacteria_unclassified;o__Synechococcales;f__Prochloraceae,dropped
k__Bacteria;p__Cyanobacteria;c__Cyanobacteria_unclassified;o__Synechococcales;f__Prochloraceae;g__GGB33687,dropped
k__Bacteria;p__Cyanobacteria;c__Cyanobacteria_unclassified;o__Synechococcales;f__Prochloraceae;g__GGB33687;s__GGB33687_SGB54317,dropped
k__Bacteria;p__Deferribacteres,dropped
k__Bacteria;p__Deferribacteres;c__Deferribacteres,dropped
k__Bacteria;p__Deferribacteres;c__Deferribacteres;o__Deferribacterales,dropped
k__Bacteria;p__Deferribacteres;c__Deferribacteres;o__Deferribacterales;f__Deferribacteraceae,dropped
k__Bacteria;p__Deferribacteres;c__Deferribacteres;o__Deferribacterales;f__Deferribacteraceae;g__Mucispirillum,dropped
k__Bacteria;p__Deferribacteres;c__Deferribacteres;o__Deferribacterales;f__Deferribacteraceae;g__Mucispirillum;s__Mucispirillum_SGB44276,dropped
k__Bacteria;p__Elusimicrobia,dropped
k__Bacteria;p__Elusimicrobia;c__Elusimicrobia,dropped
k__Bacteria;p__Elusimicrobia;c__Elusimicrobia;o__Elusimicrobiales,dropped
k__Bacteria;p__Elusimicrobia;c__Elusimicrobia;o__Elusimicrobiales;f__Elusimicrobiales_unclassified,dropped
k__Bacteria;p__Elusimicrobia;c__Elusimicrobia;o__Elusimicrobiales;f__Elusimicrobiales_unclassified;g__Elusimicrobiales_unclassified,dropped
k__Bacteria;p__Elusimicrobia;c__Elusimicrobia;o__Elusimicrobiales;f__Elusimicrobiales_unclassified;g__Elusimicrobiales_unclassified;s__Elusimicrobiales_bacterium,dropped
k__Bacteria;p__Elusimicrobia;c__Elusimicrobia;o__Elusimicrobiales;f__Elusimicrobiales_unclassified;g__GGB12693,dropped
k__Bacteria;p__Elusimicrobia;c__Elusimicrobia;o__Elusimicrobiales;f__Elusimicrobiales_unclassified;g__GGB12693;s__GGB12693_SGB19690,dropped
k__Bacteria;p__Firmicutes;c__Bacilli;o__Bacillales;f__Bacillaceae,dropped
k__Bacteria;p__Firmicutes;c__Bacilli;o__Bacillales;f__Bacillaceae;g__Bacillus,dropped
k__Bacteria;p__Firmicutes;c__Bacilli;o__Bacillales;f__Bacillaceae;g__Bacillus;s__Bacillus_sp_FJAT_22090,dropped
k__Bacteria;p__Firmicutes;c__Bacilli;o__Bacillales;f__Bacillaceae;g__Bacillus;s__Bacillus_sp_FJAT_27916,dropped
k__Bacteria;p__Firmicutes;c__Bacilli;o__Bacillales;f__Bacillaceae;g__Bacillus;s__Bacillus_subtilis,dropped
k__Bacteria;p__Firmicutes;c__Bacilli;o__Bacillales;f__Bacillaceae;g__Lysinibacillus,dropped
k__Bacteria;p__Firmicutes;c__Bacilli;o__Bacillales;f__Bacillaceae;g__Lysinibacillus;s__Lysinibacillus_boronitolerans,dropped
k__Bacteria;p__Firmicutes;c__Bacilli;o__Bacillales;f__Bacillaceae;g__Lysinibacillus;s__Lysinibacillus_endophyticus,dropped
k__Bacteria;p__Firmicutes;c__Bacilli;o__Bacillales;f__Bacillaceae;g__Priestia,dropped
k__Bacteria;p__Firmicutes;c__Bacilli;o__Bacillales;f__Bacillaceae;g__Priestia;s__Priestia_megaterium,dropped
k__Bacteria;p__Firmicutes;c__Bacilli;o__Bacillales;f__Bacillaceae;g__Psychrobacillus,dropped
k__Bacteria;p__Firmicutes;c__Bacilli;o__Bacillales;f__Bacillaceae;g__Psychrobacillus;s__Psychrobacillus_psychrotolerans,dropped
k__Bacteria;p__Firmicutes;c__Bacilli;o__Bacillales;f__Bacillales_unclassified;g__Gemella;s__Gemella_SGB7284,dropped
k__Bacteria;p__Firmicutes;c__Bacilli;o__Bacillales;f__Bacillales_unclassified;g__Gemella;s__Gemella_asaccharolytica,dropped
k__Bacteria;p__Firmicutes;c__Bacilli;o__Bacillales;f__Bacillales_unclassified;g__Gemella;s__Gemella_bergeri,dropped
k__Bacteria;p__Firmicutes;c__Bacilli;o__Bacillales;f__Listeriaceae,dropped
k__Bacteria;p__Firmicutes;c__Bacilli;o__Bacillales;f__Listeriaceae;g__Brochothrix,dropped
k__Bacteria;p__Firmicutes;c__Bacilli;o__Bacillales;f__Listeriaceae;g__Brochothrix;s__Brochothrix_thermosphacta,dropped
k__Bacteria;p__Firmicutes;c__Bacilli;o__Bacillales;f__Planococcaceae,dropped
k__Bacteria;p__Firmicutes;c__Bacilli;o__Bacillales;f__Planococcaceae;g__Solibacillus,dropped
k__Bacteria;p__Firmicutes;c__Bacilli;o__Bacillales;f__Planococcaceae;g__Solibacillus;s__Solibacillus_silvestris,dropped
k__Bacteria;p__Firmicutes;c__Bacilli;o__Bacillales;f__Planococcaceae;g__Solibacillus;s__Solibacillus_sp_A46,dropped
k__Bacteria;p__Firmicutes;c__Bacilli;o__Bacillales;f__Planococcaceae;g__Solibacillus;s__Solibacillus_sp_Sa1YVA6,dropped
k__Bacteria;p__Firmicutes;c__Bacilli;o__Bacillales;f__Staphylococcaceae,dropped
k__Bacteria;p__Firmicutes;c__Bacilli;o__Bacillales;f__Staphylococcaceae;g__Macrococcus,dropped
k__Bacteria;p__Firmicutes;c__Bacilli;o__Bacillales;f__Staphylococcaceae;g__Macrococcus;s__Macrococcus_caseolyticus,dropped
k__Bacteria;p__Firmicutes;c__Bacilli;o__Bacillales;f__Staphylococcaceae;g__Mammaliicoccus,dropped
k__Bacteria;p__Firmicutes;c__Bacilli;o__Bacillales;f__Staphylococcaceae;g__Mammaliicoccus;s__Mammaliicoccus_vitulinus,dropped
k__Bacteria;p__Firmicutes;c__Bacilli;o__Bacillales;f__Staphylococcaceae;g__Staphylococcus,dropped
k__Bacteria;p__Firmicutes;c__Bacilli;o__Bacillales;f__Staphylococcaceae;g__Staphylococcus;s__Staphylococcus_argenteus,dropped
k__Bacteria;p__Firmicutes;c__Bacilli;o__Bacillales;f__Staphylococcaceae;g__Staphylococcus;s__Staphylococcus_aureus,dropped
k__Bacteria;p__Firmicutes;c__Bacilli;o__Bacillales;f__Staphylococcaceae;g__Staphylococcus;s__Staphylococcus_carnosus,dropped
k__Bacteria;p__Firmicutes;c__Bacilli;o__Bacillales;f__Staphylococcaceae;g__Staphylococcus;s__Staphylococcus_epidermidis,dropped
k__Bacteria;p__Firmicutes;c__Bacilli;o__Bacillales;f__Staphylococcaceae;g__Staphylococcus;s__Staphylococcus_equorum,dropped
k__Bacteria;p__Firmicutes;c__Bacilli;o__Bacillales;f__Staphylococcaceae;g__Staphylococcus;s__Staphylococcus_gallinarum,dropped
k__Bacteria;p__Firmicutes;c__Bacilli;o__Bacillales;f__Staphylococcaceae;g__Staphylococcus;s__Staphylococcus_haemolyticus,dropped
k__Bacteria;p__Firmicutes;c__Bacilli;o__Bacillales;f__Staphylococcaceae;g__Staphylococcus;s__Staphylococcus_saprophyticus,dropped
k__Bacteria;p__Firmicutes;c__Bacilli;o__Bacillales;f__Staphylococcaceae;g__Staphylococcus;s__Staphylococcus_succinus,dropped
k__Bacteria;p__Firmicutes;c__Bacilli;o__Bacillales;f__Staphylococcaceae;g__Staphylococcus;s__Staphylococcus_warneri,dropped
k__Bacteria;p__Firmicutes;c__Bacilli;o__Bacillales;f__Staphylococcaceae;g__Staphylococcus;s__Staphylococcus_xylosus,dropped
k__Bacteria;p__Firmicutes;c__Bacilli;o__Bacilli_unclassified;f__Bacilli_unclassified;g__Bacilli_unclassified;s__Bacilli_unclassified_SGB6410,dropped
k__Bacteria;p__Firmicutes;c__Bacilli;o__Bacilli_unclassified;f__Bacilli_unclassified;g__Bacilli_unclassified;s__Bacilli_unclassified_SGB6487,dropped
k__Bacteria;p__Firmicutes;c__Bacilli;o__Bacilli_unclassified;f__Bacilli_unclassified;g__Bacilli_unclassified;s__Bacilli_unclassified_SGB6493,dropped
k__Bacteria;p__Firmicutes;c__Bacilli;o__Bacilli_unclassified;f__Bacilli_unclassified;g__Bacilli_unclassified;s__Bacilli_unclassified_SGB6501,dropped
k__Bacteria;p__Firmicutes;c__Bacilli;o__Bacilli_unclassified;f__Bacilli_unclassified;g__Bacilli_unclassified;s__Bacilli_unclassified_SGB6502,dropped
k__Bacteria;p__Firmicutes;c__Bacilli;o__Bacilli_unclassified;f__Bacilli_unclassified;g__Bacilli_unclassified;s__Bacilli_unclassified_SGB6571,dropped
k__Bacteria;p__Firmicutes;c__Bacilli;o__Bacilli_unclassified;f__Bacilli_unclassified;g__Candidatus_Harrysmithimonas,dropped
k__Bacteria;p__Firmicutes;c__Bacilli;o__Bacilli_unclassified;f__Bacilli_unclassified;g__Candidatus_Harrysmithimonas;s__Candidatus_Harrysmithimonas_galli,dropped
k__Bacteria;p__Firmicutes;c__Bacilli;o__Bacilli_unclassified;f__Bacilli_unclassified;g__GGB13793,dropped
k__Bacteria;p__Firmicutes;c__Bacilli;o__Bacilli_unclassified;f__Bacilli_unclassified;g__GGB13793;s__GGB13793_SGB21172,dropped
k__Bacteria;p__Firmicutes;c__Bacilli;o__Bacilli_unclassified;f__Bacilli_unclassified;g__GGB4616,dropped
k__Bacteria;p__Firmicutes;c__Bacilli;o__Bacilli_unclassified;f__Bacilli_unclassified;g__GGB4616;s__GGB4616_SGB6391,dropped
k__Bacteria;p__Firmicutes;c__Bacilli;o__Bacilli_unclassified;f__Bacilli_unclassified;g__GGB4638,dropped
k__Bacteria;p__Firmicutes;c__Bacilli;o__Bacilli_unclassified;f__Bacilli_unclassified;g__GGB4638;s__GGB4638_SGB6417,dropped
k__Bacteria;p__Firmicutes;c__Bacilli;o__Bacilli_unclassified;f__Bacilli_unclassified;g__GGB4640,dropped
k__Bacteria;p__Firmicutes;c__Bacilli;o__Bacilli_unclassified;f__Bacilli_unclassified;g__GGB4640;s__GGB4640_SGB6419,dropped
k__Bacteria;p__Firmicutes;c__Bacilli;o__Bacilli_unclassified;f__Bacilli_unclassified;g__GGB4641,dropped
k__Bacteria;p__Firmicutes;c__Bacilli;o__Bacilli_unclassified;f__Bacilli_unclassified;g__GGB4641;s__GGB4641_SGB6420,dropped
k__Bacteria;p__Firmicutes;c__Bacilli;o__Bacilli_unclassified;f__Bacilli_unclassified;g__GGB4651,dropped
k__Bacteria;p__Firmicutes;c__Bacilli;o__Bacilli_unclassified;f__Bacilli_unclassified;g__GGB4651;s__GGB4651_SGB6438,dropped
k__Bacteria;p__Firmicutes;c__Bacilli;o__Bacilli_unclassified;f__Bacilli_unclassified;g__GGB4652,dropped
k__Bacteria;p__Firmicutes;c__Bacilli;o__Bacilli_unclassified;f__Bacilli_unclassified;g__GGB4652;s__GGB4652_SGB6439,dropped
k__Bacteria;p__Firmicutes;c__Bacilli;o__Bacilli_unclassified;f__Bacilli_unclassified;g__GGB4661,dropped
k__Bacteria;p__Firmicutes;c__Bacilli;o__Bacilli_unclassified;f__Bacilli_unclassified;g__GGB4661;s__GGB4661_SGB6449,dropped
k__Bacteria;p__Firmicutes;c__Bacilli;o__Bacilli_unclassified;f__Bacilli_unclassified;g__GGB4662,dropped
k__Bacteria;p__Firmicutes;c__Bacilli;o__Bacilli_unclassified;f__Bacilli_unclassified;g__GGB4662;s__GGB4662_SGB6450,dropped
k__Bacteria;p__Firmicutes;c__Bacilli;o__Bacilli_unclassified;f__Bacilli_unclassified;g__GGB4667,dropped
k__Bacteria;p__Firmicutes;c__Bacilli;o__Bacilli_unclassified;f__Bacilli_unclassified;g__GGB4667;s__GGB4667_SGB6456,dropped
k__Bacteria;p__Firmicutes;c__Bacilli;o__Bacilli_unclassified;f__Bacilli_unclassified;g__GGB4669,dropped
k__Bacteria;p__Firmicutes;c__Bacilli;o__Bacilli_unclassified;f__Bacilli_unclassified;g__GGB4669;s__GGB4669_SGB6458,dropped
k__Bacteria;p__Firmicutes;c__Bacilli;o__Bacilli_unclassified;f__Bacilli_unclassified;g__GGB4671,dropped
k__Bacteria;p__Firmicutes;c__Bacilli;o__Bacilli_unclassified;f__Bacilli_unclassified;g__GGB4671;s__GGB4671_SGB6460,dropped
k__Bacteria;p__Firmicutes;c__Bacilli;o__Bacilli_unclassified;f__Bacilli_unclassified;g__GGB4672,dropped
k__Bacteria;p__Firmicutes;c__Bacilli;o__Bacilli_unclassified;f__Bacilli_unclassified;g__GGB4672;s__GGB4672_SGB6461,dropped
k__Bacteria;p__Firmicutes;c__Bacilli;o__Bacilli_unclassified;f__Bacilli_unclassified;g__GGB4673,dropped
k__Bacteria;p__Firmicutes;c__Bacilli;o__Bacilli_unclassified;f__Bacilli_unclassified;g__GGB4673;s__GGB4673_SGB6462,dropped
k__Bacteria;p__Firmicutes;c__Bacilli;o__Bacilli_unclassified;f__Bacilli_unclassified;g__GGB4674,dropped
k__Bacteria;p__Firmicutes;c__Bacilli;o__Bacilli_unclassified;f__Bacilli_unclassified;g__GGB4674;s__GGB4674_SGB6463,dropped
k__Bacteria;p__Firmicutes;c__Bacilli;o__Bacilli_unclassified;f__Bacilli_unclassified;g__GGB4678,dropped
k__Bacteria;p__Firmicutes;c__Bacilli;o__Bacilli_unclassified;f__Bacilli_unclassified;g__GGB4678;s__GGB4678_SGB6468,dropped
k__Bacteria;p__Firmicutes;c__Bacilli;o__Bacilli_unclassified;f__Bacilli_unclassified;g__GGB4686,dropped
k__Bacteria;p__Firmicutes;c__Bacilli;o__Bacilli_unclassified;f__Bacilli_unclassified;g__GGB4686;s__GGB4686_SGB6483,dropped
k__Bacteria;p__Firmicutes;c__Bacilli;o__Bacilli_unclassified;f__Bacilli_unclassified;g__GGB4687,dropped
k__Bacteria;p__Firmicutes;c__Bacilli;o__Bacilli_unclassified;f__Bacilli_unclassified;g__GGB4687;s__GGB4687_SGB6484,dropped
k__Bacteria;p__Firmicutes;c__Bacilli;o__Bacilli_unclassified;f__Bacilli_unclassified;g__GGB4691,dropped
k__Bacteria;p__Firmicutes;c__Bacilli;o__Bacilli_unclassified;f__Bacilli_unclassified;g__GGB4691;s__GGB4691_SGB6489,dropped
k__Bacteria;p__Firmicutes;c__Bacilli;o__Bacilli_unclassified;f__Bacilli_unclassified;g__GGB4693,dropped
k__Bacteria;p__Firmicutes;c__Bacilli;o__Bacilli_unclassified;f__Bacilli_unclassified;g__GGB4693;s__GGB4693_SGB6491,dropped
k__Bacteria;p__Firmicutes;c__Bacilli;o__Bacilli_unclassified;f__Bacilli_unclassified;g__GGB4698,dropped
k__Bacteria;p__Firmicutes;c__Bacilli;o__Bacilli_unclassified;f__Bacilli_unclassified;g__GGB4698;s__GGB4698_SGB6498,dropped
k__Bacteria;p__Firmicutes;c__Bacilli;o__Bacilli_unclassified;f__Bacilli_unclassified;g__GGB4700,dropped
k__Bacteria;p__Firmicutes;c__Bacilli;o__Bacilli_unclassified;f__Bacilli_unclassified;g__GGB4700;s__GGB4700_SGB6506,dropped
k__Bacteria;p__Firmicutes;c__Bacilli;o__Bacilli_unclassified;f__Bacilli_unclassified;g__GGB4701,dropped
k__Bacteria;p__Firmicutes;c__Bacilli;o__Bacilli_unclassified;f__Bacilli_unclassified;g__GGB4701;s__GGB4701_SGB6508,dropped
k__Bacteria;p__Firmicutes;c__Bacilli;o__Bacilli_unclassified;f__Bacilli_unclassified;g__GGB4702,dropped
k__Bacteria;p__Firmicutes;c__Bacilli;o__Bacilli_unclassified;f__Bacilli_unclassified;g__GGB4702;s__GGB4702_SGB6509,dropped
k__Bacteria;p__Firmicutes;c__Bacilli;o__Bacilli_unclassified;f__Bacilli_unclassified;g__GGB4706,dropped
k__Bacteria;p__Firmicutes;c__Bacilli;o__Bacilli_unclassified;f__Bacilli_unclassified;g__GGB4706;s__GGB4706_SGB6513,dropped
k__Bacteria;p__Firmicutes;c__Bacilli;o__Bacilli_unclassified;f__Bacilli_unclassified;g__GGB4708,dropped
k__Bacteria;p__Firmicutes;c__Bacilli;o__Bacilli_unclassified;f__Bacilli_unclassified;g__GGB4708;s__GGB4708_SGB6518,dropped
k__Bacteria;p__Firmicutes;c__Bacilli;o__Bacilli_unclassified;f__Bacilli_unclassified;g__GGB4710,dropped
k__Bacteria;p__Firmicutes;c__Bacilli;o__Bacilli_unclassified;f__Bacilli_unclassified;g__GGB4710;s__GGB4710_SGB6522,dropped
k__Bacteria;p__Firmicutes;c__Bacilli;o__Bacilli_unclassified;f__Bacilli_unclassified;g__GGB4711,dropped
k__Bacteria;p__Firmicutes;c__Bacilli;o__Bacilli_unclassified;f__Bacilli_unclassified;g__GGB4711;s__GGB4711_SGB6524,dropped
k__Bacteria;p__Firmicutes;c__Bacilli;o__Bacilli_unclassified;f__Bacilli_unclassified;g__GGB4712,dropped
k__Bacteria;p__Firmicutes;c__Bacilli;o__Bacilli_unclassified;f__Bacilli_unclassified;g__GGB4712;s__GGB4712_SGB6525,dropped
k__Bacteria;p__Firmicutes;c__Bacilli;o__Bacilli_unclassified;f__Bacilli_unclassified;g__GGB4713,dropped
k__Bacteria;p__Firmicutes;c__Bacilli;o__Bacilli_unclassified;f__Bacilli_unclassified;g__GGB4713;s__GGB4713_SGB6526,dropped
k__Bacteria;p__Firmicutes;c__Bacilli;o__Bacilli_unclassified;f__Bacilli_unclassified;g__GGB4714,dropped
k__Bacteria;p__Firmicutes;c__Bacilli;o__Bacilli_unclassified;f__Bacilli_unclassified;g__GGB4714;s__GGB4714_SGB6528,dropped
k__Bacteria;p__Firmicutes;c__Bacilli;o__Bacilli_unclassified;f__Bacilli_unclassified;g__GGB4721,dropped
k__Bacteria;p__Firmicutes;c__Bacilli;o__Bacilli_unclassified;f__Bacilli_unclassified;g__GGB4721;s__GGB4721_SGB6537,dropped
k__Bacteria;p__Firmicutes;c__Bacilli;o__Bacilli_unclassified;f__Bacilli_unclassified;g__GGB4727,dropped
k__Bacteria;p__Firmicutes;c__Bacilli;o__Bacilli_unclassified;f__Bacilli_unclassified;g__GGB4727;s__GGB4727_SGB6548,dropped
k__Bacteria;p__Firmicutes;c__Bacilli;o__Bacilli_unclassified;f__Bacilli_unclassified;g__GGB4739,dropped
k__Bacteria;p__Firmicutes;c__Bacilli;o__Bacilli_unclassified;f__Bacilli_unclassified;g__GGB4739;s__GGB4739_SGB6564,dropped
k__Bacteria;p__Firmicutes;c__Bacilli;o__Bacilli_unclassified;f__Bacilli_unclassified;g__GGB4750,dropped
k__Bacteria;p__Firmicutes;c__Bacilli;o__Bacilli_unclassified;f__Bacilli_unclassified;g__GGB4750;s__GGB4750_SGB6579,dropped
k__Bacteria;p__Firmicutes;c__Bacilli;o__Bacilli_unclassified;f__Bacilli_unclassified;g__GGB4773,dropped
k__Bacteria;p__Firmicutes;c__Bacilli;o__Bacilli_unclassified;f__Bacilli_unclassified;g__GGB4773;s__GGB4773_SGB6607,dropped
k__Bacteria;p__Firmicutes;c__Bacilli;o__Bacilli_unclassified;f__Bacilli_unclassified;g__GGB4780,dropped
k__Bacteria;p__Firmicutes;c__Bacilli;o__Bacilli_unclassified;f__Bacilli_unclassified;g__GGB4780;s__GGB4780_SGB6615,dropped
k__Bacteria;p__Firmicutes;c__Bacilli;o__Lactobacillales;f__Aerococcaceae;g__Abiotrophia;s__Abiotrophia_defectiva,dropped
k__Bacteria;p__Firmicutes;c__Bacilli;o__Lactobacillales;f__Aerococcaceae;g__Abiotrophia;s__Abiotrophia_sp_HMSC24B09,dropped
k__Bacteria;p__Firmicutes;c__Bacilli;o__Lactobacillales;f__Aerococcaceae;g__Aerococcus,dropped
k__Bacteria;p__Firmicutes;c__Bacilli;o__Lactobacillales;f__Aerococcaceae;g__Aerococcus;s__Aerococcus_christensenii,dropped
k__Bacteria;p__Firmicutes;c__Bacilli;o__Lactobacillales;f__Aerococcaceae;g__Aerococcus;s__Aerococcus_sp_1KP_2016,dropped
k__Bacteria;p__Firmicutes;c__Bacilli;o__Lactobacillales;f__Aerococcaceae;g__Eremococcus,dropped
k__Bacteria;p__Firmicutes;c__Bacilli;o__Lactobacillales;f__Aerococcaceae;g__Eremococcus;s__Eremococcus_coleocola,dropped
k__Bacteria;p__Firmicutes;c__Bacilli;o__Lactobacillales;f__Aerococcaceae;g__Facklamia,dropped
k__Bacteria;p__Firmicutes;c__Bacilli;o__Lactobacillales;f__Aerococcaceae;g__Facklamia;s__Facklamia_languida,dropped
k__Bacteria;p__Firmicutes;c__Bacilli;o__Lactobacillales;f__Aerococcaceae;g__Facklamia;s__Facklamia_tabacinasalis,dropped
k__Bacteria;p__Firmicutes;c__Bacilli;o__Lactobacillales;f__Carnobacteriaceae;g__Carnobacterium,dropped
k__Bacteria;p__Firmicutes;c__Bacilli;o__Lactobacillales;f__Carnobacteriaceae;g__Carnobacterium;s__Carnobacterium_divergens,dropped
k__Bacteria;p__Firmicutes;c__Bacilli;o__Lactobacillales;f__Carnobacteriaceae;g__Carnobacterium;s__Carnobacterium_maltaromaticum,dropped
k__Bacteria;p__Firmicutes;c__Bacilli;o__Lactobacillales;f__Carnobacteriaceae;g__Carnobacterium;s__Carnobacterium_mobile,dropped
k__Bacteria;p__Firmicutes;c__Bacilli;o__Lactobacillales;f__Carnobacteriaceae;g__Dolosigranulum,dropped
k__Bacteria;p__Firmicutes;c__Bacilli;o__Lactobacillales;f__Carnobacteriaceae;g__Dolosigranulum;s__Dolosigranulum_pigrum,dropped
k__Bacteria;p__Firmicutes;c__Bacilli;o__Lactobacillales;f__Carnobacteriaceae;g__Granulicatella;s__Granulicatella_elegans,dropped
k__Bacteria;p__Firmicutes;c__Bacilli;o__Lactobacillales;f__Carnobacteriaceae;g__Marinilactibacillus,dropped
k__Bacteria;p__Firmicutes;c__Bacilli;o__Lactobacillales;f__Carnobacteriaceae;g__Marinilactibacillus;s__Marinilactibacillus_psychrotolerans,dropped
k__Bacteria;p__Firmicutes;c__Bacilli;o__Lactobacillales;f__Enterococcaceae;g__Bavariicoccus,dropped
k__Bacteria;p__Firmicutes;c__Bacilli;o__Lactobacillales;f__Enterococcaceae;g__Bavariicoccus;s__Bavariicoccus_seileri,dropped
k__Bacteria;p__Firmicutes;c__Bacilli;o__Lactobacillales;f__Enterococcaceae;g__Enterococcus,dropped
k__Bacteria;p__Firmicutes;c__Bacilli;o__Lactobacillales;f__Enterococcaceae;g__Enterococcus;s__Enterococcus_asini,dropped
k__Bacteria;p__Firmicutes;c__Bacilli;o__Lactobacillales;f__Enterococcaceae;g__Enterococcus;s__Enterococcus_avium,dropped
k__Bacteria;p__Firmicutes;c__Bacilli;o__Lactobacillales;f__Enterococcaceae;g__Enterococcus;s__Enterococcus_canintestini,dropped
k__Bacteria;p__Firmicutes;c__Bacilli;o__Lactobacillales;f__Enterococcaceae;g__Enterococcus;s__Enterococcus_casseliflavus,dropped
k__Bacteria;p__Firmicutes;c__Bacilli;o__Lactobacillales;f__Enterococcaceae;g__Enterococcus;s__Enterococcus_devriesei,dropped
k__Bacteria;p__Firmicutes;c__Bacilli;o__Lactobacillales;f__Enterococcaceae;g__Enterococcus;s__Enterococcus_dispar,dropped
k__Bacteria;p__Firmicutes;c__Bacilli;o__Lactobacillales;f__Enterococcaceae;g__Enterococcus;s__Enterococcus_durans,dropped
k__Bacteria;p__Firmicutes;c__Bacilli;o__Lactobacillales;f__Enterococcaceae;g__Enterococcus;s__Enterococcus_faecalis,dropped
k__Bacteria;p__Firmicutes;c__Bacilli;o__Lactobacillales;f__Enterococcaceae;g__Enterococcus;s__Enterococcus_faecium,dropped
k__Bacteria;p__Firmicutes;c__Bacilli;o__Lactobacillales;f__Enterococcaceae;g__Enterococcus;s__Enterococcus_gallinarum,dropped
k__Bacteria;p__Firmicutes;c__Bacilli;o__Lactobacillales;f__Enterococcaceae;g__Enterococcus;s__Enterococcus_gilvus,dropped
k__Bacteria;p__Firmicutes;c__Bacilli;o__Lactobacillales;f__Enterococcaceae;g__Enterococcus;s__Enterococcus_hirae,dropped
k__Bacteria;p__Firmicutes;c__Bacilli;o__Lactobacillales;f__Enterococcaceae;g__Enterococcus;s__Enterococcus_italicus,dropped
k__Bacteria;p__Firmicutes;c__Bacilli;o__Lactobacillales;f__Enterococcaceae;g__Enterococcus;s__Enterococcus_malodoratus,dropped
k__Bacteria;p__Firmicutes;c__Bacilli;o__Lactobacillales;f__Enterococcaceae;g__Enterococcus;s__Enterococcus_massiliensis,dropped
k__Bacteria;p__Firmicutes;c__Bacilli;o__Lactobacillales;f__Enterococcaceae;g__Enterococcus;s__Enterococcus_mundtii,dropped
k__Bacteria;p__Firmicutes;c__Bacilli;o__Lactobacillales;f__Enterococcaceae;g__Enterococcus;s__Enterococcus_phoeniculicola,dropped
k__Bacteria;p__Firmicutes;c__Bacilli;o__Lactobacillales;f__Enterococcaceae;g__Enterococcus;s__Enterococcus_raffinosus,dropped
k__Bacteria;p__Firmicutes;c__Bacilli;o__Lactobacillales;f__Enterococcaceae;g__Enterococcus;s__Enterococcus_sp_63_4,dropped
k__Bacteria;p__Firmicutes;c__Bacilli;o__Lactobacillales;f__Enterococcaceae;g__Enterococcus;s__Enterococcus_thailandicus,dropped
k__Bacteria;p__Firmicutes;c__Bacilli;o__Lactobacillales;f__Enterococcaceae;g__Enterococcus;s__Enterococcus_viikkiensis,dropped
k__Bacteria;p__Firmicutes;c__Bacilli;o__Lactobacillales;f__Enterococcaceae;g__GGB33516,dropped
k__Bacteria;p__Firmicutes;c__Bacilli;o__Lactobacillales;f__Enterococcaceae;g__GGB33516;s__GGB33516_SGB54347,dropped
k__Bacteria;p__Firmicutes;c__Bacilli;o__Lactobacillales;f__Enterococcaceae;g__Tetragenococcus,dropped
k__Bacteria;p__Firmicutes;c__Bacilli;o__Lactobacillales;f__Enterococcaceae;g__Tetragenococcus;s__Tetragenococcus_halophilus,dropped
k__Bacteria;p__Firmicutes;c__Bacilli;o__Lactobacillales;f__Enterococcaceae;g__Tetragenococcus;s__Tetragenococcus_koreensis,dropped
k__Bacteria;p__Firmicutes;c__Bacilli;o__Lactobacillales;f__Enterococcaceae;g__Vagococcus,dropped
k__Bacteria;p__Firmicutes;c__Bacilli;o__Lactobacillales;f__Enterococcaceae;g__Vagococcus;s__Vagococcus_carniphilus,dropped
k__Bacteria;p__Firmicutes;c__Bacilli;o__Lactobacillales;f__Enterococcaceae;g__Vagococcus;s__Vagococcus_fessus,dropped
k__Bacteria;p__Firmicutes;c__Bacilli;o__Lactobacillales;f__Enterococcaceae;g__Vagococcus;s__Vagococcus_fluvialis,dropped
k__Bacteria;p__Firmicutes;c__Bacilli;o__Lactobacillales;f__Enterococcaceae;g__Vagococcus;s__Vagococcus_lutrae,dropped
k__Bacteria;p__Firmicutes;c__Bacilli;o__Lactobacillales;f__Enterococcaceae;g__Vagococcus;s__Vagococcus_martis,dropped
k__Bacteria;p__Firmicutes;c__Bacilli;o__Lactobacillales;f__Lactobacillaceae;g__Apilactobacillus,dropped
k__Bacteria;p__Firmicutes;c__Bacilli;o__Lactobacillales;f__Lactobacillaceae;g__Apilactobacillus;s__Apilactobacillus_kunkeei,dropped
k__Bacteria;p__Firmicutes;c__Bacilli;o__Lactobacillales;f__Lactobacillaceae;g__Companilactobacillus,dropped
k__Bacteria;p__Firmicutes;c__Bacilli;o__Lactobacillales;f__Lactobacillaceae;g__Companilactobacillus;s__Companilactobacillus_alimentarius,dropped
k__Bacteria;p__Firmicutes;c__Bacilli;o__Lactobacillales;f__Lactobacillaceae;g__Companilactobacillus;s__Companilactobacillus_crustorum,dropped
k__Bacteria;p__Firmicutes;c__Bacilli;o__Lactobacillales;f__Lactobacillaceae;g__Companilactobacillus;s__Companilactobacillus_farciminis,dropped
k__Bacteria;p__Firmicutes;c__Bacilli;o__Lactobacillales;f__Lactobacillaceae;g__Companilactobacillus;s__Companilactobacillus_mindensis,dropped
k__Bacteria;p__Firmicutes;c__Bacilli;o__Lactobacillales;f__Lactobacillaceae;g__Companilactobacillus;s__Companilactobacillus_paralimentarius,dropped
k__Bacteria;p__Firmicutes;c__Bacilli;o__Lactobacillales;f__Lactobacillaceae;g__Companilactobacillus;s__Companilactobacillus_versmoldensis,dropped
k__Bacteria;p__Firmicutes;c__Bacilli;o__Lactobacillales;f__Lactobacillaceae;g__Dellaglioa,dropped
k__Bacteria;p__Firmicutes;c__Bacilli;o__Lactobacillales;f__Lactobacillaceae;g__Dellaglioa;s__Dellaglioa_algida,dropped
k__Bacteria;p__Firmicutes;c__Bacilli;o__Lactobacillales;f__Lactobacillaceae;g__Fructilactobacillus,dropped
k__Bacteria;p__Firmicutes;c__Bacilli;o__Lactobacillales;f__Lactobacillaceae;g__Fructilactobacillus;s__Fructilactobacillus_sanfranciscensis,dropped
k__Bacteria;p__Firmicutes;c__Bacilli;o__Lactobacillales;f__Lactobacillaceae;g__Lacticaseibacillus,dropped
k__Bacteria;p__Firmicutes;c__Bacilli;o__Lactobacillales;f__Lactobacillaceae;g__Lacticaseibacillus;s__Lacticaseibacillus_casei,dropped
k__Bacteria;p__Firmicutes;c__Bacilli;o__Lactobacillales;f__Lactobacillaceae;g__Lacticaseibacillus;s__Lacticaseibacillus_chiayiensis,dropped
k__Bacteria;p__Firmicutes;c__Bacilli;o__Lactobacillales;f__Lactobacillaceae;g__Lacticaseibacillus;s__Lacticaseibacillus_paracasei,dropped
k__Bacteria;p__Firmicutes;c__Bacilli;o__Lactobacillales;f__Lactobacillaceae;g__Lacticaseibacillus;s__Lacticaseibacillus_rhamnosus,dropped
k__Bacteria;p__Firmicutes;c__Bacilli;o__Lactobacillales;f__Lactobacillaceae;g__Lactiplantibacillus,dropped
k__Bacteria;p__Firmicutes;c__Bacilli;o__Lactobacillales;f__Lactobacillaceae;g__Lactiplantibacillus;s__Lactiplantibacillus_paraplantarum,dropped
k__Bacteria;p__Firmicutes;c__Bacilli;o__Lactobacillales;f__Lactobacillaceae;g__Lactiplantibacillus;s__Lactiplantibacillus_pentosus,dropped
k__Bacteria;p__Firmicutes;c__Bacilli;o__Lactobacillales;f__Lactobacillaceae;g__Lactiplantibacillus;s__Lactiplantibacillus_plantarum,dropped
k__Bacteria;p__Firmicutes;c__Bacilli;o__Lactobacillales;f__Lactobacillaceae;g__Lactobacillus;s__Lactobacillus_acidophilus,dropped
k__Bacteria;p__Firmicutes;c__Bacilli;o__Lactobacillales;f__Lactobacillaceae;g__Lactobacillus;s__Lactobacillus_amylovorus,dropped
k__Bacteria;p__Firmicutes;c__Bacilli;o__Lactobacillales;f__Lactobacillaceae;g__Lactobacillus;s__Lactobacillus_apis,dropped
k__Bacteria;p__Firmicutes;c__Bacilli;o__Lactobacillales;f__Lactobacillaceae;g__Lactobacillus;s__Lactobacillus_crispatus,dropped
k__Bacteria;p__Firmicutes;c__Bacilli;o__Lactobacillales;f__Lactobacillaceae;g__Lactobacillus;s__Lactobacillus_delbrueckii,dropped
k__Bacteria;p__Firmicutes;c__Bacilli;o__Lactobacillales;f__Lactobacillaceae;g__Lactobacillus;s__Lactobacillus_equicursoris,dropped
k__Bacteria;p__Firmicutes;c__Bacilli;o__Lactobacillales;f__Lactobacillaceae;g__Lactobacillus;s__Lactobacillus_helveticus,dropped
k__Bacteria;p__Firmicutes;c__Bacilli;o__Lactobacillales;f__Lactobacillaceae;g__Lactobacillus;s__Lactobacillus_iners,dropped
k__Bacteria;p__Firmicutes;c__Bacilli;o__Lactobacillales;f__Lactobacillaceae;g__Lactobacillus;s__Lactobacillus_intestinalis,dropped
k__Bacteria;p__Firmicutes;c__Bacilli;o__Lactobacillales;f__Lactobacillaceae;g__Lactobacillus;s__Lactobacillus_jensenii,dropped
k__Bacteria;p__Firmicutes;c__Bacilli;o__Lactobacillales;f__Lactobacillaceae;g__Lactobacillus;s__Lactobacillus_johnsonii,dropped
k__Bacteria;p__Firmicutes;c__Bacilli;o__Lactobacillales;f__Lactobacillaceae;g__Lactobacillus;s__Lactobacillus_kalixensis,dropped
k__Bacteria;p__Firmicutes;c__Bacilli;o__Lactobacillales;f__Lactobacillaceae;g__Lactobacillus;s__Lactobacillus_kefiranofaciens,dropped
k__Bacteria;p__Firmicutes;c__Bacilli;o__Lactobacillales;f__Lactobacillaceae;g__Lactobacillus;s__Lactobacillus_kullabergensis,dropped
k__Bacteria;p__Firmicutes;c__Bacilli;o__Lactobacillales;f__Lactobacillaceae;g__Lactobacillus;s__Lactobacillus_sp_0_1XD8_4,dropped
k__Bacteria;p__Firmicutes;c__Bacilli;o__Lactobacillales;f__Lactobacillaceae;g__Lactobacillus;s__Lactobacillus_sp_MRS_253_APC_2B,dropped
k__Bacteria;p__Firmicutes;c__Bacilli;o__Lactobacillales;f__Lactobacillaceae;g__Lactobacillus;s__Lactobacillus_taiwanensis,dropped
k__Bacteria;p__Firmicutes;c__Bacilli;o__Lactobacillales;f__Lactobacillaceae;g__Lactobacillus;s__Lactobacillus_ultunensis,dropped
k__Bacteria;p__Firmicutes;c__Bacilli;o__Lactobacillales;f__Lactobacillaceae;g__Latilactobacillus,dropped
k__Bacteria;p__Firmicutes;c__Bacilli;o__Lactobacillales;f__Lactobacillaceae;g__Latilactobacillus;s__Latilactobacillus_curvatus,dropped
k__Bacteria;p__Firmicutes;c__Bacilli;o__Lactobacillales;f__Lactobacillaceae;g__Latilactobacillus;s__Latilactobacillus_fuchuensis,dropped
k__Bacteria;p__Firmicutes;c__Bacilli;o__Lactobacillales;f__Lactobacillaceae;g__Latilactobacillus;s__Latilactobacillus_sakei,dropped
k__Bacteria;p__Firmicutes;c__Bacilli;o__Lactobacillales;f__Lactobacillaceae;g__Lentilactobacillus,dropped
k__Bacteria;p__Firmicutes;c__Bacilli;o__Lactobacillales;f__Lactobacillaceae;g__Lentilactobacillus;s__Lentilactobacillus_buchneri,dropped
k__Bacteria;p__Firmicutes;c__Bacilli;o__Lactobacillales;f__Lactobacillaceae;g__Lentilactobacillus;s__Lentilactobacillus_kefiri,dropped
k__Bacteria;p__Firmicutes;c__Bacilli;o__Lactobacillales;f__Lactobacillaceae;g__Lentilactobacillus;s__Lentilactobacillus_otakiensis,dropped
k__Bacteria;p__Firmicutes;c__Bacilli;o__Lactobacillales;f__Lactobacillaceae;g__Lentilactobacillus;s__Lentilactobacillus_parabuchneri,dropped
k__Bacteria;p__Firmicutes;c__Bacilli;o__Lactobacillales;f__Lactobacillaceae;g__Lentilactobacillus;s__Lentilactobacillus_parafarraginis,dropped
k__Bacteria;p__Firmicutes;c__Bacilli;o__Lactobacillales;f__Lactobacillaceae;g__Levilactobacillus,dropped
k__Bacteria;p__Firmicutes;c__Bacilli;o__Lactobacillales;f__Lactobacillaceae;g__Levilactobacillus;s__Levilactobacillus_brevis,dropped
k__Bacteria;p__Firmicutes;c__Bacilli;o__Lactobacillales;f__Lactobacillaceae;g__Levilactobacillus;s__Levilactobacillus_lindianensis,dropped
k__Bacteria;p__Firmicutes;c__Bacilli;o__Lactobacillales;f__Lactobacillaceae;g__Levilactobacillus;s__Levilactobacillus_senmaizukei,dropped
k__Bacteria;p__Firmicutes;c__Bacilli;o__Lactobacillales;f__Lactobacillaceae;g__Levilactobacillus;s__Levilactobacillus_zymae,dropped
k__Bacteria;p__Firmicutes;c__Bacilli;o__Lactobacillales;f__Lactobacillaceae;g__Ligilactobacillus;s__Ligilactobacillus_animalis,dropped
k__Bacteria;p__Firmicutes;c__Bacilli;o__Lactobacillales;f__Lactobacillaceae;g__Ligilactobacillus;s__Ligilactobacillus_apodeme,dropped
k__Bacteria;p__Firmicutes;c__Bacilli;o__Lactobacillales;f__Lactobacillaceae;g__Ligilactobacillus;s__Ligilactobacillus_murinus,dropped
k__Bacteria;p__Firmicutes;c__Bacilli;o__Lactobacillales;f__Lactobacillaceae;g__Ligilactobacillus;s__Ligilactobacillus_ruminis,dropped
k__Bacteria;p__Firmicutes;c__Bacilli;o__Lactobacillales;f__Lactobacillaceae;g__Ligilactobacillus;s__Ligilactobacillus_saerimneri,dropped
k__Bacteria;p__Firmicutes;c__Bacilli;o__Lactobacillales;f__Lactobacillaceae;g__Ligilactobacillus;s__Ligilactobacillus_salivarius,dropped
k__Bacteria;p__Firmicutes;c__Bacilli;o__Lactobacillales;f__Lactobacillaceae;g__Limosilactobacillus,dropped
k__Bacteria;p__Firmicutes;c__Bacilli;o__Lactobacillales;f__Lactobacillaceae;g__Limosilactobacillus;s__Lactobacillus_antri,dropped
k__Bacteria;p__Firmicutes;c__Bacilli;o__Lactobacillales;f__Lactobacillaceae;g__Limosilactobacillus;s__Lactobacillus_frumenti,dropped
k__Bacteria;p__Firmicutes;c__Bacilli;o__Lactobacillales;f__Lactobacillaceae;g__Limosilactobacillus;s__Lactobacillus_gastricus,dropped
k__Bacteria;p__Firmicutes;c__Bacilli;o__Lactobacillales;f__Lactobacillaceae;g__Limosilactobacillus;s__Lactobacillus_mucosae,dropped
k__Bacteria;p__Firmicutes;c__Bacilli;o__Lactobacillales;f__Lactobacillaceae;g__Limosilactobacillus;s__Lactobacillus_panis,dropped
k__Bacteria;p__Firmicutes;c__Bacilli;o__Lactobacillales;f__Lactobacillaceae;g__Limosilactobacillus;s__Lactobacillus_pontis,dropped
k__Bacteria;p__Firmicutes;c__Bacilli;o__Lactobacillales;f__Lactobacillaceae;g__Limosilactobacillus;s__Lactobacillus_timonensis,dropped
k__Bacteria;p__Firmicutes;c__Bacilli;o__Lactobacillales;f__Lactobacillaceae;g__Limosilactobacillus;s__Lactobacillus_vaginalis,dropped
k__Bacteria;p__Firmicutes;c__Bacilli;o__Lactobacillales;f__Lactobacillaceae;g__Limosilactobacillus;s__Limosilactobacillus_fermentum,dropped
k__Bacteria;p__Firmicutes;c__Bacilli;o__Lactobacillales;f__Lactobacillaceae;g__Limosilactobacillus;s__Limosilactobacillus_gorillae,dropped
k__Bacteria;p__Firmicutes;c__Bacilli;o__Lactobacillales;f__Lactobacillaceae;g__Limosilactobacillus;s__Limosilactobacillus_oris,dropped
k__Bacteria;p__Firmicutes;c__Bacilli;o__Lactobacillales;f__Lactobacillaceae;g__Limosilactobacillus;s__Limosilactobacillus_reuteri,dropped
k__Bacteria;p__Firmicutes;c__Bacilli;o__Lactobacillales;f__Lactobacillaceae;g__Limosilactobacillus;s__Limosilactobacillus_sp_BG_MG3_A,dropped
k__Bacteria;p__Firmicutes;c__Bacilli;o__Lactobacillales;f__Lactobacillaceae;g__Loigolactobacillus,dropped
k__Bacteria;p__Firmicutes;c__Bacilli;o__Lactobacillales;f__Lactobacillaceae;g__Loigolactobacillus;s__Lactobacillus_coryniformis,dropped
k__Bacteria;p__Firmicutes;c__Bacilli;o__Lactobacillales;f__Lactobacillaceae;g__Paucilactobacillus,dropped
k__Bacteria;p__Firmicutes;c__Bacilli;o__Lactobacillales;f__Lactobacillaceae;g__Paucilactobacillus;s__Lactobacillus_nenjiangensis,dropped
k__Bacteria;p__Firmicutes;c__Bacilli;o__Lactobacillales;f__Lactobacillaceae;g__Paucilactobacillus;s__Lactobacillus_oligofermentans,dropped
k__Bacteria;p__Firmicutes;c__Bacilli;o__Lactobacillales;f__Lactobacillaceae;g__Pediococcus,dropped
k__Bacteria;p__Firmicutes;c__Bacilli;o__Lactobacillales;f__Lactobacillaceae;g__Pediococcus;s__Pediococcus_acidilactici,dropped
k__Bacteria;p__Firmicutes;c__Bacilli;o__Lactobacillales;f__Lactobacillaceae;g__Pediococcus;s__Pediococcus_ethanolidurans,dropped
k__Bacteria;p__Firmicutes;c__Bacilli;o__Lactobacillales;f__Lactobacillaceae;g__Pediococcus;s__Pediococcus_inopinatus,dropped
k__Bacteria;p__Firmicutes;c__Bacilli;o__Lactobacillales;f__Lactobacillaceae;g__Pediococcus;s__Pediococcus_parvulus,dropped
k__Bacteria;p__Firmicutes;c__Bacilli;o__Lactobacillales;f__Lactobacillaceae;g__Pediococcus;s__Pediococcus_pentosaceus,dropped
k__Bacteria;p__Firmicutes;c__Bacilli;o__Lactobacillales;f__Lactobacillales_unclassified,dropped
k__Bacteria;p__Firmicutes;c__Bacilli;o__Lactobacillales;f__Lactobacillales_unclassified;g__Lactobacillales_unclassified,dropped
k__Bacteria;p__Firmicutes;c__Bacilli;o__Lactobacillales;f__Lactobacillales_unclassified;g__Lactobacillales_unclassified;s__Lactobacillaceae_bacterium,dropped
k__Bacteria;p__Firmicutes;c__Bacilli;o__Lactobacillales;f__Leuconostocaceae,dropped
k__Bacteria;p__Firmicutes;c__Bacilli;o__Lactobacillales;f__Leuconostocaceae;g__Fructobacillus,dropped
k__Bacteria;p__Firmicutes;c__Bacilli;o__Lactobacillales;f__Leuconostocaceae;g__Fructobacillus;s__Fructobacillus_durionis,dropped
k__Bacteria;p__Firmicutes;c__Bacilli;o__Lactobacillales;f__Leuconostocaceae;g__Fructobacillus;s__Fructobacillus_ficulneus,dropped
k__Bacteria;p__Firmicutes;c__Bacilli;o__Lactobacillales;f__Leuconostocaceae;g__Leuconostoc,dropped
k__Bacteria;p__Firmicutes;c__Bacilli;o__Lactobacillales;f__Leuconostocaceae;g__Leuconostoc;s__Leuconostoc_SGB48612,dropped
k__Bacteria;p__Firmicutes;c__Bacilli;o__Lactobacillales;f__Leuconostocaceae;g__Leuconostoc;s__Leuconostoc_carnosum,dropped
k__Bacteria;p__Firmicutes;c__Bacilli;o__Lactobacillales;f__Leuconostocaceae;g__Leuconostoc;s__Leuconostoc_citreum,dropped
k__Bacteria;p__Firmicutes;c__Bacilli;o__Lactobacillales;f__Leuconostocaceae;g__Leuconostoc;s__Leuconostoc_gelidum,dropped
k__Bacteria;p__Firmicutes;c__Bacilli;o__Lactobacillales;f__Leuconostocaceae;g__Leuconostoc;s__Leuconostoc_holzapfelii,dropped
k__Bacteria;p__Firmicutes;c__Bacilli;o__Lactobacillales;f__Leuconostocaceae;g__Leuconostoc;s__Leuconostoc_lactis,dropped
k__Bacteria;p__Firmicutes;c__Bacilli;o__Lactobacillales;f__Leuconostocaceae;g__Leuconostoc;s__Leuconostoc_mesenteroides,dropped
k__Bacteria;p__Firmicutes;c__Bacilli;o__Lactobacillales;f__Leuconostocaceae;g__Leuconostoc;s__Leuconostoc_pseudomesenteroides,dropped
k__Bacteria;p__Firmicutes;c__Bacilli;o__Lactobacillales;f__Leuconostocaceae;g__Leuconostoc;s__Leuconostoc_suionicum,dropped
k__Bacteria;p__Firmicutes;c__Bacilli;o__Lactobacillales;f__Leuconostocaceae;g__Weissella,dropped
k__Bacteria;p__Firmicutes;c__Bacilli;o__Lactobacillales;f__Leuconostocaceae;g__Weissella;s__Weissella_cibaria,dropped
k__Bacteria;p__Firmicutes;c__Bacilli;o__Lactobacillales;f__Leuconostocaceae;g__Weissella;s__Weissella_confusa,dropped
k__Bacteria;p__Firmicutes;c__Bacilli;o__Lactobacillales;f__Leuconostocaceae;g__Weissella;s__Weissella_halotolerans,dropped
k__Bacteria;p__Firmicutes;c__Bacilli;o__Lactobacillales;f__Leuconostocaceae;g__Weissella;s__Weissella_hellenica,dropped
k__Bacteria;p__Firmicutes;c__Bacilli;o__Lactobacillales;f__Leuconostocaceae;g__Weissella;s__Weissella_jogaejeotgali,dropped
k__Bacteria;p__Firmicutes;c__Bacilli;o__Lactobacillales;f__Leuconostocaceae;g__Weissella;s__Weissella_minor,dropped
k__Bacteria;p__Firmicutes;c__Bacilli;o__Lactobacillales;f__Leuconostocaceae;g__Weissella;s__Weissella_paramesenteroides,dropped
k__Bacteria;p__Firmicutes;c__Bacilli;o__Lactobacillales;f__Leuconostocaceae;g__Weissella;s__Weissella_viridescens,dropped
k__Bacteria;p__Firmicutes;c__Bacilli;o__Lactobacillales;f__Streptococcaceae;g__GGB13680,dropped
k__Bacteria;p__Firmicutes;c__Bacilli;o__Lactobacillales;f__Streptococcaceae;g__GGB13680;s__GGB13680_SGB21036,dropped
k__Bacteria;p__Firmicutes;c__Bacilli;o__Lactobacillales;f__Streptococcaceae;g__Lactococcus;s__Lactococcus_lactis,dropped
k__Bacteria;p__Firmicutes;c__Bacilli;o__Lactobacillales;f__Streptococcaceae;g__Lactococcus;s__Lactococcus_laudensis,dropped
k__Bacteria;p__Firmicutes;c__Bacilli;o__Lactobacillales;f__Streptococcaceae;g__Lactococcus;s__Lactococcus_paracarnosus,dropped
k__Bacteria;p__Firmicutes;c__Bacilli;o__Lactobacillales;f__Streptococcaceae;g__Lactococcus;s__Lactococcus_petauri,dropped
k__Bacteria;p__Firmicutes;c__Bacilli;o__Lactobacillales;f__Streptococcaceae;g__Lactococcus;s__Lactococcus_piscium,dropped
k__Bacteria;p__Firmicutes;c__Bacilli;o__Lactobacillales;f__Streptococcaceae;g__Lactococcus;s__Lactococcus_plantarum,dropped
k__Bacteria;p__Firmicutes;c__Bacilli;o__Lactobacillales;f__Streptococcaceae;g__Lactococcus;s__Lactococcus_raffinolactis,dropped
k__Bacteria;p__Firmicutes;c__Bacilli;o__Lactobacillales;f__Streptococcaceae;g__Streptococcus;s__Streptococcus_agalactiae,dropped
k__Bacteria;p__Firmicutes;c__Bacilli;o__Lactobacillales;f__Streptococcaceae;g__Streptococcus;s__Streptococcus_alactolyticus,dropped
k__Bacteria;p__Firmicutes;c__Bacilli;o__Lactobacillales;f__Streptococcaceae;g__Streptococcus;s__Streptococcus_constellatus,dropped
k__Bacteria;p__Firmicutes;c__Bacilli;o__Lactobacillales;f__Streptococcaceae;g__Streptococcus;s__Streptococcus_dysgalactiae,dropped
k__Bacteria;p__Firmicutes;c__Bacilli;o__Lactobacillales;f__Streptococcaceae;g__Streptococcus;s__Streptococcus_equinus,dropped
k__Bacteria;p__Firmicutes;c__Bacilli;o__Lactobacillales;f__Streptococcaceae;g__Streptococcus;s__Streptococcus_gallolyticus,dropped
k__Bacteria;p__Firmicutes;c__Bacilli;o__Lactobacillales;f__Streptococcaceae;g__Streptococcus;s__Streptococcus_intermedius,dropped
k__Bacteria;p__Firmicutes;c__Bacilli;o__Lactobacillales;f__Streptococcaceae;g__Streptococcus;s__Streptococcus_lutetiensis,dropped
k__Bacteria;p__Firmicutes;c__Bacilli;o__Lactobacillales;f__Streptococcaceae;g__Streptococcus;s__Streptococcus_massiliensis,dropped
k__Bacteria;p__Firmicutes;c__Bacilli;o__Lactobacillales;f__Streptococcaceae;g__Streptococcus;s__Streptococcus_parauberis,dropped
k__Bacteria;p__Firmicutes;c__Bacilli;o__Lactobacillales;f__Streptococcaceae;g__Streptococcus;s__Streptococcus_peroris,dropped
k__Bacteria;p__Firmicutes;c__Bacilli;o__Lactobacillales;f__Streptococcaceae;g__Streptococcus;s__Streptococcus_rubneri,dropped
k__Bacteria;p__Firmicutes;c__Bacilli;o__Lactobacillales;f__Streptococcaceae;g__Streptococcus;s__Streptococcus_sinensis,dropped
k__Bacteria;p__Firmicutes;c__Bacilli;o__Lactobacillales;f__Streptococcaceae;g__Streptococcus;s__Streptococcus_sobrinus,dropped
k__Bacteria;p__Firmicutes;c__Bacilli;o__Lactobacillales;f__Streptococcaceae;g__Streptococcus;s__Streptococcus_sp_IMAU_99161,dropped
k__Bacteria;p__Firmicutes;c__Bacilli;o__Lactobacillales;f__Streptococcaceae;g__Streptococcus;s__Streptococcus_suis,dropped
k__Bacteria;p__Firmicutes;c__Bacilli;o__Lactobacillales;f__Streptococcaceae;g__Streptococcus;s__Streptococcus_thermophilus,dropped
k__Bacteria;p__Firmicutes;c__Bacilli;o__Lactobacillales;f__Streptococcaceae;g__Streptococcus;s__Streptococcus_uberis,dropped
k__Bacteria;p__Firmicutes;c__CFGB1013,dropped
k__Bacteria;p__Firmicutes;c__CFGB1013;o__OFGB1013,dropped
k__Bacteria;p__Firmicutes;c__CFGB1013;o__OFGB1013;f__FGB1013,dropped
k__Bacteria;p__Firmicutes;c__CFGB1013;o__OFGB1013;f__FGB1013;g__GGB2658,dropped
k__Bacteria;p__Firmicutes;c__CFGB1013;o__OFGB1013;f__FGB1013;g__GGB2658;s__GGB2658_SGB3579,dropped
k__Bacteria;p__Firmicutes;c__CFGB10719,dropped
k__Bacteria;p__Firmicutes;c__CFGB10719;o__OFGB10719,dropped
k__Bacteria;p__Firmicutes;c__CFGB10719;o__OFGB10719;f__FGB10719,dropped
k__Bacteria;p__Firmicutes;c__CFGB10719;o__OFGB10719;f__FGB10719;g__GGB32463,dropped
k__Bacteria;p__Firmicutes;c__CFGB10719;o__OFGB10719;f__FGB10719;g__GGB32463;s__GGB32463_SGB47515,dropped
k__Bacteria;p__Firmicutes;c__CFGB11371,dropped
k__Bacteria;p__Firmicutes;c__CFGB11371;o__OFGB11371,dropped
k__Bacteria;p__Firmicutes;c__CFGB11371;o__OFGB11371;f__FGB11371,dropped
k__Bacteria;p__Firmicutes;c__CFGB11371;o__OFGB11371;f__FGB11371;g__GGB33432,dropped
k__Bacteria;p__Firmicutes;c__CFGB11371;o__OFGB11371;f__FGB11371;g__GGB33432;s__GGB33432_SGB47280,dropped
k__Bacteria;p__Firmicutes;c__CFGB11371;o__OFGB11371;f__FGB11371;g__GGB33432;s__GGB33432_SGB65123,dropped
k__Bacteria;p__Firmicutes;c__CFGB11480,dropped
k__Bacteria;p__Firmicutes;c__CFGB11480;o__OFGB11480,dropped
k__Bacteria;p__Firmicutes;c__CFGB11480;o__OFGB11480;f__FGB11480,dropped
k__Bacteria;p__Firmicutes;c__CFGB11480;o__OFGB11480;f__FGB11480;g__GGB33664,dropped
k__Bacteria;p__Firmicutes;c__CFGB11480;o__OFGB11480;f__FGB11480;g__GGB33664;s__GGB33664_SGB53440,dropped
k__Bacteria;p__Firmicutes;c__CFGB11481,dropped
k__Bacteria;p__Firmicutes;c__CFGB11481;o__OFGB11481,dropped
k__Bacteria;p__Firmicutes;c__CFGB11481;o__OFGB11481;f__FGB11481,dropped
k__Bacteria;p__Firmicutes;c__CFGB11481;o__OFGB11481;f__FGB11481;g__GGB33665,dropped
k__Bacteria;p__Firmicutes;c__CFGB11481;o__OFGB11481;f__FGB11481;g__GGB33665;s__GGB33665_SGB47358,dropped
k__Bacteria;p__Firmicutes;c__CFGB11737,dropped
k__Bacteria;p__Firmicutes;c__CFGB11737;o__OFGB11737,dropped
k__Bacteria;p__Firmicutes;c__CFGB11737;o__OFGB11737;f__FGB11737,dropped
k__Bacteria;p__Firmicutes;c__CFGB11737;o__OFGB11737;f__FGB11737;g__GGB34228,dropped
k__Bacteria;p__Firmicutes;c__CFGB11737;o__OFGB11737;f__FGB11737;g__GGB34228;s__GGB34228_SGB72916,dropped
k__Bacteria;p__Firmicutes;c__CFGB11875,dropped
k__Bacteria;p__Firmicutes;c__CFGB11875;o__OFGB11875,dropped
k__Bacteria;p__Firmicutes;c__CFGB11875;o__OFGB11875;f__FGB11875,dropped
k__Bacteria;p__Firmicutes;c__CFGB11875;o__OFGB11875;f__FGB11875;g__GGB34476,dropped
k__Bacteria;p__Firmicutes;c__CFGB11875;o__OFGB11875;f__FGB11875;g__GGB34476;s__GGB34476_SGB65958,dropped
k__Bacteria;p__Firmicutes;c__CFGB1192,dropped
k__Bacteria;p__Firmicutes;c__CFGB1192;o__OFGB1192,dropped
k__Bacteria;p__Firmicutes;c__CFGB1192;o__OFGB1192;f__FGB1192,dropped
k__Bacteria;p__Firmicutes;c__CFGB1192;o__OFGB1192;f__FGB1192;g__GGB2945,dropped
k__Bacteria;p__Firmicutes;c__CFGB1192;o__OFGB1192;f__FGB1192;g__GGB2945;s__GGB2945_SGB3918,dropped
k__Bacteria;p__Firmicutes;c__CFGB1218,dropped
k__Bacteria;p__Firmicutes;c__CFGB1218;o__OFGB1218,dropped
k__Bacteria;p__Firmicutes;c__CFGB1218;o__OFGB1218;f__FGB1218,dropped
k__Bacteria;p__Firmicutes;c__CFGB1218;o__OFGB1218;f__FGB1218;g__GGB2983,dropped
k__Bacteria;p__Firmicutes;c__CFGB1218;o__OFGB1218;f__FGB1218;g__GGB2983;s__GGB2983_SGB3965,dropped
k__Bacteria;p__Firmicutes;c__CFGB12479,dropped
k__Bacteria;p__Firmicutes;c__CFGB12479;o__OFGB12479,dropped
k__Bacteria;p__Firmicutes;c__CFGB12479;o__OFGB12479;f__FGB12479,dropped
k__Bacteria;p__Firmicutes;c__CFGB12479;o__OFGB12479;f__FGB12479;g__GGB35456,dropped
k__Bacteria;p__Firmicutes;c__CFGB12479;o__OFGB12479;f__FGB12479;g__GGB35456;s__GGB35456_SGB47582,dropped
k__Bacteria;p__Firmicutes;c__CFGB1281,dropped
k__Bacteria;p__Firmicutes;c__CFGB1281;o__OFGB1281,dropped
k__Bacteria;p__Firmicutes;c__CFGB1281;o__OFGB1281;f__FGB1281,dropped
k__Bacteria;p__Firmicutes;c__CFGB1281;o__OFGB1281;f__FGB1281;g__GGB3095,dropped
k__Bacteria;p__Firmicutes;c__CFGB1281;o__OFGB1281;f__FGB1281;g__GGB3095;s__GGB3095_SGB4103,dropped
k__Bacteria;p__Firmicutes;c__CFGB12855,dropped
k__Bacteria;p__Firmicutes;c__CFGB12855;o__OFGB12855,dropped
k__Bacteria;p__Firmicutes;c__CFGB12855;o__OFGB12855;f__FGB12855,dropped
k__Bacteria;p__Firmicutes;c__CFGB12855;o__OFGB12855;f__FGB12855;g__GGB36331,dropped
k__Bacteria;p__Firmicutes;c__CFGB12855;o__OFGB12855;f__FGB12855;g__GGB36331;s__GGB36331_SGB53806,dropped
k__Bacteria;p__Firmicutes;c__CFGB1287,dropped
k__Bacteria;p__Firmicutes;c__CFGB1287;o__OFGB1287,dropped
k__Bacteria;p__Firmicutes;c__CFGB1287;o__OFGB1287;f__FGB1287,dropped
k__Bacteria;p__Firmicutes;c__CFGB1287;o__OFGB1287;f__FGB1287;g__GGB3103,dropped
k__Bacteria;p__Firmicutes;c__CFGB1287;o__OFGB1287;f__FGB1287;g__GGB3103;s__GGB3103_SGB4112,dropped
k__Bacteria;p__Firmicutes;c__CFGB1289,dropped
k__Bacteria;p__Firmicutes;c__CFGB1289;o__OFGB1289,dropped
k__Bacteria;p__Firmicutes;c__CFGB1289;o__OFGB1289;f__FGB1289,dropped
k__Bacteria;p__Firmicutes;c__CFGB1289;o__OFGB1289;f__FGB1289;g__GGB3106,dropped
k__Bacteria;p__Firmicutes;c__CFGB1289;o__OFGB1289;f__FGB1289;g__GGB3106;s__GGB3106_SGB4115,dropped
k__Bacteria;p__Firmicutes;c__CFGB12952,dropped
k__Bacteria;p__Firmicutes;c__CFGB12952;o__OFGB12952,dropped
k__Bacteria;p__Firmicutes;c__CFGB12952;o__OFGB12952;f__FGB12952,dropped
k__Bacteria;p__Firmicutes;c__CFGB12952;o__OFGB12952;f__FGB12952;g__GGB36472,dropped
k__Bacteria;p__Firmicutes;c__CFGB12952;o__OFGB12952;f__FGB12952;g__GGB36472;s__GGB36472_SGB47660,dropped
k__Bacteria;p__Firmicutes;c__CFGB1298,dropped
k__Bacteria;p__Firmicutes;c__CFGB1298;o__OFGB1298,dropped
k__Bacteria;p__Firmicutes;c__CFGB1298;o__OFGB1298;f__FGB1298,dropped
k__Bacteria;p__Firmicutes;c__CFGB1298;o__OFGB1298;f__FGB1298;g__GGB3118,dropped
k__Bacteria;p__Firmicutes;c__CFGB1298;o__OFGB1298;f__FGB1298;g__GGB3118;s__GGB3118_SGB4130,dropped
k__Bacteria;p__Firmicutes;c__CFGB1302,dropped
k__Bacteria;p__Firmicutes;c__CFGB1302;o__OFGB1302,dropped
k__Bacteria;p__Firmicutes;c__CFGB1302;o__OFGB1302;f__FGB1302,dropped
k__Bacteria;p__Firmicutes;c__CFGB1302;o__OFGB1302;f__FGB1302;g__GGB3123,dropped
k__Bacteria;p__Firmicutes;c__CFGB1302;o__OFGB1302;f__FGB1302;g__GGB3123;s__GGB3123_SGB4135,dropped
k__Bacteria;p__Firmicutes;c__CFGB1328,dropped
k__Bacteria;p__Firmicutes;c__CFGB1328;o__OFGB1328,dropped
k__Bacteria;p__Firmicutes;c__CFGB1328;o__OFGB1328;f__FGB1328,dropped
k__Bacteria;p__Firmicutes;c__CFGB1328;o__OFGB1328;f__FGB1328;g__GGB3180,dropped
k__Bacteria;p__Firmicutes;c__CFGB1328;o__OFGB1328;f__FGB1328;g__GGB3180;s__GGB3180_SGB4202,dropped
k__Bacteria;p__Firmicutes;c__CFGB13387,dropped
k__Bacteria;p__Firmicutes;c__CFGB13387;o__OFGB13387,dropped
k__Bacteria;p__Firmicutes;c__CFGB13387;o__OFGB13387;f__FGB13387,dropped
k__Bacteria;p__Firmicutes;c__CFGB13387;o__OFGB13387;f__FGB13387;g__GGB37149,dropped
k__Bacteria;p__Firmicutes;c__CFGB13387;o__OFGB13387;f__FGB13387;g__GGB37149;s__GGB37149_SGB47291,dropped
k__Bacteria;p__Firmicutes;c__CFGB1379,dropped
k__Bacteria;p__Firmicutes;c__CFGB1379;o__OFGB1379,dropped
k__Bacteria;p__Firmicutes;c__CFGB1379;o__OFGB1379;f__FGB1379,dropped
k__Bacteria;p__Firmicutes;c__CFGB1379;o__OFGB1379;f__FGB1379;g__GGB3360,dropped
k__Bacteria;p__Firmicutes;c__CFGB1379;o__OFGB1379;f__FGB1379;g__GGB3360;s__GGB3360_SGB4444,dropped
k__Bacteria;p__Firmicutes;c__CFGB1394,dropped
k__Bacteria;p__Firmicutes;c__CFGB1394;o__OFGB1394,dropped
k__Bacteria;p__Firmicutes;c__CFGB1394;o__OFGB1394;f__FGB1394,dropped
k__Bacteria;p__Firmicutes;c__CFGB1394;o__OFGB1394;f__FGB1394;g__GGB3385,dropped
k__Bacteria;p__Firmicutes;c__CFGB1394;o__OFGB1394;f__FGB1394;g__GGB3385;s__GGB3385_SGB4471,dropped
k__Bacteria;p__Firmicutes;c__CFGB1394;o__OFGB1394;f__FGB1394;g__GGB3385;s__GGB3385_SGB4472,dropped
k__Bacteria;p__Firmicutes;c__CFGB1394;o__OFGB1394;f__FGB1394;g__GGB3386,dropped
k__Bacteria;p__Firmicutes;c__CFGB1394;o__OFGB1394;f__FGB1394;g__GGB3386;s__GGB3386_SGB4474,dropped
k__Bacteria;p__Firmicutes;c__CFGB1424,dropped
k__Bacteria;p__Firmicutes;c__CFGB14246,dropped
k__Bacteria;p__Firmicutes;c__CFGB14246;o__OFGB14246,dropped
k__Bacteria;p__Firmicutes;c__CFGB14246;o__OFGB14246;f__FGB14246,dropped
k__Bacteria;p__Firmicutes;c__CFGB14246;o__OFGB14246;f__FGB14246;g__GGB38987,dropped
k__Bacteria;p__Firmicutes;c__CFGB14246;o__OFGB14246;f__FGB14246;g__GGB38987;s__GGB38987_SGB53576,dropped
k__Bacteria;p__Firmicutes;c__CFGB14246;o__OFGB14246;f__FGB14246;g__GGB38987;s__GGB38987_SGB63305,dropped
k__Bacteria;p__Firmicutes;c__CFGB14246;o__OFGB14246;f__FGB14246;g__GGB38987;s__GGB38987_SGB66207,dropped
k__Bacteria;p__Firmicutes;c__CFGB1424;o__OFGB1424,dropped
k__Bacteria;p__Firmicutes;c__CFGB1424;o__OFGB1424;f__FGB1424,dropped
k__Bacteria;p__Firmicutes;c__CFGB1424;o__OFGB1424;f__FGB1424;g__GGB3490,dropped
k__Bacteria;p__Firmicutes;c__CFGB1424;o__OFGB1424;f__FGB1424;g__GGB3490;s__GGB3490_SGB4664,dropped
k__Bacteria;p__Firmicutes;c__CFGB1425,dropped
k__Bacteria;p__Firmicutes;c__CFGB1425;o__OFGB1425,dropped
k__Bacteria;p__Firmicutes;c__CFGB1425;o__OFGB1425;f__FGB1425,dropped
k__Bacteria;p__Firmicutes;c__CFGB1425;o__OFGB1425;f__FGB1425;g__GGB3491,dropped
k__Bacteria;p__Firmicutes;c__CFGB1425;o__OFGB1425;f__FGB1425;g__GGB3491;s__GGB3491_SGB4665,dropped
k__Bacteria;p__Firmicutes;c__CFGB1434,dropped
k__Bacteria;p__Firmicutes;c__CFGB1434;o__OFGB1434,dropped
k__Bacteria;p__Firmicutes;c__CFGB1434;o__OFGB1434;f__FGB1434,dropped
k__Bacteria;p__Firmicutes;c__CFGB1434;o__OFGB1434;f__FGB1434;g__GGB3510,dropped
k__Bacteria;p__Firmicutes;c__CFGB1434;o__OFGB1434;f__FGB1434;g__GGB3510;s__GGB3510_SGB4687,dropped
k__Bacteria;p__Firmicutes;c__CFGB1456,dropped
k__Bacteria;p__Firmicutes;c__CFGB1456;o__OFGB1456,dropped
k__Bacteria;p__Firmicutes;c__CFGB1456;o__OFGB1456;f__FGB1456,dropped
k__Bacteria;p__Firmicutes;c__CFGB1456;o__OFGB1456;f__FGB1456;g__GGB3654,dropped
k__Bacteria;p__Firmicutes;c__CFGB1456;o__OFGB1456;f__FGB1456;g__GGB3654;s__GGB3654_SGB4965,dropped
k__Bacteria;p__Firmicutes;c__CFGB1462,dropped
k__Bacteria;p__Firmicutes;c__CFGB1462;o__OFGB1462,dropped
k__Bacteria;p__Firmicutes;c__CFGB1462;o__OFGB1462;f__FGB1462,dropped
k__Bacteria;p__Firmicutes;c__CFGB1462;o__OFGB1462;f__FGB1462;g__GGB3673,dropped
k__Bacteria;p__Firmicutes;c__CFGB1462;o__OFGB1462;f__FGB1462;g__GGB3673;s__GGB3673_SGB4986,dropped
k__Bacteria;p__Firmicutes;c__CFGB1470,dropped
k__Bacteria;p__Firmicutes;c__CFGB1470;o__OFGB1470,dropped
k__Bacteria;p__Firmicutes;c__CFGB1470;o__OFGB1470;f__FGB1470,dropped
k__Bacteria;p__Firmicutes;c__CFGB1470;o__OFGB1470;f__FGB1470;g__GGB3717,dropped
k__Bacteria;p__Firmicutes;c__CFGB1470;o__OFGB1470;f__FGB1470;g__GGB3717;s__GGB3717_SGB5040,dropped
k__Bacteria;p__Firmicutes;c__CFGB1538,dropped
k__Bacteria;p__Firmicutes;c__CFGB1538;o__OFGB1538,dropped
k__Bacteria;p__Firmicutes;c__CFGB1538;o__OFGB1538;f__FGB1538,dropped
k__Bacteria;p__Firmicutes;c__CFGB1538;o__OFGB1538;f__FGB1538;g__GGB3892,dropped
k__Bacteria;p__Firmicutes;c__CFGB1538;o__OFGB1538;f__FGB1538;g__GGB3892;s__GGB3892_SGB5290,dropped
k__Bacteria;p__Firmicutes;c__CFGB16518,dropped
k__Bacteria;p__Firmicutes;c__CFGB16518;o__OFGB16518,dropped
k__Bacteria;p__Firmicutes;c__CFGB16518;o__OFGB16518;f__FGB16518,dropped
k__Bacteria;p__Firmicutes;c__CFGB16518;o__OFGB16518;f__FGB16518;g__GGB51111,dropped
k__Bacteria;p__Firmicutes;c__CFGB16518;o__OFGB16518;f__FGB16518;g__GGB51111;s__GGB51111_SGB71327,dropped
k__Bacteria;p__Firmicutes;c__CFGB1677,dropped
k__Bacteria;p__Firmicutes;c__CFGB1677;o__OFGB1677,dropped
k__Bacteria;p__Firmicutes;c__CFGB1677;o__OFGB1677;f__FGB1677,dropped
k__Bacteria;p__Firmicutes;c__CFGB1677;o__OFGB1677;f__FGB1677;g__GGB4197,dropped
k__Bacteria;p__Firmicutes;c__CFGB1677;o__OFGB1677;f__FGB1677;g__GGB4197;s__GGB4197_SGB5684,dropped
k__Bacteria;p__Firmicutes;c__CFGB1762,dropped
k__Bacteria;p__Firmicutes;c__CFGB1762;o__OFGB1762,dropped
k__Bacteria;p__Firmicutes;c__CFGB1762;o__OFGB1762;f__FGB1762,dropped
k__Bacteria;p__Firmicutes;c__CFGB1762;o__OFGB1762;f__FGB1762;g__GGB4533,dropped
k__Bacteria;p__Firmicutes;c__CFGB1762;o__OFGB1762;f__FGB1762;g__GGB4533;s__GGB4533_SGB6246,dropped
k__Bacteria;p__Firmicutes;c__CFGB1764,dropped
k__Bacteria;p__Firmicutes;c__CFGB1764;o__OFGB1764,dropped
k__Bacteria;p__Firmicutes;c__CFGB1764;o__OFGB1764;f__FGB1764,dropped
k__Bacteria;p__Firmicutes;c__CFGB1764;o__OFGB1764;f__FGB1764;g__GGB4538,dropped
k__Bacteria;p__Firmicutes;c__CFGB1764;o__OFGB1764;f__FGB1764;g__GGB4538;s__GGB4538_SGB6253,dropped
k__Bacteria;p__Firmicutes;c__CFGB1764;o__OFGB1764;f__FGB1764;g__GGB4538;s__GGB4538_SGB6256,dropped
k__Bacteria;p__Firmicutes;c__CFGB1788,dropped
k__Bacteria;p__Firmicutes;c__CFGB1788;o__OFGB1788,dropped
k__Bacteria;p__Firmicutes;c__CFGB1788;o__OFGB1788;f__FGB1788,dropped
k__Bacteria;p__Firmicutes;c__CFGB1788;o__OFGB1788;f__FGB1788;g__GGB4751,dropped
k__Bacteria;p__Firmicutes;c__CFGB1788;o__OFGB1788;f__FGB1788;g__GGB4751;s__GGB4751_SGB6580,dropped
k__Bacteria;p__Firmicutes;c__CFGB1798,dropped
k__Bacteria;p__Firmicutes;c__CFGB1798;o__OFGB1798,dropped
k__Bacteria;p__Firmicutes;c__CFGB1798;o__OFGB1798;f__FGB1798,dropped
k__Bacteria;p__Firmicutes;c__CFGB1798;o__OFGB1798;f__FGB1798;g__GGB4768,dropped
k__Bacteria;p__Firmicutes;c__CFGB1798;o__OFGB1798;f__FGB1798;g__GGB4768;s__GGB4768_SGB6601,dropped
k__Bacteria;p__Firmicutes;c__CFGB1798;o__OFGB1798;f__FGB1798;g__GGB4769,dropped
k__Bacteria;p__Firmicutes;c__CFGB1798;o__OFGB1798;f__FGB1798;g__GGB4769;s__GGB4769_SGB6602,dropped
k__Bacteria;p__Firmicutes;c__CFGB1799,dropped
k__Bacteria;p__Firmicutes;c__CFGB1799;o__OFGB1799,dropped
k__Bacteria;p__Firmicutes;c__CFGB1799;o__OFGB1799;f__FGB1799,dropped
k__Bacteria;p__Firmicutes;c__CFGB1799;o__OFGB1799;f__FGB1799;g__GGB4770,dropped
k__Bacteria;p__Firmicutes;c__CFGB1799;o__OFGB1799;f__FGB1799;g__GGB4770;s__GGB4770_SGB6604,dropped
k__Bacteria;p__Firmicutes;c__CFGB1872,dropped
k__Bacteria;p__Firmicutes;c__CFGB1872;o__OFGB1872,dropped
k__Bacteria;p__Firmicutes;c__CFGB1872;o__OFGB1872;f__FGB1872,dropped
k__Bacteria;p__Firmicutes;c__CFGB1872;o__OFGB1872;f__FGB1872;g__GGB4964,dropped
k__Bacteria;p__Firmicutes;c__CFGB1872;o__OFGB1872;f__FGB1872;g__GGB4964;s__GGB4964_SGB6927,dropped
k__Bacteria;p__Firmicutes;c__CFGB20074,dropped
k__Bacteria;p__Firmicutes;c__CFGB20074;o__OFGB20074,dropped
k__Bacteria;p__Firmicutes;c__CFGB20074;o__OFGB20074;f__FGB20074,dropped
k__Bacteria;p__Firmicutes;c__CFGB20074;o__OFGB20074;f__FGB20074;g__GGB48169,dropped
k__Bacteria;p__Firmicutes;c__CFGB20074;o__OFGB20074;f__FGB20074;g__GGB48169;s__GGB48169_SGB66172,dropped
k__Bacteria;p__Firmicutes;c__CFGB20102,dropped
k__Bacteria;p__Firmicutes;c__CFGB20102;o__OFGB20102,dropped
k__Bacteria;p__Firmicutes;c__CFGB20102;o__OFGB20102;f__FGB20102,dropped
k__Bacteria;p__Firmicutes;c__CFGB20102;o__OFGB20102;f__FGB20102;g__GGB42690,dropped
k__Bacteria;p__Firmicutes;c__CFGB20102;o__OFGB20102;f__FGB20102;g__GGB42690;s__GGB42690_SGB59894,dropped
k__Bacteria;p__Firmicutes;c__CFGB20164,dropped
k__Bacteria;p__Firmicutes;c__CFGB20164;o__OFGB20164,dropped
k__Bacteria;p__Firmicutes;c__CFGB20164;o__OFGB20164;f__FGB20164,dropped
k__Bacteria;p__Firmicutes;c__CFGB20164;o__OFGB20164;f__FGB20164;g__GGB42184,dropped
k__Bacteria;p__Firmicutes;c__CFGB20164;o__OFGB20164;f__FGB20164;g__GGB42184;s__GGB42184_SGB59334,dropped
k__Bacteria;p__Firmicutes;c__CFGB24517,dropped
k__Bacteria;p__Firmicutes;c__CFGB24517;o__OFGB24517,dropped
k__Bacteria;p__Firmicutes;c__CFGB24517;o__OFGB24517;f__FGB24517,dropped
k__Bacteria;p__Firmicutes;c__CFGB24517;o__OFGB24517;f__FGB24517;g__GGB45620,dropped
k__Bacteria;p__Firmicutes;c__CFGB24517;o__OFGB24517;f__FGB24517;g__GGB45620;s__GGB45620_SGB63333,dropped
k__Bacteria;p__Firmicutes;c__CFGB25373,dropped
k__Bacteria;p__Firmicutes;c__CFGB25373;o__OFGB25373,dropped
k__Bacteria;p__Firmicutes;c__CFGB25373;o__OFGB25373;f__FGB25373,dropped
k__Bacteria;p__Firmicutes;c__CFGB25373;o__OFGB25373;f__FGB25373;g__GGB45597,dropped
k__Bacteria;p__Firmicutes;c__CFGB25373;o__OFGB25373;f__FGB25373;g__GGB45597;s__GGB45597_SGB72777,dropped
k__Bacteria;p__Firmicutes;c__CFGB2801,dropped
k__Bacteria;p__Firmicutes;c__CFGB2801;o__OFGB2801,dropped
k__Bacteria;p__Firmicutes;c__CFGB2801;o__OFGB2801;f__FGB2801,dropped
k__Bacteria;p__Firmicutes;c__CFGB2801;o__OFGB2801;f__FGB2801;g__GGB8965,dropped
k__Bacteria;p__Firmicutes;c__CFGB2801;o__OFGB2801;f__FGB2801;g__GGB8965;s__GGB8965_SGB13825,dropped
k__Bacteria;p__Firmicutes;c__CFGB2829,dropped
k__Bacteria;p__Firmicutes;c__CFGB2829;o__OFGB2829,dropped
k__Bacteria;p__Firmicutes;c__CFGB2829;o__OFGB2829;f__FGB2829,dropped
k__Bacteria;p__Firmicutes;c__CFGB2829;o__OFGB2829;f__FGB2829;g__GGB9045,dropped
k__Bacteria;p__Firmicutes;c__CFGB2829;o__OFGB2829;f__FGB2829;g__GGB9045;s__GGB9045_SGB13947,dropped
k__Bacteria;p__Firmicutes;c__CFGB2832,dropped
k__Bacteria;p__Firmicutes;c__CFGB2832;o__OFGB2832,dropped
k__Bacteria;p__Firmicutes;c__CFGB2832;o__OFGB2832;f__FGB2832,dropped
k__Bacteria;p__Firmicutes;c__CFGB2832;o__OFGB2832;f__FGB2832;g__GGB9054,dropped
k__Bacteria;p__Firmicutes;c__CFGB2832;o__OFGB2832;f__FGB2832;g__GGB9054;s__GGB9054_SGB13959,dropped
k__Bacteria;p__Firmicutes;c__CFGB2862,dropped
k__Bacteria;p__Firmicutes;c__CFGB2862;o__OFGB2862,dropped
k__Bacteria;p__Firmicutes;c__CFGB2862;o__OFGB2862;f__FGB2862,dropped
k__Bacteria;p__Firmicutes;c__CFGB2862;o__OFGB2862;f__FGB2862;g__GGB9146,dropped
k__Bacteria;p__Firmicutes;c__CFGB2862;o__OFGB2862;f__FGB2862;g__GGB9146;s__GGB9146_SGB14080,dropped
k__Bacteria;p__Firmicutes;c__CFGB2865,dropped
k__Bacteria;p__Firmicutes;c__CFGB2865;o__OFGB2865,dropped
k__Bacteria;p__Firmicutes;c__CFGB2865;o__OFGB2865;f__FGB2865,dropped
k__Bacteria;p__Firmicutes;c__CFGB2865;o__OFGB2865;f__FGB2865;g__GGB13361,dropped
k__Bacteria;p__Firmicutes;c__CFGB2865;o__OFGB2865;f__FGB2865;g__GGB13361;s__GGB13361_SGB20619,dropped
k__Bacteria;p__Firmicutes;c__CFGB2938,dropped
k__Bacteria;p__Firmicutes;c__CFGB2938;o__OFGB2938,dropped
k__Bacteria;p__Firmicutes;c__CFGB2938;o__OFGB2938;f__FGB2938,dropped
k__Bacteria;p__Firmicutes;c__CFGB2938;o__OFGB2938;f__FGB2938;g__GGB9272,dropped
k__Bacteria;p__Firmicutes;c__CFGB2938;o__OFGB2938;f__FGB2938;g__GGB9272;s__GGB9272_SGB14224,dropped
k__Bacteria;p__Firmicutes;c__CFGB2950,dropped
k__Bacteria;p__Firmicutes;c__CFGB2950;o__OFGB2950,dropped
k__Bacteria;p__Firmicutes;c__CFGB2950;o__OFGB2950;f__FGB2950,dropped
k__Bacteria;p__Firmicutes;c__CFGB2950;o__OFGB2950;f__FGB2950;g__GGB9291,dropped
k__Bacteria;p__Firmicutes;c__CFGB2950;o__OFGB2950;f__FGB2950;g__GGB9291;s__GGB9291_SGB14248,dropped
k__Bacteria;p__Firmicutes;c__CFGB3011,dropped
k__Bacteria;p__Firmicutes;c__CFGB3011;o__OFGB3011,dropped
k__Bacteria;p__Firmicutes;c__CFGB3011;o__OFGB3011;f__FGB3011,dropped
k__Bacteria;p__Firmicutes;c__CFGB3011;o__OFGB3011;f__FGB3011;g__GGB9478,dropped
k__Bacteria;p__Firmicutes;c__CFGB3011;o__OFGB3011;f__FGB3011;g__GGB9478;s__GGB9478_SGB14872,dropped
k__Bacteria;p__Firmicutes;c__CFGB3035;o__OFGB3035;f__FGB3035;g__GGB13518,dropped
k__Bacteria;p__Firmicutes;c__CFGB3035;o__OFGB3035;f__FGB3035;g__GGB13518;s__GGB13518_SGB20833,dropped
k__Bacteria;p__Firmicutes;c__CFGB3035;o__OFGB3035;f__FGB3035;g__GGB25362,dropped
k__Bacteria;p__Firmicutes;c__CFGB3035;o__OFGB3035;f__FGB3035;g__GGB25362;s__GGB25362_SGB37308,dropped
k__Bacteria;p__Firmicutes;c__CFGB3035;o__OFGB3035;f__FGB3035;g__GGB9523,dropped
k__Bacteria;p__Firmicutes;c__CFGB3035;o__OFGB3035;f__FGB3035;g__GGB9523;s__GGB9523_SGB14922,dropped
k__Bacteria;p__Firmicutes;c__CFGB3035;o__OFGB3035;f__FGB3035;g__GGB9524;s__GGB9524_SGB14923,dropped
k__Bacteria;p__Firmicutes;c__CFGB3048;o__OFGB3048;f__FGB3048;g__GGB9559;s__GGB9559_SGB14968,dropped
k__Bacteria;p__Firmicutes;c__CFGB3048;o__OFGB3048;f__FGB3048;g__GGB9560,dropped
k__Bacteria;p__Firmicutes;c__CFGB3048;o__OFGB3048;f__FGB3048;g__GGB9560;s__GGB9560_SGB69175,dropped
k__Bacteria;p__Firmicutes;c__CFGB3053;o__OFGB3053;f__FGB3053;g__GGB9581;s__GGB9581_SGB79823,dropped
k__Bacteria;p__Firmicutes;c__CFGB3170,dropped
k__Bacteria;p__Firmicutes;c__CFGB3170;o__OFGB3170,dropped
k__Bacteria;p__Firmicutes;c__CFGB3170;o__OFGB3170;f__FGB3170,dropped
k__Bacteria;p__Firmicutes;c__CFGB3170;o__OFGB3170;f__FGB3170;g__GGB10690,dropped
k__Bacteria;p__Firmicutes;c__CFGB3170;o__OFGB3170;f__FGB3170;g__GGB10690;s__GGB10690_SGB17345,dropped
k__Bacteria;p__Firmicutes;c__CFGB3227,dropped
k__Bacteria;p__Firmicutes;c__CFGB3227;o__OFGB3227,dropped
k__Bacteria;p__Firmicutes;c__CFGB3227;o__OFGB3227;f__FGB3227,dropped
k__Bacteria;p__Firmicutes;c__CFGB3227;o__OFGB3227;f__FGB3227;g__GGB51661,dropped
k__Bacteria;p__Firmicutes;c__CFGB3227;o__OFGB3227;f__FGB3227;g__GGB51661;s__GGB51661_SGB72064,dropped
k__Bacteria;p__Firmicutes;c__CFGB332,dropped
k__Bacteria;p__Firmicutes;c__CFGB332;o__OFGB332,dropped
k__Bacteria;p__Firmicutes;c__CFGB332;o__OFGB332;f__FGB332,dropped
k__Bacteria;p__Firmicutes;c__CFGB332;o__OFGB332;f__FGB332;g__GGB759,dropped
k__Bacteria;p__Firmicutes;c__CFGB332;o__OFGB332;f__FGB332;g__GGB759;s__GGB759_SGB997,dropped
k__Bacteria;p__Firmicutes;c__CFGB3505,dropped
k__Bacteria;p__Firmicutes;c__CFGB3505;o__OFGB3505,dropped
k__Bacteria;p__Firmicutes;c__CFGB3505;o__OFGB3505;f__FGB3505,dropped
k__Bacteria;p__Firmicutes;c__CFGB3505;o__OFGB3505;f__FGB3505;g__GGB48078,dropped
k__Bacteria;p__Firmicutes;c__CFGB3505;o__OFGB3505;f__FGB3505;g__GGB48078;s__GGB48078_SGB66074,dropped
k__Bacteria;p__Firmicutes;c__CFGB3546,dropped
k__Bacteria;p__Firmicutes;c__CFGB3546;o__OFGB3546,dropped
k__Bacteria;p__Firmicutes;c__CFGB3546;o__OFGB3546;f__FGB3546,dropped
k__Bacteria;p__Firmicutes;c__CFGB3546;o__OFGB3546;f__FGB3546;g__GGB58071,dropped
k__Bacteria;p__Firmicutes;c__CFGB3546;o__OFGB3546;f__FGB3546;g__GGB58071;s__GGB58071_SGB79702,dropped
k__Bacteria;p__Firmicutes;c__CFGB3601,dropped
k__Bacteria;p__Firmicutes;c__CFGB3601;o__OFGB3601,dropped
k__Bacteria;p__Firmicutes;c__CFGB3601;o__OFGB3601;f__FGB3601,dropped
k__Bacteria;p__Firmicutes;c__CFGB3601;o__OFGB3601;f__FGB3601;g__GGB42674,dropped
k__Bacteria;p__Firmicutes;c__CFGB3601;o__OFGB3601;f__FGB3601;g__GGB42674;s__GGB42674_SGB66070,dropped
k__Bacteria;p__Firmicutes;c__CFGB3606;o__OFGB3606;f__FGB3606;g__GGB42689,dropped
k__Bacteria;p__Firmicutes;c__CFGB3606;o__OFGB3606;f__FGB3606;g__GGB42689;s__GGB42689_SGB59892,dropped
k__Bacteria;p__Firmicutes;c__CFGB40519,dropped
k__Bacteria;p__Firmicutes;c__CFGB40519;o__OFGB40519,dropped
k__Bacteria;p__Firmicutes;c__CFGB40519;o__OFGB40519;f__FGB40519,dropped
k__Bacteria;p__Firmicutes;c__CFGB40519;o__OFGB40519;f__FGB40519;g__GGB52222,dropped
k__Bacteria;p__Firmicutes;c__CFGB40519;o__OFGB40519;f__FGB40519;g__GGB52222;s__GGB52222_SGB72997,dropped
k__Bacteria;p__Firmicutes;c__CFGB41366,dropped
k__Bacteria;p__Firmicutes;c__CFGB41366;o__OFGB41366,dropped
k__Bacteria;p__Firmicutes;c__CFGB41366;o__OFGB41366;f__FGB41366,dropped
k__Bacteria;p__Firmicutes;c__CFGB41366;o__OFGB41366;f__FGB41366;g__GGB45537,dropped
k__Bacteria;p__Firmicutes;c__CFGB41366;o__OFGB41366;f__FGB41366;g__GGB45537;s__GGB45537_SGB63217,dropped
k__Bacteria;p__Firmicutes;c__CFGB41715,dropped
k__Bacteria;p__Firmicutes;c__CFGB41715;o__OFGB41715,dropped
k__Bacteria;p__Firmicutes;c__CFGB41715;o__OFGB41715;f__FGB41715,dropped
k__Bacteria;p__Firmicutes;c__CFGB41715;o__OFGB41715;f__FGB41715;g__GGB45643,dropped
k__Bacteria;p__Firmicutes;c__CFGB41715;o__OFGB41715;f__FGB41715;g__GGB45643;s__GGB45643_SGB63357,dropped
k__Bacteria;p__Firmicutes;c__CFGB42358,dropped
k__Bacteria;p__Firmicutes;c__CFGB42358;o__OFGB42358,dropped
k__Bacteria;p__Firmicutes;c__CFGB42358;o__OFGB42358;f__FGB42358,dropped
k__Bacteria;p__Firmicutes;c__CFGB42358;o__OFGB42358;f__FGB42358;g__GGB51510,dropped
k__Bacteria;p__Firmicutes;c__CFGB42358;o__OFGB42358;f__FGB42358;g__GGB51510;s__GGB51510_SGB71883,dropped
k__Bacteria;p__Firmicutes;c__CFGB4546,dropped
k__Bacteria;p__Firmicutes;c__CFGB4546;o__OFGB4546,dropped
k__Bacteria;p__Firmicutes;c__CFGB4546;o__OFGB4546;f__FGB4546,dropped
k__Bacteria;p__Firmicutes;c__CFGB4546;o__OFGB4546;f__FGB4546;g__GGB25065,dropped
k__Bacteria;p__Firmicutes;c__CFGB4546;o__OFGB4546;f__FGB4546;g__GGB25065;s__GGB25065_SGB36988,dropped
k__Bacteria;p__Firmicutes;c__CFGB4549,dropped
k__Bacteria;p__Firmicutes;c__CFGB4549;o__OFGB4549,dropped
k__Bacteria;p__Firmicutes;c__CFGB4549;o__OFGB4549;f__FGB4549,dropped
k__Bacteria;p__Firmicutes;c__CFGB4549;o__OFGB4549;f__FGB4549;g__GGB55957,dropped
k__Bacteria;p__Firmicutes;c__CFGB4549;o__OFGB4549;f__FGB4549;g__GGB55957;s__GGB55957_SGB77276,dropped
k__Bacteria;p__Firmicutes;c__CFGB4556,dropped
k__Bacteria;p__Firmicutes;c__CFGB4556;o__OFGB4556,dropped
k__Bacteria;p__Firmicutes;c__CFGB4556;o__OFGB4556;f__FGB4556,dropped
k__Bacteria;p__Firmicutes;c__CFGB4556;o__OFGB4556;f__FGB4556;g__GGB13313,dropped
k__Bacteria;p__Firmicutes;c__CFGB4556;o__OFGB4556;f__FGB4556;g__GGB13313;s__GGB13313_SGB20559,dropped
k__Bacteria;p__Firmicutes;c__CFGB4614,dropped
k__Bacteria;p__Firmicutes;c__CFGB4614;o__OFGB4614,dropped
k__Bacteria;p__Firmicutes;c__CFGB4614;o__OFGB4614;f__FGB4614,dropped
k__Bacteria;p__Firmicutes;c__CFGB4614;o__OFGB4614;f__FGB4614;g__GGB13418,dropped
k__Bacteria;p__Firmicutes;c__CFGB4614;o__OFGB4614;f__FGB4614;g__GGB13418;s__GGB13418_SGB20686,dropped
k__Bacteria;p__Firmicutes;c__CFGB4621,dropped
k__Bacteria;p__Firmicutes;c__CFGB4621;o__OFGB4621,dropped
k__Bacteria;p__Firmicutes;c__CFGB4621;o__OFGB4621;f__FGB4621,dropped
k__Bacteria;p__Firmicutes;c__CFGB4621;o__OFGB4621;f__FGB4621;g__GGB13431,dropped
k__Bacteria;p__Firmicutes;c__CFGB4621;o__OFGB4621;f__FGB4621;g__GGB13431;s__GGB13431_SGB20700,dropped
k__Bacteria;p__Firmicutes;c__CFGB4737,dropped
k__Bacteria;p__Firmicutes;c__CFGB4737;o__OFGB4737,dropped
k__Bacteria;p__Firmicutes;c__CFGB4737;o__OFGB4737;f__FGB4737,dropped
k__Bacteria;p__Firmicutes;c__CFGB4737;o__OFGB4737;f__FGB4737;g__GGB13743,dropped
k__Bacteria;p__Firmicutes;c__CFGB4737;o__OFGB4737;f__FGB4737;g__GGB13743;s__GGB13743_SGB21118,dropped
k__Bacteria;p__Firmicutes;c__CFGB4788,dropped
k__Bacteria;p__Firmicutes;c__CFGB4788;o__OFGB4788,dropped
k__Bacteria;p__Firmicutes;c__CFGB4788;o__OFGB4788;f__FGB4788,dropped
k__Bacteria;p__Firmicutes;c__CFGB4788;o__OFGB4788;f__FGB4788;g__GGB51110,dropped
k__Bacteria;p__Firmicutes;c__CFGB4788;o__OFGB4788;f__FGB4788;g__GGB51110;s__GGB51110_SGB71326,dropped
k__Bacteria;p__Firmicutes;c__CFGB8240,dropped
k__Bacteria;p__Firmicutes;c__CFGB8240;o__OFGB8240,dropped
k__Bacteria;p__Firmicutes;c__CFGB8240;o__OFGB8240;f__FGB8240,dropped
k__Bacteria;p__Firmicutes;c__CFGB8240;o__OFGB8240;f__FGB8240;g__GGB25267,dropped
k__Bacteria;p__Firmicutes;c__CFGB8240;o__OFGB8240;f__FGB8240;g__GGB25267;s__GGB25267_SGB37203,dropped
k__Bacteria;p__Firmicutes;c__CFGB8313,dropped
k__Bacteria;p__Firmicutes;c__CFGB8313;o__OFGB8313,dropped
k__Bacteria;p__Firmicutes;c__CFGB8313;o__OFGB8313;f__FGB8313,dropped
k__Bacteria;p__Firmicutes;c__CFGB8313;o__OFGB8313;f__FGB8313;g__GGB25458,dropped
k__Bacteria;p__Firmicutes;c__CFGB8313;o__OFGB8313;f__FGB8313;g__GGB25458;s__GGB25458_SGB37413,dropped
k__Bacteria;p__Firmicutes;c__CFGB8972,dropped
k__Bacteria;p__Firmicutes;c__CFGB8972;o__OFGB8972,dropped
k__Bacteria;p__Firmicutes;c__CFGB8972;o__OFGB8972;f__FGB8972,dropped
k__Bacteria;p__Firmicutes;c__CFGB8972;o__OFGB8972;f__FGB8972;g__GGB26772,dropped
k__Bacteria;p__Firmicutes;c__CFGB8972;o__OFGB8972;f__FGB8972;g__GGB26772;s__GGB26772_SGB38957,dropped
k__Bacteria;p__Firmicutes;c__CFGB9158,dropped
k__Bacteria;p__Firmicutes;c__CFGB9158;o__OFGB9158,dropped
k__Bacteria;p__Firmicutes;c__CFGB9158;o__OFGB9158;f__FGB9158,dropped
k__Bacteria;p__Firmicutes;c__CFGB9158;o__OFGB9158;f__FGB9158;g__GGB27106,dropped
k__Bacteria;p__Firmicutes;c__CFGB9158;o__OFGB9158;f__FGB9158;g__GGB27106;s__GGB27106_SGB45239,dropped
k__Bacteria;p__Firmicutes;c__CFGB9336,dropped
k__Bacteria;p__Firmicutes;c__CFGB9336;o__OFGB9336,dropped
k__Bacteria;p__Firmicutes;c__CFGB9336;o__OFGB9336;f__FGB9336,dropped
k__Bacteria;p__Firmicutes;c__CFGB9336;o__OFGB9336;f__FGB9336;g__GGB52306,dropped
k__Bacteria;p__Firmicutes;c__CFGB9336;o__OFGB9336;f__FGB9336;g__GGB52306;s__GGB52306_SGB73104,dropped
k__Bacteria;p__Firmicutes;c__CFGB9475,dropped
k__Bacteria;p__Firmicutes;c__CFGB9475;o__OFGB9475,dropped
k__Bacteria;p__Firmicutes;c__CFGB9475;o__OFGB9475;f__FGB9475,dropped
k__Bacteria;p__Firmicutes;c__CFGB9475;o__OFGB9475;f__FGB9475;g__GGB42711,dropped
k__Bacteria;p__Firmicutes;c__CFGB9475;o__OFGB9475;f__FGB9475;g__GGB42711;s__GGB42711_SGB59916,dropped
k__Bacteria;p__Firmicutes;c__CFGB9501,dropped
k__Bacteria;p__Firmicutes;c__CFGB9501;o__OFGB9501,dropped
k__Bacteria;p__Firmicutes;c__CFGB9501;o__OFGB9501;f__FGB9501,dropped
k__Bacteria;p__Firmicutes;c__CFGB9501;o__OFGB9501;f__FGB9501;g__GGB28369,dropped
k__Bacteria;p__Firmicutes;c__CFGB9501;o__OFGB9501;f__FGB9501;g__GGB28369;s__GGB28369_SGB40949,dropped
k__Bacteria;p__Firmicutes;c__CFGB9572,dropped
k__Bacteria;p__Firmicutes;c__CFGB9572;o__OFGB9572,dropped
k__Bacteria;p__Firmicutes;c__CFGB9572;o__OFGB9572;f__FGB9572,dropped
k__Bacteria;p__Firmicutes;c__CFGB9572;o__OFGB9572;f__FGB9572;g__GGB45461,dropped
k__Bacteria;p__Firmicutes;c__CFGB9572;o__OFGB9572;f__FGB9572;g__GGB45461;s__GGB45461_SGB63131,dropped
k__Bacteria;p__Firmicutes;c__CFGB9612;o__OFGB9612;f__FGB9612;g__GGB45540,dropped
k__Bacteria;p__Firmicutes;c__CFGB9612;o__OFGB9612;f__FGB9612;g__GGB45540;s__GGB45540_SGB63220,dropped
k__Bacteria;p__Firmicutes;c__CFGB9657,dropped
k__Bacteria;p__Firmicutes;c__CFGB9657;o__OFGB9657,dropped
k__Bacteria;p__Firmicutes;c__CFGB9657;o__OFGB9657;f__FGB9657,dropped
k__Bacteria;p__Firmicutes;c__CFGB9657;o__OFGB9657;f__FGB9657;g__GGB28999,dropped
k__Bacteria;p__Firmicutes;c__CFGB9657;o__OFGB9657;f__FGB9657;g__GGB28999;s__GGB28999_SGB41715,dropped
k__Bacteria;p__Firmicutes;c__CFGB9723,dropped
k__Bacteria;p__Firmicutes;c__CFGB9723;o__OFGB9723,dropped
k__Bacteria;p__Firmicutes;c__CFGB9723;o__OFGB9723;f__FGB9723,dropped
k__Bacteria;p__Firmicutes;c__CFGB9723;o__OFGB9723;f__FGB9723;g__GGB45509,dropped
k__Bacteria;p__Firmicutes;c__CFGB9723;o__OFGB9723;f__FGB9723;g__GGB45509;s__GGB45509_SGB66191,dropped
k__Bacteria;p__Firmicutes;c__CFGB9732,dropped
k__Bacteria;p__Firmicutes;c__CFGB9732;o__OFGB9732,dropped
k__Bacteria;p__Firmicutes;c__CFGB9732;o__OFGB9732;f__FGB9732,dropped
k__Bacteria;p__Firmicutes;c__CFGB9732;o__OFGB9732;f__FGB9732;g__GGB45600,dropped
k__Bacteria;p__Firmicutes;c__CFGB9732;o__OFGB9732;f__FGB9732;g__GGB45600;s__GGB45600_SGB63312,dropped
k__Bacteria;p__Firmicutes;c__CFGB9736,dropped
k__Bacteria;p__Firmicutes;c__CFGB9736;o__OFGB9736,dropped
k__Bacteria;p__Firmicutes;c__CFGB9736;o__OFGB9736;f__FGB9736,dropped
k__Bacteria;p__Firmicutes;c__CFGB9736;o__OFGB9736;f__FGB9736;g__GGB45599,dropped
k__Bacteria;p__Firmicutes;c__CFGB9736;o__OFGB9736;f__FGB9736;g__GGB45599;s__GGB45599_SGB63311,dropped
k__Bacteria;p__Firmicutes;c__CFGB9830,dropped
k__Bacteria;p__Firmicutes;c__CFGB9830;o__OFGB9830,dropped
k__Bacteria;p__Firmicutes;c__CFGB9830;o__OFGB9830;f__FGB9830,dropped
k__Bacteria;p__Firmicutes;c__CFGB9830;o__OFGB9830;f__FGB9830;g__GGB29535,dropped
k__Bacteria;p__Firmicutes;c__CFGB9830;o__OFGB9830;f__FGB9830;g__GGB29535;s__GGB29535_SGB42321,dropped
k__Bacteria;p__Firmicutes;c__Clostridia;o__Candidatus_Borkfalkiales,dropped
k__Bacteria;p__Firmicutes;c__Clostridia;o__Candidatus_Borkfalkiales;f__Candidatus_Borkfalkiaceae,dropped
k__Bacteria;p__Firmicutes;c__Clostridia;o__Candidatus_Borkfalkiales;f__Candidatus_Borkfalkiaceae;g__Candidatus_Borkfalkia,dropped
k__Bacteria;p__Firmicutes;c__Clostridia;o__Candidatus_Borkfalkiales;f__Candidatus_Borkfalkiaceae;g__Candidatus_Borkfalkia;s__Candidatus_Borkfalkia_ceftriaxoniphila,dropped
k__Bacteria;p__Firmicutes;c__Clostridia;o__Clostridia_unclassified;f__Clostridia_unclassified;g__Candidatus_Alangreenwoodia,dropped
k__Bacteria;p__Firmicutes;c__Clostridia;o__Clostridia_unclassified;f__Clostridia_unclassified;g__Candidatus_Alangreenwoodia;s__Candidatus_Alangreenwoodia_gallinarii,dropped
k__Bacteria;p__Firmicutes;c__Clostridia;o__Clostridia_unclassified;f__Clostridia_unclassified;g__Candidatus_Aristotella,dropped
k__Bacteria;p__Firmicutes;c__Clostridia;o__Clostridia_unclassified;f__Clostridia_unclassified;g__Candidatus_Aristotella;s__Candidatus_Aristotella_avistercoris,dropped
k__Bacteria;p__Firmicutes;c__Clostridia;o__Clostridia_unclassified;f__Clostridia_unclassified;g__Candidatus_Avimicrobium;s__Candidatus_Avimicrobium_faecavium,dropped
k__Bacteria;p__Firmicutes;c__Clostridia;o__Clostridia_unclassified;f__Clostridia_unclassified;g__Candidatus_Avimonas;s__Candidatus_Avimonas_intestinalis,dropped
k__Bacteria;p__Firmicutes;c__Clostridia;o__Clostridia_unclassified;f__Clostridia_unclassified;g__Candidatus_Avimonas;s__Candidatus_Avimonas_merdigallinarum,dropped
k__Bacteria;p__Firmicutes;c__Clostridia;o__Clostridia_unclassified;f__Clostridia_unclassified;g__Candidatus_Avispirillum,dropped
k__Bacteria;p__Firmicutes;c__Clostridia;o__Clostridia_unclassified;f__Clostridia_unclassified;g__Candidatus_Avispirillum;s__Candidatus_Avispirillum_faecium,dropped
k__Bacteria;p__Firmicutes;c__Clostridia;o__Clostridia_unclassified;f__Clostridia_unclassified;g__Candidatus_Cryptoclostridium,dropped
k__Bacteria;p__Firmicutes;c__Clostridia;o__Clostridia_unclassified;f__Clostridia_unclassified;g__Candidatus_Cryptoclostridium;s__Candidatus_Cryptoclostridium_obscurum,dropped
k__Bacteria;p__Firmicutes;c__Clostridia;o__Clostridia_unclassified;f__Clostridia_unclassified;g__Candidatus_Flemingibacterium,dropped
k__Bacteria;p__Firmicutes;c__Clostridia;o__Clostridia_unclassified;f__Clostridia_unclassified;g__Candidatus_Flemingibacterium;s__Candidatus_Flemingibacterium_merdigallinarum,dropped
k__Bacteria;p__Firmicutes;c__Clostridia;o__Clostridia_unclassified;f__Clostridia_unclassified;g__Candidatus_Gallimonas,dropped
k__Bacteria;p__Firmicutes;c__Clostridia;o__Clostridia_unclassified;f__Clostridia_unclassified;g__Candidatus_Gallimonas;s__Candidatus_Gallimonas_caecicola,dropped
k__Bacteria;p__Firmicutes;c__Clostridia;o__Clostridia_unclassified;f__Clostridia_unclassified;g__Candidatus_Gallimonas;s__Candidatus_Gallimonas_faecium,dropped
k__Bacteria;p__Firmicutes;c__Clostridia;o__Clostridia_unclassified;f__Clostridia_unclassified;g__Candidatus_Gallimonas;s__Candidatus_Gallimonas_intestinalis,dropped
k__Bacteria;p__Firmicutes;c__Clostridia;o__Clostridia_unclassified;f__Clostridia_unclassified;g__Candidatus_Gallimonas;s__Candidatus_Gallimonas_merdae,dropped
k__Bacteria;p__Firmicutes;c__Clostridia;o__Clostridia_unclassified;f__Clostridia_unclassified;g__Candidatus_Gallimonas;s__Candidatus_Gallimonas_merdigallinarum,dropped
k__Bacteria;p__Firmicutes;c__Clostridia;o__Clostridia_unclassified;f__Clostridia_unclassified;g__Candidatus_Gallispira,dropped
k__Bacteria;p__Firmicutes;c__Clostridia;o__Clostridia_unclassified;f__Clostridia_unclassified;g__Candidatus_Gallispira;s__Candidatus_Gallispira_edinburgensis,dropped
k__Bacteria;p__Firmicutes;c__Clostridia;o__Clostridia_unclassified;f__Clostridia_unclassified;g__Candidatus_Heritagella,dropped
k__Bacteria;p__Firmicutes;c__Clostridia;o__Clostridia_unclassified;f__Clostridia_unclassified;g__Candidatus_Heritagella;s__Candidatus_Heritagella_gallinarum,dropped
k__Bacteria;p__Firmicutes;c__Clostridia;o__Clostridia_unclassified;f__Clostridia_unclassified;g__Candidatus_Heritagella;s__Candidatus_Heritagella_intestinalis,dropped
k__Bacteria;p__Firmicutes;c__Clostridia;o__Clostridia_unclassified;f__Clostridia_unclassified;g__Candidatus_Heteroclostridium,dropped
k__Bacteria;p__Firmicutes;c__Clostridia;o__Clostridia_unclassified;f__Clostridia_unclassified;g__Candidatus_Heteroclostridium;s__Candidatus_Heteroclostridium_caecigallinarum,dropped
k__Bacteria;p__Firmicutes;c__Clostridia;o__Clostridia_unclassified;f__Clostridia_unclassified;g__Candidatus_Howiella,dropped
k__Bacteria;p__Firmicutes;c__Clostridia;o__Clostridia_unclassified;f__Clostridia_unclassified;g__Candidatus_Howiella;s__Candidatus_Howiella_intestinavium,dropped
k__Bacteria;p__Firmicutes;c__Clostridia;o__Clostridia_unclassified;f__Clostridia_unclassified;g__Candidatus_Metalachnospira,dropped
k__Bacteria;p__Firmicutes;c__Clostridia;o__Clostridia_unclassified;f__Clostridia_unclassified;g__Candidatus_Metalachnospira;s__Candidatus_Metalachnospira_gallinarum,dropped
k__Bacteria;p__Firmicutes;c__Clostridia;o__Clostridia_unclassified;f__Clostridia_unclassified;g__Candidatus_Metaruminococcus;s__Candidatus_Metaruminococcus_caecorum,dropped
k__Bacteria;p__Firmicutes;c__Clostridia;o__Clostridia_unclassified;f__Clostridia_unclassified;g__Candidatus_Metaruminococcus;s__Candidatus_Metaruminococcus_gallistercoris,dropped
k__Bacteria;p__Firmicutes;c__Clostridia;o__Clostridia_unclassified;f__Clostridia_unclassified;g__Candidatus_Neoanaerotignum,dropped
k__Bacteria;p__Firmicutes;c__Clostridia;o__Clostridia_unclassified;f__Clostridia_unclassified;g__Candidatus_Neoanaerotignum;s__Candidatus_Neoanaerotignum_galli,dropped
k__Bacteria;p__Firmicutes;c__Clostridia;o__Clostridia_unclassified;f__Clostridia_unclassified;g__Candidatus_Neoanaerotignum;s__Candidatus_Neoanaerotignum_tabaqchaliae,dropped
k__Bacteria;p__Firmicutes;c__Clostridia;o__Clostridia_unclassified;f__Clostridia_unclassified;g__Candidatus_Neoclostridium,dropped
k__Bacteria;p__Firmicutes;c__Clostridia;o__Clostridia_unclassified;f__Clostridia_unclassified;g__Candidatus_Neoclostridium;s__Candidatus_Neoclostridium_roslinense,dropped
k__Bacteria;p__Firmicutes;c__Clostridia;o__Clostridia_unclassified;f__Clostridia_unclassified;g__Candidatus_Paralachnospira;s__Candidatus_Paralachnospira_avium,dropped
k__Bacteria;p__Firmicutes;c__Clostridia;o__Clostridia_unclassified;f__Clostridia_unclassified;g__Candidatus_Paralachnospira;s__Candidatus_Paralachnospira_sangeri,dropped
k__Bacteria;p__Firmicutes;c__Clostridia;o__Clostridia_unclassified;f__Clostridia_unclassified;g__Candidatus_Protoclostridium,dropped
k__Bacteria;p__Firmicutes;c__Clostridia;o__Clostridia_unclassified;f__Clostridia_unclassified;g__Candidatus_Protoclostridium;s__Candidatus_Protoclostridium_gallicola,dropped
k__Bacteria;p__Firmicutes;c__Clostridia;o__Clostridia_unclassified;f__Clostridia_unclassified;g__Candidatus_Pseudobutyricicoccus,dropped
k__Bacteria;p__Firmicutes;c__Clostridia;o__Clostridia_unclassified;f__Clostridia_unclassified;g__Candidatus_Pseudobutyricicoccus;s__Candidatus_Pseudobutyricicoccus_lothianensis,dropped
k__Bacteria;p__Firmicutes;c__Clostridia;o__Clostridia_unclassified;f__Clostridia_unclassified;g__Candidatus_Pseudolachnospira,dropped
k__Bacteria;p__Firmicutes;c__Clostridia;o__Clostridia_unclassified;f__Clostridia_unclassified;g__Candidatus_Pseudolachnospira;s__Candidatus_Pseudolachnospira_avium,dropped
k__Bacteria;p__Firmicutes;c__Clostridia;o__Clostridia_unclassified;f__Clostridia_unclassified;g__Candidatus_Pseudoscilispira,dropped
k__Bacteria;p__Firmicutes;c__Clostridia;o__Clostridia_unclassified;f__Clostridia_unclassified;g__Candidatus_Pseudoscilispira;s__Candidatus_Pseudoscilispira_faecavium,dropped
k__Bacteria;p__Firmicutes;c__Clostridia;o__Clostridia_unclassified;f__Clostridia_unclassified;g__Candidatus_Pseudoscilispira;s__Candidatus_Pseudoscilispira_falkowii,dropped
k__Bacteria;p__Firmicutes;c__Clostridia;o__Clostridia_unclassified;f__Clostridia_unclassified;g__Candidatus_Roslinia,dropped
k__Bacteria;p__Firmicutes;c__Clostridia;o__Clostridia_unclassified;f__Clostridia_unclassified;g__Candidatus_Roslinia;s__Candidatus_Roslinia_caecavium,dropped
k__Bacteria;p__Firmicutes;c__Clostridia;o__Clostridia_unclassified;f__Clostridia_unclassified;g__Candidatus_Tabaqchalia,dropped
k__Bacteria;p__Firmicutes;c__Clostridia;o__Clostridia_unclassified;f__Clostridia_unclassified;g__Candidatus_Tabaqchalia;s__Candidatus_Tabaqchalia_intestinavium,dropped
k__Bacteria;p__Firmicutes;c__Clostridia;o__Clostridia_unclassified;f__Clostridia_unclassified;g__Candidatus_Timburyella,dropped
k__Bacteria;p__Firmicutes;c__Clostridia;o__Clostridia_unclassified;f__Clostridia_unclassified;g__Candidatus_Timburyella;s__Candidatus_Timburyella_stercoris,dropped
k__Bacteria;p__Firmicutes;c__Clostridia;o__Clostridia_unclassified;f__Clostridia_unclassified;g__Candidatus_Woodwardibium,dropped
k__Bacteria;p__Firmicutes;c__Clostridia;o__Clostridia_unclassified;f__Clostridia_unclassified;g__Candidatus_Woodwardibium;s__Candidatus_Woodwardibium_gallinarum,dropped
k__Bacteria;p__Firmicutes;c__Clostridia;o__Clostridia_unclassified;f__Clostridia_unclassified;g__Clostridia_unclassified;s__Clostridia_bacterium_12CBH8,dropped
k__Bacteria;p__Firmicutes;c__Clostridia;o__Clostridia_unclassified;f__Clostridia_unclassified;g__Clostridia_unclassified;s__Clostridia_bacterium_UC5_1_1E11,dropped
k__Bacteria;p__Firmicutes;c__Clostridia;o__Clostridia_unclassified;f__Clostridia_unclassified;g__Clostridia_unclassified;s__Clostridia_unclassified_SGB13966,dropped
k__Bacteria;p__Firmicutes;c__Clostridia;o__Clostridia_unclassified;f__Clostridia_unclassified;g__Clostridia_unclassified;s__Clostridia_unclassified_SGB13967,dropped
k__Bacteria;p__Firmicutes;c__Clostridia;o__Clostridia_unclassified;f__Clostridia_unclassified;g__Clostridia_unclassified;s__Clostridia_unclassified_SGB13972,dropped
k__Bacteria;p__Firmicutes;c__Clostridia;o__Clostridia_unclassified;f__Clostridia_unclassified;g__Clostridia_unclassified;s__Clostridia_unclassified_SGB13974,dropped
k__Bacteria;p__Firmicutes;c__Clostridia;o__Clostridia_unclassified;f__Clostridia_unclassified;g__Clostridia_unclassified;s__Clostridia_unclassified_SGB13993,dropped
k__Bacteria;p__Firmicutes;c__Clostridia;o__Clostridia_unclassified;f__Clostridia_unclassified;g__Clostridia_unclassified;s__Clostridia_unclassified_SGB13999,dropped
k__Bacteria;p__Firmicutes;c__Clostridia;o__Clostridia_unclassified;f__Clostridia_unclassified;g__Clostridia_unclassified;s__Clostridia_unclassified_SGB14016,dropped
k__Bacteria;p__Firmicutes;c__Clostridia;o__Clostridia_unclassified;f__Clostridia_unclassified;g__Clostridia_unclassified;s__Clostridia_unclassified_SGB14024,dropped
k__Bacteria;p__Firmicutes;c__Clostridia;o__Clostridia_unclassified;f__Clostridia_unclassified;g__Clostridia_unclassified;s__Clostridia_unclassified_SGB14196,dropped
k__Bacteria;p__Firmicutes;c__Clostridia;o__Clostridia_unclassified;f__Clostridia_unclassified;g__Clostridia_unclassified;s__Clostridia_unclassified_SGB14297,dropped
k__Bacteria;p__Firmicutes;c__Clostridia;o__Clostridia_unclassified;f__Clostridia_unclassified;g__Clostridia_unclassified;s__Clostridia_unclassified_SGB14308,dropped
k__Bacteria;p__Firmicutes;c__Clostridia;o__Clostridia_unclassified;f__Clostridia_unclassified;g__Clostridia_unclassified;s__Clostridia_unclassified_SGB20608,dropped
k__Bacteria;p__Firmicutes;c__Clostridia;o__Clostridia_unclassified;f__Clostridia_unclassified;g__Clostridia_unclassified;s__Clostridia_unclassified_SGB20792,dropped
k__Bacteria;p__Firmicutes;c__Clostridia;o__Clostridia_unclassified;f__Clostridia_unclassified;g__Clostridia_unclassified;s__Clostridia_unclassified_SGB3983,dropped
k__Bacteria;p__Firmicutes;c__Clostridia;o__Clostridia_unclassified;f__Clostridia_unclassified;g__Clostridia_unclassified;s__Clostridia_unclassified_SGB4313,dropped
k__Bacteria;p__Firmicutes;c__Clostridia;o__Clostridia_unclassified;f__Clostridia_unclassified;g__Clostridia_unclassified;s__Clostridia_unclassified_SGB4317,dropped
k__Bacteria;p__Firmicutes;c__Clostridia;o__Clostridia_unclassified;f__Clostridia_unclassified;g__Clostridia_unclassified;s__Clostridia_unclassified_SGB4372,dropped
k__Bacteria;p__Firmicutes;c__Clostridia;o__Clostridia_unclassified;f__Clostridia_unclassified;g__Clostridia_unclassified;s__Clostridia_unclassified_SGB4373,dropped
k__Bacteria;p__Firmicutes;c__Clostridia;o__Clostridia_unclassified;f__Clostridia_unclassified;g__Clostridia_unclassified;s__Clostridia_unclassified_SGB6291,dropped
k__Bacteria;p__Firmicutes;c__Clostridia;o__Clostridia_unclassified;f__Clostridia_unclassified;g__Clostridia_unclassified;s__Clostridia_unclassified_SGB6293,dropped
k__Bacteria;p__Firmicutes;c__Clostridia;o__Clostridia_unclassified;f__Clostridia_unclassified;g__Clostridia_unclassified;s__Clostridia_unclassified_SGB6302,dropped
k__Bacteria;p__Firmicutes;c__Clostridia;o__Clostridia_unclassified;f__Clostridia_unclassified;g__Clostridia_unclassified;s__Clostridia_unclassified_SGB6307,dropped
k__Bacteria;p__Firmicutes;c__Clostridia;o__Clostridia_unclassified;f__Clostridia_unclassified;g__Clostridia_unclassified;s__Clostridia_unclassified_SGB6317,dropped
k__Bacteria;p__Firmicutes;c__Clostridia;o__Clostridia_unclassified;f__Clostridia_unclassified;g__Clostridia_unclassified;s__Clostridia_unclassified_SGB6344,dropped
k__Bacteria;p__Firmicutes;c__Clostridia;o__Clostridia_unclassified;f__Clostridia_unclassified;g__Clostridia_unclassified;s__Clostridia_unclassified_SGB6371,dropped
k__Bacteria;p__Firmicutes;c__Clostridia;o__Clostridia_unclassified;f__Clostridia_unclassified;g__Clostridia_unclassified;s__Clostridia_unclassified_SGB6385,dropped
k__Bacteria;p__Firmicutes;c__Clostridia;o__Clostridia_unclassified;f__Clostridia_unclassified;g__Clostridia_unclassified;s__Clostridia_unclassified_SGB71281,dropped
k__Bacteria;p__Firmicutes;c__Clostridia;o__Clostridia_unclassified;f__Clostridia_unclassified;g__GGB13533,dropped
k__Bacteria;p__Firmicutes;c__Clostridia;o__Clostridia_unclassified;f__Clostridia_unclassified;g__GGB13533;s__GGB13533_SGB20850,dropped
k__Bacteria;p__Firmicutes;c__Clostridia;o__Clostridia_unclassified;f__Clostridia_unclassified;g__GGB13561,dropped
k__Bacteria;p__Firmicutes;c__Clostridia;o__Clostridia_unclassified;f__Clostridia_unclassified;g__GGB13561;s__GGB13561_SGB20894,dropped
k__Bacteria;p__Firmicutes;c__Clostridia;o__Clostridia_unclassified;f__Clostridia_unclassified;g__GGB2977,dropped
k__Bacteria;p__Firmicutes;c__Clostridia;o__Clostridia_unclassified;f__Clostridia_unclassified;g__GGB2977;s__GGB2977_SGB3959,dropped
k__Bacteria;p__Firmicutes;c__Clostridia;o__Clostridia_unclassified;f__Clostridia_unclassified;g__GGB3003,dropped
k__Bacteria;p__Firmicutes;c__Clostridia;o__Clostridia_unclassified;f__Clostridia_unclassified;g__GGB3003;s__GGB3003_SGB3994,dropped
k__Bacteria;p__Firmicutes;c__Clostridia;o__Clostridia_unclassified;f__Clostridia_unclassified;g__GGB3004,dropped
k__Bacteria;p__Firmicutes;c__Clostridia;o__Clostridia_unclassified;f__Clostridia_unclassified;g__GGB3004;s__GGB3004_SGB3995,dropped
k__Bacteria;p__Firmicutes;c__Clostridia;o__Clostridia_unclassified;f__Clostridia_unclassified;g__GGB3111,dropped
k__Bacteria;p__Firmicutes;c__Clostridia;o__Clostridia_unclassified;f__Clostridia_unclassified;g__GGB3111;s__GGB3111_SGB4123,dropped
k__Bacteria;p__Firmicutes;c__Clostridia;o__Clostridia_unclassified;f__Clostridia_unclassified;g__GGB3139,dropped
k__Bacteria;p__Firmicutes;c__Clostridia;o__Clostridia_unclassified;f__Clostridia_unclassified;g__GGB3139;s__GGB3139_SGB4152,dropped
k__Bacteria;p__Firmicutes;c__Clostridia;o__Clostridia_unclassified;f__Clostridia_unclassified;g__GGB3264,dropped
k__Bacteria;p__Firmicutes;c__Clostridia;o__Clostridia_unclassified;f__Clostridia_unclassified;g__GGB3264;s__GGB3264_SGB4312,dropped
k__Bacteria;p__Firmicutes;c__Clostridia;o__Clostridia_unclassified;f__Clostridia_unclassified;g__GGB3266,dropped
k__Bacteria;p__Firmicutes;c__Clostridia;o__Clostridia_unclassified;f__Clostridia_unclassified;g__GGB3266;s__GGB3266_SGB4315,dropped
k__Bacteria;p__Firmicutes;c__Clostridia;o__Clostridia_unclassified;f__Clostridia_unclassified;g__GGB3271,dropped
k__Bacteria;p__Firmicutes;c__Clostridia;o__Clostridia_unclassified;f__Clostridia_unclassified;g__GGB3271;s__GGB3271_SGB4321,dropped
k__Bacteria;p__Firmicutes;c__Clostridia;o__Clostridia_unclassified;f__Clostridia_unclassified;g__GGB3278,dropped
k__Bacteria;p__Firmicutes;c__Clostridia;o__Clostridia_unclassified;f__Clostridia_unclassified;g__GGB3278;s__GGB3278_SGB4328,dropped
k__Bacteria;p__Firmicutes;c__Clostridia;o__Clostridia_unclassified;f__Clostridia_unclassified;g__GGB3303,dropped
k__Bacteria;p__Firmicutes;c__Clostridia;o__Clostridia_unclassified;f__Clostridia_unclassified;g__GGB3303;s__GGB3303_SGB4364,dropped
k__Bacteria;p__Firmicutes;c__Clostridia;o__Clostridia_unclassified;f__Clostridia_unclassified;g__GGB4542,dropped
k__Bacteria;p__Firmicutes;c__Clostridia;o__Clostridia_unclassified;f__Clostridia_unclassified;g__GGB4542;s__GGB4542_SGB6263,dropped
k__Bacteria;p__Firmicutes;c__Clostridia;o__Clostridia_unclassified;f__Clostridia_unclassified;g__GGB4546,dropped
k__Bacteria;p__Firmicutes;c__Clostridia;o__Clostridia_unclassified;f__Clostridia_unclassified;g__GGB4546;s__GGB4546_SGB6267,dropped
k__Bacteria;p__Firmicutes;c__Clostridia;o__Clostridia_unclassified;f__Clostridia_unclassified;g__GGB4549,dropped
k__Bacteria;p__Firmicutes;c__Clostridia;o__Clostridia_unclassified;f__Clostridia_unclassified;g__GGB4549;s__GGB4549_SGB6271,dropped
k__Bacteria;p__Firmicutes;c__Clostridia;o__Clostridia_unclassified;f__Clostridia_unclassified;g__GGB4550,dropped
k__Bacteria;p__Firmicutes;c__Clostridia;o__Clostridia_unclassified;f__Clostridia_unclassified;g__GGB4550;s__GGB4550_SGB6272,dropped
k__Bacteria;p__Firmicutes;c__Clostridia;o__Clostridia_unclassified;f__Clostridia_unclassified;g__GGB4554,dropped
k__Bacteria;p__Firmicutes;c__Clostridia;o__Clostridia_unclassified;f__Clostridia_unclassified;g__GGB4554;s__GGB4554_SGB6285,dropped
k__Bacteria;p__Firmicutes;c__Clostridia;o__Clostridia_unclassified;f__Clostridia_unclassified;g__GGB4557,dropped
k__Bacteria;p__Firmicutes;c__Clostridia;o__Clostridia_unclassified;f__Clostridia_unclassified;g__GGB4557;s__GGB4557_SGB6288,dropped
k__Bacteria;p__Firmicutes;c__Clostridia;o__Clostridia_unclassified;f__Clostridia_unclassified;g__GGB4566,dropped
k__Bacteria;p__Firmicutes;c__Clostridia;o__Clostridia_unclassified;f__Clostridia_unclassified;g__GGB4566;s__GGB4566_SGB6305,dropped
k__Bacteria;p__Firmicutes;c__Clostridia;o__Clostridia_unclassified;f__Clostridia_unclassified;g__GGB4568,dropped
k__Bacteria;p__Firmicutes;c__Clostridia;o__Clostridia_unclassified;f__Clostridia_unclassified;g__GGB4568;s__GGB4568_SGB6309,dropped
k__Bacteria;p__Firmicutes;c__Clostridia;o__Clostridia_unclassified;f__Clostridia_unclassified;g__GGB4569;s__GGB4569_SGB6310,dropped
k__Bacteria;p__Firmicutes;c__Clostridia;o__Clostridia_unclassified;f__Clostridia_unclassified;g__GGB4569;s__GGB4569_SGB6311,dropped
k__Bacteria;p__Firmicutes;c__Clostridia;o__Clostridia_unclassified;f__Clostridia_unclassified;g__GGB4569;s__GGB4569_SGB6312,dropped
k__Bacteria;p__Firmicutes;c__Clostridia;o__Clostridia_unclassified;f__Clostridia_unclassified;g__GGB4576,dropped
k__Bacteria;p__Firmicutes;c__Clostridia;o__Clostridia_unclassified;f__Clostridia_unclassified;g__GGB4576;s__GGB4576_SGB6326,dropped
k__Bacteria;p__Firmicutes;c__Clostridia;o__Clostridia_unclassified;f__Clostridia_unclassified;g__GGB4577,dropped
k__Bacteria;p__Firmicutes;c__Clostridia;o__Clostridia_unclassified;f__Clostridia_unclassified;g__GGB4577;s__GGB4577_SGB6327,dropped
k__Bacteria;p__Firmicutes;c__Clostridia;o__Clostridia_unclassified;f__Clostridia_unclassified;g__GGB4579,dropped
k__Bacteria;p__Firmicutes;c__Clostridia;o__Clostridia_unclassified;f__Clostridia_unclassified;g__GGB4579;s__GGB4579_SGB6329,dropped
k__Bacteria;p__Firmicutes;c__Clostridia;o__Clostridia_unclassified;f__Clostridia_unclassified;g__GGB4590,dropped
k__Bacteria;p__Firmicutes;c__Clostridia;o__Clostridia_unclassified;f__Clostridia_unclassified;g__GGB4590;s__GGB4590_SGB6349,dropped
k__Bacteria;p__Firmicutes;c__Clostridia;o__Clostridia_unclassified;f__Clostridia_unclassified;g__GGB4596,dropped
k__Bacteria;p__Firmicutes;c__Clostridia;o__Clostridia_unclassified;f__Clostridia_unclassified;g__GGB4596;s__GGB4596_SGB6358,dropped
k__Bacteria;p__Firmicutes;c__Clostridia;o__Clostridia_unclassified;f__Clostridia_unclassified;g__GGB4598,dropped
k__Bacteria;p__Firmicutes;c__Clostridia;o__Clostridia_unclassified;f__Clostridia_unclassified;g__GGB4598;s__GGB4598_SGB6360,dropped
k__Bacteria;p__Firmicutes;c__Clostridia;o__Clostridia_unclassified;f__Clostridia_unclassified;g__GGB4599,dropped
k__Bacteria;p__Firmicutes;c__Clostridia;o__Clostridia_unclassified;f__Clostridia_unclassified;g__GGB4599;s__GGB4599_SGB6362,dropped
k__Bacteria;p__Firmicutes;c__Clostridia;o__Clostridia_unclassified;f__Clostridia_unclassified;g__GGB4602,dropped
k__Bacteria;p__Firmicutes;c__Clostridia;o__Clostridia_unclassified;f__Clostridia_unclassified;g__GGB4602;s__GGB4602_SGB6365,dropped
k__Bacteria;p__Firmicutes;c__Clostridia;o__Clostridia_unclassified;f__Clostridia_unclassified;g__GGB4603,dropped
k__Bacteria;p__Firmicutes;c__Clostridia;o__Clostridia_unclassified;f__Clostridia_unclassified;g__GGB4603;s__GGB4603_SGB6367,dropped
k__Bacteria;p__Firmicutes;c__Clostridia;o__Clostridia_unclassified;f__Clostridia_unclassified;g__GGB4608,dropped
k__Bacteria;p__Firmicutes;c__Clostridia;o__Clostridia_unclassified;f__Clostridia_unclassified;g__GGB4608;s__GGB4608_SGB6382,dropped
k__Bacteria;p__Firmicutes;c__Clostridia;o__Clostridia_unclassified;f__Clostridia_unclassified;g__GGB4609,dropped
k__Bacteria;p__Firmicutes;c__Clostridia;o__Clostridia_unclassified;f__Clostridia_unclassified;g__GGB4609;s__GGB4609_SGB6383,dropped
k__Bacteria;p__Firmicutes;c__Clostridia;o__Clostridia_unclassified;f__Clostridia_unclassified;g__GGB4610,dropped
k__Bacteria;p__Firmicutes;c__Clostridia;o__Clostridia_unclassified;f__Clostridia_unclassified;g__GGB4610;s__GGB4610_SGB6384,dropped
k__Bacteria;p__Firmicutes;c__Clostridia;o__Clostridia_unclassified;f__Clostridia_unclassified;g__GGB9047,dropped
k__Bacteria;p__Firmicutes;c__Clostridia;o__Clostridia_unclassified;f__Clostridia_unclassified;g__GGB9047;s__GGB9047_SGB13950,dropped
k__Bacteria;p__Firmicutes;c__Clostridia;o__Clostridia_unclassified;f__Clostridia_unclassified;g__GGB9050,dropped
k__Bacteria;p__Firmicutes;c__Clostridia;o__Clostridia_unclassified;f__Clostridia_unclassified;g__GGB9050;s__GGB9050_SGB13955,dropped
k__Bacteria;p__Firmicutes;c__Clostridia;o__Clostridia_unclassified;f__Clostridia_unclassified;g__GGB9051,dropped
k__Bacteria;p__Firmicutes;c__Clostridia;o__Clostridia_unclassified;f__Clostridia_unclassified;g__GGB9051;s__GGB9051_SGB13956,dropped
k__Bacteria;p__Firmicutes;c__Clostridia;o__Clostridia_unclassified;f__Clostridia_unclassified;g__GGB9052,dropped
k__Bacteria;p__Firmicutes;c__Clostridia;o__Clostridia_unclassified;f__Clostridia_unclassified;g__GGB9052;s__GGB9052_SGB13957,dropped
k__Bacteria;p__Firmicutes;c__Clostridia;o__Clostridia_unclassified;f__Clostridia_unclassified;g__GGB9058,dropped
k__Bacteria;p__Firmicutes;c__Clostridia;o__Clostridia_unclassified;f__Clostridia_unclassified;g__GGB9058;s__GGB9058_SGB13975,dropped
k__Bacteria;p__Firmicutes;c__Clostridia;o__Clostridia_unclassified;f__Clostridia_unclassified;g__GGB9059,dropped
k__Bacteria;p__Firmicutes;c__Clostridia;o__Clostridia_unclassified;f__Clostridia_unclassified;g__GGB9059;s__GGB9059_SGB13976,dropped
k__Bacteria;p__Firmicutes;c__Clostridia;o__Clostridia_unclassified;f__Clostridia_unclassified;g__GGB9074,dropped
k__Bacteria;p__Firmicutes;c__Clostridia;o__Clostridia_unclassified;f__Clostridia_unclassified;g__GGB9074;s__GGB9074_SGB13995,dropped
k__Bacteria;p__Firmicutes;c__Clostridia;o__Clostridia_unclassified;f__Clostridia_unclassified;g__GGB9086,dropped
k__Bacteria;p__Firmicutes;c__Clostridia;o__Clostridia_unclassified;f__Clostridia_unclassified;g__GGB9086;s__GGB9086_SGB14014,dropped
k__Bacteria;p__Firmicutes;c__Clostridia;o__Clostridia_unclassified;f__Clostridia_unclassified;g__GGB9101,dropped
k__Bacteria;p__Firmicutes;c__Clostridia;o__Clostridia_unclassified;f__Clostridia_unclassified;g__GGB9101;s__GGB9101_SGB14033,dropped
k__Bacteria;p__Firmicutes;c__Clostridia;o__Clostridia_unclassified;f__Clostridia_unclassified;g__GGB9104,dropped
k__Bacteria;p__Firmicutes;c__Clostridia;o__Clostridia_unclassified;f__Clostridia_unclassified;g__GGB9104;s__GGB9104_SGB14036,dropped
k__Bacteria;p__Firmicutes;c__Clostridia;o__Clostridia_unclassified;f__Clostridia_unclassified;g__GGB9104;s__GGB9104_SGB14037,dropped
k__Bacteria;p__Firmicutes;c__Clostridia;o__Clostridia_unclassified;f__Clostridia_unclassified;g__GGB9145,dropped
k__Bacteria;p__Firmicutes;c__Clostridia;o__Clostridia_unclassified;f__Clostridia_unclassified;g__GGB9145;s__GGB9145_SGB14079,dropped
k__Bacteria;p__Firmicutes;c__Clostridia;o__Clostridia_unclassified;f__Clostridia_unclassified;g__GGB9168,dropped
k__Bacteria;p__Firmicutes;c__Clostridia;o__Clostridia_unclassified;f__Clostridia_unclassified;g__GGB9168;s__GGB9168_SGB14106,dropped
k__Bacteria;p__Firmicutes;c__Clostridia;o__Clostridia_unclassified;f__Clostridia_unclassified;g__GGB9169,dropped
k__Bacteria;p__Firmicutes;c__Clostridia;o__Clostridia_unclassified;f__Clostridia_unclassified;g__GGB9169;s__GGB9169_SGB14107,dropped
k__Bacteria;p__Firmicutes;c__Clostridia;o__Clostridia_unclassified;f__Clostridia_unclassified;g__GGB9176,dropped
k__Bacteria;p__Firmicutes;c__Clostridia;o__Clostridia_unclassified;f__Clostridia_unclassified;g__GGB9176;s__GGB9176_SGB14114,dropped
k__Bacteria;p__Firmicutes;c__Clostridia;o__Clostridia_unclassified;f__Clostridia_unclassified;g__GGB9239,dropped
k__Bacteria;p__Firmicutes;c__Clostridia;o__Clostridia_unclassified;f__Clostridia_unclassified;g__GGB9239;s__GGB9239_SGB14181,dropped
k__Bacteria;p__Firmicutes;c__Clostridia;o__Clostridia_unclassified;f__Clostridia_unclassified;g__GGB9260,dropped
k__Bacteria;p__Firmicutes;c__Clostridia;o__Clostridia_unclassified;f__Clostridia_unclassified;g__GGB9260;s__GGB9260_SGB14208,dropped
k__Bacteria;p__Firmicutes;c__Clostridia;o__Clostridia_unclassified;f__Clostridia_unclassified;g__GGB9270,dropped
k__Bacteria;p__Firmicutes;c__Clostridia;o__Clostridia_unclassified;f__Clostridia_unclassified;g__GGB9270;s__GGB9270_SGB14221,dropped
k__Bacteria;p__Firmicutes;c__Clostridia;o__Clostridia_unclassified;f__Clostridia_unclassified;g__GGB9278,dropped
k__Bacteria;p__Firmicutes;c__Clostridia;o__Clostridia_unclassified;f__Clostridia_unclassified;g__GGB9278;s__GGB9278_SGB14230,dropped
k__Bacteria;p__Firmicutes;c__Clostridia;o__Clostridia_unclassified;f__Clostridia_unclassified;g__GGB9284,dropped
k__Bacteria;p__Firmicutes;c__Clostridia;o__Clostridia_unclassified;f__Clostridia_unclassified;g__GGB9284;s__GGB9284_SGB14237,dropped
k__Bacteria;p__Firmicutes;c__Clostridia;o__Clostridia_unclassified;f__Clostridia_unclassified;g__GGB9285,dropped
k__Bacteria;p__Firmicutes;c__Clostridia;o__Clostridia_unclassified;f__Clostridia_unclassified;g__GGB9285;s__GGB9285_SGB14238,dropped
k__Bacteria;p__Firmicutes;c__Clostridia;o__Clostridia_unclassified;f__Clostridia_unclassified;g__GGB9288,dropped
k__Bacteria;p__Firmicutes;c__Clostridia;o__Clostridia_unclassified;f__Clostridia_unclassified;g__GGB9288;s__GGB9288_SGB14243,dropped
k__Bacteria;p__Firmicutes;c__Clostridia;o__Clostridia_unclassified;f__Clostridia_unclassified;g__GGB9303,dropped
k__Bacteria;p__Firmicutes;c__Clostridia;o__Clostridia_unclassified;f__Clostridia_unclassified;g__GGB9303;s__GGB9303_SGB14264,dropped
k__Bacteria;p__Firmicutes;c__Clostridia;o__Clostridia_unclassified;f__Clostridia_unclassified;g__GGB9331,dropped
k__Bacteria;p__Firmicutes;c__Clostridia;o__Clostridia_unclassified;f__Clostridia_unclassified;g__GGB9331;s__GGB9331_SGB14294,dropped
k__Bacteria;p__Firmicutes;c__Clostridia;o__Clostridia_unclassified;f__Clostridia_unclassified;g__GGB9332,dropped
k__Bacteria;p__Firmicutes;c__Clostridia;o__Clostridia_unclassified;f__Clostridia_unclassified;g__GGB9332;s__GGB9332_SGB14295,dropped
k__Bacteria;p__Firmicutes;c__Clostridia;o__Clostridia_unclassified;f__Clostridia_unclassified;g__GGB9333,dropped
k__Bacteria;p__Firmicutes;c__Clostridia;o__Clostridia_unclassified;f__Clostridia_unclassified;g__GGB9333;s__GGB9333_SGB14296,dropped
k__Bacteria;p__Firmicutes;c__Clostridia;o__Clostridia_unclassified;f__Clostridia_unclassified;g__GGB9348,dropped
k__Bacteria;p__Firmicutes;c__Clostridia;o__Clostridia_unclassified;f__Clostridia_unclassified;g__GGB9348;s__GGB9348_SGB14315,dropped
k__Bacteria;p__Firmicutes;c__Clostridia;o__Clostridia_unclassified;f__Clostridia_unclassified;g__GGB9480,dropped
k__Bacteria;p__Firmicutes;c__Clostridia;o__Clostridia_unclassified;f__Clostridia_unclassified;g__GGB9480;s__GGB9480_SGB14875,dropped
k__Bacteria;p__Firmicutes;c__Clostridia;o__Clostridia_unclassified;f__Clostridia_unclassified;g__GGB9494,dropped
k__Bacteria;p__Firmicutes;c__Clostridia;o__Clostridia_unclassified;f__Clostridia_unclassified;g__GGB9494;s__GGB9494_SGB14891,dropped
k__Bacteria;p__Firmicutes;c__Clostridia;o__Clostridia_unclassified;f__Clostridia_unclassified;g__GGB9528,dropped
k__Bacteria;p__Firmicutes;c__Clostridia;o__Clostridia_unclassified;f__Clostridia_unclassified;g__GGB9528;s__GGB9528_SGB14928,dropped
k__Bacteria;p__Firmicutes;c__Clostridia;o__Clostridia_unclassified;f__Clostridia_unclassified;g__GGB9530,dropped
k__Bacteria;p__Firmicutes;c__Clostridia;o__Clostridia_unclassified;f__Clostridia_unclassified;g__GGB9530;s__GGB9530_SGB14930,dropped
k__Bacteria;p__Firmicutes;c__Clostridia;o__Clostridia_unclassified;f__Clostridia_unclassified;g__GGB9532,dropped
k__Bacteria;p__Firmicutes;c__Clostridia;o__Clostridia_unclassified;f__Clostridia_unclassified;g__GGB9532;s__GGB9532_SGB14933,dropped
k__Bacteria;p__Firmicutes;c__Clostridia;o__Clostridia_unclassified;f__Clostridia_unclassified;g__GGB9540,dropped
k__Bacteria;p__Firmicutes;c__Clostridia;o__Clostridia_unclassified;f__Clostridia_unclassified;g__GGB9540;s__GGB9540_SGB14943,dropped
k__Bacteria;p__Firmicutes;c__Clostridia;o__Clostridia_unclassified;f__Clostridia_unclassified;g__GGB9551,dropped
k__Bacteria;p__Firmicutes;c__Clostridia;o__Clostridia_unclassified;f__Clostridia_unclassified;g__GGB9551;s__GGB9551_SGB14958,dropped
k__Bacteria;p__Firmicutes;c__Clostridia;o__Clostridia_unclassified;f__Clostridia_unclassified;g__GGB9768,dropped
k__Bacteria;p__Firmicutes;c__Clostridia;o__Clostridia_unclassified;f__Clostridia_unclassified;g__GGB9768;s__GGB9768_SGB15386,dropped
k__Bacteria;p__Firmicutes;c__Clostridia;o__Clostridia_unclassified;f__Clostridia_unclassified;g__GGB9774,dropped
k__Bacteria;p__Firmicutes;c__Clostridia;o__Clostridia_unclassified;f__Clostridia_unclassified;g__GGB9774;s__GGB9774_SGB15394,dropped
k__Bacteria;p__Firmicutes;c__Clostridia;o__Clostridiales;f__Catabacteriaceae,dropped
k__Bacteria;p__Firmicutes;c__Clostridia;o__Clostridiales;f__Catabacteriaceae;g__Catabacter,dropped
k__Bacteria;p__Firmicutes;c__Clostridia;o__Clostridiales;f__Catabacteriaceae;g__Catabacter;s__Catabacter_hongkongensis,dropped
k__Bacteria;p__Firmicutes;c__Clostridia;o__Clostridiales;f__Christensenellaceae;g__Christensenella;s__Christensenella_sp_AF73_05CM02,dropped
k__Bacteria;p__Firmicutes;c__Clostridia;o__Clostridiales;f__Christensenellaceae;g__Christensenella;s__Christensenella_sp_Marseille_P3954,dropped
k__Bacteria;p__Firmicutes;c__Clostridia;o__Clostridiales;f__Christensenellaceae;g__Christensenella;s__Christensenella_sp_NSJ_35,dropped
k__Bacteria;p__Firmicutes;c__Clostridia;o__Clostridiales;f__Christensenellaceae;g__Christensenella;s__Christensenella_timonensis,dropped
k__Bacteria;p__Firmicutes;c__Clostridia;o__Clostridiales;f__Christensenellaceae;g__Christensenellaceae_unclassified;s__Christensenellaceae_bacterium_NSJ_53,dropped
k__Bacteria;p__Firmicutes;c__Clostridia;o__Clostridiales;f__Clostridiaceae;g__Beduini,dropped
k__Bacteria;p__Firmicutes;c__Clostridia;o__Clostridiales;f__Clostridiaceae;g__Beduini;s__Beduini_massiliensis,dropped
k__Bacteria;p__Firmicutes;c__Clostridia;o__Clostridiales;f__Clostridiaceae;g__Butyricicoccus;s__Butyricicoccus_SGB14985,dropped
k__Bacteria;p__Firmicutes;c__Clostridia;o__Clostridiales;f__Clostridiaceae;g__Butyricicoccus;s__Butyricicoccus_porcorum,dropped
k__Bacteria;p__Firmicutes;c__Clostridia;o__Clostridiales;f__Clostridiaceae;g__Clostridiaceae_unclassified;s__Clostridiaceae_bacterium_DONG20_135,dropped
k__Bacteria;p__Firmicutes;c__Clostridia;o__Clostridiales;f__Clostridiaceae;g__Clostridiaceae_unclassified;s__Clostridiaceae_bacterium_NSJ_33,dropped
k__Bacteria;p__Firmicutes;c__Clostridia;o__Clostridiales;f__Clostridiaceae;g__Clostridium;s__Clostridium_SGB4751,dropped
k__Bacteria;p__Firmicutes;c__Clostridia;o__Clostridiales;f__Clostridiaceae;g__Clostridium;s__Clostridium_baratii,dropped
k__Bacteria;p__Firmicutes;c__Clostridia;o__Clostridiales;f__Clostridiaceae;g__Clostridium;s__Clostridium_butyricum,dropped
k__Bacteria;p__Firmicutes;c__Clostridia;o__Clostridiales;f__Clostridiaceae;g__Clostridium;s__Clostridium_cadaveris,dropped
k__Bacteria;p__Firmicutes;c__Clostridia;o__Clostridiales;f__Clostridiaceae;g__Clostridium;s__Clostridium_celatum,dropped
k__Bacteria;p__Firmicutes;c__Clostridia;o__Clostridiales;f__Clostridiaceae;g__Clostridium;s__Clostridium_jeddahense,dropped
k__Bacteria;p__Firmicutes;c__Clostridia;o__Clostridiales;f__Clostridiaceae;g__Clostridium;s__Clostridium_neonatale,dropped
k__Bacteria;p__Firmicutes;c__Clostridia;o__Clostridiales;f__Clostridiaceae;g__Clostridium;s__Clostridium_perfringens,dropped
k__Bacteria;p__Firmicutes;c__Clostridia;o__Clostridiales;f__Clostridiaceae;g__Clostridium;s__Clostridium_polynesiense,dropped
k__Bacteria;p__Firmicutes;c__Clostridia;o__Clostridiales;f__Clostridiaceae;g__Clostridium;s__Clostridium_sartagoforme,dropped
k__Bacteria;p__Firmicutes;c__Clostridia;o__Clostridiales;f__Clostridiaceae;g__Clostridium;s__Clostridium_septicum,dropped
k__Bacteria;p__Firmicutes;c__Clostridia;o__Clostridiales;f__Clostridiaceae;g__Clostridium;s__Clostridium_sp_AF32_12BH,dropped
k__Bacteria;p__Firmicutes;c__Clostridia;o__Clostridiales;f__Clostridiaceae;g__Clostridium;s__Clostridium_sp_AM42_4,dropped
k__Bacteria;p__Firmicutes;c__Clostridia;o__Clostridiales;f__Clostridiaceae;g__Clostridium;s__Clostridium_sp_AM58_1XD,dropped
k__Bacteria;p__Firmicutes;c__Clostridia;o__Clostridiales;f__Clostridiaceae;g__Clostridium;s__Clostridium_sp_C5_48,dropped
k__Bacteria;p__Firmicutes;c__Clostridia;o__Clostridiales;f__Clostridiaceae;g__Clostridium;s__Clostridium_sp_CL_2,dropped
k__Bacteria;p__Firmicutes;c__Clostridia;o__Clostridiales;f__Clostridiaceae;g__Clostridium;s__Clostridium_sp_CL_6,dropped
k__Bacteria;p__Firmicutes;c__Clostridia;o__Clostridiales;f__Clostridiaceae;g__Clostridium;s__Clostridium_sp_SN20,dropped
k__Bacteria;p__Firmicutes;c__Clostridia;o__Clostridiales;f__Clostridiaceae;g__Clostridium;s__Clostridium_sp_SY8519,dropped
k__Bacteria;p__Firmicutes;c__Clostridia;o__Clostridiales;f__Clostridiaceae;g__Clostridium;s__Clostridium_sp_WCA_389_WT_23D1,dropped
k__Bacteria;p__Firmicutes;c__Clostridia;o__Clostridiales;f__Clostridiaceae;g__Clostridium;s__Clostridium_sp_chh4_2,dropped
k__Bacteria;p__Firmicutes;c__Clostridia;o__Clostridiales;f__Clostridiaceae;g__Clostridium;s__Clostridium_tertium,dropped
k__Bacteria;p__Firmicutes;c__Clostridia;o__Clostridiales;f__Clostridiaceae;g__Clostridium;s__Clostridium_transplantifaecale,dropped
k__Bacteria;p__Firmicutes;c__Clostridia;o__Clostridiales;f__Clostridiaceae;g__Clostridium;s__Clostridium_ventriculi,dropped
k__Bacteria;p__Firmicutes;c__Clostridia;o__Clostridiales;f__Clostridiaceae;g__GGB3478,dropped
k__Bacteria;p__Firmicutes;c__Clostridia;o__Clostridiales;f__Clostridiaceae;g__GGB3478;s__GGB3478_SGB4643,dropped
k__Bacteria;p__Firmicutes;c__Clostridia;o__Clostridiales;f__Clostridiaceae;g__GGB3486,dropped
k__Bacteria;p__Firmicutes;c__Clostridia;o__Clostridiales;f__Clostridiaceae;g__GGB3486;s__GGB3486_SGB4658,dropped
k__Bacteria;p__Firmicutes;c__Clostridia;o__Clostridiales;f__Clostridiaceae;g__GGB3528,dropped
k__Bacteria;p__Firmicutes;c__Clostridia;o__Clostridiales;f__Clostridiaceae;g__GGB3528;s__GGB3528_SGB4713,dropped
k__Bacteria;p__Firmicutes;c__Clostridia;o__Clostridiales;f__Clostridiaceae;g__GGB3532,dropped
k__Bacteria;p__Firmicutes;c__Clostridia;o__Clostridiales;f__Clostridiaceae;g__GGB3532;s__GGB3532_SGB4720,dropped
k__Bacteria;p__Firmicutes;c__Clostridia;o__Clostridiales;f__Clostridiaceae;g__GGB4482;s__GGB4482_SGB6176,dropped
k__Bacteria;p__Firmicutes;c__Clostridia;o__Clostridiales;f__Clostridiaceae;g__GGB4482;s__GGB4482_SGB6177,dropped
k__Bacteria;p__Firmicutes;c__Clostridia;o__Clostridiales;f__Clostridiaceae;g__GGB4487,dropped
k__Bacteria;p__Firmicutes;c__Clostridia;o__Clostridiales;f__Clostridiaceae;g__GGB4487;s__GGB4487_SGB6184,dropped
k__Bacteria;p__Firmicutes;c__Clostridia;o__Clostridiales;f__Clostridiaceae;g__GGB4491,dropped
k__Bacteria;p__Firmicutes;c__Clostridia;o__Clostridiales;f__Clostridiaceae;g__GGB4491;s__GGB4491_SGB6188,dropped
k__Bacteria;p__Firmicutes;c__Clostridia;o__Clostridiales;f__Clostridiaceae;g__GGB9574,dropped
k__Bacteria;p__Firmicutes;c__Clostridia;o__Clostridiales;f__Clostridiaceae;g__GGB9574;s__GGB9574_SGB14987,dropped
k__Bacteria;p__Firmicutes;c__Clostridia;o__Clostridiales;f__Clostridiaceae;g__GGB9580,dropped
k__Bacteria;p__Firmicutes;c__Clostridia;o__Clostridiales;f__Clostridiaceae;g__GGB9580;s__GGB9580_SGB14996,dropped
k__Bacteria;p__Firmicutes;c__Clostridia;o__Clostridiales;f__Clostridiaceae;g__GGB9580;s__GGB9580_SGB14998,dropped
k__Bacteria;p__Firmicutes;c__Clostridia;o__Clostridiales;f__Clostridiaceae;g__Lactonifactor;s__Lactonifactor_longoviformis,dropped
k__Bacteria;p__Firmicutes;c__Clostridia;o__Clostridiales;f__Clostridiaceae;g__Lactonifactor;s__Lactonifactor_sp_BIOML_A6,dropped
k__Bacteria;p__Firmicutes;c__Clostridia;o__Clostridiales;f__Clostridiales_Family_XIII_Incertae_Sedis;g__Alterileibacterium,dropped
k__Bacteria;p__Firmicutes;c__Clostridia;o__Clostridiales;f__Clostridiales_Family_XIII_Incertae_Sedis;g__Alterileibacterium;s__Alterileibacterium_massiliense,dropped
k__Bacteria;p__Firmicutes;c__Clostridia;o__Clostridiales;f__Clostridiales_Family_XIII_Incertae_Sedis;g__Bacilliculturomica,dropped
k__Bacteria;p__Firmicutes;c__Clostridia;o__Clostridiales;f__Clostridiales_Family_XIII_Incertae_Sedis;g__Bacilliculturomica;s__Bacilliculturomica_massiliensis,dropped
k__Bacteria;p__Firmicutes;c__Clostridia;o__Clostridiales;f__Clostridiales_Family_XIII_Incertae_Sedis;g__Clostridiales_Family_XIII_Incertae_Sedis_unclassified;s__Clostridiales_Family_XIII_bacterium_RF_744_FAT_WT_3,dropped
k__Bacteria;p__Firmicutes;c__Clostridia;o__Clostridiales;f__Clostridiales_Family_XIII_Incertae_Sedis;g__Clostridiales_Family_XIII_Incertae_Sedis_unclassified;s__Clostridiales_Family_XIII_bacterium_WCA_MUC_591_APC_4B,dropped
k__Bacteria;p__Firmicutes;c__Clostridia;o__Clostridiales;f__Clostridiales_Family_XIII_Incertae_Sedis;g__Clostridiales_Family_XIII_Incertae_Sedis_unclassified;s__Clostridiales_bacterium_S5_A14a,dropped
k__Bacteria;p__Firmicutes;c__Clostridia;o__Clostridiales;f__Clostridiales_Family_XIII_Incertae_Sedis;g__Clostridiales_Family_XIII_Incertae_Sedis_unclassified;s__Eubacterium_brachy,dropped
k__Bacteria;p__Firmicutes;c__Clostridia;o__Clostridiales;f__Clostridiales_Family_XIII_Incertae_Sedis;g__Clostridiales_Family_XIII_Incertae_Sedis_unclassified;s__Eubacterium_infirmum,dropped
k__Bacteria;p__Firmicutes;c__Clostridia;o__Clostridiales;f__Clostridiales_Family_XIII_Incertae_Sedis;g__Clostridiales_Family_XIII_Incertae_Sedis_unclassified;s__Eubacterium_minutum,dropped
k__Bacteria;p__Firmicutes;c__Clostridia;o__Clostridiales;f__Clostridiales_Family_XIII_Incertae_Sedis;g__Clostridiales_Family_XIII_Incertae_Sedis_unclassified;s__Eubacterium_nodatum,dropped
k__Bacteria;p__Firmicutes;c__Clostridia;o__Clostridiales;f__Clostridiales_Family_XIII_Incertae_Sedis;g__Clostridiales_Family_XIII_Incertae_Sedis_unclassified;s__Eubacterium_saphenum,dropped
k__Bacteria;p__Firmicutes;c__Clostridia;o__Clostridiales;f__Clostridiales_Family_XIII_Incertae_Sedis;g__Emergencia,dropped
k__Bacteria;p__Firmicutes;c__Clostridia;o__Clostridiales;f__Clostridiales_Family_XIII_Incertae_Sedis;g__Emergencia;s__Emergencia_sp_1XD21_10,dropped
k__Bacteria;p__Firmicutes;c__Clostridia;o__Clostridiales;f__Clostridiales_Family_XIII_Incertae_Sedis;g__Emergencia;s__Emergencia_sp_1XD21_50,dropped
k__Bacteria;p__Firmicutes;c__Clostridia;o__Clostridiales;f__Clostridiales_Family_XIII_Incertae_Sedis;g__Emergencia;s__Emergencia_timonensis,dropped
k__Bacteria;p__Firmicutes;c__Clostridia;o__Clostridiales;f__Clostridiales_Family_XIII_Incertae_Sedis;g__Mobilibacterium,dropped
k__Bacteria;p__Firmicutes;c__Clostridia;o__Clostridiales;f__Clostridiales_Family_XIII_Incertae_Sedis;g__Mobilibacterium;s__Mobilibacterium_timonense,dropped
k__Bacteria;p__Firmicutes;c__Clostridia;o__Clostridiales;f__Clostridiales_Family_XIII_Incertae_Sedis;g__Mogibacterium;s__Mogibacterium_pumilum,dropped
k__Bacteria;p__Firmicutes;c__Clostridia;o__Clostridiales;f__Clostridiales_Family_XIII_Incertae_Sedis;g__Mogibacterium;s__Mogibacterium_timidum,dropped
k__Bacteria;p__Firmicutes;c__Clostridia;o__Clostridiales;f__Clostridiales_unclassified;g__Clostridiales_unclassified;s__Bacteroides_pectinophilus,dropped
k__Bacteria;p__Firmicutes;c__Clostridia;o__Clostridiales;f__Clostridiales_unclassified;g__Clostridiales_unclassified;s__Clostridiales_bacterium_1_7_47FAA,dropped
k__Bacteria;p__Firmicutes;c__Clostridia;o__Clostridiales;f__Clostridiales_unclassified;g__Clostridiales_unclassified;s__Clostridiales_bacterium_CHKCI006,dropped
k__Bacteria;p__Firmicutes;c__Clostridia;o__Clostridiales;f__Clostridiales_unclassified;g__Clostridiales_unclassified;s__Clostridiales_bacterium_KA00274,dropped
k__Bacteria;p__Firmicutes;c__Clostridia;o__Clostridiales;f__Clostridiales_unclassified;g__Clostridiales_unclassified;s__Clostridiales_bacterium_Marseille_P2846,dropped
k__Bacteria;p__Firmicutes;c__Clostridia;o__Clostridiales;f__Clostridiales_unclassified;g__Clostridiales_unclassified;s__Clostridiales_bacterium_Marseille_P5551,dropped
k__Bacteria;p__Firmicutes;c__Clostridia;o__Clostridiales;f__Clostridiales_unclassified;g__Clostridiales_unclassified;s__Clostridiales_bacterium_UBA1390,dropped
k__Bacteria;p__Firmicutes;c__Clostridia;o__Clostridiales;f__Clostridiales_unclassified;g__Clostridiales_unclassified;s__Clostridiales_unclassified_SGB15148,dropped
k__Bacteria;p__Firmicutes;c__Clostridia;o__Clostridiales;f__Clostridiales_unclassified;g__Fenollaria;s__Fenollaria_massiliensis,dropped
k__Bacteria;p__Firmicutes;c__Clostridia;o__Clostridiales;f__Clostridiales_unclassified;g__Lawsonibacter;s__Lawsonibacter_sp_NSJ_52,dropped
k__Bacteria;p__Firmicutes;c__Clostridia;o__Clostridiales;f__Clostridiales_unclassified;g__Levyella,dropped
k__Bacteria;p__Firmicutes;c__Clostridia;o__Clostridiales;f__Clostridiales_unclassified;g__Levyella;s__Levyella_massiliensis,dropped
k__Bacteria;p__Firmicutes;c__Clostridia;o__Clostridiales;f__Clostridiales_unclassified;g__Massilistercora,dropped
k__Bacteria;p__Firmicutes;c__Clostridia;o__Clostridiales;f__Clostridiales_unclassified;g__Massilistercora;s__Massilistercora_timonensis,dropped
k__Bacteria;p__Firmicutes;c__Clostridia;o__Clostridiales;f__Clostridiales_unclassified;g__Monoglobus,dropped
k__Bacteria;p__Firmicutes;c__Clostridia;o__Clostridiales;f__Clostridiales_unclassified;g__Monoglobus;s__Monoglobus_pectinilyticus,dropped
k__Bacteria;p__Firmicutes;c__Clostridia;o__Clostridiales;f__Eubacteriaceae;g__Eubacteriaceae_unclassified;s__Eubacteriaceae_bacterium_CHKCI004,dropped
k__Bacteria;p__Firmicutes;c__Clostridia;o__Clostridiales;f__Eubacteriaceae;g__Eubacterium;s__Eubacterium_SGB74322,dropped
k__Bacteria;p__Firmicutes;c__Clostridia;o__Clostridiales;f__Eubacteriaceae;g__Eubacterium;s__Eubacterium_callanderi,dropped
k__Bacteria;p__Firmicutes;c__Clostridia;o__Clostridiales;f__Eubacteriaceae;g__Eubacterium;s__Eubacterium_coprostanoligenes,dropped
k__Bacteria;p__Firmicutes;c__Clostridia;o__Clostridiales;f__Eubacteriaceae;g__Eubacterium;s__Eubacterium_limosum,dropped
k__Bacteria;p__Firmicutes;c__Clostridia;o__Clostridiales;f__Eubacteriaceae;g__Eubacterium;s__Eubacterium_maltosivorans,dropped
k__Bacteria;p__Firmicutes;c__Clostridia;o__Clostridiales;f__Eubacteriaceae;g__Eubacterium;s__Eubacterium_sp_AF22_8LB,dropped
k__Bacteria;p__Firmicutes;c__Clostridia;o__Clostridiales;f__Eubacteriaceae;g__Eubacterium;s__Eubacterium_sp_An11,dropped
k__Bacteria;p__Firmicutes;c__Clostridia;o__Clostridiales;f__Eubacteriaceae;g__Eubacterium;s__Eubacterium_sp_ER2,dropped
k__Bacteria;p__Firmicutes;c__Clostridia;o__Clostridiales;f__Eubacteriaceae;g__Eubacterium;s__Eubacterium_sp_NSJ_61,dropped
k__Bacteria;p__Firmicutes;c__Clostridia;o__Clostridiales;f__Eubacteriaceae;g__GGB28645,dropped
k__Bacteria;p__Firmicutes;c__Clostridia;o__Clostridiales;f__Eubacteriaceae;g__GGB28645;s__GGB28645_SGB41268,dropped
k__Bacteria;p__Firmicutes;c__Clostridia;o__Clostridiales;f__Eubacteriaceae;g__GGB3725,dropped
k__Bacteria;p__Firmicutes;c__Clostridia;o__Clostridiales;f__Eubacteriaceae;g__GGB3725;s__GGB3725_SGB5055,dropped
k__Bacteria;p__Firmicutes;c__Clostridia;o__Clostridiales;f__Eubacteriaceae;g__GGB9778,dropped
k__Bacteria;p__Firmicutes;c__Clostridia;o__Clostridiales;f__Eubacteriaceae;g__GGB9778;s__GGB9778_SGB15398,dropped
k__Bacteria;p__Firmicutes;c__Clostridia;o__Clostridiales;f__Eubacteriaceae;g__Intestinibacillus;s__Intestinibacillus_massiliensis,dropped
k__Bacteria;p__Firmicutes;c__Clostridia;o__Clostridiales;f__Eubacteriaceae;g__Pseudoramibacter,dropped
k__Bacteria;p__Firmicutes;c__Clostridia;o__Clostridiales;f__Eubacteriaceae;g__Pseudoramibacter;s__Pseudoramibacter_alactolyticus,dropped
k__Bacteria;p__Firmicutes;c__Clostridia;o__Clostridiales;f__Lachnospiraceae;g__Anaerocolumna,dropped
k__Bacteria;p__Firmicutes;c__Clostridia;o__Clostridiales;f__Lachnospiraceae;g__Anaerocolumna;s__Anaerocolumna_aminovalerica,dropped
k__Bacteria;p__Firmicutes;c__Clostridia;o__Clostridiales;f__Lachnospiraceae;g__Anaerosporobacter,dropped
k__Bacteria;p__Firmicutes;c__Clostridia;o__Clostridiales;f__Lachnospiraceae;g__Anaerosporobacter;s__Anaerosporobacter_mobilis,dropped
k__Bacteria;p__Firmicutes;c__Clostridia;o__Clostridiales;f__Lachnospiraceae;g__Anaerostipes;s__Anaerostipes_rhamnosivorans,dropped
k__Bacteria;p__Firmicutes;c__Clostridia;o__Clostridiales;f__Lachnospiraceae;g__Anaerostipes;s__Anaerostipes_sp_494a,dropped
k__Bacteria;p__Firmicutes;c__Clostridia;o__Clostridiales;f__Lachnospiraceae;g__Anaerotignum;s__Anaerotignum_lactatifermentans,dropped
k__Bacteria;p__Firmicutes;c__Clostridia;o__Clostridiales;f__Lachnospiraceae;g__Bariatricus,dropped
k__Bacteria;p__Firmicutes;c__Clostridia;o__Clostridiales;f__Lachnospiraceae;g__Bariatricus;s__Bariatricus_massiliensis,dropped
k__Bacteria;p__Firmicutes;c__Clostridia;o__Clostridiales;f__Lachnospiraceae;g__Blautia;s__Blautia_SGB71764,dropped
k__Bacteria;p__Firmicutes;c__Clostridia;o__Clostridiales;f__Lachnospiraceae;g__Blautia;s__Blautia_argi,dropped
k__Bacteria;p__Firmicutes;c__Clostridia;o__Clostridiales;f__Lachnospiraceae;g__Blautia;s__Blautia_caecimuris,dropped
k__Bacteria;p__Firmicutes;c__Clostridia;o__Clostridiales;f__Lachnospiraceae;g__Blautia;s__Blautia_coccoides,dropped
k__Bacteria;p__Firmicutes;c__Clostridia;o__Clostridiales;f__Lachnospiraceae;g__Blautia;s__Blautia_hansenii,dropped
k__Bacteria;p__Firmicutes;c__Clostridia;o__Clostridiales;f__Lachnospiraceae;g__Blautia;s__Blautia_hominis,dropped
k__Bacteria;p__Firmicutes;c__Clostridia;o__Clostridiales;f__Lachnospiraceae;g__Blautia;s__Blautia_producta,dropped
k__Bacteria;p__Firmicutes;c__Clostridia;o__Clostridiales;f__Lachnospiraceae;g__Blautia;s__Blautia_sp_An249,dropped
k__Bacteria;p__Firmicutes;c__Clostridia;o__Clostridiales;f__Lachnospiraceae;g__Blautia;s__Blautia_sp_An81,dropped
k__Bacteria;p__Firmicutes;c__Clostridia;o__Clostridiales;f__Lachnospiraceae;g__Blautia;s__Blautia_sp_MSK_20_85,dropped
k__Bacteria;p__Firmicutes;c__Clostridia;o__Clostridiales;f__Lachnospiraceae;g__Blautia;s__Blautia_sp_MSK_21_1,dropped
k__Bacteria;p__Firmicutes;c__Clostridia;o__Clostridiales;f__Lachnospiraceae;g__Blautia;s__Blautia_sp_Marseille_P3201T,dropped
k__Bacteria;p__Firmicutes;c__Clostridia;o__Clostridiales;f__Lachnospiraceae;g__Butyrivibrio,dropped
k__Bacteria;p__Firmicutes;c__Clostridia;o__Clostridiales;f__Lachnospiraceae;g__Butyrivibrio;s__Butyrivibrio_crossotus,dropped
k__Bacteria;p__Firmicutes;c__Clostridia;o__Clostridiales;f__Lachnospiraceae;g__Catonella,dropped
k__Bacteria;p__Firmicutes;c__Clostridia;o__Clostridiales;f__Lachnospiraceae;g__Catonella;s__Catonella_morbi,dropped
k__Bacteria;p__Firmicutes;c__Clostridia;o__Clostridiales;f__Lachnospiraceae;g__Cellulosilyticum,dropped
k__Bacteria;p__Firmicutes;c__Clostridia;o__Clostridiales;f__Lachnospiraceae;g__Cellulosilyticum;s__Cellulosilyticum_lentocellum,dropped
k__Bacteria;p__Firmicutes;c__Clostridia;o__Clostridiales;f__Lachnospiraceae;g__Coprococcus;s__Coprococcus_SGB26904,dropped
k__Bacteria;p__Firmicutes;c__Clostridia;o__Clostridiales;f__Lachnospiraceae;g__Coprococcus;s__Coprococcus_SGB5116,dropped
k__Bacteria;p__Firmicutes;c__Clostridia;o__Clostridiales;f__Lachnospiraceae;g__Coprococcus;s__Coprococcus_SGB5119,dropped
k__Bacteria;p__Firmicutes;c__Clostridia;o__Clostridiales;f__Lachnospiraceae;g__Coprococcus;s__Coprococcus_sp_AF21_14LB,dropped
k__Bacteria;p__Firmicutes;c__Clostridia;o__Clostridiales;f__Lachnospiraceae;g__Coprococcus;s__Coprococcus_sp_OM04_5BH,dropped
k__Bacteria;p__Firmicutes;c__Clostridia;o__Clostridiales;f__Lachnospiraceae;g__Cuneatibacter,dropped
k__Bacteria;p__Firmicutes;c__Clostridia;o__Clostridiales;f__Lachnospiraceae;g__Cuneatibacter;s__Cuneatibacter_caecimuris,dropped
k__Bacteria;p__Firmicutes;c__Clostridia;o__Clostridiales;f__Lachnospiraceae;g__Dorea;s__Dorea_phocaeensis,dropped
k__Bacteria;p__Firmicutes;c__Clostridia;o__Clostridiales;f__Lachnospiraceae;g__Dorea;s__Dorea_sp_D27,dropped
k__Bacteria;p__Firmicutes;c__Clostridia;o__Clostridiales;f__Lachnospiraceae;g__Eisenbergiella;s__Eisenbergiella_sp_OF01_20,dropped
k__Bacteria;p__Firmicutes;c__Clostridia;o__Clostridiales;f__Lachnospiraceae;g__Enterocloster;s__Enterocloster_asparagiformis,dropped
k__Bacteria;p__Firmicutes;c__Clostridia;o__Clostridiales;f__Lachnospiraceae;g__Extibacter,dropped
k__Bacteria;p__Firmicutes;c__Clostridia;o__Clostridiales;f__Lachnospiraceae;g__Extibacter;s__Extibacter_muris,dropped
k__Bacteria;p__Firmicutes;c__Clostridia;o__Clostridiales;f__Lachnospiraceae;g__Faecalicatena;s__Faecalicatena_orotica,dropped
k__Bacteria;p__Firmicutes;c__Clostridia;o__Clostridiales;f__Lachnospiraceae;g__Faecalimonas,dropped
k__Bacteria;p__Firmicutes;c__Clostridia;o__Clostridiales;f__Lachnospiraceae;g__Faecalimonas;s__Faecalimonas_umbilicata,dropped
k__Bacteria;p__Firmicutes;c__Clostridia;o__Clostridiales;f__Lachnospiraceae;g__Frisingicoccus,dropped
k__Bacteria;p__Firmicutes;c__Clostridia;o__Clostridiales;f__Lachnospiraceae;g__Frisingicoccus;s__Frisingicoccus_SGB4674,dropped
k__Bacteria;p__Firmicutes;c__Clostridia;o__Clostridiales;f__Lachnospiraceae;g__Frisingicoccus;s__Frisingicoccus_caecimuris,dropped
k__Bacteria;p__Firmicutes;c__Clostridia;o__Clostridiales;f__Lachnospiraceae;g__GGB13259,dropped
k__Bacteria;p__Firmicutes;c__Clostridia;o__Clostridiales;f__Lachnospiraceae;g__GGB13259;s__GGB13259_SGB20490,dropped
k__Bacteria;p__Firmicutes;c__Clostridia;o__Clostridiales;f__Lachnospiraceae;g__GGB13294,dropped
k__Bacteria;p__Firmicutes;c__Clostridia;o__Clostridiales;f__Lachnospiraceae;g__GGB13294;s__GGB13294_SGB20534,dropped
k__Bacteria;p__Firmicutes;c__Clostridia;o__Clostridiales;f__Lachnospiraceae;g__GGB25041,dropped
k__Bacteria;p__Firmicutes;c__Clostridia;o__Clostridiales;f__Lachnospiraceae;g__GGB25041;s__GGB25041_SGB36960,dropped
k__Bacteria;p__Firmicutes;c__Clostridia;o__Clostridiales;f__Lachnospiraceae;g__GGB25053,dropped
k__Bacteria;p__Firmicutes;c__Clostridia;o__Clostridiales;f__Lachnospiraceae;g__GGB25053;s__GGB25053_SGB36975,dropped
k__Bacteria;p__Firmicutes;c__Clostridia;o__Clostridiales;f__Lachnospiraceae;g__GGB28765,dropped
k__Bacteria;p__Firmicutes;c__Clostridia;o__Clostridiales;f__Lachnospiraceae;g__GGB28765;s__GGB28765_SGB41415,dropped
k__Bacteria;p__Firmicutes;c__Clostridia;o__Clostridiales;f__Lachnospiraceae;g__GGB28835,dropped
k__Bacteria;p__Firmicutes;c__Clostridia;o__Clostridiales;f__Lachnospiraceae;g__GGB28835;s__GGB28835_SGB41494,dropped
k__Bacteria;p__Firmicutes;c__Clostridia;o__Clostridiales;f__Lachnospiraceae;g__GGB28969,dropped
k__Bacteria;p__Firmicutes;c__Clostridia;o__Clostridiales;f__Lachnospiraceae;g__GGB28969;s__GGB28969_SGB41680,dropped
k__Bacteria;p__Firmicutes;c__Clostridia;o__Clostridiales;f__Lachnospiraceae;g__GGB29005,dropped
k__Bacteria;p__Firmicutes;c__Clostridia;o__Clostridiales;f__Lachnospiraceae;g__GGB29005;s__GGB29005_SGB41723,dropped
k__Bacteria;p__Firmicutes;c__Clostridia;o__Clostridiales;f__Lachnospiraceae;g__GGB3394,dropped
k__Bacteria;p__Firmicutes;c__Clostridia;o__Clostridiales;f__Lachnospiraceae;g__GGB3394;s__GGB3394_SGB4498,dropped
k__Bacteria;p__Firmicutes;c__Clostridia;o__Clostridiales;f__Lachnospiraceae;g__GGB3420,dropped
k__Bacteria;p__Firmicutes;c__Clostridia;o__Clostridiales;f__Lachnospiraceae;g__GGB3420;s__GGB3420_SGB4539,dropped
k__Bacteria;p__Firmicutes;c__Clostridia;o__Clostridiales;f__Lachnospiraceae;g__GGB3424,dropped
k__Bacteria;p__Firmicutes;c__Clostridia;o__Clostridiales;f__Lachnospiraceae;g__GGB3424;s__GGB3424_SGB4551,dropped
k__Bacteria;p__Firmicutes;c__Clostridia;o__Clostridiales;f__Lachnospiraceae;g__GGB3433,dropped
k__Bacteria;p__Firmicutes;c__Clostridia;o__Clostridiales;f__Lachnospiraceae;g__GGB3433;s__GGB3433_SGB4573,dropped
k__Bacteria;p__Firmicutes;c__Clostridia;o__Clostridiales;f__Lachnospiraceae;g__GGB3463,dropped
k__Bacteria;p__Firmicutes;c__Clostridia;o__Clostridiales;f__Lachnospiraceae;g__GGB3463;s__GGB3463_SGB4621,dropped
k__Bacteria;p__Firmicutes;c__Clostridia;o__Clostridiales;f__Lachnospiraceae;g__GGB3474,dropped
k__Bacteria;p__Firmicutes;c__Clostridia;o__Clostridiales;f__Lachnospiraceae;g__GGB3474;s__GGB3474_SGB4637,dropped
k__Bacteria;p__Firmicutes;c__Clostridia;o__Clostridiales;f__Lachnospiraceae;g__GGB3523;s__GGB3523_SGB4702,dropped
k__Bacteria;p__Firmicutes;c__Clostridia;o__Clostridiales;f__Lachnospiraceae;g__GGB3523;s__GGB3523_SGB4703,dropped
k__Bacteria;p__Firmicutes;c__Clostridia;o__Clostridiales;f__Lachnospiraceae;g__GGB3569,dropped
k__Bacteria;p__Firmicutes;c__Clostridia;o__Clostridiales;f__Lachnospiraceae;g__GGB3569;s__GGB3569_SGB4776,dropped
k__Bacteria;p__Firmicutes;c__Clostridia;o__Clostridiales;f__Lachnospiraceae;g__GGB3583,dropped
k__Bacteria;p__Firmicutes;c__Clostridia;o__Clostridiales;f__Lachnospiraceae;g__GGB3583;s__GGB3583_SGB4799,dropped
k__Bacteria;p__Firmicutes;c__Clostridia;o__Clostridiales;f__Lachnospiraceae;g__GGB3606,dropped
k__Bacteria;p__Firmicutes;c__Clostridia;o__Clostridiales;f__Lachnospiraceae;g__GGB3606;s__GGB3606_SGB4870,dropped
k__Bacteria;p__Firmicutes;c__Clostridia;o__Clostridiales;f__Lachnospiraceae;g__GGB3617,dropped
k__Bacteria;p__Firmicutes;c__Clostridia;o__Clostridiales;f__Lachnospiraceae;g__GGB3617;s__GGB3617_SGB4891,dropped
k__Bacteria;p__Firmicutes;c__Clostridia;o__Clostridiales;f__Lachnospiraceae;g__GGB3623,dropped
k__Bacteria;p__Firmicutes;c__Clostridia;o__Clostridiales;f__Lachnospiraceae;g__GGB3623;s__GGB3623_SGB20516,dropped
k__Bacteria;p__Firmicutes;c__Clostridia;o__Clostridiales;f__Lachnospiraceae;g__GGB3623;s__GGB3623_SGB4900,dropped
k__Bacteria;p__Firmicutes;c__Clostridia;o__Clostridiales;f__Lachnospiraceae;g__GGB3632,dropped
k__Bacteria;p__Firmicutes;c__Clostridia;o__Clostridiales;f__Lachnospiraceae;g__GGB3632;s__GGB3632_SGB4920,dropped
k__Bacteria;p__Firmicutes;c__Clostridia;o__Clostridiales;f__Lachnospiraceae;g__GGB3632;s__GGB3632_SGB4921,dropped
k__Bacteria;p__Firmicutes;c__Clostridia;o__Clostridiales;f__Lachnospiraceae;g__GGB3636,dropped
k__Bacteria;p__Firmicutes;c__Clostridia;o__Clostridiales;f__Lachnospiraceae;g__GGB3636;s__GGB3636_SGB4929,dropped
k__Bacteria;p__Firmicutes;c__Clostridia;o__Clostridiales;f__Lachnospiraceae;g__GGB3637,dropped
k__Bacteria;p__Firmicutes;c__Clostridia;o__Clostridiales;f__Lachnospiraceae;g__GGB3637;s__GGB3637_SGB4930,dropped
k__Bacteria;p__Firmicutes;c__Clostridia;o__Clostridiales;f__Lachnospiraceae;g__GGB3640,dropped
k__Bacteria;p__Firmicutes;c__Clostridia;o__Clostridiales;f__Lachnospiraceae;g__GGB3640;s__GGB3640_SGB4937,dropped
k__Bacteria;p__Firmicutes;c__Clostridia;o__Clostridiales;f__Lachnospiraceae;g__GGB3643,dropped
k__Bacteria;p__Firmicutes;c__Clostridia;o__Clostridiales;f__Lachnospiraceae;g__GGB3643;s__GGB3643_SGB4948,dropped
k__Bacteria;p__Firmicutes;c__Clostridia;o__Clostridiales;f__Lachnospiraceae;g__GGB3664,dropped
k__Bacteria;p__Firmicutes;c__Clostridia;o__Clostridiales;f__Lachnospiraceae;g__GGB3664;s__GGB3664_SGB4976,dropped
k__Bacteria;p__Firmicutes;c__Clostridia;o__Clostridiales;f__Lachnospiraceae;g__GGB3677,dropped
k__Bacteria;p__Firmicutes;c__Clostridia;o__Clostridiales;f__Lachnospiraceae;g__GGB3677;s__GGB3677_SGB4990,dropped
k__Bacteria;p__Firmicutes;c__Clostridia;o__Clostridiales;f__Lachnospiraceae;g__GGB3678,dropped
k__Bacteria;p__Firmicutes;c__Clostridia;o__Clostridiales;f__Lachnospiraceae;g__GGB3678;s__GGB3678_SGB4992,dropped
k__Bacteria;p__Firmicutes;c__Clostridia;o__Clostridiales;f__Lachnospiraceae;g__GGB3733,dropped
k__Bacteria;p__Firmicutes;c__Clostridia;o__Clostridiales;f__Lachnospiraceae;g__GGB3733;s__GGB3733_SGB5066,dropped
k__Bacteria;p__Firmicutes;c__Clostridia;o__Clostridiales;f__Lachnospiraceae;g__GGB3737,dropped
k__Bacteria;p__Firmicutes;c__Clostridia;o__Clostridiales;f__Lachnospiraceae;g__GGB3737;s__GGB3737_SGB5071,dropped
k__Bacteria;p__Firmicutes;c__Clostridia;o__Clostridiales;f__Lachnospiraceae;g__GGB3738,dropped
k__Bacteria;p__Firmicutes;c__Clostridia;o__Clostridiales;f__Lachnospiraceae;g__GGB3738;s__GGB3738_SGB5072,dropped
k__Bacteria;p__Firmicutes;c__Clostridia;o__Clostridiales;f__Lachnospiraceae;g__GGB3743,dropped
k__Bacteria;p__Firmicutes;c__Clostridia;o__Clostridiales;f__Lachnospiraceae;g__GGB3743;s__GGB3743_SGB5086,dropped
k__Bacteria;p__Firmicutes;c__Clostridia;o__Clostridiales;f__Lachnospiraceae;g__GGB3751,dropped
k__Bacteria;p__Firmicutes;c__Clostridia;o__Clostridiales;f__Lachnospiraceae;g__GGB3751;s__GGB3751_SGB5098,dropped
k__Bacteria;p__Firmicutes;c__Clostridia;o__Clostridiales;f__Lachnospiraceae;g__GGB3751;s__GGB3751_SGB5099,dropped
k__Bacteria;p__Firmicutes;c__Clostridia;o__Clostridiales;f__Lachnospiraceae;g__GGB3753,dropped
k__Bacteria;p__Firmicutes;c__Clostridia;o__Clostridiales;f__Lachnospiraceae;g__GGB3753;s__GGB3753_SGB5101,dropped
k__Bacteria;p__Firmicutes;c__Clostridia;o__Clostridiales;f__Lachnospiraceae;g__GGB3859,dropped
k__Bacteria;p__Firmicutes;c__Clostridia;o__Clostridiales;f__Lachnospiraceae;g__GGB3859;s__GGB3859_SGB5234,dropped
k__Bacteria;p__Firmicutes;c__Clostridia;o__Clostridiales;f__Lachnospiraceae;g__GGB3862,dropped
k__Bacteria;p__Firmicutes;c__Clostridia;o__Clostridiales;f__Lachnospiraceae;g__GGB3862;s__GGB3862_SGB5239,dropped
k__Bacteria;p__Firmicutes;c__Clostridia;o__Clostridiales;f__Lachnospiraceae;g__GGB3887,dropped
k__Bacteria;p__Firmicutes;c__Clostridia;o__Clostridiales;f__Lachnospiraceae;g__GGB3887;s__GGB3887_SGB5270,dropped
k__Bacteria;p__Firmicutes;c__Clostridia;o__Clostridiales;f__Lachnospiraceae;g__Lachnoanaerobaculum,dropped
k__Bacteria;p__Firmicutes;c__Clostridia;o__Clostridiales;f__Lachnospiraceae;g__Lachnoanaerobaculum;s__Lachnoanaerobaculum_orale,dropped
k__Bacteria;p__Firmicutes;c__Clostridia;o__Clostridiales;f__Lachnospiraceae;g__Lachnoanaerobaculum;s__Lachnoanaerobaculum_sp_ICM7,dropped
k__Bacteria;p__Firmicutes;c__Clostridia;o__Clostridiales;f__Lachnospiraceae;g__Lachnoanaerobaculum;s__Lachnoanaerobaculum_umeaense,dropped
k__Bacteria;p__Firmicutes;c__Clostridia;o__Clostridiales;f__Lachnospiraceae;g__Lachnoclostridium;s__Clostridium_hylemonae,dropped
k__Bacteria;p__Firmicutes;c__Clostridia;o__Clostridiales;f__Lachnospiraceae;g__Lachnoclostridium;s__Lachnoclostridium_SGB4598,dropped
k__Bacteria;p__Firmicutes;c__Clostridia;o__Clostridiales;f__Lachnospiraceae;g__Lachnoclostridium;s__Lachnoclostridium_SGB59850,dropped
k__Bacteria;p__Firmicutes;c__Clostridia;o__Clostridiales;f__Lachnospiraceae;g__Lachnoclostridium;s__Lachnoclostridium_edouardi,dropped
k__Bacteria;p__Firmicutes;c__Clostridia;o__Clostridiales;f__Lachnospiraceae;g__Lachnoclostridium;s__Lachnoclostridium_sp_An118,dropped
k__Bacteria;p__Firmicutes;c__Clostridia;o__Clostridiales;f__Lachnospiraceae;g__Lachnoclostridium;s__Lachnoclostridium_sp_An14,dropped
k__Bacteria;p__Firmicutes;c__Clostridia;o__Clostridiales;f__Lachnospiraceae;g__Lachnoclostridium;s__Lachnoclostridium_sp_An169,dropped
k__Bacteria;p__Firmicutes;c__Clostridia;o__Clostridiales;f__Lachnospiraceae;g__Lachnoclostridium;s__Lachnoclostridium_sp_An196,dropped
k__Bacteria;p__Firmicutes;c__Clostridia;o__Clostridiales;f__Lachnospiraceae;g__Lachnoclostridium;s__Lachnoclostridium_sp_An298,dropped
k__Bacteria;p__Firmicutes;c__Clostridia;o__Clostridiales;f__Lachnospiraceae;g__Lachnoclostridium;s__Lachnoclostridium_sp_An76,dropped
k__Bacteria;p__Firmicutes;c__Clostridia;o__Clostridiales;f__Lachnospiraceae;g__Lachnoclostridium;s__Lachnoclostridium_sp_Marseille_P6806,dropped
k__Bacteria;p__Firmicutes;c__Clostridia;o__Clostridiales;f__Lachnospiraceae;g__Lachnospiraceae_unclassified;s__Lachnospiraceae_bacterium_2_1_46FAA,dropped
k__Bacteria;p__Firmicutes;c__Clostridia;o__Clostridiales;f__Lachnospiraceae;g__Lachnospiraceae_unclassified;s__Lachnospiraceae_bacterium_KM106_2,dropped
k__Bacteria;p__Firmicutes;c__Clostridia;o__Clostridiales;f__Lachnospiraceae;g__Lachnospiraceae_unclassified;s__Lachnospiraceae_bacterium_MD308,dropped
k__Bacteria;p__Firmicutes;c__Clostridia;o__Clostridiales;f__Lachnospiraceae;g__Lachnospiraceae_unclassified;s__Lachnospiraceae_bacterium_NSJ_38,dropped
k__Bacteria;p__Firmicutes;c__Clostridia;o__Clostridiales;f__Lachnospiraceae;g__Lachnospiraceae_unclassified;s__Lachnospiraceae_bacterium_UBA1818,dropped
k__Bacteria;p__Firmicutes;c__Clostridia;o__Clostridiales;f__Lachnospiraceae;g__Lachnospiraceae_unclassified;s__Lachnospiraceae_bacterium_WCA_693_APC_MOT_I,dropped
k__Bacteria;p__Firmicutes;c__Clostridia;o__Clostridiales;f__Lachnospiraceae;g__Lachnospiraceae_unclassified;s__Lachnospiraceae_bacterium_oral_taxon_500,dropped
k__Bacteria;p__Firmicutes;c__Clostridia;o__Clostridiales;f__Lachnospiraceae;g__Lachnospiraceae_unclassified;s__Lachnospiraceae_unclassified_SGB20550,dropped
k__Bacteria;p__Firmicutes;c__Clostridia;o__Clostridiales;f__Lachnospiraceae;g__Lachnospiraceae_unclassified;s__Lachnospiraceae_unclassified_SGB26919,dropped
k__Bacteria;p__Firmicutes;c__Clostridia;o__Clostridiales;f__Lachnospiraceae;g__Lachnospiraceae_unclassified;s__Lachnospiraceae_unclassified_SGB41402,dropped
k__Bacteria;p__Firmicutes;c__Clostridia;o__Clostridiales;f__Lachnospiraceae;g__Lachnospiraceae_unclassified;s__Lachnospiraceae_unclassified_SGB4890,dropped
k__Bacteria;p__Firmicutes;c__Clostridia;o__Clostridiales;f__Lachnospiraceae;g__Lachnospiraceae_unclassified;s__Lachnospiraceae_unclassified_SGB4892,dropped
k__Bacteria;p__Firmicutes;c__Clostridia;o__Clostridiales;f__Lachnospiraceae;g__Lachnospiraceae_unclassified;s__Lachnospiraceae_unclassified_SGB4924,dropped
k__Bacteria;p__Firmicutes;c__Clostridia;o__Clostridiales;f__Lachnospiraceae;g__Lachnospiraceae_unclassified;s__Lachnospiraceae_unclassified_SGB5063,dropped
k__Bacteria;p__Firmicutes;c__Clostridia;o__Clostridiales;f__Lachnospiraceae;g__Lachnospiraceae_unclassified;s__Lachnospiraceae_unclassified_SGB5104,dropped
k__Bacteria;p__Firmicutes;c__Clostridia;o__Clostridiales;f__Lachnospiraceae;g__Lachnospiraceae_unclassified;s__Lachnospiraceae_unclassified_SGB5205,dropped
k__Bacteria;p__Firmicutes;c__Clostridia;o__Clostridiales;f__Lachnospiraceae;g__Lachnospiraceae_unclassified;s__Lachnospiraceae_unclassified_SGB66069,dropped
k__Bacteria;p__Firmicutes;c__Clostridia;o__Clostridiales;f__Lachnospiraceae;g__Lachnospiraceae_unclassified;s__Lachnospiraceae_unclassified_SGB71704,dropped
k__Bacteria;p__Firmicutes;c__Clostridia;o__Clostridiales;f__Lachnospiraceae;g__Marvinbryantia;s__Marvinbryantia_formatexigens,dropped
k__Bacteria;p__Firmicutes;c__Clostridia;o__Clostridiales;f__Lachnospiraceae;g__Mediterraneibacter;s__Mediterraneibacter_SGB4586,dropped
k__Bacteria;p__Firmicutes;c__Clostridia;o__Clostridiales;f__Lachnospiraceae;g__Mediterraneibacter;s__Mediterraneibacter_sp_NSJ_55,dropped
k__Bacteria;p__Firmicutes;c__Clostridia;o__Clostridiales;f__Lachnospiraceae;g__Merdimonas,dropped
k__Bacteria;p__Firmicutes;c__Clostridia;o__Clostridiales;f__Lachnospiraceae;g__Merdimonas;s__Merdimonas_faecis,dropped
k__Bacteria;p__Firmicutes;c__Clostridia;o__Clostridiales;f__Lachnospiraceae;g__Murimonas,dropped
k__Bacteria;p__Firmicutes;c__Clostridia;o__Clostridiales;f__Lachnospiraceae;g__Murimonas;s__Murimonas_intestini,dropped
k__Bacteria;p__Firmicutes;c__Clostridia;o__Clostridiales;f__Lachnospiraceae;g__Oribacterium;s__Oribacterium_SGB5283,dropped
k__Bacteria;p__Firmicutes;c__Clostridia;o__Clostridiales;f__Lachnospiraceae;g__Oribacterium;s__Oribacterium_asaccharolyticum,dropped
k__Bacteria;p__Firmicutes;c__Clostridia;o__Clostridiales;f__Lachnospiraceae;g__Oribacterium;s__Oribacterium_sinus,dropped
k__Bacteria;p__Firmicutes;c__Clostridia;o__Clostridiales;f__Lachnospiraceae;g__Oribacterium;s__Oribacterium_sp_oral_taxon_078,dropped
k__Bacteria;p__Firmicutes;c__Clostridia;o__Clostridiales;f__Lachnospiraceae;g__Oribacterium;s__Oribacterium_sp_oral_taxon_102,dropped
k__Bacteria;p__Firmicutes;c__Clostridia;o__Clostridiales;f__Lachnospiraceae;g__Robinsoniella,dropped
k__Bacteria;p__Firmicutes;c__Clostridia;o__Clostridiales;f__Lachnospiraceae;g__Robinsoniella;s__Robinsoniella_peoriensis,dropped
k__Bacteria;p__Firmicutes;c__Clostridia;o__Clostridiales;f__Lachnospiraceae;g__Roseburia;s__Roseburia_SGB4939,dropped
k__Bacteria;p__Firmicutes;c__Clostridia;o__Clostridiales;f__Lachnospiraceae;g__Roseburia;s__Roseburia_SGB4949,dropped
k__Bacteria;p__Firmicutes;c__Clostridia;o__Clostridiales;f__Lachnospiraceae;g__Roseburia;s__Roseburia_SGB4958,dropped
k__Bacteria;p__Firmicutes;c__Clostridia;o__Clostridiales;f__Lachnospiraceae;g__Roseburia;s__Roseburia_sp_499,dropped
k__Bacteria;p__Firmicutes;c__Clostridia;o__Clostridiales;f__Lachnospiraceae;g__Roseburia;s__Roseburia_sp_831b,dropped
k__Bacteria;p__Firmicutes;c__Clostridia;o__Clostridiales;f__Lachnospiraceae;g__Roseburia;s__Roseburia_sp_AM23_20,dropped
k__Bacteria;p__Firmicutes;c__Clostridia;o__Clostridiales;f__Lachnospiraceae;g__Roseburia;s__Roseburia_sp_MUC_MUC_530_WT_4D,dropped
k__Bacteria;p__Firmicutes;c__Clostridia;o__Clostridiales;f__Lachnospiraceae;g__Shuttleworthia,dropped
k__Bacteria;p__Firmicutes;c__Clostridia;o__Clostridiales;f__Lachnospiraceae;g__Shuttleworthia;s__Shuttleworthia_satelles,dropped
k__Bacteria;p__Firmicutes;c__Clostridia;o__Clostridiales;f__Lachnospiraceae;g__Stomatobaculum,dropped
k__Bacteria;p__Firmicutes;c__Clostridia;o__Clostridiales;f__Lachnospiraceae;g__Stomatobaculum;s__Stomatobaculum_SGB5266,dropped
k__Bacteria;p__Firmicutes;c__Clostridia;o__Clostridiales;f__Lachnospiraceae;g__Stomatobaculum;s__Stomatobaculum_longum,dropped
k__Bacteria;p__Firmicutes;c__Clostridia;o__Clostridiales;f__Lachnospiraceae;g__Tyzzerella;s__Tyzzerella_sp_An114,dropped
k__Bacteria;p__Firmicutes;c__Clostridia;o__Clostridiales;f__Oscillospiraceae;g__Oscillibacter;s__Oscillibacter_sp_NSJ_62,dropped
k__Bacteria;p__Firmicutes;c__Clostridia;o__Clostridiales;f__Oscillospiraceae;g__Oscillibacter;s__Oscillibacter_sp_PC13,dropped
k__Bacteria;p__Firmicutes;c__Clostridia;o__Clostridiales;f__Oscillospiraceae;g__Oscillospiraceae_unclassified;s__Oscillospiraceae_bacterium_LBM18003,dropped
k__Bacteria;p__Firmicutes;c__Clostridia;o__Clostridiales;f__Oscillospiraceae;g__Oscillospiraceae_unclassified;s__Oscillospiraceae_bacterium_N12,dropped
k__Bacteria;p__Firmicutes;c__Clostridia;o__Clostridiales;f__Oscillospiraceae;g__Oscillospiraceae_unclassified;s__Oscillospiraceae_bacterium_NSJ_54,dropped
k__Bacteria;p__Firmicutes;c__Clostridia;o__Clostridiales;f__Peptococcaceae;g__Desulfotomaculum,dropped
k__Bacteria;p__Firmicutes;c__Clostridia;o__Clostridiales;f__Peptococcaceae;g__Desulfotomaculum;s__Desulfotomaculum_ruminis,dropped
k__Bacteria;p__Firmicutes;c__Clostridia;o__Clostridiales;f__Peptococcaceae;g__Peptococcus,dropped
k__Bacteria;p__Firmicutes;c__Clostridia;o__Clostridiales;f__Peptococcaceae;g__Peptococcus;s__Peptococcus_niger,dropped
k__Bacteria;p__Firmicutes;c__Clostridia;o__Clostridiales;f__Peptostreptococcaceae;g__Clostridioides,dropped
k__Bacteria;p__Firmicutes;c__Clostridia;o__Clostridiales;f__Peptostreptococcaceae;g__Clostridioides;s__Clostridioides_difficile,dropped
k__Bacteria;p__Firmicutes;c__Clostridia;o__Clostridiales;f__Peptostreptococcaceae;g__Criibacterium,dropped
k__Bacteria;p__Firmicutes;c__Clostridia;o__Clostridiales;f__Peptostreptococcaceae;g__Criibacterium;s__Criibacterium_bergeronii,dropped
k__Bacteria;p__Firmicutes;c__Clostridia;o__Clostridiales;f__Peptostreptococcaceae;g__Filifactor,dropped
k__Bacteria;p__Firmicutes;c__Clostridia;o__Clostridiales;f__Peptostreptococcaceae;g__Filifactor;s__Filifactor_alocis,dropped
k__Bacteria;p__Firmicutes;c__Clostridia;o__Clostridiales;f__Peptostreptococcaceae;g__Paeniclostridium,dropped
k__Bacteria;p__Firmicutes;c__Clostridia;o__Clostridiales;f__Peptostreptococcaceae;g__Paeniclostridium;s__Eubacterium_tenue,dropped
k__Bacteria;p__Firmicutes;c__Clostridia;o__Clostridiales;f__Peptostreptococcaceae;g__Paeniclostridium;s__Paeniclostridium_sordellii,dropped
k__Bacteria;p__Firmicutes;c__Clostridia;o__Clostridiales;f__Peptostreptococcaceae;g__Paraclostridium,dropped
k__Bacteria;p__Firmicutes;c__Clostridia;o__Clostridiales;f__Peptostreptococcaceae;g__Paraclostridium;s__Paraclostridium_bifermentans,dropped
k__Bacteria;p__Firmicutes;c__Clostridia;o__Clostridiales;f__Peptostreptococcaceae;g__Peptacetobacter,dropped
k__Bacteria;p__Firmicutes;c__Clostridia;o__Clostridiales;f__Peptostreptococcaceae;g__Peptacetobacter;s__Peptacetobacter_hiranonis,dropped
k__Bacteria;p__Firmicutes;c__Clostridia;o__Clostridiales;f__Peptostreptococcaceae;g__Peptoanaerobacter,dropped
k__Bacteria;p__Firmicutes;c__Clostridia;o__Clostridiales;f__Peptostreptococcaceae;g__Peptoanaerobacter;s__Eubacterium_yurii,dropped
k__Bacteria;p__Firmicutes;c__Clostridia;o__Clostridiales;f__Peptostreptococcaceae;g__Peptoanaerobacter;s__Peptoanaerobacter_stomatis,dropped
k__Bacteria;p__Firmicutes;c__Clostridia;o__Clostridiales;f__Peptostreptococcaceae;g__Peptostreptococcaceae_unclassified,dropped
k__Bacteria;p__Firmicutes;c__Clostridia;o__Clostridiales;f__Peptostreptococcaceae;g__Peptostreptococcaceae_unclassified;s__Peptostreptococcaceae_bacterium,dropped
k__Bacteria;p__Firmicutes;c__Clostridia;o__Clostridiales;f__Peptostreptococcaceae;g__Peptostreptococcus;s__Peptostreptococcus_SGB749,dropped
k__Bacteria;p__Firmicutes;c__Clostridia;o__Clostridiales;f__Peptostreptococcaceae;g__Peptostreptococcus;s__Peptostreptococcus_anaerobius,dropped
k__Bacteria;p__Firmicutes;c__Clostridia;o__Clostridiales;f__Peptostreptococcaceae;g__Peptostreptococcus;s__Peptostreptococcus_russellii,dropped
k__Bacteria;p__Firmicutes;c__Clostridia;o__Clostridiales;f__Peptostreptococcaceae;g__Peptostreptococcus;s__Peptostreptococcus_sp_MV1,dropped
k__Bacteria;p__Firmicutes;c__Clostridia;o__Clostridiales;f__Peptostreptococcaceae;g__Peptostreptococcus;s__Peptostreptococcus_stomatis,dropped
k__Bacteria;p__Firmicutes;c__Clostridia;o__Clostridiales;f__Peptostreptococcaceae;g__Romboutsia;s__Romboutsia_hominis,dropped
k__Bacteria;p__Firmicutes;c__Clostridia;o__Clostridiales;f__Peptostreptococcaceae;g__Romboutsia;s__Romboutsia_ilealis,dropped
k__Bacteria;p__Firmicutes;c__Clostridia;o__Clostridiales;f__Peptostreptococcaceae;g__Romboutsia;s__Romboutsia_sp_CE17,dropped
k__Bacteria;p__Firmicutes;c__Clostridia;o__Clostridiales;f__Peptostreptococcaceae;g__Terrisporobacter,dropped
k__Bacteria;p__Firmicutes;c__Clostridia;o__Clostridiales;f__Peptostreptococcaceae;g__Terrisporobacter;s__Terrisporobacter_glycolicus,dropped
k__Bacteria;p__Firmicutes;c__Clostridia;o__Clostridiales;f__Peptostreptococcaceae;g__Terrisporobacter;s__Terrisporobacter_mayombei,dropped
k__Bacteria;p__Firmicutes;c__Clostridia;o__Clostridiales;f__Peptostreptococcaceae;g__Terrisporobacter;s__Terrisporobacter_othiniensis,dropped
k__Bacteria;p__Firmicutes;c__Clostridia;o__Clostridiales;f__Ruminococcaceae;g__Acetivibrio,dropped
k__Bacteria;p__Firmicutes;c__Clostridia;o__Clostridiales;f__Ruminococcaceae;g__Acetivibrio;s__Acetivibrio_ethanolgignens,dropped
k__Bacteria;p__Firmicutes;c__Clostridia;o__Clostridiales;f__Ruminococcaceae;g__Agathobaculum;s__Agathobaculum_desmolans,dropped
k__Bacteria;p__Firmicutes;c__Clostridia;o__Clostridiales;f__Ruminococcaceae;g__Agathobaculum;s__Agathobaculum_sp_Marseille_P7918,dropped
k__Bacteria;p__Firmicutes;c__Clostridia;o__Clostridiales;f__Ruminococcaceae;g__Anaerofilum,dropped
k__Bacteria;p__Firmicutes;c__Clostridia;o__Clostridiales;f__Ruminococcaceae;g__Anaerofilum;s__Anaerofilum_sp_An201,dropped
k__Bacteria;p__Firmicutes;c__Clostridia;o__Clostridiales;f__Ruminococcaceae;g__Anaerofilum;s__Anaerofilum_sp_BX8,dropped
k__Bacteria;p__Firmicutes;c__Clostridia;o__Clostridiales;f__Ruminococcaceae;g__Anaerolactibacter,dropped
k__Bacteria;p__Firmicutes;c__Clostridia;o__Clostridiales;f__Ruminococcaceae;g__Anaerolactibacter;s__Anaerolactibacter_SGB36921,dropped
k__Bacteria;p__Firmicutes;c__Clostridia;o__Clostridiales;f__Ruminococcaceae;g__Anaerolactibacter;s__Anaerolactibacter_massiliensis,dropped
k__Bacteria;p__Firmicutes;c__Clostridia;o__Clostridiales;f__Ruminococcaceae;g__Anaeromassilibacillus;s__Anaeromassilibacillus_senegalensis,dropped
k__Bacteria;p__Firmicutes;c__Clostridia;o__Clostridiales;f__Ruminococcaceae;g__Anaeromassilibacillus;s__Anaeromassilibacillus_sp_An172,dropped
k__Bacteria;p__Firmicutes;c__Clostridia;o__Clostridiales;f__Ruminococcaceae;g__Anaeromassilibacillus;s__Anaeromassilibacillus_sp_An200,dropped
k__Bacteria;p__Firmicutes;c__Clostridia;o__Clostridiales;f__Ruminococcaceae;g__Anaerotruncus;s__Anaerotruncus_massiliensis,dropped
k__Bacteria;p__Firmicutes;c__Clostridia;o__Clostridiales;f__Ruminococcaceae;g__Angelakisella,dropped
k__Bacteria;p__Firmicutes;c__Clostridia;o__Clostridiales;f__Ruminococcaceae;g__Angelakisella;s__Angelakisella_massiliensis,dropped
k__Bacteria;p__Firmicutes;c__Clostridia;o__Clostridiales;f__Ruminococcaceae;g__Candidatus_Soleaferrea,dropped
k__Bacteria;p__Firmicutes;c__Clostridia;o__Clostridiales;f__Ruminococcaceae;g__Candidatus_Soleaferrea;s__Candidatus_Soleaferrea_massiliensis,dropped
k__Bacteria;p__Firmicutes;c__Clostridia;o__Clostridiales;f__Ruminococcaceae;g__Drancourtella,dropped
k__Bacteria;p__Firmicutes;c__Clostridia;o__Clostridiales;f__Ruminococcaceae;g__Drancourtella;s__Drancourtella_sp_An177,dropped
k__Bacteria;p__Firmicutes;c__Clostridia;o__Clostridiales;f__Ruminococcaceae;g__Drancourtella;s__Drancourtella_sp_An57,dropped
k__Bacteria;p__Firmicutes;c__Clostridia;o__Clostridiales;f__Ruminococcaceae;g__Faecalibacterium;s__Faecalibacterium_sp_An121,dropped
k__Bacteria;p__Firmicutes;c__Clostridia;o__Clostridiales;f__Ruminococcaceae;g__Flavonifractor;s__Flavonifractor_SGB15137,dropped
k__Bacteria;p__Firmicutes;c__Clostridia;o__Clostridiales;f__Ruminococcaceae;g__Flavonifractor;s__Flavonifractor_sp_An100,dropped
k__Bacteria;p__Firmicutes;c__Clostridia;o__Clostridiales;f__Ruminococcaceae;g__Flavonifractor;s__Flavonifractor_sp_An112,dropped
k__Bacteria;p__Firmicutes;c__Clostridia;o__Clostridiales;f__Ruminococcaceae;g__Flavonifractor;s__Flavonifractor_sp_An306,dropped
k__Bacteria;p__Firmicutes;c__Clostridia;o__Clostridiales;f__Ruminococcaceae;g__Flavonifractor;s__Flavonifractor_sp_An82,dropped
k__Bacteria;p__Firmicutes;c__Clostridia;o__Clostridiales;f__Ruminococcaceae;g__Fournierella,dropped
k__Bacteria;p__Firmicutes;c__Clostridia;o__Clostridiales;f__Ruminococcaceae;g__Fournierella;s__Fournierella_massiliensis,dropped
k__Bacteria;p__Firmicutes;c__Clostridia;o__Clostridiales;f__Ruminococcaceae;g__GGB13456,dropped
k__Bacteria;p__Firmicutes;c__Clostridia;o__Clostridiales;f__Ruminococcaceae;g__GGB13456;s__GGB13456_SGB20736,dropped
k__Bacteria;p__Firmicutes;c__Clostridia;o__Clostridiales;f__Ruminococcaceae;g__GGB13472,dropped
k__Bacteria;p__Firmicutes;c__Clostridia;o__Clostridiales;f__Ruminococcaceae;g__GGB13472;s__GGB13472_SGB20758,dropped
k__Bacteria;p__Firmicutes;c__Clostridia;o__Clostridiales;f__Ruminococcaceae;g__GGB30310,dropped
k__Bacteria;p__Firmicutes;c__Clostridia;o__Clostridiales;f__Ruminococcaceae;g__GGB30310;s__GGB30310_SGB43287,dropped
k__Bacteria;p__Firmicutes;c__Clostridia;o__Clostridiales;f__Ruminococcaceae;g__GGB30311,dropped
k__Bacteria;p__Firmicutes;c__Clostridia;o__Clostridiales;f__Ruminococcaceae;g__GGB30311;s__GGB30311_SGB43288,dropped
k__Bacteria;p__Firmicutes;c__Clostridia;o__Clostridiales;f__Ruminococcaceae;g__GGB30473,dropped
k__Bacteria;p__Firmicutes;c__Clostridia;o__Clostridiales;f__Ruminococcaceae;g__GGB30473;s__GGB30473_SGB43557,dropped
k__Bacteria;p__Firmicutes;c__Clostridia;o__Clostridiales;f__Ruminococcaceae;g__GGB3161,dropped
k__Bacteria;p__Firmicutes;c__Clostridia;o__Clostridiales;f__Ruminococcaceae;g__GGB3161;s__GGB3161_SGB4175,dropped
k__Bacteria;p__Firmicutes;c__Clostridia;o__Clostridiales;f__Ruminococcaceae;g__GGB3183,dropped
k__Bacteria;p__Firmicutes;c__Clostridia;o__Clostridiales;f__Ruminococcaceae;g__GGB3183;s__GGB3183_SGB4206,dropped
k__Bacteria;p__Firmicutes;c__Clostridia;o__Clostridiales;f__Ruminococcaceae;g__GGB3185,dropped
k__Bacteria;p__Firmicutes;c__Clostridia;o__Clostridiales;f__Ruminococcaceae;g__GGB3185;s__GGB3185_SGB4208,dropped
k__Bacteria;p__Firmicutes;c__Clostridia;o__Clostridiales;f__Ruminococcaceae;g__GGB3189,dropped
k__Bacteria;p__Firmicutes;c__Clostridia;o__Clostridiales;f__Ruminococcaceae;g__GGB3189;s__GGB3189_SGB4212,dropped
k__Bacteria;p__Firmicutes;c__Clostridia;o__Clostridiales;f__Ruminococcaceae;g__GGB3204,dropped
k__Bacteria;p__Firmicutes;c__Clostridia;o__Clostridiales;f__Ruminococcaceae;g__GGB3204;s__GGB3204_SGB4228,dropped
k__Bacteria;p__Firmicutes;c__Clostridia;o__Clostridiales;f__Ruminococcaceae;g__GGB3226,dropped
k__Bacteria;p__Firmicutes;c__Clostridia;o__Clostridiales;f__Ruminococcaceae;g__GGB3226;s__GGB3226_SGB4260,dropped
k__Bacteria;p__Firmicutes;c__Clostridia;o__Clostridiales;f__Ruminococcaceae;g__GGB3236,dropped
k__Bacteria;p__Firmicutes;c__Clostridia;o__Clostridiales;f__Ruminococcaceae;g__GGB3236;s__GGB3236_SGB4274,dropped
k__Bacteria;p__Firmicutes;c__Clostridia;o__Clostridiales;f__Ruminococcaceae;g__GGB3247,dropped
k__Bacteria;p__Firmicutes;c__Clostridia;o__Clostridiales;f__Ruminococcaceae;g__GGB3247;s__GGB3247_SGB4294,dropped
k__Bacteria;p__Firmicutes;c__Clostridia;o__Clostridiales;f__Ruminococcaceae;g__GGB3343,dropped
k__Bacteria;p__Firmicutes;c__Clostridia;o__Clostridiales;f__Ruminococcaceae;g__GGB3343;s__GGB3343_SGB4423,dropped
k__Bacteria;p__Firmicutes;c__Clostridia;o__Clostridiales;f__Ruminococcaceae;g__GGB3344,dropped
k__Bacteria;p__Firmicutes;c__Clostridia;o__Clostridiales;f__Ruminococcaceae;g__GGB3344;s__GGB3344_SGB4424,dropped
k__Bacteria;p__Firmicutes;c__Clostridia;o__Clostridiales;f__Ruminococcaceae;g__GGB41366,dropped
k__Bacteria;p__Firmicutes;c__Clostridia;o__Clostridiales;f__Ruminococcaceae;g__GGB41366;s__GGB41366_SGB58424,dropped
k__Bacteria;p__Firmicutes;c__Clostridia;o__Clostridiales;f__Ruminococcaceae;g__GGB58485,dropped
k__Bacteria;p__Firmicutes;c__Clostridia;o__Clostridiales;f__Ruminococcaceae;g__GGB58485;s__GGB58485_SGB80143,dropped
k__Bacteria;p__Firmicutes;c__Clostridia;o__Clostridiales;f__Ruminococcaceae;g__GGB9452,dropped
k__Bacteria;p__Firmicutes;c__Clostridia;o__Clostridiales;f__Ruminococcaceae;g__GGB9452;s__GGB9452_SGB14843,dropped
k__Bacteria;p__Firmicutes;c__Clostridia;o__Clostridiales;f__Ruminococcaceae;g__GGB9454,dropped
k__Bacteria;p__Firmicutes;c__Clostridia;o__Clostridiales;f__Ruminococcaceae;g__GGB9454;s__GGB9454_SGB14846,dropped
k__Bacteria;p__Firmicutes;c__Clostridia;o__Clostridiales;f__Ruminococcaceae;g__GGB9455,dropped
k__Bacteria;p__Firmicutes;c__Clostridia;o__Clostridiales;f__Ruminococcaceae;g__GGB9455;s__GGB9455_SGB14847,dropped
k__Bacteria;p__Firmicutes;c__Clostridia;o__Clostridiales;f__Ruminococcaceae;g__GGB9510,dropped
k__Bacteria;p__Firmicutes;c__Clostridia;o__Clostridiales;f__Ruminococcaceae;g__GGB9510;s__GGB9510_SGB14907,dropped
k__Bacteria;p__Firmicutes;c__Clostridia;o__Clostridiales;f__Ruminococcaceae;g__GGB9582,dropped
k__Bacteria;p__Firmicutes;c__Clostridia;o__Clostridiales;f__Ruminococcaceae;g__GGB9582;s__GGB9582_SGB15000,dropped
k__Bacteria;p__Firmicutes;c__Clostridia;o__Clostridiales;f__Ruminococcaceae;g__GGB9582;s__GGB9582_SGB15002,dropped
k__Bacteria;p__Firmicutes;c__Clostridia;o__Clostridiales;f__Ruminococcaceae;g__GGB9583,dropped
k__Bacteria;p__Firmicutes;c__Clostridia;o__Clostridiales;f__Ruminococcaceae;g__GGB9583;s__GGB9583_SGB15004,dropped
k__Bacteria;p__Firmicutes;c__Clostridia;o__Clostridiales;f__Ruminococcaceae;g__GGB9589,dropped
k__Bacteria;p__Firmicutes;c__Clostridia;o__Clostridiales;f__Ruminococcaceae;g__GGB9589;s__GGB9589_SGB15011,dropped
k__Bacteria;p__Firmicutes;c__Clostridia;o__Clostridiales;f__Ruminococcaceae;g__GGB9591,dropped
k__Bacteria;p__Firmicutes;c__Clostridia;o__Clostridiales;f__Ruminococcaceae;g__GGB9591;s__GGB9591_SGB15013,dropped
k__Bacteria;p__Firmicutes;c__Clostridia;o__Clostridiales;f__Ruminococcaceae;g__GGB9592,dropped
k__Bacteria;p__Firmicutes;c__Clostridia;o__Clostridiales;f__Ruminococcaceae;g__GGB9592;s__GGB9592_SGB15014,dropped
k__Bacteria;p__Firmicutes;c__Clostridia;o__Clostridiales;f__Ruminococcaceae;g__GGB9593,dropped
k__Bacteria;p__Firmicutes;c__Clostridia;o__Clostridiales;f__Ruminococcaceae;g__GGB9593;s__GGB9593_SGB15015,dropped
k__Bacteria;p__Firmicutes;c__Clostridia;o__Clostridiales;f__Ruminococcaceae;g__GGB9594,dropped
k__Bacteria;p__Firmicutes;c__Clostridia;o__Clostridiales;f__Ruminococcaceae;g__GGB9594;s__GGB9594_SGB15016,dropped
k__Bacteria;p__Firmicutes;c__Clostridia;o__Clostridiales;f__Ruminococcaceae;g__GGB9595;s__GGB9595_SGB15017,dropped
k__Bacteria;p__Firmicutes;c__Clostridia;o__Clostridiales;f__Ruminococcaceae;g__GGB9595;s__GGB9595_SGB15019,dropped
k__Bacteria;p__Firmicutes;c__Clostridia;o__Clostridiales;f__Ruminococcaceae;g__GGB9598,dropped
k__Bacteria;p__Firmicutes;c__Clostridia;o__Clostridiales;f__Ruminococcaceae;g__GGB9598;s__GGB9598_SGB72886,dropped
k__Bacteria;p__Firmicutes;c__Clostridia;o__Clostridiales;f__Ruminococcaceae;g__GGB9603,dropped
k__Bacteria;p__Firmicutes;c__Clostridia;o__Clostridiales;f__Ruminococcaceae;g__GGB9603;s__GGB9603_SGB15035,dropped
k__Bacteria;p__Firmicutes;c__Clostridia;o__Clostridiales;f__Ruminococcaceae;g__GGB9604,dropped
k__Bacteria;p__Firmicutes;c__Clostridia;o__Clostridiales;f__Ruminococcaceae;g__GGB9604;s__GGB9604_SGB15036,dropped
k__Bacteria;p__Firmicutes;c__Clostridia;o__Clostridiales;f__Ruminococcaceae;g__GGB9608,dropped
k__Bacteria;p__Firmicutes;c__Clostridia;o__Clostridiales;f__Ruminococcaceae;g__GGB9608;s__GGB9608_SGB15041,dropped
k__Bacteria;p__Firmicutes;c__Clostridia;o__Clostridiales;f__Ruminococcaceae;g__GGB9608;s__GGB9608_SGB15042,dropped
k__Bacteria;p__Firmicutes;c__Clostridia;o__Clostridiales;f__Ruminococcaceae;g__GGB9618;s__GGB9618_SGB15064,dropped
k__Bacteria;p__Firmicutes;c__Clostridia;o__Clostridiales;f__Ruminococcaceae;g__GGB9621;s__GGB9621_SGB15073,dropped
k__Bacteria;p__Firmicutes;c__Clostridia;o__Clostridiales;f__Ruminococcaceae;g__GGB9622,dropped
k__Bacteria;p__Firmicutes;c__Clostridia;o__Clostridiales;f__Ruminococcaceae;g__GGB9622;s__GGB9622_SGB15074,dropped
k__Bacteria;p__Firmicutes;c__Clostridia;o__Clostridiales;f__Ruminococcaceae;g__GGB9623;s__GGB9623_SGB15075,dropped
k__Bacteria;p__Firmicutes;c__Clostridia;o__Clostridiales;f__Ruminococcaceae;g__GGB9623;s__GGB9623_SGB15076,dropped
k__Bacteria;p__Firmicutes;c__Clostridia;o__Clostridiales;f__Ruminococcaceae;g__GGB9628,dropped
k__Bacteria;p__Firmicutes;c__Clostridia;o__Clostridiales;f__Ruminococcaceae;g__GGB9628;s__GGB9628_SGB15082,dropped
k__Bacteria;p__Firmicutes;c__Clostridia;o__Clostridiales;f__Ruminococcaceae;g__GGB9631;s__GGB9631_SGB15086,dropped
k__Bacteria;p__Firmicutes;c__Clostridia;o__Clostridiales;f__Ruminococcaceae;g__GGB9633;s__GGB9633_SGB15090,dropped
k__Bacteria;p__Firmicutes;c__Clostridia;o__Clostridiales;f__Ruminococcaceae;g__GGB9634;s__GGB9634_SGB15095,dropped
k__Bacteria;p__Firmicutes;c__Clostridia;o__Clostridiales;f__Ruminococcaceae;g__GGB9634;s__GGB9634_SGB15097,dropped
k__Bacteria;p__Firmicutes;c__Clostridia;o__Clostridiales;f__Ruminococcaceae;g__GGB9634;s__GGB9634_SGB15099,dropped
k__Bacteria;p__Firmicutes;c__Clostridia;o__Clostridiales;f__Ruminococcaceae;g__GGB9635;s__GGB9635_SGB15100,dropped
k__Bacteria;p__Firmicutes;c__Clostridia;o__Clostridiales;f__Ruminococcaceae;g__GGB9635;s__GGB9635_SGB15102,dropped
k__Bacteria;p__Firmicutes;c__Clostridia;o__Clostridiales;f__Ruminococcaceae;g__GGB9635;s__GGB9635_SGB15104,dropped
k__Bacteria;p__Firmicutes;c__Clostridia;o__Clostridiales;f__Ruminococcaceae;g__GGB9636,dropped
k__Bacteria;p__Firmicutes;c__Clostridia;o__Clostridiales;f__Ruminococcaceae;g__GGB9636;s__GGB9636_SGB15108,dropped
k__Bacteria;p__Firmicutes;c__Clostridia;o__Clostridiales;f__Ruminococcaceae;g__GGB9636;s__GGB9636_SGB15109,dropped
k__Bacteria;p__Firmicutes;c__Clostridia;o__Clostridiales;f__Ruminococcaceae;g__GGB9637,dropped
k__Bacteria;p__Firmicutes;c__Clostridia;o__Clostridiales;f__Ruminococcaceae;g__GGB9637;s__GGB9637_SGB15111,dropped
k__Bacteria;p__Firmicutes;c__Clostridia;o__Clostridiales;f__Ruminococcaceae;g__GGB9640,dropped
k__Bacteria;p__Firmicutes;c__Clostridia;o__Clostridiales;f__Ruminococcaceae;g__GGB9640;s__GGB9640_SGB15115,dropped
k__Bacteria;p__Firmicutes;c__Clostridia;o__Clostridiales;f__Ruminococcaceae;g__GGB9642,dropped
k__Bacteria;p__Firmicutes;c__Clostridia;o__Clostridiales;f__Ruminococcaceae;g__GGB9642;s__GGB9642_SGB15119,dropped
k__Bacteria;p__Firmicutes;c__Clostridia;o__Clostridiales;f__Ruminococcaceae;g__GGB9645,dropped
k__Bacteria;p__Firmicutes;c__Clostridia;o__Clostridiales;f__Ruminococcaceae;g__GGB9645;s__GGB9645_SGB15122,dropped
k__Bacteria;p__Firmicutes;c__Clostridia;o__Clostridiales;f__Ruminococcaceae;g__GGB9668,dropped
k__Bacteria;p__Firmicutes;c__Clostridia;o__Clostridiales;f__Ruminococcaceae;g__GGB9668;s__GGB9668_SGB15165,dropped
k__Bacteria;p__Firmicutes;c__Clostridia;o__Clostridiales;f__Ruminococcaceae;g__GGB9671,dropped
k__Bacteria;p__Firmicutes;c__Clostridia;o__Clostridiales;f__Ruminococcaceae;g__GGB9671;s__GGB9671_SGB15169,dropped
k__Bacteria;p__Firmicutes;c__Clostridia;o__Clostridiales;f__Ruminococcaceae;g__GGB9673,dropped
k__Bacteria;p__Firmicutes;c__Clostridia;o__Clostridiales;f__Ruminococcaceae;g__GGB9673;s__GGB9673_SGB15172,dropped
k__Bacteria;p__Firmicutes;c__Clostridia;o__Clostridiales;f__Ruminococcaceae;g__GGB9674,dropped
k__Bacteria;p__Firmicutes;c__Clostridia;o__Clostridiales;f__Ruminococcaceae;g__GGB9674;s__GGB9674_SGB15173,dropped
k__Bacteria;p__Firmicutes;c__Clostridia;o__Clostridiales;f__Ruminococcaceae;g__GGB9676,dropped
k__Bacteria;p__Firmicutes;c__Clostridia;o__Clostridiales;f__Ruminococcaceae;g__GGB9676;s__GGB9676_SGB15176,dropped
k__Bacteria;p__Firmicutes;c__Clostridia;o__Clostridiales;f__Ruminococcaceae;g__GGB9676;s__GGB9676_SGB15177,dropped
k__Bacteria;p__Firmicutes;c__Clostridia;o__Clostridiales;f__Ruminococcaceae;g__GGB9677,dropped
k__Bacteria;p__Firmicutes;c__Clostridia;o__Clostridiales;f__Ruminococcaceae;g__GGB9677;s__GGB9677_SGB15179,dropped
k__Bacteria;p__Firmicutes;c__Clostridia;o__Clostridiales;f__Ruminococcaceae;g__GGB9677;s__GGB9677_SGB15180,dropped
k__Bacteria;p__Firmicutes;c__Clostridia;o__Clostridiales;f__Ruminococcaceae;g__GGB9686,dropped
k__Bacteria;p__Firmicutes;c__Clostridia;o__Clostridiales;f__Ruminococcaceae;g__GGB9686;s__GGB9686_SGB15190,dropped
k__Bacteria;p__Firmicutes;c__Clostridia;o__Clostridiales;f__Ruminococcaceae;g__GGB9687,dropped
k__Bacteria;p__Firmicutes;c__Clostridia;o__Clostridiales;f__Ruminococcaceae;g__GGB9687;s__GGB9687_SGB15191,dropped
k__Bacteria;p__Firmicutes;c__Clostridia;o__Clostridiales;f__Ruminococcaceae;g__GGB9689,dropped
k__Bacteria;p__Firmicutes;c__Clostridia;o__Clostridiales;f__Ruminococcaceae;g__GGB9689;s__GGB9689_SGB15194,dropped
k__Bacteria;p__Firmicutes;c__Clostridia;o__Clostridiales;f__Ruminococcaceae;g__GGB9694;s__GGB9694_SGB15202,dropped
k__Bacteria;p__Firmicutes;c__Clostridia;o__Clostridiales;f__Ruminococcaceae;g__GGB9694;s__GGB9694_SGB15207,dropped
k__Bacteria;p__Firmicutes;c__Clostridia;o__Clostridiales;f__Ruminococcaceae;g__GGB9695;s__GGB9695_SGB15209,dropped
k__Bacteria;p__Firmicutes;c__Clostridia;o__Clostridiales;f__Ruminococcaceae;g__GGB9695;s__GGB9695_SGB15210,dropped
k__Bacteria;p__Firmicutes;c__Clostridia;o__Clostridiales;f__Ruminococcaceae;g__GGB9695;s__GGB9695_SGB15211,dropped
k__Bacteria;p__Firmicutes;c__Clostridia;o__Clostridiales;f__Ruminococcaceae;g__GGB9696,dropped
k__Bacteria;p__Firmicutes;c__Clostridia;o__Clostridiales;f__Ruminococcaceae;g__GGB9696;s__GGB9696_SGB15212,dropped
k__Bacteria;p__Firmicutes;c__Clostridia;o__Clostridiales;f__Ruminococcaceae;g__GGB9701,dropped
k__Bacteria;p__Firmicutes;c__Clostridia;o__Clostridiales;f__Ruminococcaceae;g__GGB9701;s__GGB9701_SGB15218,dropped
k__Bacteria;p__Firmicutes;c__Clostridia;o__Clostridiales;f__Ruminococcaceae;g__GGB9702,dropped
k__Bacteria;p__Firmicutes;c__Clostridia;o__Clostridiales;f__Ruminococcaceae;g__GGB9702;s__GGB9702_SGB15220,dropped
k__Bacteria;p__Firmicutes;c__Clostridia;o__Clostridiales;f__Ruminococcaceae;g__GGB9705;s__GGB9705_SGB15224,dropped
k__Bacteria;p__Firmicutes;c__Clostridia;o__Clostridiales;f__Ruminococcaceae;g__GGB9710,dropped
k__Bacteria;p__Firmicutes;c__Clostridia;o__Clostridiales;f__Ruminococcaceae;g__GGB9710;s__GGB9710_SGB15239,dropped
k__Bacteria;p__Firmicutes;c__Clostridia;o__Clostridiales;f__Ruminococcaceae;g__GGB9712;s__GGB9712_SGB20770,dropped
k__Bacteria;p__Firmicutes;c__Clostridia;o__Clostridiales;f__Ruminococcaceae;g__GGB9716,dropped
k__Bacteria;p__Firmicutes;c__Clostridia;o__Clostridiales;f__Ruminococcaceae;g__GGB9716;s__GGB9716_SGB15269,dropped
k__Bacteria;p__Firmicutes;c__Clostridia;o__Clostridiales;f__Ruminococcaceae;g__GGB9717,dropped
k__Bacteria;p__Firmicutes;c__Clostridia;o__Clostridiales;f__Ruminococcaceae;g__GGB9717;s__GGB9717_SGB15270,dropped
k__Bacteria;p__Firmicutes;c__Clostridia;o__Clostridiales;f__Ruminococcaceae;g__GGB9727,dropped
k__Bacteria;p__Firmicutes;c__Clostridia;o__Clostridiales;f__Ruminococcaceae;g__GGB9727;s__GGB9727_SGB15285,dropped
k__Bacteria;p__Firmicutes;c__Clostridia;o__Clostridiales;f__Ruminococcaceae;g__GGB9729,dropped
k__Bacteria;p__Firmicutes;c__Clostridia;o__Clostridiales;f__Ruminococcaceae;g__GGB9729;s__GGB9729_SGB15288,dropped
k__Bacteria;p__Firmicutes;c__Clostridia;o__Clostridiales;f__Ruminococcaceae;g__GGB9730;s__GGB9730_SGB15290,dropped
k__Bacteria;p__Firmicutes;c__Clostridia;o__Clostridiales;f__Ruminococcaceae;g__GGB9732,dropped
k__Bacteria;p__Firmicutes;c__Clostridia;o__Clostridiales;f__Ruminococcaceae;g__GGB9732;s__GGB9732_SGB15302,dropped
k__Bacteria;p__Firmicutes;c__Clostridia;o__Clostridiales;f__Ruminococcaceae;g__GGB9734,dropped
k__Bacteria;p__Firmicutes;c__Clostridia;o__Clostridiales;f__Ruminococcaceae;g__GGB9734;s__GGB9734_SGB15304,dropped
k__Bacteria;p__Firmicutes;c__Clostridia;o__Clostridiales;f__Ruminococcaceae;g__GGB9739,dropped
k__Bacteria;p__Firmicutes;c__Clostridia;o__Clostridiales;f__Ruminococcaceae;g__GGB9739;s__GGB9739_SGB15313,dropped
k__Bacteria;p__Firmicutes;c__Clostridia;o__Clostridiales;f__Ruminococcaceae;g__GGB9742,dropped
k__Bacteria;p__Firmicutes;c__Clostridia;o__Clostridiales;f__Ruminococcaceae;g__GGB9742;s__GGB9742_SGB15348,dropped
k__Bacteria;p__Firmicutes;c__Clostridia;o__Clostridiales;f__Ruminococcaceae;g__Gemmiger;s__Gemmiger_SGB15292,dropped
k__Bacteria;p__Firmicutes;c__Clostridia;o__Clostridiales;f__Ruminococcaceae;g__Gemmiger;s__Gemmiger_sp_An120,dropped
k__Bacteria;p__Firmicutes;c__Clostridia;o__Clostridiales;f__Ruminococcaceae;g__Gemmiger;s__Gemmiger_sp_An194,dropped
k__Bacteria;p__Firmicutes;c__Clostridia;o__Clostridiales;f__Ruminococcaceae;g__Gemmiger;s__Gemmiger_sp_An50,dropped
k__Bacteria;p__Firmicutes;c__Clostridia;o__Clostridiales;f__Ruminococcaceae;g__Negativibacillus,dropped
k__Bacteria;p__Firmicutes;c__Clostridia;o__Clostridiales;f__Ruminococcaceae;g__Negativibacillus;s__Negativibacillus_massiliensis,dropped
k__Bacteria;p__Firmicutes;c__Clostridia;o__Clostridiales;f__Ruminococcaceae;g__Neglecta,dropped
k__Bacteria;p__Firmicutes;c__Clostridia;o__Clostridiales;f__Ruminococcaceae;g__Neglecta;s__Neglecta_timonensis,dropped
k__Bacteria;p__Firmicutes;c__Clostridia;o__Clostridiales;f__Ruminococcaceae;g__Pseudoflavonifractor;s__Pseudoflavonifractor_capillosus,dropped
k__Bacteria;p__Firmicutes;c__Clostridia;o__Clostridiales;f__Ruminococcaceae;g__Pseudoflavonifractor;s__Pseudoflavonifractor_sp_Marseille_P3106,dropped
k__Bacteria;p__Firmicutes;c__Clostridia;o__Clostridiales;f__Ruminococcaceae;g__Pygmaiobacter,dropped
k__Bacteria;p__Firmicutes;c__Clostridia;o__Clostridiales;f__Ruminococcaceae;g__Pygmaiobacter;s__Pygmaiobacter_massiliensis,dropped
k__Bacteria;p__Firmicutes;c__Clostridia;o__Clostridiales;f__Ruminococcaceae;g__Ruminococcaceae_unclassified;s__Clostridium_sporosphaeroides,dropped
k__Bacteria;p__Firmicutes;c__Clostridia;o__Clostridiales;f__Ruminococcaceae;g__Ruminococcaceae_unclassified;s__Ruminococcaceae_bacterium_D5,dropped
k__Bacteria;p__Firmicutes;c__Clostridia;o__Clostridiales;f__Ruminococcaceae;g__Ruminococcaceae_unclassified;s__Ruminococcaceae_bacterium_Marseille_P2935,dropped
k__Bacteria;p__Firmicutes;c__Clostridia;o__Clostridiales;f__Ruminococcaceae;g__Ruminococcaceae_unclassified;s__Ruminococcaceae_bacterium_UBA1375,dropped
k__Bacteria;p__Firmicutes;c__Clostridia;o__Clostridiales;f__Ruminococcaceae;g__Ruminococcaceae_unclassified;s__Ruminococcaceae_unclassified_SGB14835,dropped
k__Bacteria;p__Firmicutes;c__Clostridia;o__Clostridiales;f__Ruminococcaceae;g__Ruminococcaceae_unclassified;s__Ruminococcaceae_unclassified_SGB15233,dropped
k__Bacteria;p__Firmicutes;c__Clostridia;o__Clostridiales;f__Ruminococcaceae;g__Ruminococcaceae_unclassified;s__Ruminococcaceae_unclassified_SGB15251,dropped
k__Bacteria;p__Firmicutes;c__Clostridia;o__Clostridiales;f__Ruminococcaceae;g__Ruminococcaceae_unclassified;s__Ruminococcaceae_unclassified_SGB15309,dropped
k__Bacteria;p__Firmicutes;c__Clostridia;o__Clostridiales;f__Ruminococcaceae;g__Ruminococcaceae_unclassified;s__Ruminococcaceae_unclassified_SGB15354,dropped
k__Bacteria;p__Firmicutes;c__Clostridia;o__Clostridiales;f__Ruminococcaceae;g__Ruminococcaceae_unclassified;s__Ruminococcaceae_unclassified_SGB20776,dropped
k__Bacteria;p__Firmicutes;c__Clostridia;o__Clostridiales;f__Ruminococcaceae;g__Ruminococcaceae_unclassified;s__Ruminococcaceae_unclassified_SGB4193,dropped
k__Bacteria;p__Firmicutes;c__Clostridia;o__Clostridiales;f__Ruminococcaceae;g__Ruminococcaceae_unclassified;s__Ruminococcaceae_unclassified_SGB4245,dropped
k__Bacteria;p__Firmicutes;c__Clostridia;o__Clostridiales;f__Ruminococcaceae;g__Ruminococcaceae_unclassified;s__Ruminococcaceae_unclassified_SGB69292,dropped
k__Bacteria;p__Firmicutes;c__Clostridia;o__Clostridiales;f__Ruminococcaceae;g__Ruminococcus;s__Ruminococcus_champanellensis,dropped
k__Bacteria;p__Firmicutes;c__Clostridia;o__Clostridiales;f__Ruminococcaceae;g__Ruminococcus;s__Ruminococcus_gauvreauii,dropped
k__Bacteria;p__Firmicutes;c__Clostridia;o__Clostridiales;f__Ruminococcaceae;g__Ruminococcus;s__Ruminococcus_sp_AF41_9,dropped
k__Bacteria;p__Firmicutes;c__Clostridia;o__Clostridiales;f__Ruminococcaceae;g__Ruminococcus;s__Ruminococcus_sp_JE7A12,dropped
k__Bacteria;p__Firmicutes;c__Clostridia;o__Clostridiales;f__Ruminococcaceae;g__Ruminococcus;s__Ruminococcus_sp_UBA1409,dropped
k__Bacteria;p__Firmicutes;c__Clostridia;o__Clostridiales;f__Ruminococcaceae;g__Subdoligranulum,dropped
k__Bacteria;p__Firmicutes;c__Clostridia;o__Clostridiales;f__Ruminococcaceae;g__Subdoligranulum;s__Subdoligranulum_SGB15305,dropped
k__Bacteria;p__Firmicutes;c__Clostridia;o__Clostridiales;f__Ruminococcaceae;g__Subdoligranulum;s__Subdoligranulum_sp_DSM_109015,dropped
k__Bacteria;p__Firmicutes;c__Clostridia;o__Clostridiales;f__Ruminococcaceae;g__Subdoligranulum;s__Subdoligranulum_variabile,dropped
k__Bacteria;p__Firmicutes;c__Erysipelotrichia;o__Erysipelotrichales;f__Erysipelotrichaceae;g__Absicoccus,dropped
k__Bacteria;p__Firmicutes;c__Erysipelotrichia;o__Erysipelotrichales;f__Erysipelotrichaceae;g__Absicoccus;s__Absicoccus_porci,dropped
k__Bacteria;p__Firmicutes;c__Erysipelotrichia;o__Erysipelotrichales;f__Erysipelotrichaceae;g__Amedibacillus,dropped
k__Bacteria;p__Firmicutes;c__Erysipelotrichia;o__Erysipelotrichales;f__Erysipelotrichaceae;g__Amedibacillus;s__Amedibacillus_dolichus,dropped
k__Bacteria;p__Firmicutes;c__Erysipelotrichia;o__Erysipelotrichales;f__Erysipelotrichaceae;g__Amedibacterium,dropped
k__Bacteria;p__Firmicutes;c__Erysipelotrichia;o__Erysipelotrichales;f__Erysipelotrichaceae;g__Amedibacterium;s__Amedibacterium_intestinale,dropped
k__Bacteria;p__Firmicutes;c__Erysipelotrichia;o__Erysipelotrichales;f__Erysipelotrichaceae;g__Bulleidia,dropped
k__Bacteria;p__Firmicutes;c__Erysipelotrichia;o__Erysipelotrichales;f__Erysipelotrichaceae;g__Bulleidia;s__Bulleidia_extructa,dropped
k__Bacteria;p__Firmicutes;c__Erysipelotrichia;o__Erysipelotrichales;f__Erysipelotrichaceae;g__Candidatus_Stoquefichus,dropped
k__Bacteria;p__Firmicutes;c__Erysipelotrichia;o__Erysipelotrichales;f__Erysipelotrichaceae;g__Candidatus_Stoquefichus;s__Candidatus_Stoquefichus_sp_SB1,dropped
k__Bacteria;p__Firmicutes;c__Erysipelotrichia;o__Erysipelotrichales;f__Erysipelotrichaceae;g__Coprobacillus;s__Coprobacillus_sp_AF33_1AC,dropped
k__Bacteria;p__Firmicutes;c__Erysipelotrichia;o__Erysipelotrichales;f__Erysipelotrichaceae;g__Eggerthia,dropped
k__Bacteria;p__Firmicutes;c__Erysipelotrichia;o__Erysipelotrichales;f__Erysipelotrichaceae;g__Eggerthia;s__Eggerthia_catenaformis,dropped
k__Bacteria;p__Firmicutes;c__Erysipelotrichia;o__Erysipelotrichales;f__Erysipelotrichaceae;g__Erysipelatoclostridium;s__Clostridium_cocleatum,dropped
k__Bacteria;p__Firmicutes;c__Erysipelotrichia;o__Erysipelotrichales;f__Erysipelotrichaceae;g__Erysipelatoclostridium;s__Erysipelatoclostridium_sp_An15,dropped
k__Bacteria;p__Firmicutes;c__Erysipelotrichia;o__Erysipelotrichales;f__Erysipelotrichaceae;g__Faecalicoccus;s__Faecalicoccus_acidiformans,dropped
k__Bacteria;p__Firmicutes;c__Erysipelotrichia;o__Erysipelotrichales;f__Erysipelotrichaceae;g__GGB31184,dropped
k__Bacteria;p__Firmicutes;c__Erysipelotrichia;o__Erysipelotrichales;f__Erysipelotrichaceae;g__GGB31184;s__GGB31184_SGB44478,dropped
k__Bacteria;p__Firmicutes;c__Erysipelotrichia;o__Erysipelotrichales;f__Erysipelotrichaceae;g__GGB4888,dropped
k__Bacteria;p__Firmicutes;c__Erysipelotrichia;o__Erysipelotrichales;f__Erysipelotrichaceae;g__GGB4888;s__GGB4888_SGB6837,dropped
k__Bacteria;p__Firmicutes;c__Erysipelotrichia;o__Erysipelotrichales;f__Erysipelotrichaceae;g__Galactobacillus,dropped
k__Bacteria;p__Firmicutes;c__Erysipelotrichia;o__Erysipelotrichales;f__Erysipelotrichaceae;g__Galactobacillus;s__Galactobacillus_timonensis,dropped
k__Bacteria;p__Firmicutes;c__Erysipelotrichia;o__Erysipelotrichales;f__Erysipelotrichaceae;g__Holdemania;s__Holdemania_sp_Marseille_P2844,dropped
k__Bacteria;p__Firmicutes;c__Erysipelotrichia;o__Erysipelotrichales;f__Erysipelotrichaceae;g__Longibaculum,dropped
k__Bacteria;p__Firmicutes;c__Erysipelotrichia;o__Erysipelotrichales;f__Erysipelotrichaceae;g__Longibaculum;s__Longibaculum_muris,dropped
k__Bacteria;p__Firmicutes;c__Erysipelotrichia;o__Erysipelotrichales;f__Erysipelotrichaceae;g__Longicatena,dropped
k__Bacteria;p__Firmicutes;c__Erysipelotrichia;o__Erysipelotrichales;f__Erysipelotrichaceae;g__Longicatena;s__Longicatena_caecimuris,dropped
k__Bacteria;p__Firmicutes;c__Erysipelotrichia;o__Erysipelotrichales;f__Erysipelotrichaceae;g__Massilicoli,dropped
k__Bacteria;p__Firmicutes;c__Erysipelotrichia;o__Erysipelotrichales;f__Erysipelotrichaceae;g__Massilicoli;s__Massilicoli_timonensis,dropped
k__Bacteria;p__Firmicutes;c__Erysipelotrichia;o__Erysipelotrichales;f__Erysipelotrichaceae;g__Massilimicrobiota;s__Massilimicrobiota_timonensis,dropped
k__Bacteria;p__Firmicutes;c__Erysipelotrichia;o__Erysipelotrichales;f__Erysipelotrichaceae;g__Merdibacter,dropped
k__Bacteria;p__Firmicutes;c__Erysipelotrichia;o__Erysipelotrichales;f__Erysipelotrichaceae;g__Merdibacter;s__Merdibacter_massiliensis,dropped
k__Bacteria;p__Firmicutes;c__Erysipelotrichia;o__Erysipelotrichales;f__Erysipelotrichaceae;g__Traorella,dropped
k__Bacteria;p__Firmicutes;c__Erysipelotrichia;o__Erysipelotrichales;f__Erysipelotrichaceae;g__Traorella;s__Traorella_massiliensis,dropped
k__Bacteria;p__Firmicutes;c__Erysipelotrichia;o__Erysipelotrichales;f__Erysipelotrichaceae;g__Turicibacter;s__Turicibacter_sp_TS3,dropped
k__Bacteria;p__Firmicutes;c__Firmicutes_unclassified;o__Firmicutes_unclassified;f__Firmicutes_unclassified;g__Firmicutes_unclassified;s__Firmicutes_bacterium_AM41_11,dropped
k__Bacteria;p__Firmicutes;c__Negativicutes;o__Acidaminococcales;f__Acidaminococcaceae;g__Acidaminococcaceae_unclassified,dropped
k__Bacteria;p__Firmicutes;c__Negativicutes;o__Acidaminococcales;f__Acidaminococcaceae;g__Acidaminococcaceae_unclassified;s__Acidaminococcaceae_bacterium,dropped
k__Bacteria;p__Firmicutes;c__Negativicutes;o__Acidaminococcales;f__Acidaminococcaceae;g__Acidaminococcaceae_unclassified;s__Acidaminococcaceae_unclassified_SGB5785,dropped
k__Bacteria;p__Firmicutes;c__Negativicutes;o__Acidaminococcales;f__Acidaminococcaceae;g__Acidaminococcus,dropped
k__Bacteria;p__Firmicutes;c__Negativicutes;o__Acidaminococcales;f__Acidaminococcaceae;g__Acidaminococcus;s__Acidaminococcus_SGB42794,dropped
k__Bacteria;p__Firmicutes;c__Negativicutes;o__Acidaminococcales;f__Acidaminococcaceae;g__Acidaminococcus;s__Acidaminococcus_fermentans,dropped
k__Bacteria;p__Firmicutes;c__Negativicutes;o__Acidaminococcales;f__Acidaminococcaceae;g__Acidaminococcus;s__Acidaminococcus_intestini,dropped
k__Bacteria;p__Firmicutes;c__Negativicutes;o__Acidaminococcales;f__Acidaminococcaceae;g__Acidaminococcus;s__Acidaminococcus_massiliensis,dropped
k__Bacteria;p__Firmicutes;c__Negativicutes;o__Acidaminococcales;f__Acidaminococcaceae;g__Acidaminococcus;s__Acidaminococcus_provencensis,dropped
k__Bacteria;p__Firmicutes;c__Negativicutes;o__Acidaminococcales;f__Acidaminococcaceae;g__Acidaminococcus;s__Acidaminococcus_timonensis,dropped
k__Bacteria;p__Firmicutes;c__Negativicutes;o__Acidaminococcales;f__Acidaminococcaceae;g__GGB4237,dropped
k__Bacteria;p__Firmicutes;c__Negativicutes;o__Acidaminococcales;f__Acidaminococcaceae;g__GGB4237;s__GGB4237_SGB5728,dropped
k__Bacteria;p__Firmicutes;c__Negativicutes;o__Acidaminococcales;f__Acidaminococcaceae;g__GGB4238,dropped
k__Bacteria;p__Firmicutes;c__Negativicutes;o__Acidaminococcales;f__Acidaminococcaceae;g__GGB4238;s__GGB4238_SGB5729,dropped
k__Bacteria;p__Firmicutes;c__Negativicutes;o__Acidaminococcales;f__Acidaminococcaceae;g__GGB4238;s__GGB4238_SGB5730,dropped
k__Bacteria;p__Firmicutes;c__Negativicutes;o__Acidaminococcales;f__Acidaminococcaceae;g__GGB4239,dropped
k__Bacteria;p__Firmicutes;c__Negativicutes;o__Acidaminococcales;f__Acidaminococcaceae;g__GGB4239;s__GGB4239_SGB5731,dropped
k__Bacteria;p__Firmicutes;c__Negativicutes;o__Acidaminococcales;f__Acidaminococcaceae;g__GGB4243,dropped
k__Bacteria;p__Firmicutes;c__Negativicutes;o__Acidaminococcales;f__Acidaminococcaceae;g__GGB4243;s__GGB4243_SGB5738,dropped
k__Bacteria;p__Firmicutes;c__Negativicutes;o__Acidaminococcales;f__Acidaminococcaceae;g__GGB4247,dropped
k__Bacteria;p__Firmicutes;c__Negativicutes;o__Acidaminococcales;f__Acidaminococcaceae;g__GGB4247;s__GGB4247_SGB5745,dropped
k__Bacteria;p__Firmicutes;c__Negativicutes;o__Acidaminococcales;f__Acidaminococcaceae;g__GGB4248,dropped
k__Bacteria;p__Firmicutes;c__Negativicutes;o__Acidaminococcales;f__Acidaminococcaceae;g__GGB4248;s__GGB4248_SGB5746,dropped
k__Bacteria;p__Firmicutes;c__Negativicutes;o__Acidaminococcales;f__Acidaminococcaceae;g__GGB4249,dropped
k__Bacteria;p__Firmicutes;c__Negativicutes;o__Acidaminococcales;f__Acidaminococcaceae;g__GGB4249;s__GGB4249_SGB5749,dropped
k__Bacteria;p__Firmicutes;c__Negativicutes;o__Acidaminococcales;f__Acidaminococcaceae;g__GGB4250,dropped
k__Bacteria;p__Firmicutes;c__Negativicutes;o__Acidaminococcales;f__Acidaminococcaceae;g__GGB4250;s__GGB4250_SGB5750,dropped
k__Bacteria;p__Firmicutes;c__Negativicutes;o__Acidaminococcales;f__Acidaminococcaceae;g__GGB4250;s__GGB4250_SGB5751,dropped
k__Bacteria;p__Firmicutes;c__Negativicutes;o__Acidaminococcales;f__Acidaminococcaceae;g__GGB4251,dropped
k__Bacteria;p__Firmicutes;c__Negativicutes;o__Acidaminococcales;f__Acidaminococcaceae;g__GGB4251;s__GGB4251_SGB5752,dropped
k__Bacteria;p__Firmicutes;c__Negativicutes;o__Acidaminococcales;f__Acidaminococcaceae;g__Phascolarctobacterium;s__Phascolarctobacterium_faecium,dropped
k__Bacteria;p__Firmicutes;c__Negativicutes;o__Selenomonadales,dropped
k__Bacteria;p__Firmicutes;c__Negativicutes;o__Selenomonadales;f__Selenomonadaceae,dropped
k__Bacteria;p__Firmicutes;c__Negativicutes;o__Selenomonadales;f__Selenomonadaceae;g__GGB4308,dropped
k__Bacteria;p__Firmicutes;c__Negativicutes;o__Selenomonadales;f__Selenomonadaceae;g__GGB4308;s__GGB4308_SGB5895,dropped
k__Bacteria;p__Firmicutes;c__Negativicutes;o__Selenomonadales;f__Selenomonadaceae;g__GGB4312,dropped
k__Bacteria;p__Firmicutes;c__Negativicutes;o__Selenomonadales;f__Selenomonadaceae;g__GGB4312;s__GGB4312_SGB5903,dropped
k__Bacteria;p__Firmicutes;c__Negativicutes;o__Selenomonadales;f__Selenomonadaceae;g__GGB4979,dropped
k__Bacteria;p__Firmicutes;c__Negativicutes;o__Selenomonadales;f__Selenomonadaceae;g__GGB4979;s__GGB4979_SGB6973,dropped
k__Bacteria;p__Firmicutes;c__Negativicutes;o__Selenomonadales;f__Selenomonadaceae;g__Megamonas,dropped
k__Bacteria;p__Firmicutes;c__Negativicutes;o__Selenomonadales;f__Selenomonadaceae;g__Megamonas;s__Megamonas_funiformis,dropped
k__Bacteria;p__Firmicutes;c__Negativicutes;o__Selenomonadales;f__Selenomonadaceae;g__Megamonas;s__Megamonas_hypermegale,dropped
k__Bacteria;p__Firmicutes;c__Negativicutes;o__Selenomonadales;f__Selenomonadaceae;g__Mitsuokella,dropped
k__Bacteria;p__Firmicutes;c__Negativicutes;o__Selenomonadales;f__Selenomonadaceae;g__Mitsuokella;s__Mitsuokella_jalaludinii,dropped
k__Bacteria;p__Firmicutes;c__Negativicutes;o__Selenomonadales;f__Selenomonadaceae;g__Mitsuokella;s__Mitsuokella_multacida,dropped
k__Bacteria;p__Firmicutes;c__Negativicutes;o__Selenomonadales;f__Selenomonadaceae;g__Mitsuokella;s__Mitsuokella_sp_AF21_1AC,dropped
k__Bacteria;p__Firmicutes;c__Negativicutes;o__Selenomonadales;f__Selenomonadaceae;g__Mitsuokella;s__Mitsuokella_sp_oral_taxon_131,dropped
k__Bacteria;p__Firmicutes;c__Negativicutes;o__Selenomonadales;f__Selenomonadaceae;g__Schwartzia,dropped
k__Bacteria;p__Firmicutes;c__Negativicutes;o__Selenomonadales;f__Selenomonadaceae;g__Schwartzia;s__Schwartzia_succinivorans,dropped
k__Bacteria;p__Firmicutes;c__Negativicutes;o__Selenomonadales;f__Selenomonadaceae;g__Selenomonas,dropped
k__Bacteria;p__Firmicutes;c__Negativicutes;o__Selenomonadales;f__Selenomonadaceae;g__Selenomonas;s__Selenomonas_SGB5880,dropped
k__Bacteria;p__Firmicutes;c__Negativicutes;o__Selenomonadales;f__Selenomonadaceae;g__Selenomonas;s__Selenomonas_SGB5910,dropped
k__Bacteria;p__Firmicutes;c__Negativicutes;o__Selenomonadales;f__Selenomonadaceae;g__Selenomonas;s__Selenomonas_artemidis,dropped
k__Bacteria;p__Firmicutes;c__Negativicutes;o__Selenomonadales;f__Selenomonadaceae;g__Selenomonas;s__Selenomonas_bovis,dropped
k__Bacteria;p__Firmicutes;c__Negativicutes;o__Selenomonadales;f__Selenomonadaceae;g__Selenomonas;s__Selenomonas_infelix,dropped
k__Bacteria;p__Firmicutes;c__Negativicutes;o__Selenomonadales;f__Selenomonadaceae;g__Selenomonas;s__Selenomonas_massiliensis,dropped
k__Bacteria;p__Firmicutes;c__Negativicutes;o__Selenomonadales;f__Selenomonadaceae;g__Selenomonas;s__Selenomonas_noxia,dropped
k__Bacteria;p__Firmicutes;c__Negativicutes;o__Selenomonadales;f__Selenomonadaceae;g__Selenomonas;s__Selenomonas_sp_oral_taxon_126,dropped
k__Bacteria;p__Firmicutes;c__Negativicutes;o__Selenomonadales;f__Selenomonadaceae;g__Selenomonas;s__Selenomonas_sp_oral_taxon_892,dropped
k__Bacteria;p__Firmicutes;c__Negativicutes;o__Selenomonadales;f__Selenomonadaceae;g__Selenomonas;s__Selenomonas_sputigena,dropped
k__Bacteria;p__Firmicutes;c__Negativicutes;o__Selenomonadales;f__Selenomonadales_unclassified,dropped
k__Bacteria;p__Firmicutes;c__Negativicutes;o__Selenomonadales;f__Selenomonadales_unclassified;g__Selenomonadales_unclassified,dropped
k__Bacteria;p__Firmicutes;c__Negativicutes;o__Selenomonadales;f__Selenomonadales_unclassified;g__Selenomonadales_unclassified;s__Selenomonadales_bacterium,dropped
k__Bacteria;p__Firmicutes;c__Negativicutes;o__Veillonellales;f__Veillonellaceae;g__Anaeroglobus,dropped
k__Bacteria;p__Firmicutes;c__Negativicutes;o__Veillonellales;f__Veillonellaceae;g__Anaeroglobus;s__Anaeroglobus_geminatus,dropped
k__Bacteria;p__Firmicutes;c__Negativicutes;o__Veillonellales;f__Veillonellaceae;g__Dialister;s__Dialister_SGB5817,dropped
k__Bacteria;p__Firmicutes;c__Negativicutes;o__Veillonellales;f__Veillonellaceae;g__Dialister;s__Dialister_SGB5820,dropped
k__Bacteria;p__Firmicutes;c__Negativicutes;o__Veillonellales;f__Veillonellaceae;g__Dialister;s__Dialister_hominis,dropped
k__Bacteria;p__Firmicutes;c__Negativicutes;o__Veillonellales;f__Veillonellaceae;g__Dialister;s__Dialister_micraerophilus,dropped
k__Bacteria;p__Firmicutes;c__Negativicutes;o__Veillonellales;f__Veillonellaceae;g__Dialister;s__Dialister_pneumosintes,dropped
k__Bacteria;p__Firmicutes;c__Negativicutes;o__Veillonellales;f__Veillonellaceae;g__GGB4261,dropped
k__Bacteria;p__Firmicutes;c__Negativicutes;o__Veillonellales;f__Veillonellaceae;g__GGB4261;s__GGB4261_SGB5798,dropped
k__Bacteria;p__Firmicutes;c__Negativicutes;o__Veillonellales;f__Veillonellaceae;g__GGB4262,dropped
k__Bacteria;p__Firmicutes;c__Negativicutes;o__Veillonellales;f__Veillonellaceae;g__GGB4262;s__GGB4262_SGB5800,dropped
k__Bacteria;p__Firmicutes;c__Negativicutes;o__Veillonellales;f__Veillonellaceae;g__GGB4263,dropped
k__Bacteria;p__Firmicutes;c__Negativicutes;o__Veillonellales;f__Veillonellaceae;g__GGB4263;s__GGB4263_SGB5801,dropped
k__Bacteria;p__Firmicutes;c__Negativicutes;o__Veillonellales;f__Veillonellaceae;g__GGB4266,dropped
k__Bacteria;p__Firmicutes;c__Negativicutes;o__Veillonellales;f__Veillonellaceae;g__GGB4266;s__GGB4266_SGB5809,dropped
k__Bacteria;p__Firmicutes;c__Negativicutes;o__Veillonellales;f__Veillonellaceae;g__GGB4272,dropped
k__Bacteria;p__Firmicutes;c__Negativicutes;o__Veillonellales;f__Veillonellaceae;g__GGB4272;s__GGB4272_SGB5822,dropped
k__Bacteria;p__Firmicutes;c__Negativicutes;o__Veillonellales;f__Veillonellaceae;g__GGB4277,dropped
k__Bacteria;p__Firmicutes;c__Negativicutes;o__Veillonellales;f__Veillonellaceae;g__GGB4277;s__GGB4277_SGB5832,dropped
k__Bacteria;p__Firmicutes;c__Negativicutes;o__Veillonellales;f__Veillonellaceae;g__GGB4285,dropped
k__Bacteria;p__Firmicutes;c__Negativicutes;o__Veillonellales;f__Veillonellaceae;g__GGB4285;s__GGB4285_SGB5849,dropped
k__Bacteria;p__Firmicutes;c__Negativicutes;o__Veillonellales;f__Veillonellaceae;g__GGB4292,dropped
k__Bacteria;p__Firmicutes;c__Negativicutes;o__Veillonellales;f__Veillonellaceae;g__GGB4292;s__GGB4292_SGB5865,dropped
k__Bacteria;p__Firmicutes;c__Negativicutes;o__Veillonellales;f__Veillonellaceae;g__Megasphaera,dropped
k__Bacteria;p__Firmicutes;c__Negativicutes;o__Veillonellales;f__Veillonellaceae;g__Megasphaera;s__Megasphaera_elsdenii,dropped
k__Bacteria;p__Firmicutes;c__Negativicutes;o__Veillonellales;f__Veillonellaceae;g__Megasphaera;s__Megasphaera_hexanoica,dropped
k__Bacteria;p__Firmicutes;c__Negativicutes;o__Veillonellales;f__Veillonellaceae;g__Megasphaera;s__Megasphaera_hominis,dropped
k__Bacteria;p__Firmicutes;c__Negativicutes;o__Veillonellales;f__Veillonellaceae;g__Megasphaera;s__Megasphaera_massiliensis,dropped
k__Bacteria;p__Firmicutes;c__Negativicutes;o__Veillonellales;f__Veillonellaceae;g__Megasphaera;s__Megasphaera_micronuciformis,dropped
k__Bacteria;p__Firmicutes;c__Negativicutes;o__Veillonellales;f__Veillonellaceae;g__Megasphaera;s__Megasphaera_sp_AM44_1BH,dropped
k__Bacteria;p__Firmicutes;c__Negativicutes;o__Veillonellales;f__Veillonellaceae;g__Megasphaera;s__Megasphaera_sp_BL7,dropped
k__Bacteria;p__Firmicutes;c__Negativicutes;o__Veillonellales;f__Veillonellaceae;g__Megasphaera;s__Megasphaera_sp_MJR8396C,dropped
k__Bacteria;p__Firmicutes;c__Negativicutes;o__Veillonellales;f__Veillonellaceae;g__Megasphaera;s__Megasphaera_stantonii,dropped
k__Bacteria;p__Firmicutes;c__Negativicutes;o__Veillonellales;f__Veillonellaceae;g__Megasphaera;s__Megasphaera_vaginalis,dropped
k__Bacteria;p__Firmicutes;c__Negativicutes;o__Veillonellales;f__Veillonellaceae;g__Negativicoccus,dropped
k__Bacteria;p__Firmicutes;c__Negativicutes;o__Veillonellales;f__Veillonellaceae;g__Negativicoccus;s__Negativicoccus_succinicivorans,dropped
k__Bacteria;p__Firmicutes;c__Negativicutes;o__Veillonellales;f__Veillonellaceae;g__Veillonella;s__Veillonella_denticariosi,dropped
k__Bacteria;p__Firmicutes;c__Negativicutes;o__Veillonellales;f__Veillonellaceae;g__Veillonella;s__Veillonella_magna,dropped
k__Bacteria;p__Firmicutes;c__Negativicutes;o__Veillonellales;f__Veillonellaceae;g__Veillonella;s__Veillonella_tobetsuensis,dropped
k__Bacteria;p__Firmicutes;c__Negativicutes;o__Veillonellales;f__Veillonellaceae;g__Veillonellaceae_unclassified,dropped
k__Bacteria;p__Firmicutes;c__Negativicutes;o__Veillonellales;f__Veillonellaceae;g__Veillonellaceae_unclassified;s__Veillonellaceae_bacterium,dropped
k__Bacteria;p__Firmicutes;c__Negativicutes;o__Veillonellales;f__Veillonellaceae;g__Veillonellaceae_unclassified;s__Veillonellaceae_bacterium_DNF00626,dropped
k__Bacteria;p__Firmicutes;c__Tissierellia;o__Tissierellales;f__Peptoniphilaceae;g__Anaerococcus;s__Anaerococcus_jeddahensis,dropped
k__Bacteria;p__Firmicutes;c__Tissierellia;o__Tissierellales;f__Peptoniphilaceae;g__Anaerococcus;s__Anaerococcus_lactolyticus,dropped
k__Bacteria;p__Firmicutes;c__Tissierellia;o__Tissierellales;f__Peptoniphilaceae;g__Anaerococcus;s__Anaerococcus_mediterraneensis,dropped
k__Bacteria;p__Firmicutes;c__Tissierellia;o__Tissierellales;f__Peptoniphilaceae;g__Anaerococcus;s__Anaerococcus_prevotii,dropped
k__Bacteria;p__Firmicutes;c__Tissierellia;o__Tissierellales;f__Peptoniphilaceae;g__Anaerococcus;s__Anaerococcus_provencensis,dropped
k__Bacteria;p__Firmicutes;c__Tissierellia;o__Tissierellales;f__Peptoniphilaceae;g__Anaerococcus;s__Anaerococcus_sp_Marseille_P3625,dropped
k__Bacteria;p__Firmicutes;c__Tissierellia;o__Tissierellales;f__Peptoniphilaceae;g__Anaerococcus;s__Anaerococcus_sp_Marseille_P3915,dropped
k__Bacteria;p__Firmicutes;c__Tissierellia;o__Tissierellales;f__Peptoniphilaceae;g__Anaerococcus;s__Anaerococcus_tetradius,dropped
k__Bacteria;p__Firmicutes;c__Tissierellia;o__Tissierellales;f__Peptoniphilaceae;g__Anaerococcus;s__Anaerococcus_vaginalis,dropped
k__Bacteria;p__Firmicutes;c__Tissierellia;o__Tissierellales;f__Peptoniphilaceae;g__Finegoldia,dropped
k__Bacteria;p__Firmicutes;c__Tissierellia;o__Tissierellales;f__Peptoniphilaceae;g__Finegoldia;s__Finegoldia_magna,dropped
k__Bacteria;p__Firmicutes;c__Tissierellia;o__Tissierellales;f__Peptoniphilaceae;g__Helcococcus,dropped
k__Bacteria;p__Firmicutes;c__Tissierellia;o__Tissierellales;f__Peptoniphilaceae;g__Helcococcus;s__Helcococcus_sueciensis,dropped
k__Bacteria;p__Firmicutes;c__Tissierellia;o__Tissierellales;f__Peptoniphilaceae;g__Lagierella,dropped
k__Bacteria;p__Firmicutes;c__Tissierellia;o__Tissierellales;f__Peptoniphilaceae;g__Lagierella;s__Lagierella_massiliensis,dropped
k__Bacteria;p__Firmicutes;c__Tissierellia;o__Tissierellales;f__Peptoniphilaceae;g__Murdochiella,dropped
k__Bacteria;p__Firmicutes;c__Tissierellia;o__Tissierellales;f__Peptoniphilaceae;g__Murdochiella;s__Murdochiella_massiliensis,dropped
k__Bacteria;p__Firmicutes;c__Tissierellia;o__Tissierellales;f__Peptoniphilaceae;g__Parvimonas;s__Parvimonas_SGB6649,dropped
k__Bacteria;p__Firmicutes;c__Tissierellia;o__Tissierellales;f__Peptoniphilaceae;g__Parvimonas;s__Parvimonas_sp_oral_taxon_393,dropped
k__Bacteria;p__Firmicutes;c__Tissierellia;o__Tissierellales;f__Peptoniphilaceae;g__Peptoniphilus;s__Peptoniphilus_SGB6699,dropped
k__Bacteria;p__Firmicutes;c__Tissierellia;o__Tissierellales;f__Peptoniphilaceae;g__Peptoniphilus;s__Peptoniphilus_catoniae,dropped
k__Bacteria;p__Firmicutes;c__Tissierellia;o__Tissierellales;f__Peptoniphilaceae;g__Peptoniphilus;s__Peptoniphilus_coxii,dropped
k__Bacteria;p__Firmicutes;c__Tissierellia;o__Tissierellales;f__Peptoniphilaceae;g__Peptoniphilus;s__Peptoniphilus_duerdenii,dropped
k__Bacteria;p__Firmicutes;c__Tissierellia;o__Tissierellales;f__Peptoniphilaceae;g__Peptoniphilus;s__Peptoniphilus_grossensis,dropped
k__Bacteria;p__Firmicutes;c__Tissierellia;o__Tissierellales;f__Peptoniphilaceae;g__Peptoniphilus;s__Peptoniphilus_mikwangii,dropped
k__Bacteria;p__Firmicutes;c__Tissierellia;o__Tissierellales;f__Peptoniphilaceae;g__Peptoniphilus;s__Peptoniphilus_obesi,dropped
k__Bacteria;p__Firmicutes;c__Tissierellia;o__Tissierellales;f__Peptoniphilaceae;g__Peptoniphilus;s__Peptoniphilus_pacaensis,dropped
k__Bacteria;p__Firmicutes;c__Tissierellia;o__Tissierellales;f__Peptoniphilaceae;g__Peptoniphilus;s__Peptoniphilus_phoceensis,dropped
k__Bacteria;p__Firmicutes;c__Tissierellia;o__Tissierellales;f__Peptoniphilaceae;g__Peptoniphilus;s__Peptoniphilus_senegalensis,dropped
k__Bacteria;p__Firmicutes;c__Tissierellia;o__Tissierellales;f__Peptoniphilaceae;g__Peptoniphilus;s__Peptoniphilus_sp_BV3C26,dropped
k__Bacteria;p__Firmicutes;c__Tissierellia;o__Tissierellales;f__Peptoniphilaceae;g__Peptoniphilus;s__Peptoniphilus_sp_Marseille_P3761,dropped
k__Bacteria;p__Firmicutes;c__Tissierellia;o__Tissierellales;f__Peptoniphilaceae;g__Peptoniphilus;s__Peptoniphilus_urinimassiliensis,dropped
k__Bacteria;p__Firmicutes;c__Tissierellia;o__Tissierellales;f__Peptoniphilaceae;g__Urinicoccus,dropped
k__Bacteria;p__Firmicutes;c__Tissierellia;o__Tissierellales;f__Peptoniphilaceae;g__Urinicoccus;s__Urinicoccus_massiliensis,dropped
k__Bacteria;p__Firmicutes;c__Tissierellia;o__Tissierellales;f__Tissierellaceae,dropped
k__Bacteria;p__Firmicutes;c__Tissierellia;o__Tissierellales;f__Tissierellaceae;g__Urmitella,dropped
k__Bacteria;p__Firmicutes;c__Tissierellia;o__Tissierellales;f__Tissierellaceae;g__Urmitella;s__Urmitella_timonensis,dropped
k__Bacteria;p__Firmicutes;c__Tissierellia;o__Tissierellia_unclassified,dropped
k__Bacteria;p__Firmicutes;c__Tissierellia;o__Tissierellia_unclassified;f__Tissierellia_unclassified,dropped
k__Bacteria;p__Firmicutes;c__Tissierellia;o__Tissierellia_unclassified;f__Tissierellia_unclassified;g__Ezakiella,dropped
k__Bacteria;p__Firmicutes;c__Tissierellia;o__Tissierellia_unclassified;f__Tissierellia_unclassified;g__Ezakiella;s__Ezakiella_SGB6726,dropped
k__Bacteria;p__Firmicutes;c__Tissierellia;o__Tissierellia_unclassified;f__Tissierellia_unclassified;g__Ezakiella;s__Ezakiella_coagulans,dropped
k__Bacteria;p__Firmicutes;c__Tissierellia;o__Tissierellia_unclassified;f__Tissierellia_unclassified;g__Ezakiella;s__Ezakiella_massiliensis,dropped
k__Bacteria;p__Firmicutes;c__Tissierellia;o__Tissierellia_unclassified;f__Tissierellia_unclassified;g__Ezakiella;s__Ezakiella_peruensis,dropped
k__Bacteria;p__Firmicutes;c__Tissierellia;o__Tissierellia_unclassified;f__Tissierellia_unclassified;g__Kallipyga,dropped
k__Bacteria;p__Firmicutes;c__Tissierellia;o__Tissierellia_unclassified;f__Tissierellia_unclassified;g__Kallipyga;s__Kallipyga_gabonensis,dropped
k__Bacteria;p__Fusobacteria,dropped
k__Bacteria;p__Fusobacteria;c__CFGB1781,dropped
k__Bacteria;p__Fusobacteria;c__CFGB1781;o__OFGB1781,dropped
k__Bacteria;p__Fusobacteria;c__CFGB1781;o__OFGB1781;f__FGB1781,dropped
k__Bacteria;p__Fusobacteria;c__CFGB1781;o__OFGB1781;f__FGB1781;g__GGB4733,dropped
k__Bacteria;p__Fusobacteria;c__CFGB1781;o__OFGB1781;f__FGB1781;g__GGB4733;s__GGB4733_SGB6557,dropped
k__Bacteria;p__Fusobacteria;c__Fusobacteriia,dropped
k__Bacteria;p__Fusobacteria;c__Fusobacteriia;o__Fusobacteriales,dropped
k__Bacteria;p__Fusobacteria;c__Fusobacteriia;o__Fusobacteriales;f__Fusobacteriaceae,dropped
k__Bacteria;p__Fusobacteria;c__Fusobacteriia;o__Fusobacteriales;f__Fusobacteriaceae;g__Cetobacterium,dropped
k__Bacteria;p__Fusobacteria;c__Fusobacteriia;o__Fusobacteriales;f__Fusobacteriaceae;g__Cetobacterium;s__Cetobacterium_somerae,dropped
k__Bacteria;p__Fusobacteria;c__Fusobacteriia;o__Fusobacteriales;f__Fusobacteriaceae;g__Fusobacteriaceae_unclassified,dropped
k__Bacteria;p__Fusobacteria;c__Fusobacteriia;o__Fusobacteriales;f__Fusobacteriaceae;g__Fusobacteriaceae_unclassified;s__Fusobacteriaceae_bacterium,dropped
k__Bacteria;p__Fusobacteria;c__Fusobacteriia;o__Fusobacteriales;f__Fusobacteriaceae;g__Fusobacteriaceae_unclassified;s__Fusobacteriaceae_unclassified_SGB59307,dropped
k__Bacteria;p__Fusobacteria;c__Fusobacteriia;o__Fusobacteriales;f__Fusobacteriaceae;g__Fusobacteriaceae_unclassified;s__Fusobacteriaceae_unclassified_SGB6035,dropped
k__Bacteria;p__Fusobacteria;c__Fusobacteriia;o__Fusobacteriales;f__Fusobacteriaceae;g__Fusobacterium;s__Fusobacterium_canifelinum,dropped
k__Bacteria;p__Fusobacteria;c__Fusobacteriia;o__Fusobacteriales;f__Fusobacteriaceae;g__Fusobacterium;s__Fusobacterium_gonidiaformans,dropped
k__Bacteria;p__Fusobacteria;c__Fusobacteriia;o__Fusobacteriales;f__Fusobacteriaceae;g__Fusobacterium;s__Fusobacterium_hwasookii,dropped
k__Bacteria;p__Fusobacteria;c__Fusobacteriia;o__Fusobacteriales;f__Fusobacteriaceae;g__Fusobacterium;s__Fusobacterium_mortiferum,dropped
k__Bacteria;p__Fusobacteria;c__Fusobacteriia;o__Fusobacteriales;f__Fusobacteriaceae;g__Fusobacterium;s__Fusobacterium_naviforme,dropped
k__Bacteria;p__Fusobacteria;c__Fusobacteriia;o__Fusobacteriales;f__Fusobacteriaceae;g__Fusobacterium;s__Fusobacterium_necrogenes,dropped
k__Bacteria;p__Fusobacteria;c__Fusobacteriia;o__Fusobacteriales;f__Fusobacteriaceae;g__Fusobacterium;s__Fusobacterium_necrophorum,dropped
k__Bacteria;p__Fusobacteria;c__Fusobacteriia;o__Fusobacteriales;f__Fusobacteriaceae;g__Fusobacterium;s__Fusobacterium_perfoetens,dropped
k__Bacteria;p__Fusobacteria;c__Fusobacteriia;o__Fusobacteriales;f__Fusobacteriaceae;g__Fusobacterium;s__Fusobacterium_pseudoperiodonticum,dropped
k__Bacteria;p__Fusobacteria;c__Fusobacteriia;o__Fusobacteriales;f__Fusobacteriaceae;g__Fusobacterium;s__Fusobacterium_sp_FSA_380_WT_3A,dropped
k__Bacteria;p__Fusobacteria;c__Fusobacteriia;o__Fusobacteriales;f__Fusobacteriaceae;g__Fusobacterium;s__Fusobacterium_ulcerans,dropped
k__Bacteria;p__Fusobacteria;c__Fusobacteriia;o__Fusobacteriales;f__Fusobacteriaceae;g__Fusobacterium;s__Fusobacterium_varium,dropped
k__Bacteria;p__Fusobacteria;c__Fusobacteriia;o__Fusobacteriales;f__Fusobacteriaceae;g__GGB18521,dropped
k__Bacteria;p__Fusobacteria;c__Fusobacteriia;o__Fusobacteriales;f__Fusobacteriaceae;g__GGB18521;s__GGB18521_SGB27377,dropped
k__Bacteria;p__Fusobacteria;c__Fusobacteriia;o__Fusobacteriales;f__Leptotrichiaceae,dropped
k__Bacteria;p__Fusobacteria;c__Fusobacteriia;o__Fusobacteriales;f__Leptotrichiaceae;g__GGB4395,dropped
k__Bacteria;p__Fusobacteria;c__Fusobacteriia;o__Fusobacteriales;f__Leptotrichiaceae;g__GGB4395;s__GGB4395_SGB6050,dropped
k__Bacteria;p__Fusobacteria;c__Fusobacteriia;o__Fusobacteriales;f__Leptotrichiaceae;g__Leptotrichia;s__Leptotrichia_hongkongensis,dropped
k__Bacteria;p__Fusobacteria;c__Fusobacteriia;o__Fusobacteriales;f__Leptotrichiaceae;g__Leptotrichia;s__Leptotrichia_massiliensis,dropped
k__Bacteria;p__Fusobacteria;c__Fusobacteriia;o__Fusobacteriales;f__Leptotrichiaceae;g__Leptotrichia;s__Leptotrichia_sp_oral_taxon_212,dropped
k__Bacteria;p__Fusobacteria;c__Fusobacteriia;o__Fusobacteriales;f__Leptotrichiaceae;g__Leptotrichia;s__Leptotrichia_sp_oral_taxon_215,dropped
k__Bacteria;p__Fusobacteria;c__Fusobacteriia;o__Fusobacteriales;f__Leptotrichiaceae;g__Leptotrichia;s__Leptotrichia_sp_oral_taxon_223,dropped
k__Bacteria;p__Fusobacteria;c__Fusobacteriia;o__Fusobacteriales;f__Leptotrichiaceae;g__Leptotrichia;s__Leptotrichia_trevisanii,dropped
k__Bacteria;p__Fusobacteria;c__Fusobacteriia;o__Fusobacteriales;f__Leptotrichiaceae;g__Leptotrichia;s__Leptotrichia_wadei,dropped
k__Bacteria;p__Fusobacteria;c__Fusobacteriia;o__Fusobacteriales;f__Leptotrichiaceae;g__Sneathia,dropped
k__Bacteria;p__Fusobacteria;c__Fusobacteriia;o__Fusobacteriales;f__Leptotrichiaceae;g__Sneathia;s__Sneathia_amnii,dropped
k__Bacteria;p__Kiritimatiellaeota,dropped
k__Bacteria;p__Kiritimatiellaeota;c__Kiritimatiellae,dropped
k__Bacteria;p__Kiritimatiellaeota;c__Kiritimatiellae;o__Kiritimatiellae_unclassified,dropped
k__Bacteria;p__Kiritimatiellaeota;c__Kiritimatiellae;o__Kiritimatiellae_unclassified;f__Kiritimatiellae_unclassified,dropped
k__Bacteria;p__Kiritimatiellaeota;c__Kiritimatiellae;o__Kiritimatiellae_unclassified;f__Kiritimatiellae_unclassified;g__Kiritimatiellae_unclassified,dropped
k__Bacteria;p__Kiritimatiellaeota;c__Kiritimatiellae;o__Kiritimatiellae_unclassified;f__Kiritimatiellae_unclassified;g__Kiritimatiellae_unclassified;s__Kiritimatiellae_bacterium,dropped
k__Bacteria;p__Lentisphaerae;c__Lentisphaeria;o__Lentisphaeria_unclassified,dropped
k__Bacteria;p__Lentisphaerae;c__Lentisphaeria;o__Lentisphaeria_unclassified;f__Lentisphaeria_unclassified,dropped
k__Bacteria;p__Lentisphaerae;c__Lentisphaeria;o__Lentisphaeria_unclassified;f__Lentisphaeria_unclassified;g__GGB6521,dropped
k__Bacteria;p__Lentisphaerae;c__Lentisphaeria;o__Lentisphaeria_unclassified;f__Lentisphaeria_unclassified;g__GGB6521;s__GGB6521_SGB9212,dropped
k__Bacteria;p__Lentisphaerae;c__Lentisphaeria;o__Lentisphaeria_unclassified;f__Lentisphaeria_unclassified;g__GGB6522,dropped
k__Bacteria;p__Lentisphaerae;c__Lentisphaeria;o__Lentisphaeria_unclassified;f__Lentisphaeria_unclassified;g__GGB6522;s__GGB6522_SGB9214,dropped
k__Bacteria;p__Lentisphaerae;c__Lentisphaeria;o__Lentisphaeria_unclassified;f__Lentisphaeria_unclassified;g__Lentisphaeria_unclassified,dropped
k__Bacteria;p__Lentisphaerae;c__Lentisphaeria;o__Lentisphaeria_unclassified;f__Lentisphaeria_unclassified;g__Lentisphaeria_unclassified;s__Lentisphaeria_bacterium,dropped
k__Bacteria;p__Lentisphaerae;c__Lentisphaeria;o__Lentisphaeria_unclassified;f__Lentisphaeria_unclassified;g__Lentisphaeria_unclassified;s__Lentisphaeria_unclassified_SGB9198,dropped
k__Bacteria;p__Lentisphaerae;c__Lentisphaeria;o__Lentisphaeria_unclassified;f__Lentisphaeria_unclassified;g__Lentisphaeria_unclassified;s__Lentisphaeria_unclassified_SGB9206,dropped
k__Bacteria;p__Lentisphaerae;c__Lentisphaeria;o__Victivallales;f__Victivallaceae;g__GGB6511,dropped
k__Bacteria;p__Lentisphaerae;c__Lentisphaeria;o__Victivallales;f__Victivallaceae;g__GGB6511;s__GGB6511_SGB9196,dropped
k__Bacteria;p__Lentisphaerae;c__Lentisphaeria;o__Victivallales;f__Victivallales_unclassified,dropped
k__Bacteria;p__Lentisphaerae;c__Lentisphaeria;o__Victivallales;f__Victivallales_unclassified;g__Victivallales_unclassified,dropped
k__Bacteria;p__Lentisphaerae;c__Lentisphaeria;o__Victivallales;f__Victivallales_unclassified;g__Victivallales_unclassified;s__Victivallales_bacterium,dropped
k__Bacteria;p__Planctomycetes,dropped
k__Bacteria;p__Planctomycetes;c__Planctomycetia,dropped
k__Bacteria;p__Planctomycetes;c__Planctomycetia;o__Pirellulales,dropped
k__Bacteria;p__Planctomycetes;c__Planctomycetia;o__Pirellulales;f__Pirellulaceae,dropped
k__Bacteria;p__Planctomycetes;c__Planctomycetia;o__Pirellulales;f__Pirellulaceae;g__GGB6565,dropped
k__Bacteria;p__Planctomycetes;c__Planctomycetia;o__Pirellulales;f__Pirellulaceae;g__GGB6565;s__GGB6565_SGB9274,dropped
k__Bacteria;p__Planctomycetes;c__Planctomycetia;o__Pirellulales;f__Pirellulaceae;g__GGB6566,dropped
k__Bacteria;p__Planctomycetes;c__Planctomycetia;o__Pirellulales;f__Pirellulaceae;g__GGB6566;s__GGB6566_SGB9275,dropped
k__Bacteria;p__Planctomycetes;c__Planctomycetia;o__Pirellulales;f__Pirellulaceae;g__GGB6567,dropped
k__Bacteria;p__Planctomycetes;c__Planctomycetia;o__Pirellulales;f__Pirellulaceae;g__GGB6567;s__GGB6567_SGB9277,dropped
k__Bacteria;p__Planctomycetes;c__Planctomycetia;o__Pirellulales;f__Pirellulaceae;g__GGB6567;s__GGB6567_SGB9278,dropped
k__Bacteria;p__Planctomycetes;c__Planctomycetia;o__Pirellulales;f__Pirellulaceae;g__GGB6568,dropped
k__Bacteria;p__Planctomycetes;c__Planctomycetia;o__Pirellulales;f__Pirellulaceae;g__GGB6568;s__GGB6568_SGB9279,dropped
k__Bacteria;p__Planctomycetes;c__Planctomycetia;o__Pirellulales;f__Pirellulaceae;g__GGB6601,dropped
k__Bacteria;p__Planctomycetes;c__Planctomycetia;o__Pirellulales;f__Pirellulaceae;g__GGB6601;s__GGB6601_SGB9333,dropped
k__Bacteria;p__Proteobacteria;c__Alphaproteobacteria;o__Alphaproteobacteria_unclassified,dropped
k__Bacteria;p__Proteobacteria;c__Alphaproteobacteria;o__Alphaproteobacteria_unclassified;f__Alphaproteobacteria_unclassified,dropped
k__Bacteria;p__Proteobacteria;c__Alphaproteobacteria;o__Alphaproteobacteria_unclassified;f__Alphaproteobacteria_unclassified;g__Alphaproteobacteria_unclassified,dropped
k__Bacteria;p__Proteobacteria;c__Alphaproteobacteria;o__Alphaproteobacteria_unclassified;f__Alphaproteobacteria_unclassified;g__Alphaproteobacteria_unclassified;s__Alphaproteobacteria_bacterium,dropped
k__Bacteria;p__Proteobacteria;c__Alphaproteobacteria;o__Alphaproteobacteria_unclassified;f__Alphaproteobacteria_unclassified;g__Alphaproteobacteria_unclassified;s__Alphaproteobacteria_unclassified_SGB9306,dropped
k__Bacteria;p__Proteobacteria;c__Alphaproteobacteria;o__Alphaproteobacteria_unclassified;f__Alphaproteobacteria_unclassified;g__GGB30666,dropped
k__Bacteria;p__Proteobacteria;c__Alphaproteobacteria;o__Alphaproteobacteria_unclassified;f__Alphaproteobacteria_unclassified;g__GGB30666;s__GGB30666_SGB43808,dropped
k__Bacteria;p__Proteobacteria;c__Alphaproteobacteria;o__Alphaproteobacteria_unclassified;f__Alphaproteobacteria_unclassified;g__GGB6582,dropped
k__Bacteria;p__Proteobacteria;c__Alphaproteobacteria;o__Alphaproteobacteria_unclassified;f__Alphaproteobacteria_unclassified;g__GGB6582;s__GGB6582_SGB9303,dropped
k__Bacteria;p__Proteobacteria;c__Alphaproteobacteria;o__Alphaproteobacteria_unclassified;f__Alphaproteobacteria_unclassified;g__GGB6606,dropped
k__Bacteria;p__Proteobacteria;c__Alphaproteobacteria;o__Alphaproteobacteria_unclassified;f__Alphaproteobacteria_unclassified;g__GGB6606;s__GGB6606_SGB9340,dropped
k__Bacteria;p__Proteobacteria;c__Alphaproteobacteria;o__Alphaproteobacteria_unclassified;f__Alphaproteobacteria_unclassified;g__GGB6608,dropped
k__Bacteria;p__Proteobacteria;c__Alphaproteobacteria;o__Alphaproteobacteria_unclassified;f__Alphaproteobacteria_unclassified;g__GGB6608;s__GGB6608_SGB9342,dropped
k__Bacteria;p__Proteobacteria;c__Alphaproteobacteria;o__Alphaproteobacteria_unclassified;f__Alphaproteobacteria_unclassified;g__GGB6612,dropped
k__Bacteria;p__Proteobacteria;c__Alphaproteobacteria;o__Alphaproteobacteria_unclassified;f__Alphaproteobacteria_unclassified;g__GGB6612;s__GGB6612_SGB9346,dropped
k__Bacteria;p__Proteobacteria;c__Alphaproteobacteria;o__Alphaproteobacteria_unclassified;f__Alphaproteobacteria_unclassified;g__GGB6613,dropped
k__Bacteria;p__Proteobacteria;c__Alphaproteobacteria;o__Alphaproteobacteria_unclassified;f__Alphaproteobacteria_unclassified;g__GGB6613;s__GGB6613_SGB9347,dropped
k__Bacteria;p__Proteobacteria;c__Alphaproteobacteria;o__Caulobacterales,dropped
k__Bacteria;p__Proteobacteria;c__Alphaproteobacteria;o__Caulobacterales;f__Caulobacteraceae,dropped
k__Bacteria;p__Proteobacteria;c__Alphaproteobacteria;o__Caulobacterales;f__Caulobacteraceae;g__Brevundimonas,dropped
k__Bacteria;p__Proteobacteria;c__Alphaproteobacteria;o__Caulobacterales;f__Caulobacteraceae;g__Brevundimonas;s__Brevundimonas_vesicularis,dropped
k__Bacteria;p__Proteobacteria;c__Alphaproteobacteria;o__Kordiimonadales,dropped
k__Bacteria;p__Proteobacteria;c__Alphaproteobacteria;o__Kordiimonadales;f__Kordiimonadales_unclassified,dropped
k__Bacteria;p__Proteobacteria;c__Alphaproteobacteria;o__Kordiimonadales;f__Kordiimonadales_unclassified;g__GGB23834,dropped
k__Bacteria;p__Proteobacteria;c__Alphaproteobacteria;o__Kordiimonadales;f__Kordiimonadales_unclassified;g__GGB23834;s__GGB23834_SGB35555,dropped
k__Bacteria;p__Proteobacteria;c__Alphaproteobacteria;o__Rhizobiales,dropped
k__Bacteria;p__Proteobacteria;c__Alphaproteobacteria;o__Rhizobiales;f__Bradyrhizobiaceae,dropped
k__Bacteria;p__Proteobacteria;c__Alphaproteobacteria;o__Rhizobiales;f__Bradyrhizobiaceae;g__Bradyrhizobium,dropped
k__Bacteria;p__Proteobacteria;c__Alphaproteobacteria;o__Rhizobiales;f__Bradyrhizobiaceae;g__Bradyrhizobium;s__Bradyrhizobium_sp_17_4,dropped
k__Bacteria;p__Proteobacteria;c__Alphaproteobacteria;o__Rhizobiales;f__Phyllobacteriaceae,dropped
k__Bacteria;p__Proteobacteria;c__Alphaproteobacteria;o__Rhizobiales;f__Phyllobacteriaceae;g__GGB38171,dropped
k__Bacteria;p__Proteobacteria;c__Alphaproteobacteria;o__Rhizobiales;f__Phyllobacteriaceae;g__GGB38171;s__GGB38171_SGB72433,dropped
k__Bacteria;p__Proteobacteria;c__Alphaproteobacteria;o__Rhodobacterales,dropped
k__Bacteria;p__Proteobacteria;c__Alphaproteobacteria;o__Rhodobacterales;f__Rhodobacteraceae,dropped
k__Bacteria;p__Proteobacteria;c__Alphaproteobacteria;o__Rhodobacterales;f__Rhodobacteraceae;g__Paracoccus,dropped
k__Bacteria;p__Proteobacteria;c__Alphaproteobacteria;o__Rhodobacterales;f__Rhodobacteraceae;g__Paracoccus;s__Paracoccus_haeundaensis,dropped
k__Bacteria;p__Proteobacteria;c__Alphaproteobacteria;o__Rhodobacterales;f__Rhodobacteraceae;g__Paracoccus;s__Paracoccus_yeei,dropped
k__Bacteria;p__Proteobacteria;c__Alphaproteobacteria;o__Rhodobacterales;f__Rhodobacteraceae;g__Rhodobacteraceae_unclassified,dropped
k__Bacteria;p__Proteobacteria;c__Alphaproteobacteria;o__Rhodobacterales;f__Rhodobacteraceae;g__Rhodobacteraceae_unclassified;s__Rhodobacteraceae_unclassified_SGB53807,dropped
k__Bacteria;p__Proteobacteria;c__Alphaproteobacteria;o__Rickettsiales,dropped
k__Bacteria;p__Proteobacteria;c__Alphaproteobacteria;o__Rickettsiales;f__Anaplasmataceae,dropped
k__Bacteria;p__Proteobacteria;c__Alphaproteobacteria;o__Rickettsiales;f__Anaplasmataceae;g__GGB39644,dropped
k__Bacteria;p__Proteobacteria;c__Alphaproteobacteria;o__Rickettsiales;f__Anaplasmataceae;g__GGB39644;s__GGB39644_SGB53888,dropped
k__Bacteria;p__Proteobacteria;c__Betaproteobacteria;o__Burkholderiales;f__Alcaligenaceae,dropped
k__Bacteria;p__Proteobacteria;c__Betaproteobacteria;o__Burkholderiales;f__Alcaligenaceae;g__Achromobacter,dropped
k__Bacteria;p__Proteobacteria;c__Betaproteobacteria;o__Burkholderiales;f__Alcaligenaceae;g__Achromobacter;s__Achromobacter_xylosoxidans,dropped
k__Bacteria;p__Proteobacteria;c__Betaproteobacteria;o__Burkholderiales;f__Alcaligenaceae;g__Alcaligenes,dropped
k__Bacteria;p__Proteobacteria;c__Betaproteobacteria;o__Burkholderiales;f__Alcaligenaceae;g__Alcaligenes;s__Alcaligenes_aquatilis,dropped
k__Bacteria;p__Proteobacteria;c__Betaproteobacteria;o__Burkholderiales;f__Burkholderiaceae,dropped
k__Bacteria;p__Proteobacteria;c__Betaproteobacteria;o__Burkholderiales;f__Burkholderiaceae;g__Lautropia,dropped
k__Bacteria;p__Proteobacteria;c__Betaproteobacteria;o__Burkholderiales;f__Burkholderiaceae;g__Lautropia;s__Lautropia_mirabilis,dropped
k__Bacteria;p__Proteobacteria;c__Betaproteobacteria;o__Burkholderiales;f__Burkholderiaceae;g__Paraburkholderia,dropped
k__Bacteria;p__Proteobacteria;c__Betaproteobacteria;o__Burkholderiales;f__Burkholderiaceae;g__Paraburkholderia;s__Paraburkholderia_bryophila,dropped
k__Bacteria;p__Proteobacteria;c__Betaproteobacteria;o__Burkholderiales;f__Burkholderiaceae;g__Ralstonia,dropped
k__Bacteria;p__Proteobacteria;c__Betaproteobacteria;o__Burkholderiales;f__Burkholderiaceae;g__Ralstonia;s__Ralstonia_insidiosa,dropped
k__Bacteria;p__Proteobacteria;c__Betaproteobacteria;o__Burkholderiales;f__Burkholderiaceae;g__Ralstonia;s__Ralstonia_pickettii,dropped
k__Bacteria;p__Proteobacteria;c__Betaproteobacteria;o__Burkholderiales;f__Comamonadaceae,dropped
k__Bacteria;p__Proteobacteria;c__Betaproteobacteria;o__Burkholderiales;f__Comamonadaceae;g__Comamonas,dropped
k__Bacteria;p__Proteobacteria;c__Betaproteobacteria;o__Burkholderiales;f__Comamonadaceae;g__Comamonas;s__Comamonas_kerstersii,dropped
k__Bacteria;p__Proteobacteria;c__Betaproteobacteria;o__Burkholderiales;f__Comamonadaceae;g__Comamonas;s__Comamonas_thiooxydans,dropped
k__Bacteria;p__Proteobacteria;c__Betaproteobacteria;o__Burkholderiales;f__Comamonadaceae;g__GGB44464,dropped
k__Bacteria;p__Proteobacteria;c__Betaproteobacteria;o__Burkholderiales;f__Comamonadaceae;g__GGB44464;s__GGB44464_SGB61891,dropped
k__Bacteria;p__Proteobacteria;c__Betaproteobacteria;o__Burkholderiales;f__Comamonadaceae;g__Variovorax,dropped
k__Bacteria;p__Proteobacteria;c__Betaproteobacteria;o__Burkholderiales;f__Comamonadaceae;g__Variovorax;s__Variovorax_sp_3P27G3,dropped
k__Bacteria;p__Proteobacteria;c__Betaproteobacteria;o__Burkholderiales;f__Oxalobacteraceae;g__GGB6648,dropped
k__Bacteria;p__Proteobacteria;c__Betaproteobacteria;o__Burkholderiales;f__Oxalobacteraceae;g__GGB6648;s__GGB6648_SGB9389,dropped
k__Bacteria;p__Proteobacteria;c__Betaproteobacteria;o__Burkholderiales;f__Oxalobacteraceae;g__Oxalobacter,dropped
k__Bacteria;p__Proteobacteria;c__Betaproteobacteria;o__Burkholderiales;f__Oxalobacteraceae;g__Oxalobacter;s__Oxalobacter_SGB9385,dropped
k__Bacteria;p__Proteobacteria;c__Betaproteobacteria;o__Burkholderiales;f__Oxalobacteraceae;g__Oxalobacter;s__Oxalobacter_formigenes,dropped
k__Bacteria;p__Proteobacteria;c__Betaproteobacteria;o__Burkholderiales;f__Sutterellaceae;g__Duodenibacillus,dropped
k__Bacteria;p__Proteobacteria;c__Betaproteobacteria;o__Burkholderiales;f__Sutterellaceae;g__Duodenibacillus;s__Duodenibacillus_massiliensis,dropped
k__Bacteria;p__Proteobacteria;c__Betaproteobacteria;o__Burkholderiales;f__Sutterellaceae;g__GGB6572,dropped
k__Bacteria;p__Proteobacteria;c__Betaproteobacteria;o__Burkholderiales;f__Sutterellaceae;g__GGB6572;s__GGB6572_SGB9284,dropped
k__Bacteria;p__Proteobacteria;c__Betaproteobacteria;o__Burkholderiales;f__Sutterellaceae;g__GGB6574,dropped
k__Bacteria;p__Proteobacteria;c__Betaproteobacteria;o__Burkholderiales;f__Sutterellaceae;g__GGB6574;s__GGB6574_SGB9289,dropped
k__Bacteria;p__Proteobacteria;c__Betaproteobacteria;o__Burkholderiales;f__Sutterellaceae;g__GGB6574;s__GGB6574_SGB9290,dropped
k__Bacteria;p__Proteobacteria;c__Betaproteobacteria;o__Burkholderiales;f__Sutterellaceae;g__GGB6578,dropped
k__Bacteria;p__Proteobacteria;c__Betaproteobacteria;o__Burkholderiales;f__Sutterellaceae;g__GGB6578;s__GGB6578_SGB9299,dropped
k__Bacteria;p__Proteobacteria;c__Betaproteobacteria;o__Burkholderiales;f__Sutterellaceae;g__GGB6580,dropped
k__Bacteria;p__Proteobacteria;c__Betaproteobacteria;o__Burkholderiales;f__Sutterellaceae;g__GGB6580;s__GGB6580_SGB9301,dropped
k__Bacteria;p__Proteobacteria;c__Betaproteobacteria;o__Burkholderiales;f__Sutterellaceae;g__Mesosutterella,dropped
k__Bacteria;p__Proteobacteria;c__Betaproteobacteria;o__Burkholderiales;f__Sutterellaceae;g__Mesosutterella;s__Mesosutterella_multiformis,dropped
k__Bacteria;p__Proteobacteria;c__Betaproteobacteria;o__Burkholderiales;f__Sutterellaceae;g__Parasutterella;s__Parasutterella_sp_NM82_D38,dropped
k__Bacteria;p__Proteobacteria;c__Betaproteobacteria;o__Burkholderiales;f__Sutterellaceae;g__Sutterella;s__Sutterella_SGB9281,dropped
k__Bacteria;p__Proteobacteria;c__Betaproteobacteria;o__Burkholderiales;f__Sutterellaceae;g__Sutterella;s__Sutterella_SGB9287,dropped
k__Bacteria;p__Proteobacteria;c__Betaproteobacteria;o__Burkholderiales;f__Sutterellaceae;g__Sutterella;s__Sutterella_SGB9293,dropped
k__Bacteria;p__Proteobacteria;c__Betaproteobacteria;o__Burkholderiales;f__Sutterellaceae;g__Sutterella;s__Sutterella_megalosphaeroides,dropped
k__Bacteria;p__Proteobacteria;c__Betaproteobacteria;o__Burkholderiales;f__Sutterellaceae;g__Sutterella;s__Sutterella_parvirubra,dropped
k__Bacteria;p__Proteobacteria;c__Betaproteobacteria;o__Burkholderiales;f__Sutterellaceae;g__Sutterella;s__Sutterella_seckii,dropped
k__Bacteria;p__Proteobacteria;c__Betaproteobacteria;o__Burkholderiales;f__Sutterellaceae;g__Turicimonas,dropped
k__Bacteria;p__Proteobacteria;c__Betaproteobacteria;o__Burkholderiales;f__Sutterellaceae;g__Turicimonas;s__Turicimonas_muris,dropped
k__Bacteria;p__Proteobacteria;c__Betaproteobacteria;o__Neisseriales,dropped
k__Bacteria;p__Proteobacteria;c__Betaproteobacteria;o__Neisseriales;f__Neisseriaceae,dropped
k__Bacteria;p__Proteobacteria;c__Betaproteobacteria;o__Neisseriales;f__Neisseriaceae;g__Eikenella,dropped
k__Bacteria;p__Proteobacteria;c__Betaproteobacteria;o__Neisseriales;f__Neisseriaceae;g__Eikenella;s__Eikenella_corrodens,dropped
k__Bacteria;p__Proteobacteria;c__Betaproteobacteria;o__Neisseriales;f__Neisseriaceae;g__Eikenella;s__Eikenella_halliae,dropped
k__Bacteria;p__Proteobacteria;c__Betaproteobacteria;o__Neisseriales;f__Neisseriaceae;g__Eikenella;s__Eikenella_longinqua,dropped
k__Bacteria;p__Proteobacteria;c__Betaproteobacteria;o__Neisseriales;f__Neisseriaceae;g__Kingella,dropped
k__Bacteria;p__Proteobacteria;c__Betaproteobacteria;o__Neisseriales;f__Neisseriaceae;g__Kingella;s__Kingella_oralis,dropped
k__Bacteria;p__Proteobacteria;c__Betaproteobacteria;o__Neisseriales;f__Neisseriaceae;g__Neisseria,dropped
k__Bacteria;p__Proteobacteria;c__Betaproteobacteria;o__Neisseriales;f__Neisseriaceae;g__Neisseria;s__Neisseria_elongata,dropped
k__Bacteria;p__Proteobacteria;c__Betaproteobacteria;o__Neisseriales;f__Neisseriaceae;g__Neisseria;s__Neisseria_sicca,dropped
k__Bacteria;p__Proteobacteria;c__Betaproteobacteria;o__Neisseriales;f__Neisseriaceae;g__Neisseria;s__Neisseria_sp_oral_taxon_014,dropped
k__Bacteria;p__Proteobacteria;c__Betaproteobacteria;o__Neisseriales;f__Neisseriaceae;g__Neisseria;s__Neisseria_subflava,dropped
k__Bacteria;p__Proteobacteria;c__Betaproteobacteria;o__Rhodocyclales,dropped
k__Bacteria;p__Proteobacteria;c__Betaproteobacteria;o__Rhodocyclales;f__Zoogloeaceae,dropped
k__Bacteria;p__Proteobacteria;c__Betaproteobacteria;o__Rhodocyclales;f__Zoogloeaceae;g__Zoogloea,dropped
k__Bacteria;p__Proteobacteria;c__Betaproteobacteria;o__Rhodocyclales;f__Zoogloeaceae;g__Zoogloea;s__Zoogloea_ramigera,dropped
k__Bacteria;p__Proteobacteria;c__CFGB1062,dropped
k__Bacteria;p__Proteobacteria;c__CFGB1062;o__OFGB1062,dropped
k__Bacteria;p__Proteobacteria;c__CFGB1062;o__OFGB1062;f__FGB1062,dropped
k__Bacteria;p__Proteobacteria;c__CFGB1062;o__OFGB1062;f__FGB1062;g__GGB2731,dropped
k__Bacteria;p__Proteobacteria;c__CFGB1062;o__OFGB1062;f__FGB1062;g__GGB2731;s__GGB2731_SGB3673,dropped
k__Bacteria;p__Proteobacteria;c__CFGB1062;o__OFGB1062;f__FGB1062;g__GGB2732,dropped
k__Bacteria;p__Proteobacteria;c__CFGB1062;o__OFGB1062;f__FGB1062;g__GGB2732;s__GGB2732_SGB58358,dropped
k__Bacteria;p__Proteobacteria;c__CFGB1062;o__OFGB1062;f__FGB1062;g__GGB2734,dropped
k__Bacteria;p__Proteobacteria;c__CFGB1062;o__OFGB1062;f__FGB1062;g__GGB2734;s__GGB2734_SGB20279,dropped
k__Bacteria;p__Proteobacteria;c__CFGB1062;o__OFGB1062;f__FGB1062;g__GGB2734;s__GGB2734_SGB3677,dropped
k__Bacteria;p__Proteobacteria;c__CFGB1062;o__OFGB1062;f__FGB1062;g__GGB2734;s__GGB2734_SGB3679,dropped
k__Bacteria;p__Proteobacteria;c__CFGB2117,dropped
k__Bacteria;p__Proteobacteria;c__CFGB2117;o__OFGB2117,dropped
k__Bacteria;p__Proteobacteria;c__CFGB2117;o__OFGB2117;f__FGB2117,dropped
k__Bacteria;p__Proteobacteria;c__CFGB2117;o__OFGB2117;f__FGB2117;g__GGB6038,dropped
k__Bacteria;p__Proteobacteria;c__CFGB2117;o__OFGB2117;f__FGB2117;g__GGB6038;s__GGB6038_SGB8672,dropped
k__Bacteria;p__Proteobacteria;c__CFGB2394,dropped
k__Bacteria;p__Proteobacteria;c__CFGB2394;o__OFGB2394,dropped
k__Bacteria;p__Proteobacteria;c__CFGB2394;o__OFGB2394;f__FGB2394,dropped
k__Bacteria;p__Proteobacteria;c__CFGB2394;o__OFGB2394;f__FGB2394;g__GGB6544,dropped
k__Bacteria;p__Proteobacteria;c__CFGB2394;o__OFGB2394;f__FGB2394;g__GGB6544;s__GGB6544_SGB9242,dropped
k__Bacteria;p__Proteobacteria;c__CFGB2394;o__OFGB2394;f__FGB2394;g__GGB6544;s__GGB6544_SGB9243,dropped
k__Bacteria;p__Proteobacteria;c__CFGB2395,dropped
k__Bacteria;p__Proteobacteria;c__CFGB2395;o__OFGB2395,dropped
k__Bacteria;p__Proteobacteria;c__CFGB2395;o__OFGB2395;f__FGB2395,dropped
k__Bacteria;p__Proteobacteria;c__CFGB2395;o__OFGB2395;f__FGB2395;g__GGB6546,dropped
k__Bacteria;p__Proteobacteria;c__CFGB2395;o__OFGB2395;f__FGB2395;g__GGB6546;s__GGB6546_SGB9245,dropped
k__Bacteria;p__Proteobacteria;c__CFGB2395;o__OFGB2395;f__FGB2395;g__GGB6547,dropped
k__Bacteria;p__Proteobacteria;c__CFGB2395;o__OFGB2395;f__FGB2395;g__GGB6547;s__GGB6547_SGB9247,dropped
k__Bacteria;p__Proteobacteria;c__CFGB2395;o__OFGB2395;f__FGB2395;g__GGB6550,dropped
k__Bacteria;p__Proteobacteria;c__CFGB2395;o__OFGB2395;f__FGB2395;g__GGB6550;s__GGB6550_SGB9251,dropped
k__Bacteria;p__Proteobacteria;c__CFGB2395;o__OFGB2395;f__FGB2395;g__GGB6554,dropped
k__Bacteria;p__Proteobacteria;c__CFGB2395;o__OFGB2395;f__FGB2395;g__GGB6554;s__GGB6554_SGB9256,dropped
k__Bacteria;p__Proteobacteria;c__CFGB2395;o__OFGB2395;f__FGB2395;g__GGB6554;s__GGB6554_SGB9257,dropped
k__Bacteria;p__Proteobacteria;c__CFGB2397;o__OFGB2397;f__FGB2397;g__GGB6561,dropped
k__Bacteria;p__Proteobacteria;c__CFGB2397;o__OFGB2397;f__FGB2397;g__GGB6561;s__GGB6561_SGB9269,dropped
k__Bacteria;p__Proteobacteria;c__CFGB2412,dropped
k__Bacteria;p__Proteobacteria;c__CFGB2412;o__OFGB2412,dropped
k__Bacteria;p__Proteobacteria;c__CFGB2412;o__OFGB2412;f__FGB2412,dropped
k__Bacteria;p__Proteobacteria;c__CFGB2412;o__OFGB2412;f__FGB2412;g__GGB6624,dropped
k__Bacteria;p__Proteobacteria;c__CFGB2412;o__OFGB2412;f__FGB2412;g__GGB6624;s__GGB6624_SGB9359,dropped
k__Bacteria;p__Proteobacteria;c__CFGB40154,dropped
k__Bacteria;p__Proteobacteria;c__CFGB40154;o__OFGB40154,dropped
k__Bacteria;p__Proteobacteria;c__CFGB40154;o__OFGB40154;f__FGB40154,dropped
k__Bacteria;p__Proteobacteria;c__CFGB40154;o__OFGB40154;f__FGB40154;g__GGB52382,dropped
k__Bacteria;p__Proteobacteria;c__CFGB40154;o__OFGB40154;f__FGB40154;g__GGB52382;s__GGB52382_SGB73196,dropped
k__Bacteria;p__Proteobacteria;c__CFGB4196,dropped
k__Bacteria;p__Proteobacteria;c__CFGB4196;o__OFGB4196,dropped
k__Bacteria;p__Proteobacteria;c__CFGB4196;o__OFGB4196;f__FGB4196,dropped
k__Bacteria;p__Proteobacteria;c__CFGB4196;o__OFGB4196;f__FGB4196;g__GGB12441,dropped
k__Bacteria;p__Proteobacteria;c__CFGB4196;o__OFGB4196;f__FGB4196;g__GGB12441;s__GGB12441_SGB19290,dropped
k__Bacteria;p__Proteobacteria;c__CFGB8872,dropped
k__Bacteria;p__Proteobacteria;c__CFGB8872;o__OFGB8872,dropped
k__Bacteria;p__Proteobacteria;c__CFGB8872;o__OFGB8872;f__FGB8872,dropped
k__Bacteria;p__Proteobacteria;c__CFGB8872;o__OFGB8872;f__FGB8872;g__GGB26634,dropped
k__Bacteria;p__Proteobacteria;c__CFGB8872;o__OFGB8872;f__FGB8872;g__GGB26634;s__GGB26634_SGB38814,dropped
k__Bacteria;p__Proteobacteria;c__CFGB9823,dropped
k__Bacteria;p__Proteobacteria;c__CFGB9823;o__OFGB9823,dropped
k__Bacteria;p__Proteobacteria;c__CFGB9823;o__OFGB9823;f__FGB9823,dropped
k__Bacteria;p__Proteobacteria;c__CFGB9823;o__OFGB9823;f__FGB9823;g__GGB43673,dropped
k__Bacteria;p__Proteobacteria;c__CFGB9823;o__OFGB9823;f__FGB9823;g__GGB43673;s__GGB43673_SGB61014,dropped
k__Bacteria;p__Proteobacteria;c__CFGB9823;o__OFGB9823;f__FGB9823;g__GGB48144,dropped
k__Bacteria;p__Proteobacteria;c__CFGB9823;o__OFGB9823;f__FGB9823;g__GGB48144;s__GGB48144_SGB66146,dropped
k__Bacteria;p__Proteobacteria;c__Deltaproteobacteria;o__Deltaproteobacteria_unclassified,dropped
k__Bacteria;p__Proteobacteria;c__Deltaproteobacteria;o__Deltaproteobacteria_unclassified;f__Deltaproteobacteria_unclassified,dropped
k__Bacteria;p__Proteobacteria;c__Deltaproteobacteria;o__Deltaproteobacteria_unclassified;f__Deltaproteobacteria_unclassified;g__Deltaproteobacteria_unclassified,dropped
k__Bacteria;p__Proteobacteria;c__Deltaproteobacteria;o__Deltaproteobacteria_unclassified;f__Deltaproteobacteria_unclassified;g__Deltaproteobacteria_unclassified;s__Deltaproteobacteria_bacterium,dropped
k__Bacteria;p__Proteobacteria;c__Deltaproteobacteria;o__Desulfobacterales,dropped
k__Bacteria;p__Proteobacteria;c__Deltaproteobacteria;o__Desulfobacterales;f__Desulfobulbaceae,dropped
k__Bacteria;p__Proteobacteria;c__Deltaproteobacteria;o__Desulfobacterales;f__Desulfobulbaceae;g__Desulfobulbus,dropped
k__Bacteria;p__Proteobacteria;c__Deltaproteobacteria;o__Desulfobacterales;f__Desulfobulbaceae;g__Desulfobulbus;s__Desulfobulbus_oralis,dropped
k__Bacteria;p__Proteobacteria;c__Deltaproteobacteria;o__Desulfovibrionales;f__Desulfovibrionaceae;g__Bilophila;s__Bilophila_SGB15450,dropped
k__Bacteria;p__Proteobacteria;c__Deltaproteobacteria;o__Desulfovibrionales;f__Desulfovibrionaceae;g__Bilophila;s__Bilophila_SGB69261,dropped
k__Bacteria;p__Proteobacteria;c__Deltaproteobacteria;o__Desulfovibrionales;f__Desulfovibrionaceae;g__Cupidesulfovibrio,dropped
k__Bacteria;p__Proteobacteria;c__Deltaproteobacteria;o__Desulfovibrionales;f__Desulfovibrionaceae;g__Cupidesulfovibrio;s__Cupidesulfovibrio_liaohensis,dropped
k__Bacteria;p__Proteobacteria;c__Deltaproteobacteria;o__Desulfovibrionales;f__Desulfovibrionaceae;g__Cupidesulfovibrio;s__Cupidesulfovibrio_termitidis,dropped
k__Bacteria;p__Proteobacteria;c__Deltaproteobacteria;o__Desulfovibrionales;f__Desulfovibrionaceae;g__Desulfovibrio,dropped
k__Bacteria;p__Proteobacteria;c__Deltaproteobacteria;o__Desulfovibrionales;f__Desulfovibrionaceae;g__Desulfovibrio;s__Desulfovibrio_SGB40885,dropped
k__Bacteria;p__Proteobacteria;c__Deltaproteobacteria;o__Desulfovibrionales;f__Desulfovibrionaceae;g__Desulfovibrio;s__Desulfovibrio_desulfuricans,dropped
k__Bacteria;p__Proteobacteria;c__Deltaproteobacteria;o__Desulfovibrionales;f__Desulfovibrionaceae;g__Desulfovibrio;s__Desulfovibrio_fairfieldensis,dropped
k__Bacteria;p__Proteobacteria;c__Deltaproteobacteria;o__Desulfovibrionales;f__Desulfovibrionaceae;g__Desulfovibrio;s__Desulfovibrio_intestinalis,dropped
k__Bacteria;p__Proteobacteria;c__Deltaproteobacteria;o__Desulfovibrionales;f__Desulfovibrionaceae;g__Desulfovibrio;s__Desulfovibrio_legallii,dropped
k__Bacteria;p__Proteobacteria;c__Deltaproteobacteria;o__Desulfovibrionales;f__Desulfovibrionaceae;g__Desulfovibrio;s__Desulfovibrio_sp_86,dropped
k__Bacteria;p__Proteobacteria;c__Deltaproteobacteria;o__Desulfovibrionales;f__Desulfovibrionaceae;g__Desulfovibrio;s__Desulfovibrio_sp_A2,dropped
k__Bacteria;p__Proteobacteria;c__Deltaproteobacteria;o__Desulfovibrionales;f__Desulfovibrionaceae;g__Desulfovibrio;s__Desulfovibrio_sp_An276,dropped
k__Bacteria;p__Proteobacteria;c__Deltaproteobacteria;o__Desulfovibrionales;f__Desulfovibrionaceae;g__Desulfovibrio;s__Desulfovibrio_sp_Dsv1,dropped
k__Bacteria;p__Proteobacteria;c__Deltaproteobacteria;o__Desulfovibrionales;f__Desulfovibrionaceae;g__Desulfovibrio;s__Desulfovibrio_sp_OH1186_COT_070,dropped
k__Bacteria;p__Proteobacteria;c__Deltaproteobacteria;o__Desulfovibrionales;f__Desulfovibrionaceae;g__Desulfovibrio;s__Desulfovibrio_sp_PG_178_WT_4,dropped
k__Bacteria;p__Proteobacteria;c__Deltaproteobacteria;o__Desulfovibrionales;f__Desulfovibrionaceae;g__Desulfovibrio;s__Desulfovibrio_sp_ZJ200,dropped
k__Bacteria;p__Proteobacteria;c__Deltaproteobacteria;o__Desulfovibrionales;f__Desulfovibrionaceae;g__Desulfovibrio;s__Desulfovibrio_sp_ZJ746,dropped
k__Bacteria;p__Proteobacteria;c__Deltaproteobacteria;o__Desulfovibrionales;f__Desulfovibrionaceae;g__Desulfovibrio;s__Desulfovibrio_vulgaris,dropped
k__Bacteria;p__Proteobacteria;c__Deltaproteobacteria;o__Desulfovibrionales;f__Desulfovibrionaceae;g__Desulfovibrionaceae_unclassified,dropped
k__Bacteria;p__Proteobacteria;c__Deltaproteobacteria;o__Desulfovibrionales;f__Desulfovibrionaceae;g__Desulfovibrionaceae_unclassified;s__Desulfovibrionaceae_bacterium,dropped
k__Bacteria;p__Proteobacteria;c__Deltaproteobacteria;o__Desulfovibrionales;f__Desulfovibrionaceae;g__GGB28319,dropped
k__Bacteria;p__Proteobacteria;c__Deltaproteobacteria;o__Desulfovibrionales;f__Desulfovibrionaceae;g__GGB28319;s__GGB28319_SGB40892,dropped
k__Bacteria;p__Proteobacteria;c__Deltaproteobacteria;o__Desulfovibrionales;f__Desulfovibrionaceae;g__GGB9815,dropped
k__Bacteria;p__Proteobacteria;c__Deltaproteobacteria;o__Desulfovibrionales;f__Desulfovibrionaceae;g__GGB9815;s__GGB9815_SGB15449,dropped
k__Bacteria;p__Proteobacteria;c__Deltaproteobacteria;o__Desulfovibrionales;f__Desulfovibrionaceae;g__GGB9818,dropped
k__Bacteria;p__Proteobacteria;c__Deltaproteobacteria;o__Desulfovibrionales;f__Desulfovibrionaceae;g__GGB9818;s__GGB9818_SGB15459,dropped
k__Bacteria;p__Proteobacteria;c__Deltaproteobacteria;o__Desulfovibrionales;f__Desulfovibrionaceae;g__Mailhella,dropped
k__Bacteria;p__Proteobacteria;c__Deltaproteobacteria;o__Desulfovibrionales;f__Desulfovibrionaceae;g__Mailhella;s__Mailhella_massiliensis,dropped
k__Bacteria;p__Proteobacteria;c__Epsilonproteobacteria;o__Campylobacterales;f__Campylobacteraceae;g__Arcobacter,dropped
k__Bacteria;p__Proteobacteria;c__Epsilonproteobacteria;o__Campylobacterales;f__Campylobacteraceae;g__Arcobacter;s__Arcobacter_butzleri,dropped
k__Bacteria;p__Proteobacteria;c__Epsilonproteobacteria;o__Campylobacterales;f__Campylobacteraceae;g__Campylobacter;s__Campylobacter_SGB19337,dropped
k__Bacteria;p__Proteobacteria;c__Epsilonproteobacteria;o__Campylobacterales;f__Campylobacteraceae;g__Campylobacter;s__Campylobacter_coli,dropped
k__Bacteria;p__Proteobacteria;c__Epsilonproteobacteria;o__Campylobacterales;f__Campylobacteraceae;g__Campylobacter;s__Campylobacter_concisus,dropped
k__Bacteria;p__Proteobacteria;c__Epsilonproteobacteria;o__Campylobacterales;f__Campylobacteraceae;g__Campylobacter;s__Campylobacter_curvus,dropped
k__Bacteria;p__Proteobacteria;c__Epsilonproteobacteria;o__Campylobacterales;f__Campylobacteraceae;g__Campylobacter;s__Campylobacter_gracilis,dropped
k__Bacteria;p__Proteobacteria;c__Epsilonproteobacteria;o__Campylobacterales;f__Campylobacteraceae;g__Campylobacter;s__Campylobacter_hominis,dropped
k__Bacteria;p__Proteobacteria;c__Epsilonproteobacteria;o__Campylobacterales;f__Campylobacteraceae;g__Campylobacter;s__Campylobacter_jejuni,dropped
k__Bacteria;p__Proteobacteria;c__Epsilonproteobacteria;o__Campylobacterales;f__Campylobacteraceae;g__Campylobacter;s__Campylobacter_rectus,dropped
k__Bacteria;p__Proteobacteria;c__Epsilonproteobacteria;o__Campylobacterales;f__Campylobacteraceae;g__Campylobacter;s__Campylobacter_showae,dropped
k__Bacteria;p__Proteobacteria;c__Epsilonproteobacteria;o__Campylobacterales;f__Campylobacteraceae;g__Campylobacteraceae_unclassified,dropped
k__Bacteria;p__Proteobacteria;c__Epsilonproteobacteria;o__Campylobacterales;f__Campylobacteraceae;g__Campylobacteraceae_unclassified;s__Campylobacteraceae_bacterium,dropped
k__Bacteria;p__Proteobacteria;c__Epsilonproteobacteria;o__Campylobacterales;f__Helicobacteraceae,dropped
k__Bacteria;p__Proteobacteria;c__Epsilonproteobacteria;o__Campylobacterales;f__Helicobacteraceae;g__Helicobacter,dropped
k__Bacteria;p__Proteobacteria;c__Epsilonproteobacteria;o__Campylobacterales;f__Helicobacteraceae;g__Helicobacter;s__Helicobacter_pullorum,dropped
k__Bacteria;p__Proteobacteria;c__Epsilonproteobacteria;o__Campylobacterales;f__Helicobacteraceae;g__Helicobacter;s__Helicobacter_pylori,dropped
k__Bacteria;p__Proteobacteria;c__Gammaproteobacteria;o__Aeromonadales,dropped
k__Bacteria;p__Proteobacteria;c__Gammaproteobacteria;o__Aeromonadales;f__Aeromonadaceae,dropped
k__Bacteria;p__Proteobacteria;c__Gammaproteobacteria;o__Aeromonadales;f__Aeromonadaceae;g__Aeromonas,dropped
k__Bacteria;p__Proteobacteria;c__Gammaproteobacteria;o__Aeromonadales;f__Aeromonadaceae;g__Aeromonas;s__Aeromonas_caviae,dropped
k__Bacteria;p__Proteobacteria;c__Gammaproteobacteria;o__Aeromonadales;f__Aeromonadaceae;g__Aeromonas;s__Aeromonas_hydrophila,dropped
k__Bacteria;p__Proteobacteria;c__Gammaproteobacteria;o__Aeromonadales;f__Aeromonadaceae;g__Aeromonas;s__Aeromonas_veronii,dropped
k__Bacteria;p__Proteobacteria;c__Gammaproteobacteria;o__Aeromonadales;f__Aeromonadaceae;g__GGB41458,dropped
k__Bacteria;p__Proteobacteria;c__Gammaproteobacteria;o__Aeromonadales;f__Aeromonadaceae;g__GGB41458;s__GGB41458_SGB58520,dropped
k__Bacteria;p__Proteobacteria;c__Gammaproteobacteria;o__Aeromonadales;f__Succinivibrionaceae,dropped
k__Bacteria;p__Proteobacteria;c__Gammaproteobacteria;o__Aeromonadales;f__Succinivibrionaceae;g__Anaerobiospirillum,dropped
k__Bacteria;p__Proteobacteria;c__Gammaproteobacteria;o__Aeromonadales;f__Succinivibrionaceae;g__Anaerobiospirillum;s__Anaerobiospirillum_succiniciproducens,dropped
k__Bacteria;p__Proteobacteria;c__Gammaproteobacteria;o__Aeromonadales;f__Succinivibrionaceae;g__Succinatimonas,dropped
k__Bacteria;p__Proteobacteria;c__Gammaproteobacteria;o__Aeromonadales;f__Succinivibrionaceae;g__Succinatimonas;s__Succinatimonas_hippei,dropped
k__Bacteria;p__Proteobacteria;c__Gammaproteobacteria;o__Alteromonadales,dropped
k__Bacteria;p__Proteobacteria;c__Gammaproteobacteria;o__Alteromonadales;f__Alteromonadaceae,dropped
k__Bacteria;p__Proteobacteria;c__Gammaproteobacteria;o__Alteromonadales;f__Alteromonadaceae;g__Ningiella,dropped
k__Bacteria;p__Proteobacteria;c__Gammaproteobacteria;o__Alteromonadales;f__Alteromonadaceae;g__Ningiella;s__Ningiella_SGB48271,dropped
k__Bacteria;p__Proteobacteria;c__Gammaproteobacteria;o__Alteromonadales;f__Shewanellaceae,dropped
k__Bacteria;p__Proteobacteria;c__Gammaproteobacteria;o__Alteromonadales;f__Shewanellaceae;g__Shewanella,dropped
k__Bacteria;p__Proteobacteria;c__Gammaproteobacteria;o__Alteromonadales;f__Shewanellaceae;g__Shewanella;s__Shewanella_algae,dropped
k__Bacteria;p__Proteobacteria;c__Gammaproteobacteria;o__Cardiobacteriales,dropped
k__Bacteria;p__Proteobacteria;c__Gammaproteobacteria;o__Cardiobacteriales;f__Cardiobacteriaceae,dropped
k__Bacteria;p__Proteobacteria;c__Gammaproteobacteria;o__Cardiobacteriales;f__Cardiobacteriaceae;g__Cardiobacterium,dropped
k__Bacteria;p__Proteobacteria;c__Gammaproteobacteria;o__Cardiobacteriales;f__Cardiobacteriaceae;g__Cardiobacterium;s__Cardiobacterium_hominis,dropped
k__Bacteria;p__Proteobacteria;c__Gammaproteobacteria;o__Cardiobacteriales;f__Cardiobacteriaceae;g__Cardiobacterium;s__Cardiobacterium_valvarum,dropped
k__Bacteria;p__Proteobacteria;c__Gammaproteobacteria;o__Enterobacterales;f__Enterobacteriaceae;g__Atlantibacter,dropped
k__Bacteria;p__Proteobacteria;c__Gammaproteobacteria;o__Enterobacterales;f__Enterobacteriaceae;g__Atlantibacter;s__Atlantibacter_hermannii,dropped
k__Bacteria;p__Proteobacteria;c__Gammaproteobacteria;o__Enterobacterales;f__Enterobacteriaceae;g__Buttiauxella,dropped
k__Bacteria;p__Proteobacteria;c__Gammaproteobacteria;o__Enterobacterales;f__Enterobacteriaceae;g__Buttiauxella;s__Buttiauxella_sp_B2,dropped
k__Bacteria;p__Proteobacteria;c__Gammaproteobacteria;o__Enterobacterales;f__Enterobacteriaceae;g__Citrobacter;s__Citrobacter_amalonaticus,dropped
k__Bacteria;p__Proteobacteria;c__Gammaproteobacteria;o__Enterobacterales;f__Enterobacteriaceae;g__Citrobacter;s__Citrobacter_farmeri,dropped
k__Bacteria;p__Proteobacteria;c__Gammaproteobacteria;o__Enterobacterales;f__Enterobacteriaceae;g__Citrobacter;s__Citrobacter_koseri,dropped
k__Bacteria;p__Proteobacteria;c__Gammaproteobacteria;o__Enterobacterales;f__Enterobacteriaceae;g__Citrobacter;s__Citrobacter_murliniae,dropped
k__Bacteria;p__Proteobacteria;c__Gammaproteobacteria;o__Enterobacterales;f__Enterobacteriaceae;g__Citrobacter;s__Citrobacter_werkmanii,dropped
k__Bacteria;p__Proteobacteria;c__Gammaproteobacteria;o__Enterobacterales;f__Enterobacteriaceae;g__Cronobacter,dropped
k__Bacteria;p__Proteobacteria;c__Gammaproteobacteria;o__Enterobacterales;f__Enterobacteriaceae;g__Cronobacter;s__Cronobacter_sakazakii,dropped
k__Bacteria;p__Proteobacteria;c__Gammaproteobacteria;o__Enterobacterales;f__Enterobacteriaceae;g__Enterobacter,dropped
k__Bacteria;p__Proteobacteria;c__Gammaproteobacteria;o__Enterobacterales;f__Enterobacteriaceae;g__Enterobacter;s__Enterobacter_cloacae,dropped
k__Bacteria;p__Proteobacteria;c__Gammaproteobacteria;o__Enterobacterales;f__Enterobacteriaceae;g__Enterobacter;s__Enterobacter_hormaechei,dropped
k__Bacteria;p__Proteobacteria;c__Gammaproteobacteria;o__Enterobacterales;f__Enterobacteriaceae;g__Enterobacter;s__Enterobacter_huaxiensis,dropped
k__Bacteria;p__Proteobacteria;c__Gammaproteobacteria;o__Enterobacterales;f__Enterobacteriaceae;g__Enterobacter;s__Enterobacter_kobei,dropped
k__Bacteria;p__Proteobacteria;c__Gammaproteobacteria;o__Enterobacterales;f__Enterobacteriaceae;g__Enterobacter;s__Enterobacter_mori,dropped
k__Bacteria;p__Proteobacteria;c__Gammaproteobacteria;o__Enterobacterales;f__Enterobacteriaceae;g__Enterobacter;s__Enterobacter_timonensis,dropped
k__Bacteria;p__Proteobacteria;c__Gammaproteobacteria;o__Enterobacterales;f__Enterobacteriaceae;g__Escherichia;s__Escherichia_marmotae,dropped
k__Bacteria;p__Proteobacteria;c__Gammaproteobacteria;o__Enterobacterales;f__Enterobacteriaceae;g__Franconibacter,dropped
k__Bacteria;p__Proteobacteria;c__Gammaproteobacteria;o__Enterobacterales;f__Enterobacteriaceae;g__Franconibacter;s__Franconibacter_pulveris,dropped
k__Bacteria;p__Proteobacteria;c__Gammaproteobacteria;o__Enterobacterales;f__Enterobacteriaceae;g__Klebsiella,dropped
k__Bacteria;p__Proteobacteria;c__Gammaproteobacteria;o__Enterobacterales;f__Enterobacteriaceae;g__Klebsiella;s__Klebsiella_aerogenes,dropped
k__Bacteria;p__Proteobacteria;c__Gammaproteobacteria;o__Enterobacterales;f__Enterobacteriaceae;g__Klebsiella;s__Klebsiella_grimontii,dropped
k__Bacteria;p__Proteobacteria;c__Gammaproteobacteria;o__Enterobacterales;f__Enterobacteriaceae;g__Klebsiella;s__Klebsiella_indica,dropped
k__Bacteria;p__Proteobacteria;c__Gammaproteobacteria;o__Enterobacterales;f__Enterobacteriaceae;g__Klebsiella;s__Klebsiella_michiganensis,dropped
k__Bacteria;p__Proteobacteria;c__Gammaproteobacteria;o__Enterobacterales;f__Enterobacteriaceae;g__Klebsiella;s__Klebsiella_oxytoca,dropped
k__Bacteria;p__Proteobacteria;c__Gammaproteobacteria;o__Enterobacterales;f__Enterobacteriaceae;g__Klebsiella;s__Klebsiella_pneumoniae,dropped
k__Bacteria;p__Proteobacteria;c__Gammaproteobacteria;o__Enterobacterales;f__Enterobacteriaceae;g__Klebsiella;s__Klebsiella_sp_WP3_S18_ESBL_05,dropped
k__Bacteria;p__Proteobacteria;c__Gammaproteobacteria;o__Enterobacterales;f__Enterobacteriaceae;g__Kluyvera,dropped
k__Bacteria;p__Proteobacteria;c__Gammaproteobacteria;o__Enterobacterales;f__Enterobacteriaceae;g__Kluyvera;s__Kluyvera_ascorbata,dropped
k__Bacteria;p__Proteobacteria;c__Gammaproteobacteria;o__Enterobacterales;f__Enterobacteriaceae;g__Kluyvera;s__Kluyvera_cryocrescens,dropped
k__Bacteria;p__Proteobacteria;c__Gammaproteobacteria;o__Enterobacterales;f__Enterobacteriaceae;g__Kluyvera;s__Kluyvera_georgiana,dropped
k__Bacteria;p__Proteobacteria;c__Gammaproteobacteria;o__Enterobacterales;f__Enterobacteriaceae;g__Kluyvera;s__Kluyvera_intermedia,dropped
k__Bacteria;p__Proteobacteria;c__Gammaproteobacteria;o__Enterobacterales;f__Enterobacteriaceae;g__Kluyvera;s__Kluyvera_sichuanensis,dropped
k__Bacteria;p__Proteobacteria;c__Gammaproteobacteria;o__Enterobacterales;f__Enterobacteriaceae;g__Kosakonia,dropped
k__Bacteria;p__Proteobacteria;c__Gammaproteobacteria;o__Enterobacterales;f__Enterobacteriaceae;g__Kosakonia;s__Kosakonia_cowanii,dropped
k__Bacteria;p__Proteobacteria;c__Gammaproteobacteria;o__Enterobacterales;f__Enterobacteriaceae;g__Leclercia,dropped
k__Bacteria;p__Proteobacteria;c__Gammaproteobacteria;o__Enterobacterales;f__Enterobacteriaceae;g__Leclercia;s__Leclercia_adecarboxylata,dropped
k__Bacteria;p__Proteobacteria;c__Gammaproteobacteria;o__Enterobacterales;f__Enterobacteriaceae;g__Lelliottia,dropped
k__Bacteria;p__Proteobacteria;c__Gammaproteobacteria;o__Enterobacterales;f__Enterobacteriaceae;g__Lelliottia;s__Lelliottia_amnigena,dropped
k__Bacteria;p__Proteobacteria;c__Gammaproteobacteria;o__Enterobacterales;f__Enterobacteriaceae;g__Phytobacter,dropped
k__Bacteria;p__Proteobacteria;c__Gammaproteobacteria;o__Enterobacterales;f__Enterobacteriaceae;g__Phytobacter;s__Phytobacter_diazotrophicus,dropped
k__Bacteria;p__Proteobacteria;c__Gammaproteobacteria;o__Enterobacterales;f__Enterobacteriaceae;g__Pluralibacter,dropped
k__Bacteria;p__Proteobacteria;c__Gammaproteobacteria;o__Enterobacterales;f__Enterobacteriaceae;g__Pluralibacter;s__Pluralibacter_gergoviae,dropped
k__Bacteria;p__Proteobacteria;c__Gammaproteobacteria;o__Enterobacterales;f__Enterobacteriaceae;g__Pseudocitrobacter,dropped
k__Bacteria;p__Proteobacteria;c__Gammaproteobacteria;o__Enterobacterales;f__Enterobacteriaceae;g__Pseudocitrobacter;s__Pseudocitrobacter_faecalis,dropped
k__Bacteria;p__Proteobacteria;c__Gammaproteobacteria;o__Enterobacterales;f__Enterobacteriaceae;g__Raoultella;s__Raoultella_sp_BIGb0138,dropped
k__Bacteria;p__Proteobacteria;c__Gammaproteobacteria;o__Enterobacterales;f__Enterobacteriaceae;g__Raoultella;s__Raoultella_terrigena,dropped
k__Bacteria;p__Proteobacteria;c__Gammaproteobacteria;o__Enterobacterales;f__Enterobacteriaceae;g__Salmonella,dropped
k__Bacteria;p__Proteobacteria;c__Gammaproteobacteria;o__Enterobacterales;f__Enterobacteriaceae;g__Salmonella;s__Salmonella_enterica,dropped
k__Bacteria;p__Proteobacteria;c__Gammaproteobacteria;o__Enterobacterales;f__Erwiniaceae,dropped
k__Bacteria;p__Proteobacteria;c__Gammaproteobacteria;o__Enterobacterales;f__Erwiniaceae;g__Erwinia,dropped
k__Bacteria;p__Proteobacteria;c__Gammaproteobacteria;o__Enterobacterales;f__Erwiniaceae;g__Erwinia;s__Erwinia_billingiae,dropped
k__Bacteria;p__Proteobacteria;c__Gammaproteobacteria;o__Enterobacterales;f__Erwiniaceae;g__Pantoea,dropped
k__Bacteria;p__Proteobacteria;c__Gammaproteobacteria;o__Enterobacterales;f__Erwiniaceae;g__Pantoea;s__Pantoea_brenneri,dropped
k__Bacteria;p__Proteobacteria;c__Gammaproteobacteria;o__Enterobacterales;f__Hafniaceae,dropped
k__Bacteria;p__Proteobacteria;c__Gammaproteobacteria;o__Enterobacterales;f__Hafniaceae;g__Edwardsiella,dropped
k__Bacteria;p__Proteobacteria;c__Gammaproteobacteria;o__Enterobacterales;f__Hafniaceae;g__Edwardsiella;s__Edwardsiella_tarda,dropped
k__Bacteria;p__Proteobacteria;c__Gammaproteobacteria;o__Enterobacterales;f__Hafniaceae;g__Hafnia,dropped
k__Bacteria;p__Proteobacteria;c__Gammaproteobacteria;o__Enterobacterales;f__Hafniaceae;g__Hafnia;s__Hafnia_alvei,dropped
k__Bacteria;p__Proteobacteria;c__Gammaproteobacteria;o__Enterobacterales;f__Hafniaceae;g__Hafnia;s__Hafnia_paralvei,dropped
k__Bacteria;p__Proteobacteria;c__Gammaproteobacteria;o__Enterobacterales;f__Morganellaceae,dropped
k__Bacteria;p__Proteobacteria;c__Gammaproteobacteria;o__Enterobacterales;f__Morganellaceae;g__Morganella,dropped
k__Bacteria;p__Proteobacteria;c__Gammaproteobacteria;o__Enterobacterales;f__Morganellaceae;g__Morganella;s__Morganella_morganii,dropped
k__Bacteria;p__Proteobacteria;c__Gammaproteobacteria;o__Enterobacterales;f__Morganellaceae;g__Proteus,dropped
k__Bacteria;p__Proteobacteria;c__Gammaproteobacteria;o__Enterobacterales;f__Morganellaceae;g__Proteus;s__Proteus_mirabilis,dropped
k__Bacteria;p__Proteobacteria;c__Gammaproteobacteria;o__Enterobacterales;f__Morganellaceae;g__Proteus;s__Proteus_penneri,dropped
k__Bacteria;p__Proteobacteria;c__Gammaproteobacteria;o__Enterobacterales;f__Morganellaceae;g__Proteus;s__Proteus_vulgaris,dropped
k__Bacteria;p__Proteobacteria;c__Gammaproteobacteria;o__Enterobacterales;f__Morganellaceae;g__Providencia,dropped
k__Bacteria;p__Proteobacteria;c__Gammaproteobacteria;o__Enterobacterales;f__Morganellaceae;g__Providencia;s__Providencia_rettgeri,dropped
k__Bacteria;p__Proteobacteria;c__Gammaproteobacteria;o__Enterobacterales;f__Pectobacteriaceae,dropped
k__Bacteria;p__Proteobacteria;c__Gammaproteobacteria;o__Enterobacterales;f__Pectobacteriaceae;g__Sodalis,dropped
k__Bacteria;p__Proteobacteria;c__Gammaproteobacteria;o__Enterobacterales;f__Pectobacteriaceae;g__Sodalis;s__Sodalis_praecaptivus,dropped
k__Bacteria;p__Proteobacteria;c__Gammaproteobacteria;o__Enterobacterales;f__Yersiniaceae,dropped
k__Bacteria;p__Proteobacteria;c__Gammaproteobacteria;o__Enterobacterales;f__Yersiniaceae;g__Serratia,dropped
k__Bacteria;p__Proteobacteria;c__Gammaproteobacteria;o__Enterobacterales;f__Yersiniaceae;g__Serratia;s__Serratia_liquefaciens,dropped
k__Bacteria;p__Proteobacteria;c__Gammaproteobacteria;o__Enterobacterales;f__Yersiniaceae;g__Serratia;s__Serratia_marcescens,dropped
k__Bacteria;p__Proteobacteria;c__Gammaproteobacteria;o__Enterobacterales;f__Yersiniaceae;g__Serratia;s__Serratia_proteamaculans,dropped
k__Bacteria;p__Proteobacteria;c__Gammaproteobacteria;o__Enterobacterales;f__Yersiniaceae;g__Yersinia,dropped
k__Bacteria;p__Proteobacteria;c__Gammaproteobacteria;o__Enterobacterales;f__Yersiniaceae;g__Yersinia;s__Yersinia_enterocolitica,dropped
k__Bacteria;p__Proteobacteria;c__Gammaproteobacteria;o__Pasteurellales;f__Pasteurellaceae;g__Aggregatibacter,dropped
k__Bacteria;p__Proteobacteria;c__Gammaproteobacteria;o__Pasteurellales;f__Pasteurellaceae;g__Aggregatibacter;s__Aggregatibacter_aphrophilus,dropped
k__Bacteria;p__Proteobacteria;c__Gammaproteobacteria;o__Pasteurellales;f__Pasteurellaceae;g__Aggregatibacter;s__Aggregatibacter_segnis,dropped
k__Bacteria;p__Proteobacteria;c__Gammaproteobacteria;o__Pasteurellales;f__Pasteurellaceae;g__Aggregatibacter;s__Aggregatibacter_sp_oral_taxon_458,dropped
k__Bacteria;p__Proteobacteria;c__Gammaproteobacteria;o__Pasteurellales;f__Pasteurellaceae;g__Haemophilus;s__Haemophilus_haemolyticus,dropped
k__Bacteria;p__Proteobacteria;c__Gammaproteobacteria;o__Pasteurellales;f__Pasteurellaceae;g__Haemophilus;s__Haemophilus_influenzae,dropped
k__Bacteria;p__Proteobacteria;c__Gammaproteobacteria;o__Pasteurellales;f__Pasteurellaceae;g__Haemophilus;s__Haemophilus_parahaemolyticus,dropped
k__Bacteria;p__Proteobacteria;c__Gammaproteobacteria;o__Pasteurellales;f__Pasteurellaceae;g__Haemophilus;s__Haemophilus_paraphrohaemolyticus,dropped
k__Bacteria;p__Proteobacteria;c__Gammaproteobacteria;o__Pasteurellales;f__Pasteurellaceae;g__Haemophilus;s__Haemophilus_pittmaniae,dropped
k__Bacteria;p__Proteobacteria;c__Gammaproteobacteria;o__Pasteurellales;f__Pasteurellaceae;g__Haemophilus;s__Haemophilus_sputorum,dropped
k__Bacteria;p__Proteobacteria;c__Gammaproteobacteria;o__Pasteurellales;f__Pasteurellaceae;g__Pasteurella,dropped
k__Bacteria;p__Proteobacteria;c__Gammaproteobacteria;o__Pasteurellales;f__Pasteurellaceae;g__Pasteurella;s__Pasteurella_bettyae,dropped
k__Bacteria;p__Proteobacteria;c__Gammaproteobacteria;o__Pasteurellales;f__Pasteurellaceae;g__Pasteurella;s__Pasteurella_multocida,dropped
k__Bacteria;p__Proteobacteria;c__Gammaproteobacteria;o__Pasteurellales;f__Pasteurellaceae;g__Rodentibacter,dropped
k__Bacteria;p__Proteobacteria;c__Gammaproteobacteria;o__Pasteurellales;f__Pasteurellaceae;g__Rodentibacter;s__Rodentibacter_mrazii,dropped
k__Bacteria;p__Proteobacteria;c__Gammaproteobacteria;o__Pseudomonadales,dropped
k__Bacteria;p__Proteobacteria;c__Gammaproteobacteria;o__Pseudomonadales;f__Moraxellaceae,dropped
k__Bacteria;p__Proteobacteria;c__Gammaproteobacteria;o__Pseudomonadales;f__Moraxellaceae;g__Acinetobacter,dropped
k__Bacteria;p__Proteobacteria;c__Gammaproteobacteria;o__Pseudomonadales;f__Moraxellaceae;g__Acinetobacter;s__Acinetobacter_baumannii,dropped
k__Bacteria;p__Proteobacteria;c__Gammaproteobacteria;o__Pseudomonadales;f__Moraxellaceae;g__Acinetobacter;s__Acinetobacter_johnsonii,dropped
k__Bacteria;p__Proteobacteria;c__Gammaproteobacteria;o__Pseudomonadales;f__Moraxellaceae;g__Acinetobacter;s__Acinetobacter_lwoffii,dropped
k__Bacteria;p__Proteobacteria;c__Gammaproteobacteria;o__Pseudomonadales;f__Moraxellaceae;g__Acinetobacter;s__Acinetobacter_pittii,dropped
k__Bacteria;p__Proteobacteria;c__Gammaproteobacteria;o__Pseudomonadales;f__Moraxellaceae;g__Moraxella,dropped
k__Bacteria;p__Proteobacteria;c__Gammaproteobacteria;o__Pseudomonadales;f__Moraxellaceae;g__Moraxella;s__Moraxella_osloensis,dropped
k__Bacteria;p__Proteobacteria;c__Gammaproteobacteria;o__Pseudomonadales;f__Moraxellaceae;g__Psychrobacter,dropped
k__Bacteria;p__Proteobacteria;c__Gammaproteobacteria;o__Pseudomonadales;f__Moraxellaceae;g__Psychrobacter;s__Psychrobacter_cibarius,dropped
k__Bacteria;p__Proteobacteria;c__Gammaproteobacteria;o__Pseudomonadales;f__Moraxellaceae;g__Psychrobacter;s__Psychrobacter_sp_FME13,dropped
k__Bacteria;p__Proteobacteria;c__Gammaproteobacteria;o__Pseudomonadales;f__Pseudomonadaceae,dropped
k__Bacteria;p__Proteobacteria;c__Gammaproteobacteria;o__Pseudomonadales;f__Pseudomonadaceae;g__Pseudomonas,dropped
k__Bacteria;p__Proteobacteria;c__Gammaproteobacteria;o__Pseudomonadales;f__Pseudomonadaceae;g__Pseudomonas;s__Pseudomonas_aeruginosa,dropped
k__Bacteria;p__Proteobacteria;c__Gammaproteobacteria;o__Pseudomonadales;f__Pseudomonadaceae;g__Pseudomonas;s__Pseudomonas_balearica,dropped
k__Bacteria;p__Proteobacteria;c__Gammaproteobacteria;o__Pseudomonadales;f__Pseudomonadaceae;g__Pseudomonas;s__Pseudomonas_citronellolis,dropped
k__Bacteria;p__Proteobacteria;c__Gammaproteobacteria;o__Pseudomonadales;f__Pseudomonadaceae;g__Pseudomonas;s__Pseudomonas_extremaustralis,dropped
k__Bacteria;p__Proteobacteria;c__Gammaproteobacteria;o__Pseudomonadales;f__Pseudomonadaceae;g__Pseudomonas;s__Pseudomonas_fragi,dropped
k__Bacteria;p__Proteobacteria;c__Gammaproteobacteria;o__Pseudomonadales;f__Pseudomonadaceae;g__Pseudomonas;s__Pseudomonas_helleri,dropped
k__Bacteria;p__Proteobacteria;c__Gammaproteobacteria;o__Pseudomonadales;f__Pseudomonadaceae;g__Pseudomonas;s__Pseudomonas_lundensis,dropped
k__Bacteria;p__Proteobacteria;c__Gammaproteobacteria;o__Pseudomonadales;f__Pseudomonadaceae;g__Pseudomonas;s__Pseudomonas_protegens,dropped
k__Bacteria;p__Proteobacteria;c__Gammaproteobacteria;o__Pseudomonadales;f__Pseudomonadaceae;g__Pseudomonas;s__Pseudomonas_psychrophila,dropped
k__Bacteria;p__Proteobacteria;c__Gammaproteobacteria;o__Pseudomonadales;f__Pseudomonadaceae;g__Pseudomonas;s__Pseudomonas_putida,dropped
k__Bacteria;p__Proteobacteria;c__Gammaproteobacteria;o__Pseudomonadales;f__Pseudomonadaceae;g__Pseudomonas;s__Pseudomonas_rhodesiae,dropped
k__Bacteria;p__Proteobacteria;c__Gammaproteobacteria;o__Pseudomonadales;f__Pseudomonadaceae;g__Pseudomonas;s__Pseudomonas_saxonica,dropped
k__Bacteria;p__Proteobacteria;c__Gammaproteobacteria;o__Pseudomonadales;f__Pseudomonadaceae;g__Pseudomonas;s__Pseudomonas_simiae,dropped
k__Bacteria;p__Proteobacteria;c__Gammaproteobacteria;o__Pseudomonadales;f__Pseudomonadaceae;g__Pseudomonas;s__Pseudomonas_sp_PH1b,dropped
k__Bacteria;p__Proteobacteria;c__Gammaproteobacteria;o__Pseudomonadales;f__Pseudomonadaceae;g__Pseudomonas;s__Pseudomonas_weihenstephanensis,dropped
k__Bacteria;p__Proteobacteria;c__Gammaproteobacteria;o__Xanthomonadales,dropped
k__Bacteria;p__Proteobacteria;c__Gammaproteobacteria;o__Xanthomonadales;f__Xanthomonadaceae,dropped
k__Bacteria;p__Proteobacteria;c__Gammaproteobacteria;o__Xanthomonadales;f__Xanthomonadaceae;g__Stenotrophomonas,dropped
k__Bacteria;p__Proteobacteria;c__Gammaproteobacteria;o__Xanthomonadales;f__Xanthomonadaceae;g__Stenotrophomonas;s__Stenotrophomonas_maltophilia,dropped
k__Bacteria;p__Proteobacteria;c__Gammaproteobacteria;o__Xanthomonadales;f__Xanthomonadaceae;g__Xanthomonas,dropped
k__Bacteria;p__Proteobacteria;c__Gammaproteobacteria;o__Xanthomonadales;f__Xanthomonadaceae;g__Xanthomonas;s__Xanthomonas_arboricola,dropped
k__Bacteria;p__Spirochaetes,dropped
k__Bacteria;p__Spirochaetes;c__Spirochaetia,dropped
k__Bacteria;p__Spirochaetes;c__Spirochaetia;o__Brachyspirales,dropped
k__Bacteria;p__Spirochaetes;c__Spirochaetia;o__Brachyspirales;f__Brachyspiraceae,dropped
k__Bacteria;p__Spirochaetes;c__Spirochaetia;o__Brachyspirales;f__Brachyspiraceae;g__Brachyspira,dropped
k__Bacteria;p__Spirochaetes;c__Spirochaetia;o__Brachyspirales;f__Brachyspiraceae;g__Brachyspira;s__Brachyspira_aalborgi,dropped
k__Bacteria;p__Spirochaetes;c__Spirochaetia;o__Brachyspirales;f__Brachyspiraceae;g__Brachyspira;s__Brachyspira_pilosicoli,dropped
k__Bacteria;p__Spirochaetes;c__Spirochaetia;o__Spirochaetales;f__Spirochaetaceae;g__GGB2674,dropped
k__Bacteria;p__Spirochaetes;c__Spirochaetia;o__Spirochaetales;f__Spirochaetaceae;g__GGB2674;s__GGB2674_SGB3609,dropped
k__Bacteria;p__Spirochaetes;c__Spirochaetia;o__Spirochaetales;f__Spirochaetaceae;g__Treponema;s__Treponema_SGB69443,dropped
k__Bacteria;p__Spirochaetes;c__Spirochaetia;o__Spirochaetales;f__Spirochaetaceae;g__Treponema;s__Treponema_berlinense,dropped
k__Bacteria;p__Spirochaetes;c__Spirochaetia;o__Spirochaetales;f__Spirochaetaceae;g__Treponema;s__Treponema_denticola,dropped
k__Bacteria;p__Spirochaetes;c__Spirochaetia;o__Spirochaetales;f__Spirochaetaceae;g__Treponema;s__Treponema_lecithinolyticum,dropped
k__Bacteria;p__Spirochaetes;c__Spirochaetia;o__Spirochaetales;f__Spirochaetaceae;g__Treponema;s__Treponema_maltophilum,dropped
k__Bacteria;p__Spirochaetes;c__Spirochaetia;o__Spirochaetales;f__Spirochaetaceae;g__Treponema;s__Treponema_medium,dropped
k__Bacteria;p__Spirochaetes;c__Spirochaetia;o__Spirochaetales;f__Spirochaetaceae;g__Treponema;s__Treponema_pectinovorum,dropped
k__Bacteria;p__Spirochaetes;c__Spirochaetia;o__Spirochaetales;f__Spirochaetaceae;g__Treponema;s__Treponema_porcinum,dropped
k__Bacteria;p__Spirochaetes;c__Spirochaetia;o__Spirochaetales;f__Spirochaetaceae;g__Treponema;s__Treponema_sp_Marseille_Q3903,dropped
k__Bacteria;p__Spirochaetes;c__Spirochaetia;o__Spirochaetales;f__Spirochaetaceae;g__Treponema;s__Treponema_sp_Marseille_Q4130,dropped
k__Bacteria;p__Spirochaetes;c__Spirochaetia;o__Spirochaetales;f__Spirochaetaceae;g__Treponema;s__Treponema_sp_OMZ_804,dropped
k__Bacteria;p__Spirochaetes;c__Spirochaetia;o__Spirochaetia_unclassified,dropped
k__Bacteria;p__Spirochaetes;c__Spirochaetia;o__Spirochaetia_unclassified;f__Spirochaetia_unclassified,dropped
k__Bacteria;p__Spirochaetes;c__Spirochaetia;o__Spirochaetia_unclassified;f__Spirochaetia_unclassified;g__Spirochaetia_unclassified,dropped
k__Bacteria;p__Spirochaetes;c__Spirochaetia;o__Spirochaetia_unclassified;f__Spirochaetia_unclassified;g__Spirochaetia_unclassified;s__Spirochaetia_bacterium,dropped
k__Bacteria;p__Synergistetes,dropped
k__Bacteria;p__Synergistetes;c__Synergistia,dropped
k__Bacteria;p__Synergistetes;c__Synergistia;o__Synergistales,dropped
k__Bacteria;p__Synergistetes;c__Synergistia;o__Synergistales;f__Synergistaceae,dropped
k__Bacteria;p__Synergistetes;c__Synergistia;o__Synergistales;f__Synergistaceae;g__Cloacibacillus,dropped
k__Bacteria;p__Synergistetes;c__Synergistia;o__Synergistales;f__Synergistaceae;g__Cloacibacillus;s__Cloacibacillus_evryensis,dropped
k__Bacteria;p__Synergistetes;c__Synergistia;o__Synergistales;f__Synergistaceae;g__Cloacibacillus;s__Cloacibacillus_porcorum,dropped
k__Bacteria;p__Synergistetes;c__Synergistia;o__Synergistales;f__Synergistaceae;g__Cloacibacillus;s__Cloacibacillus_sp_An23,dropped
k__Bacteria;p__Synergistetes;c__Synergistia;o__Synergistales;f__Synergistaceae;g__Fretibacterium,dropped
k__Bacteria;p__Synergistetes;c__Synergistia;o__Synergistales;f__Synergistaceae;g__Fretibacterium;s__Fretibacterium_fastidiosum,dropped
k__Bacteria;p__Synergistetes;c__Synergistia;o__Synergistales;f__Synergistaceae;g__GGB10852,dropped
k__Bacteria;p__Synergistetes;c__Synergistia;o__Synergistales;f__Synergistaceae;g__GGB10852;s__GGB10852_SGB17523,dropped
k__Bacteria;p__Synergistetes;c__Synergistia;o__Synergistales;f__Synergistaceae;g__Pyramidobacter,dropped
k__Bacteria;p__Synergistetes;c__Synergistia;o__Synergistales;f__Synergistaceae;g__Pyramidobacter;s__Pyramidobacter_piscolens,dropped
k__Bacteria;p__Synergistetes;c__Synergistia;o__Synergistales;f__Synergistaceae;g__Pyramidobacter;s__Pyramidobacter_sp_C12_8,dropped
k__Bacteria;p__Synergistetes;c__Synergistia;o__Synergistales;f__Synergistaceae;g__Synergistaceae_unclassified,dropped
k__Bacteria;p__Synergistetes;c__Synergistia;o__Synergistales;f__Synergistaceae;g__Synergistaceae_unclassified;s__Synergistaceae_bacterium,dropped
k__Bacteria;p__Synergistetes;c__Synergistia;o__Synergistales;f__Synergistaceae;g__Synergistes,dropped
k__Bacteria;p__Synergistetes;c__Synergistia;o__Synergistales;f__Synergistaceae;g__Synergistes;s__Synergistes_jonesii,dropped
k__Bacteria;p__Tenericutes,dropped
k__Bacteria;p__Tenericutes;c__Mollicutes,dropped
k__Bacteria;p__Tenericutes;c__Mollicutes;o__Acholeplasmatales,dropped
k__Bacteria;p__Tenericutes;c__Mollicutes;o__Acholeplasmatales;f__Acholeplasmatales_unclassified,dropped
k__Bacteria;p__Tenericutes;c__Mollicutes;o__Acholeplasmatales;f__Acholeplasmatales_unclassified;g__Acholeplasmatales_unclassified,dropped
k__Bacteria;p__Tenericutes;c__Mollicutes;o__Acholeplasmatales;f__Acholeplasmatales_unclassified;g__Acholeplasmatales_unclassified;s__Acholeplasmatales_bacterium,dropped
k__Bacteria;p__Tenericutes;c__Mollicutes;o__Acholeplasmatales;f__Acholeplasmatales_unclassified;g__Acholeplasmatales_unclassified;s__Acholeplasmatales_unclassified_SGB6584,dropped
k__Bacteria;p__Tenericutes;c__Mollicutes;o__Entomoplasmatales,dropped
k__Bacteria;p__Tenericutes;c__Mollicutes;o__Entomoplasmatales;f__Spiroplasmataceae,dropped
k__Bacteria;p__Tenericutes;c__Mollicutes;o__Entomoplasmatales;f__Spiroplasmataceae;g__GGB12293,dropped
k__Bacteria;p__Tenericutes;c__Mollicutes;o__Entomoplasmatales;f__Spiroplasmataceae;g__GGB12293;s__GGB12293_SGB19125,dropped
k__Bacteria;p__Verrucomicrobia;c__CFGB2164,dropped
k__Bacteria;p__Verrucomicrobia;c__CFGB2164;o__OFGB2164,dropped
k__Bacteria;p__Verrucomicrobia;c__CFGB2164;o__OFGB2164;f__FGB2164,dropped
k__Bacteria;p__Verrucomicrobia;c__CFGB2164;o__OFGB2164;f__FGB2164;g__GGB6132,dropped
k__Bacteria;p__Verrucomicrobia;c__CFGB2164;o__OFGB2164;f__FGB2164;g__GGB6132;s__GGB6132_SGB8779,dropped
k__Bacteria;p__Verrucomicrobia;c__CFGB2165,dropped
k__Bacteria;p__Verrucomicrobia;c__CFGB2165;o__OFGB2165,dropped
k__Bacteria;p__Verrucomicrobia;c__CFGB2165;o__OFGB2165;f__FGB2165,dropped
k__Bacteria;p__Verrucomicrobia;c__CFGB2165;o__OFGB2165;f__FGB2165;g__GGB6133,dropped
k__Bacteria;p__Verrucomicrobia;c__CFGB2165;o__OFGB2165;f__FGB2165;g__GGB6133;s__GGB6133_SGB8780,dropped
k__Bacteria;p__Verrucomicrobia;c__CFGB6128,dropped
k__Bacteria;p__Verrucomicrobia;c__CFGB6128;o__OFGB6128,dropped
k__Bacteria;p__Verrucomicrobia;c__CFGB6128;o__OFGB6128;f__FGB6128,dropped
k__Bacteria;p__Verrucomicrobia;c__CFGB6128;o__OFGB6128;f__FGB6128;g__GGB52930,dropped
k__Bacteria;p__Verrucomicrobia;c__CFGB6128;o__OFGB6128;f__FGB6128;g__GGB52930;s__GGB52930_SGB73859,dropped
k__Bacteria;p__Verrucomicrobia;c__Opitutae,dropped
k__Bacteria;p__Verrucomicrobia;c__Opitutae;o__Opitutales,dropped
k__Bacteria;p__Verrucomicrobia;c__Opitutae;o__Opitutales;f__Opitutales_unclassified,dropped
k__Bacteria;p__Verrucomicrobia;c__Opitutae;o__Opitutales;f__Opitutales_unclassified;g__GGB6127,dropped
k__Bacteria;p__Verrucomicrobia;c__Opitutae;o__Opitutales;f__Opitutales_unclassified;g__GGB6127;s__GGB6127_SGB8773,dropped
k__Bacteria;p__Verrucomicrobia;c__Opitutae;o__Opitutales;f__Opitutales_unclassified;g__GGB6128,dropped
k__Bacteria;p__Verrucomicrobia;c__Opitutae;o__Opitutales;f__Opitutales_unclassified;g__GGB6128;s__GGB6128_SGB8774,dropped
k__Bacteria;p__Verrucomicrobia;c__Opitutae;o__Opitutales;f__Opitutales_unclassified;g__Opitutales_unclassified,dropped
k__Bacteria;p__Verrucomicrobia;c__Opitutae;o__Opitutales;f__Opitutales_unclassified;g__Opitutales_unclassified;s__Opitutales_bacterium,dropped
k__Bacteria;p__Verrucomicrobia;c__Opitutae;o__Opitutales;f__Opitutales_unclassified;g__Opitutales_unclassified;s__Opitutales_unclassified_SGB8775,dropped
k__Bacteria;p__Verrucomicrobia;c__Opitutae;o__Puniceicoccales,dropped
k__Bacteria;p__Verrucomicrobia;c__Opitutae;o__Puniceicoccales;f__Puniceicoccaceae,dropped
k__Bacteria;p__Verrucomicrobia;c__Opitutae;o__Puniceicoccales;f__Puniceicoccaceae;g__Puniceicoccaceae_unclassified,dropped
k__Bacteria;p__Verrucomicrobia;c__Opitutae;o__Puniceicoccales;f__Puniceicoccaceae;g__Puniceicoccaceae_unclassified;s__Puniceicoccaceae_bacterium_Marseille_Q1082,dropped
k__Bacteria;p__Verrucomicrobia;c__Verrucomicrobiae;o__Verrucomicrobiales;f__Akkermansiaceae;g__Akkermansia;s__Akkermansia_sp_BIOML_A40,dropped
k__Bacteria;p__Verrucomicrobia;c__Verrucomicrobiae;o__Verrucomicrobiales;f__Akkermansiaceae;g__Akkermansia;s__Akkermansia_sp_KLE1605,dropped
k__Bacteria;p__Verrucomicrobia;c__Verrucomicrobiae;o__Verrucomicrobiales;f__Akkermansiaceae;g__GGB6529,dropped
k__Bacteria;p__Verrucomicrobia;c__Verrucomicrobiae;o__Verrucomicrobiales;f__Akkermansiaceae;g__GGB6529;s__GGB6529_SGB9222,dropped
k__Bacteria_p__Actinobacteria_c__Actinobacteria_o__Actinomycetales_f__Actinomycetaceae_g__Actinobaculum,dropped
k__Bacteria_p__Actinobacteria_c__Actinobacteria_o__Actinomycetales_f__Actinomycetaceae_g__Actinobaculum_s__Actinobaculum_massiliense,dropped
k__Bacteria_p__Actinobacteria_c__Actinobacteria_o__Actinomycetales_f__Actinomycetaceae_g__Actinobaculum_s__Actinobaculum_sp_oral_taxon_183,dropped
k__Bacteria_p__Actinobacteria_c__Actinobacteria_o__Actinomycetales_f__Actinomycetaceae_g__Actinomyces_s__Actinomyces_cardiffensis,dropped
k__Bacteria_p__Actinobacteria_c__Actinobacteria_o__Actinomycetales_f__Actinomycetaceae_g__Actinomyces_s__Actinomyces_georgiae,dropped
k__Bacteria_p__Actinobacteria_c__Actinobacteria_o__Actinomycetales_f__Actinomycetaceae_g__Actinomyces_s__Actinomyces_graevenitzii,dropped
k__Bacteria_p__Actinobacteria_c__Actinobacteria_o__Actinomycetales_f__Actinomycetaceae_g__Actinomyces_s__Actinomyces_hongkongensis,dropped
k__Bacteria_p__Actinobacteria_c__Actinobacteria_o__Actinomycetales_f__Actinomycetaceae_g__Actinomyces_s__Actinomyces_johnsonii,dropped
k__Bacteria_p__Actinobacteria_c__Actinobacteria_o__Actinomycetales_f__Actinomycetaceae_g__Actinomyces_s__Actinomyces_massiliensis,dropped
k__Bacteria_p__Actinobacteria_c__Actinobacteria_o__Actinomycetales_f__Actinomycetaceae_g__Actinomyces_s__Actinomyces_meyeri,dropped
k__Bacteria_p__Actinobacteria_c__Actinobacteria_o__Actinomycetales_f__Actinomycetaceae_g__Actinomyces_s__Actinomyces_naeslundii,dropped
k__Bacteria_p__Actinobacteria_c__Actinobacteria_o__Actinomycetales_f__Actinomycetaceae_g__Actinomyces_s__Actinomyces_odontolyticus,dropped
k__Bacteria_p__Actinobacteria_c__Actinobacteria_o__Actinomycetales_f__Actinomycetaceae_g__Actinomyces_s__Actinomyces_oris,dropped
k__Bacteria_p__Actinobacteria_c__Actinobacteria_o__Actinomycetales_f__Actinomycetaceae_g__Actinomyces_s__Actinomyces_radicidentis,dropped
k__Bacteria_p__Actinobacteria_c__Actinobacteria_o__Actinomycetales_f__Actinomycetaceae_g__Actinomyces_s__Actinomyces_sp_HMSC035G02,dropped
k__Bacteria_p__Actinobacteria_c__Actinobacteria_o__Actinomycetales_f__Actinomycetaceae_g__Actinomyces_s__Actinomyces_sp_HPA0247,dropped
k__Bacteria_p__Actinobacteria_c__Actinobacteria_o__Actinomycetales_f__Actinomycetaceae_g__Actinomyces_s__Actinomyces_sp_ICM47,dropped
k__Bacteria_p__Actinobacteria_c__Actinobacteria_o__Actinomycetales_f__Actinomycetaceae_g__Actinomyces_s__Actinomyces_sp_S6_Spd3,dropped
k__Bacteria_p__Actinobacteria_c__Actinobacteria_o__Actinomycetales_f__Actinomycetaceae_g__Actinomyces_s__Actinomyces_sp_oral_taxon_170,dropped
k__Bacteria_p__Actinobacteria_c__Actinobacteria_o__Actinomycetales_f__Actinomycetaceae_g__Actinomyces_s__Actinomyces_sp_oral_taxon_180,dropped
k__Bacteria_p__Actinobacteria_c__Actinobacteria_o__Actinomycetales_f__Actinomycetaceae_g__Actinomyces_s__Actinomyces_sp_oral_taxon_181,dropped
k__Bacteria_p__Actinobacteria_c__Actinobacteria_o__Actinomycetales_f__Actinomycetaceae_g__Actinomyces_s__Actinomyces_sp_oral_taxon_414,dropped
k__Bacteria_p__Actinobacteria_c__Actinobacteria_o__Actinomycetales_f__Actinomycetaceae_g__Actinomyces_s__Actinomyces_sp_oral_taxon_448,dropped
k__Bacteria_p__Actinobacteria_c__Actinobacteria_o__Actinomycetales_f__Actinomycetaceae_g__Actinomyces_s__Actinomyces_sp_oral_taxon_897,dropped
k__Bacteria_p__Actinobacteria_c__Actinobacteria_o__Actinomycetales_f__Actinomycetaceae_g__Actinomyces_s__Actinomyces_turicensis,dropped
k__Bacteria_p__Actinobacteria_c__Actinobacteria_o__Actinomycetales_f__Actinomycetaceae_g__Actinomyces_s__Actinomyces_urogenitalis,dropped
k__Bacteria_p__Actinobacteria_c__Actinobacteria_o__Actinomycetales_f__Actinomycetaceae_g__Actinomyces_s__Actinomyces_viscosus,dropped
k__Bacteria_p__Actinobacteria_c__Actinobacteria_o__Actinomycetales_f__Actinomycetaceae_g__Actinotignum,dropped
k__Bacteria_p__Actinobacteria_c__Actinobacteria_o__Actinomycetales_f__Actinomycetaceae_g__Actinotignum_s__Actinotignum_schaalii,dropped
k__Bacteria_p__Actinobacteria_c__Actinobacteria_o__Actinomycetales_f__Actinomycetaceae_g__Actinotignum_s__Actinotignum_timonense,dropped
k__Bacteria_p__Actinobacteria_c__Actinobacteria_o__Actinomycetales_f__Actinomycetaceae_g__Trueperella,dropped
k__Bacteria_p__Actinobacteria_c__Actinobacteria_o__Actinomycetales_f__Actinomycetaceae_g__Trueperella_s__Trueperella_bernardiae,dropped
k__Bacteria_p__Actinobacteria_c__Actinobacteria_o__Actinomycetales_f__Actinomycetaceae_g__Varibaculum,dropped
k__Bacteria_p__Actinobacteria_c__Actinobacteria_o__Actinomycetales_f__Actinomycetaceae_g__Varibaculum_s__Varibaculum_cambriense,dropped
k__Bacteria_p__Actinobacteria_c__Actinobacteria_o__Bifidobacteriales_f__Bifidobacteriaceae_g__Alloscardovia,dropped
k__Bacteria_p__Actinobacteria_c__Actinobacteria_o__Bifidobacteriales_f__Bifidobacteriaceae_g__Alloscardovia_s__Alloscardovia_omnicolens,dropped
k__Bacteria_p__Actinobacteria_c__Actinobacteria_o__Bifidobacteriales_f__Bifidobacteriaceae_g__Bifidobacterium_s__Bifidobacterium_anseris,dropped
k__Bacteria_p__Actinobacteria_c__Actinobacteria_o__Bifidobacteriales_f__Bifidobacteriaceae_g__Bifidobacterium_s__Bifidobacterium_gallinarum,dropped
k__Bacteria_p__Actinobacteria_c__Actinobacteria_o__Bifidobacteriales_f__Bifidobacteriaceae_g__Bifidobacterium_s__Bifidobacterium_kashiwanohense,dropped
k__Bacteria_p__Actinobacteria_c__Actinobacteria_o__Bifidobacteriales_f__Bifidobacteriaceae_g__Bifidobacterium_s__Bifidobacterium_pseudolongum,dropped
k__Bacteria_p__Actinobacteria_c__Actinobacteria_o__Bifidobacteriales_f__Bifidobacteriaceae_g__Bifidobacterium_s__Bifidobacterium_pullorum,dropped
k__Bacteria_p__Actinobacteria_c__Actinobacteria_o__Bifidobacteriales_f__Bifidobacteriaceae_g__Bifidobacterium_s__Bifidobacterium_saeculare,dropped
k__Bacteria_p__Actinobacteria_c__Actinobacteria_o__Bifidobacteriales_f__Bifidobacteriaceae_g__Bifidobacterium_s__Bifidobacterium_scardovii,dropped
k__Bacteria_p__Actinobacteria_c__Actinobacteria_o__Bifidobacteriales_f__Bifidobacteriaceae_g__Gardnerella,dropped
k__Bacteria_p__Actinobacteria_c__Actinobacteria_o__Bifidobacteriales_f__Bifidobacteriaceae_g__Gardnerella_s__Gardnerella_vaginalis,dropped
k__Bacteria_p__Actinobacteria_c__Actinobacteria_o__Bifidobacteriales_f__Bifidobacteriaceae_g__Parascardovia,dropped
k__Bacteria_p__Actinobacteria_c__Actinobacteria_o__Bifidobacteriales_f__Bifidobacteriaceae_g__Parascardovia_s__Parascardovia_denticolens,dropped
k__Bacteria_p__Actinobacteria_c__Actinobacteria_o__Bifidobacteriales_f__Bifidobacteriaceae_g__Scardovia,dropped
k__Bacteria_p__Actinobacteria_c__Actinobacteria_o__Bifidobacteriales_f__Bifidobacteriaceae_g__Scardovia_s__Scardovia_wiggsiae,dropped
k__Bacteria_p__Actinobacteria_c__Actinobacteria_o__Corynebacteriales,dropped
k__Bacteria_p__Actinobacteria_c__Actinobacteria_o__Corynebacteriales_f__Corynebacteriaceae,dropped
k__Bacteria_p__Actinobacteria_c__Actinobacteria_o__Corynebacteriales_f__Corynebacteriaceae_g__Corynebacterium,dropped
k__Bacteria_p__Actinobacteria_c__Actinobacteria_o__Corynebacteriales_f__Corynebacteriaceae_g__Corynebacterium_s__Corynebacterium_amycolatum,dropped
k__Bacteria_p__Actinobacteria_c__Actinobacteria_o__Corynebacteriales_f__Corynebacteriaceae_g__Corynebacterium_s__Corynebacterium_durum,dropped
k__Bacteria_p__Actinobacteria_c__Actinobacteria_o__Corynebacteriales_f__Corynebacteriaceae_g__Corynebacterium_s__Corynebacterium_flavescens,dropped
k__Bacteria_p__Actinobacteria_c__Actinobacteria_o__Corynebacteriales_f__Corynebacteriaceae_g__Corynebacterium_s__Corynebacterium_glutamicum,dropped
k__Bacteria_p__Actinobacteria_c__Actinobacteria_o__Corynebacteriales_f__Corynebacteriaceae_g__Corynebacterium_s__Corynebacterium_matruchotii,dropped
k__Bacteria_p__Actinobacteria_c__Actinobacteria_o__Corynebacteriales_f__Corynebacteriaceae_g__Corynebacterium_s__Corynebacterium_pseudodiphtheriticum,dropped
k__Bacteria_p__Actinobacteria_c__Actinobacteria_o__Corynebacteriales_f__Corynebacteriaceae_g__Corynebacterium_s__Corynebacterium_striatum,dropped
k__Bacteria_p__Actinobacteria_c__Actinobacteria_o__Corynebacteriales_f__Corynebacteriaceae_g__Corynebacterium_s__Corynebacterium_variabile,dropped
k__Bacteria_p__Actinobacteria_c__Actinobacteria_o__Corynebacteriales_f__Corynebacteriales_unclassified,dropped
k__Bacteria_p__Actinobacteria_c__Actinobacteria_o__Corynebacteriales_f__Corynebacteriales_unclassified_g__Lawsonella,dropped
k__Bacteria_p__Actinobacteria_c__Actinobacteria_o__Corynebacteriales_f__Corynebacteriales_unclassified_g__Lawsonella_s__Lawsonella_clevelandensis,dropped
k__Bacteria_p__Actinobacteria_c__Actinobacteria_o__Micrococcales_f__Dermabacteraceae,dropped
k__Bacteria_p__Actinobacteria_c__Actinobacteria_o__Micrococcales_f__Dermabacteraceae_g__Dermabacter,dropped
k__Bacteria_p__Actinobacteria_c__Actinobacteria_o__Micrococcales_f__Dermabacteraceae_g__Dermabacter_s__Dermabacter_hominis,dropped
k__Bacteria_p__Actinobacteria_c__Actinobacteria_o__Micrococcales_f__Microbacteriaceae,dropped
k__Bacteria_p__Actinobacteria_c__Actinobacteria_o__Micrococcales_f__Microbacteriaceae_g__Leifsonia,dropped
k__Bacteria_p__Actinobacteria_c__Actinobacteria_o__Micrococcales_f__Microbacteriaceae_g__Leifsonia_s__Leifsonia_xyli,dropped
k__Bacteria_p__Actinobacteria_c__Actinobacteria_o__Micrococcales_f__Micrococcaceae_g__Kocuria,dropped
k__Bacteria_p__Actinobacteria_c__Actinobacteria_o__Micrococcales_f__Micrococcaceae_g__Kocuria_s__Kocuria_kristinae,dropped
k__Bacteria_p__Actinobacteria_c__Actinobacteria_o__Micrococcales_f__Micrococcaceae_g__Rothia_s__Rothia_aeria,dropped
k__Bacteria_p__Actinobacteria_c__Actinobacteria_o__Micrococcales_f__Micrococcaceae_g__Rothia_s__Rothia_dentocariosa,dropped
k__Bacteria_p__Actinobacteria_c__Actinobacteria_o__Propionibacteriales,dropped
k__Bacteria_p__Actinobacteria_c__Actinobacteria_o__Propionibacteriales_f__Propionibacteriaceae,dropped
k__Bacteria_p__Actinobacteria_c__Actinobacteria_o__Propionibacteriales_f__Propionibacteriaceae_g__Acidipropionibacterium,dropped
k__Bacteria_p__Actinobacteria_c__Actinobacteria_o__Propionibacteriales_f__Propionibacteriaceae_g__Acidipropionibacterium_s__Acidipropionibacterium_acidipropionici,dropped
k__Bacteria_p__Actinobacteria_c__Actinobacteria_o__Propionibacteriales_f__Propionibacteriaceae_g__Cutibacterium,dropped
k__Bacteria_p__Actinobacteria_c__Actinobacteria_o__Propionibacteriales_f__Propionibacteriaceae_g__Cutibacterium_s__Cutibacterium_acnes,dropped
k__Bacteria_p__Actinobacteria_c__Actinobacteria_o__Propionibacteriales_f__Propionibacteriaceae_g__Cutibacterium_s__Cutibacterium_granulosum,dropped
k__Bacteria_p__Actinobacteria_c__Actinobacteria_o__Propionibacteriales_f__Propionibacteriaceae_g__Propionibacterium_s__Propionibacterium_acidifaciens,dropped
k__Bacteria_p__Actinobacteria_c__Actinobacteria_o__Propionibacteriales_f__Propionibacteriaceae_g__Propionibacterium_s__Propionibacterium_freudenreichii,dropped
k__Bacteria_p__Actinobacteria_c__Actinobacteria_o__Propionibacteriales_f__Propionibacteriaceae_g__Pseudopropionibacterium,dropped
k__Bacteria_p__Actinobacteria_c__Actinobacteria_o__Propionibacteriales_f__Propionibacteriaceae_g__Pseudopropionibacterium_s__Pseudopropionibacterium_propionicum,dropped
k__Bacteria_p__Actinobacteria_c__Coriobacteriia_o__Coriobacteriales_f__Atopobiaceae,dropped
k__Bacteria_p__Actinobacteria_c__Coriobacteriia_o__Coriobacteriales_f__Atopobiaceae_g__Atopobium,dropped
k__Bacteria_p__Actinobacteria_c__Coriobacteriia_o__Coriobacteriales_f__Atopobiaceae_g__Atopobium_s__Atopobium_deltae,dropped
k__Bacteria_p__Actinobacteria_c__Coriobacteriia_o__Coriobacteriales_f__Atopobiaceae_g__Atopobium_s__Atopobium_minutum,dropped
k__Bacteria_p__Actinobacteria_c__Coriobacteriia_o__Coriobacteriales_f__Atopobiaceae_g__Atopobium_s__Atopobium_parvulum,dropped
k__Bacteria_p__Actinobacteria_c__Coriobacteriia_o__Coriobacteriales_f__Atopobiaceae_g__Atopobium_s__Atopobium_rimae,dropped
k__Bacteria_p__Actinobacteria_c__Coriobacteriia_o__Coriobacteriales_f__Atopobiaceae_g__Atopobium_s__Atopobium_sp_oral_taxon_199,dropped
k__Bacteria_p__Actinobacteria_c__Coriobacteriia_o__Coriobacteriales_f__Atopobiaceae_g__Atopobium_s__Atopobium_vaginae,dropped
k__Bacteria_p__Actinobacteria_c__Coriobacteriia_o__Coriobacteriales_f__Atopobiaceae_g__Olsenella,dropped
k__Bacteria_p__Actinobacteria_c__Coriobacteriia_o__Coriobacteriales_f__Atopobiaceae_g__Olsenella_s__Olsenella_profusa,dropped
k__Bacteria_p__Actinobacteria_c__Coriobacteriia_o__Coriobacteriales_f__Atopobiaceae_g__Olsenella_s__Olsenella_scatoligenes,dropped
k__Bacteria_p__Actinobacteria_c__Coriobacteriia_o__Coriobacteriales_f__Atopobiaceae_g__Olsenella_s__Olsenella_sp_An188,dropped
k__Bacteria_p__Actinobacteria_c__Coriobacteriia_o__Coriobacteriales_f__Atopobiaceae_g__Olsenella_s__Olsenella_sp_KH3B4,dropped
k__Bacteria_p__Actinobacteria_c__Coriobacteriia_o__Coriobacteriales_f__Atopobiaceae_g__Olsenella_s__Olsenella_uli,dropped
k__Bacteria_p__Actinobacteria_c__Coriobacteriia_o__Coriobacteriales_f__Atopobiaceae_g__Olsenella_s__Olsenella_umbonata,dropped
k__Bacteria_p__Actinobacteria_c__Coriobacteriia_o__Coriobacteriales_f__Coriobacteriaceae_g__Collinsella_s__Collinsella_sp,dropped
k__Bacteria_p__Actinobacteria_c__Coriobacteriia_o__Coriobacteriales_f__Coriobacteriaceae_g__Collinsella_s__Collinsella_sp_An271,dropped
k__Bacteria_p__Actinobacteria_c__Coriobacteriia_o__Coriobacteriales_f__Coriobacteriaceae_g__Collinsella_s__Collinsella_sp_An7,dropped
k__Bacteria_p__Actinobacteria_c__Coriobacteriia_o__Coriobacteriales_f__Coriobacteriaceae_g__Enorma,dropped
k__Bacteria_p__Actinobacteria_c__Coriobacteriia_o__Coriobacteriales_f__Coriobacteriaceae_g__Enorma_s__Collinsella_massiliensis,dropped
k__Bacteria_p__Actinobacteria_c__Coriobacteriia_o__Coriobacteriales_f__Coriobacteriaceae_g__Enorma_s__Enorma_massiliensis,dropped
k__Bacteria_p__Actinobacteria_c__Coriobacteriia_o__Eggerthellales_f__Eggerthellaceae_g__Adlercreutzia,dropped
k__Bacteria_p__Actinobacteria_c__Coriobacteriia_o__Eggerthellales_f__Eggerthellaceae_g__Adlercreutzia_s__Adlercreutzia_equolifaciens,dropped
k__Bacteria_p__Actinobacteria_c__Coriobacteriia_o__Eggerthellales_f__Eggerthellaceae_g__Cryptobacterium_s__Cryptobacterium_curtum,dropped
k__Bacteria_p__Actinobacteria_c__Coriobacteriia_o__Eggerthellales_f__Eggerthellaceae_g__Eggerthella_s__Eggerthella_sinensis,dropped
k__Bacteria_p__Actinobacteria_c__Coriobacteriia_o__Eggerthellales_f__Eggerthellaceae_g__Eggerthella_s__Eggerthella_sp_CAG_1427,dropped
k__Bacteria_p__Actinobacteria_c__Coriobacteriia_o__Eggerthellales_f__Eggerthellaceae_g__Eggerthella_s__Eggerthella_sp_YY7918,dropped
k__Bacteria_p__Actinobacteria_c__Coriobacteriia_o__Eggerthellales_f__Eggerthellaceae_g__Enterorhabdus,dropped
k__Bacteria_p__Actinobacteria_c__Coriobacteriia_o__Eggerthellales_f__Eggerthellaceae_g__Enterorhabdus_s__Enterorhabdus_caecimuris,dropped
k__Bacteria_p__Actinobacteria_c__Coriobacteriia_o__Eggerthellales_f__Eggerthellaceae_g__Gordonibacter_s__Gordonibacter_sp_28C,dropped
k__Bacteria_p__Actinobacteria_c__Coriobacteriia_o__Eggerthellales_f__Eggerthellaceae_g__Gordonibacter_s__Gordonibacter_sp_An232A,dropped
k__Bacteria_p__Actinobacteria_c__Coriobacteriia_o__Eggerthellales_f__Eggerthellaceae_g__Paraeggerthella,dropped
k__Bacteria_p__Actinobacteria_c__Coriobacteriia_o__Eggerthellales_f__Eggerthellaceae_g__Paraeggerthella_s__Paraeggerthella_hongkongensis,dropped
k__Bacteria_p__Actinobacteria_c__Coriobacteriia_o__Eggerthellales_f__Eggerthellaceae_g__Rubneribacter,dropped
k__Bacteria_p__Actinobacteria_c__Coriobacteriia_o__Eggerthellales_f__Eggerthellaceae_g__Rubneribacter_s__Rubneribacter_badeniensis,dropped
k__Bacteria_p__Actinobacteria_c__Coriobacteriia_o__Eggerthellales_f__Eggerthellaceae_g__Slackia_s__Slackia_exigua,dropped
k__Bacteria_p__Bacteroidetes_c__Bacteroidetes_unclassified,dropped
k__Bacteria_p__Bacteroidetes_c__Bacteroidetes_unclassified_o__Bacteroidetes_unclassified,dropped
k__Bacteria_p__Bacteroidetes_c__Bacteroidetes_unclassified_o__Bacteroidetes_unclassified_f__Bacteroidetes_unclassified,dropped
k__Bacteria_p__Bacteroidetes_c__Bacteroidetes_unclassified_o__Bacteroidetes_unclassified_f__Bacteroidetes_unclassified_g__Bacteroidetes_unclassified,dropped
k__Bacteria_p__Bacteroidetes_c__Bacteroidetes_unclassified_o__Bacteroidetes_unclassified_f__Bacteroidetes_unclassified_g__Bacteroidetes_unclassified_s__Bacteroidetes_oral_taxon_274,dropped
k__Bacteria_p__Bacteroidetes_c__Bacteroidia_o__Bacteroidales_f__Bacteroidaceae_g__Bacteroides_s__Bacteroides_coprocola,dropped
k__Bacteria_p__Bacteroidetes_c__Bacteroidia_o__Bacteroidales_f__Bacteroidaceae_g__Bacteroides_s__Bacteroides_faecichinchillae,dropped
k__Bacteria_p__Bacteroidetes_c__Bacteroidia_o__Bacteroidales_f__Bacteroidaceae_g__Bacteroides_s__Bacteroides_fluxus,dropped
k__Bacteria_p__Bacteroidetes_c__Bacteroidia_o__Bacteroidales_f__Bacteroidaceae_g__Bacteroides_s__Bacteroides_oleiciplenus,dropped
k__Bacteria_p__Bacteroidetes_c__Bacteroidia_o__Bacteroidales_f__Bacteroidaceae_g__Bacteroides_s__Bacteroides_salanitronis,dropped
k__Bacteria_p__Bacteroidetes_c__Bacteroidia_o__Bacteroidales_f__Bacteroidaceae_g__Bacteroides_s__Bacteroides_sartorii,dropped
k__Bacteria_p__Bacteroidetes_c__Bacteroidia_o__Bacteroidales_f__Bacteroidaceae_g__Bacteroides_s__Bacteroides_sp_43_108,dropped
k__Bacteria_p__Bacteroidetes_c__Bacteroidia_o__Bacteroidales_f__Bacteroidaceae_g__Bacteroides_s__Bacteroides_sp_An322,dropped
k__Bacteria_p__Bacteroidetes_c__Bacteroidia_o__Bacteroidales_f__Bacteroidaceae_g__Bacteroides_s__Bacteroides_sp_CAG_1060,dropped
k__Bacteria_p__Bacteroidetes_c__Bacteroidia_o__Bacteroidales_f__Bacteroidaceae_g__Bacteroides_s__Bacteroides_sp_CAG_1076,dropped
k__Bacteria_p__Bacteroidetes_c__Bacteroidia_o__Bacteroidales_f__Bacteroidaceae_g__Bacteroides_s__Bacteroides_sp_CAG_144,dropped
k__Bacteria_p__Bacteroidetes_c__Bacteroidia_o__Bacteroidales_f__Bacteroidaceae_g__Bacteroides_s__Bacteroides_sp_CAG_443,dropped
k__Bacteria_p__Bacteroidetes_c__Bacteroidia_o__Bacteroidales_f__Bacteroidaceae_g__Bacteroides_s__Bacteroides_sp_CAG_462,dropped
k__Bacteria_p__Bacteroidetes_c__Bacteroidia_o__Bacteroidales_f__Bacteroidaceae_g__Bacteroides_s__Bacteroides_sp_CAG_530,dropped
k__Bacteria_p__Bacteroidetes_c__Bacteroidia_o__Bacteroidales_f__Bacteroidaceae_g__Bacteroides_s__Bacteroides_sp_CAG_545,dropped
k__Bacteria_p__Bacteroidetes_c__Bacteroidia_o__Bacteroidales_f__Bacteroidaceae_g__Bacteroides_s__Bacteroides_sp_CAG_598,dropped
k__Bacteria_p__Bacteroidetes_c__Bacteroidia_o__Bacteroidales_f__Bacteroidaceae_g__Bacteroides_s__Bacteroides_sp_CAG_633,dropped
k__Bacteria_p__Bacteroidetes_c__Bacteroidia_o__Bacteroidales_f__Bacteroidaceae_g__Bacteroides_s__Bacteroides_sp_CAG_661,dropped
k__Bacteria_p__Bacteroidetes_c__Bacteroidia_o__Bacteroidales_f__Bacteroidaceae_g__Bacteroides_s__Bacteroides_sp_CAG_709,dropped
k__Bacteria_p__Bacteroidetes_c__Bacteroidia_o__Bacteroidales_f__Bacteroidaceae_g__Bacteroides_s__Bacteroides_sp_CAG_714,dropped
k__Bacteria_p__Bacteroidetes_c__Bacteroidia_o__Bacteroidales_f__Bacteroidaceae_g__Bacteroides_s__Bacteroides_sp_CAG_770,dropped
k__Bacteria_p__Bacteroidetes_c__Bacteroidia_o__Bacteroidales_f__Bacteroidaceae_g__Bacteroides_s__Bacteroides_sp_CAG_875,dropped
k__Bacteria_p__Bacteroidetes_c__Bacteroidia_o__Bacteroidales_f__Bacteroidaceae_g__Bacteroides_s__Bacteroides_sp_CAG_927,dropped
k__Bacteria_p__Bacteroidetes_c__Bacteroidia_o__Bacteroidales_f__Bacteroidaceae_g__Bacteroides_s__Bacteroides_sp_OM08_11,dropped
k__Bacteria_p__Bacteroidetes_c__Bacteroidia_o__Bacteroidales_f__Bacteroidaceae_g__Bacteroides_s__Bacteroides_stercorirosoris,dropped
k__Bacteria_p__Bacteroidetes_c__Bacteroidia_o__Bacteroidales_f__Bacteroidaceae_g__Bacteroides_s__Bacteroides_xylanolyticus,dropped
k__Bacteria_p__Bacteroidetes_c__Bacteroidia_o__Bacteroidales_f__Bacteroidaceae_g__Mediterranea,dropped
k__Bacteria_p__Bacteroidetes_c__Bacteroidia_o__Bacteroidales_f__Bacteroidaceae_g__Mediterranea_s__Mediterranea_sp_An20,dropped
k__Bacteria_p__Bacteroidetes_c__Bacteroidia_o__Bacteroidales_f__Bacteroidales_unclassified,dropped
k__Bacteria_p__Bacteroidetes_c__Bacteroidia_o__Bacteroidales_f__Bacteroidales_unclassified_g__Bacteroidales_unclassified,dropped
k__Bacteria_p__Bacteroidetes_c__Bacteroidia_o__Bacteroidales_f__Bacteroidales_unclassified_g__Bacteroidales_unclassified_s__Bacteroidales_bacterium_KA00251,dropped
k__Bacteria_p__Bacteroidetes_c__Bacteroidia_o__Bacteroidales_f__Barnesiellaceae_g__Barnesiella_s__Barnesiella_viscericola,dropped
k__Bacteria_p__Bacteroidetes_c__Bacteroidia_o__Bacteroidales_f__Barnesiellaceae_g__Coprobacter_s__Coprobacter_sp,dropped
k__Bacteria_p__Bacteroidetes_c__Bacteroidia_o__Bacteroidales_f__Dysgonamonadaceae,dropped
k__Bacteria_p__Bacteroidetes_c__Bacteroidia_o__Bacteroidales_f__Dysgonamonadaceae_g__Dysgonomonas,dropped
k__Bacteria_p__Bacteroidetes_c__Bacteroidia_o__Bacteroidales_f__Dysgonamonadaceae_g__Dysgonomonas_s__Dysgonomonas_mossii,dropped
k__Bacteria_p__Bacteroidetes_c__Bacteroidia_o__Bacteroidales_f__Dysgonamonadaceae_g__Dysgonomonas_s__Dysgonomonas_sp_37_18,dropped
k__Bacteria_p__Bacteroidetes_c__Bacteroidia_o__Bacteroidales_f__Odoribacteraceae_g__Culturomica,dropped
k__Bacteria_p__Bacteroidetes_c__Bacteroidia_o__Bacteroidales_f__Odoribacteraceae_g__Culturomica_s__Culturomica_sp,dropped
k__Bacteria_p__Bacteroidetes_c__Bacteroidia_o__Bacteroidales_f__Odoribacteraceae_g__Odoribacter_s__Odoribacter_sp_CAG_788,dropped
k__Bacteria_p__Bacteroidetes_c__Bacteroidia_o__Bacteroidales_f__Porphyromonadaceae_g__Porphyromonas_s__Porphyromonas_endodontalis,dropped
k__Bacteria_p__Bacteroidetes_c__Bacteroidia_o__Bacteroidales_f__Porphyromonadaceae_g__Porphyromonas_s__Porphyromonas_gingivalis,dropped
k__Bacteria_p__Bacteroidetes_c__Bacteroidia_o__Bacteroidales_f__Porphyromonadaceae_g__Porphyromonas_s__Porphyromonas_somerae,dropped
k__Bacteria_p__Bacteroidetes_c__Bacteroidia_o__Bacteroidales_f__Porphyromonadaceae_g__Porphyromonas_s__Porphyromonas_sp_HMSC065F10,dropped
k__Bacteria_p__Bacteroidetes_c__Bacteroidia_o__Bacteroidales_f__Porphyromonadaceae_g__Porphyromonas_s__Porphyromonas_sp_HMSC077F02,dropped
k__Bacteria_p__Bacteroidetes_c__Bacteroidia_o__Bacteroidales_f__Porphyromonadaceae_g__Porphyromonas_s__Porphyromonas_uenonis,dropped
k__Bacteria_p__Bacteroidetes_c__Bacteroidia_o__Bacteroidales_f__Porphyromonadaceae_g__Sanguibacteroides,dropped
k__Bacteria_p__Bacteroidetes_c__Bacteroidia_o__Bacteroidales_f__Porphyromonadaceae_g__Sanguibacteroides_s__Sanguibacteroides_justesenii,dropped
k__Bacteria_p__Bacteroidetes_c__Bacteroidia_o__Bacteroidales_f__Prevotellaceae_g__Alloprevotella,dropped
k__Bacteria_p__Bacteroidetes_c__Bacteroidia_o__Bacteroidales_f__Prevotellaceae_g__Alloprevotella_s__Alloprevotella_tannerae,dropped
k__Bacteria_p__Bacteroidetes_c__Bacteroidia_o__Bacteroidales_f__Prevotellaceae_g__Alloprevotella_s__Prevotella_sp_oral_taxon_473,dropped
k__Bacteria_p__Bacteroidetes_c__Bacteroidia_o__Bacteroidales_f__Prevotellaceae_g__Prevotella_s__Prevotella_bergensis,dropped
k__Bacteria_p__Bacteroidetes_c__Bacteroidia_o__Bacteroidales_f__Prevotellaceae_g__Prevotella_s__Prevotella_colorans,dropped
k__Bacteria_p__Bacteroidetes_c__Bacteroidia_o__Bacteroidales_f__Prevotellaceae_g__Prevotella_s__Prevotella_corporis,dropped
k__Bacteria_p__Bacteroidetes_c__Bacteroidia_o__Bacteroidales_f__Prevotellaceae_g__Prevotella_s__Prevotella_dentalis,dropped
k__Bacteria_p__Bacteroidetes_c__Bacteroidia_o__Bacteroidales_f__Prevotellaceae_g__Prevotella_s__Prevotella_denticola,dropped
k__Bacteria_p__Bacteroidetes_c__Bacteroidia_o__Bacteroidales_f__Prevotellaceae_g__Prevotella_s__Prevotella_disiens,dropped
k__Bacteria_p__Bacteroidetes_c__Bacteroidia_o__Bacteroidales_f__Prevotellaceae_g__Prevotella_s__Prevotella_fusca,dropped
k__Bacteria_p__Bacteroidetes_c__Bacteroidia_o__Bacteroidales_f__Prevotellaceae_g__Prevotella_s__Prevotella_histicola,dropped
k__Bacteria_p__Bacteroidetes_c__Bacteroidia_o__Bacteroidales_f__Prevotellaceae_g__Prevotella_s__Prevotella_intermedia,dropped
k__Bacteria_p__Bacteroidetes_c__Bacteroidia_o__Bacteroidales_f__Prevotellaceae_g__Prevotella_s__Prevotella_loescheii,dropped
k__Bacteria_p__Bacteroidetes_c__Bacteroidia_o__Bacteroidales_f__Prevotellaceae_g__Prevotella_s__Prevotella_melaninogenica,dropped
k__Bacteria_p__Bacteroidetes_c__Bacteroidia_o__Bacteroidales_f__Prevotellaceae_g__Prevotella_s__Prevotella_micans,dropped
k__Bacteria_p__Bacteroidetes_c__Bacteroidia_o__Bacteroidales_f__Prevotellaceae_g__Prevotella_s__Prevotella_multisaccharivorax,dropped
k__Bacteria_p__Bacteroidetes_c__Bacteroidia_o__Bacteroidales_f__Prevotellaceae_g__Prevotella_s__Prevotella_nigrescens,dropped
k__Bacteria_p__Bacteroidetes_c__Bacteroidia_o__Bacteroidales_f__Prevotellaceae_g__Prevotella_s__Prevotella_oralis,dropped
k__Bacteria_p__Bacteroidetes_c__Bacteroidia_o__Bacteroidales_f__Prevotellaceae_g__Prevotella_s__Prevotella_oris,dropped
k__Bacteria_p__Bacteroidetes_c__Bacteroidia_o__Bacteroidales_f__Prevotellaceae_g__Prevotella_s__Prevotella_pallens,dropped
k__Bacteria_p__Bacteroidetes_c__Bacteroidia_o__Bacteroidales_f__Prevotellaceae_g__Prevotella_s__Prevotella_sp_109,dropped
k__Bacteria_p__Bacteroidetes_c__Bacteroidia_o__Bacteroidales_f__Prevotellaceae_g__Prevotella_s__Prevotella_sp_885,dropped
k__Bacteria_p__Bacteroidetes_c__Bacteroidia_o__Bacteroidales_f__Prevotellaceae_g__Prevotella_s__Prevotella_sp_AM42_24,dropped
k__Bacteria_p__Bacteroidetes_c__Bacteroidia_o__Bacteroidales_f__Prevotellaceae_g__Prevotella_s__Prevotella_sp_CAG_1031,dropped
k__Bacteria_p__Bacteroidetes_c__Bacteroidia_o__Bacteroidales_f__Prevotellaceae_g__Prevotella_s__Prevotella_sp_CAG_1058,dropped
k__Bacteria_p__Bacteroidetes_c__Bacteroidia_o__Bacteroidales_f__Prevotellaceae_g__Prevotella_s__Prevotella_sp_CAG_1124,dropped
k__Bacteria_p__Bacteroidetes_c__Bacteroidia_o__Bacteroidales_f__Prevotellaceae_g__Prevotella_s__Prevotella_sp_CAG_1320,dropped
k__Bacteria_p__Bacteroidetes_c__Bacteroidia_o__Bacteroidales_f__Prevotellaceae_g__Prevotella_s__Prevotella_sp_CAG_485,dropped
k__Bacteria_p__Bacteroidetes_c__Bacteroidia_o__Bacteroidales_f__Prevotellaceae_g__Prevotella_s__Prevotella_sp_CAG_487,dropped
k__Bacteria_p__Bacteroidetes_c__Bacteroidia_o__Bacteroidales_f__Prevotellaceae_g__Prevotella_s__Prevotella_sp_CAG_520,dropped
k__Bacteria_p__Bacteroidetes_c__Bacteroidia_o__Bacteroidales_f__Prevotellaceae_g__Prevotella_s__Prevotella_sp_CAG_5226,dropped
k__Bacteria_p__Bacteroidetes_c__Bacteroidia_o__Bacteroidales_f__Prevotellaceae_g__Prevotella_s__Prevotella_sp_CAG_604,dropped
k__Bacteria_p__Bacteroidetes_c__Bacteroidia_o__Bacteroidales_f__Prevotellaceae_g__Prevotella_s__Prevotella_sp_CAG_617,dropped
k__Bacteria_p__Bacteroidetes_c__Bacteroidia_o__Bacteroidales_f__Prevotellaceae_g__Prevotella_s__Prevotella_sp_CAG_732,dropped
k__Bacteria_p__Bacteroidetes_c__Bacteroidia_o__Bacteroidales_f__Prevotellaceae_g__Prevotella_s__Prevotella_sp_CAG_755,dropped
k__Bacteria_p__Bacteroidetes_c__Bacteroidia_o__Bacteroidales_f__Prevotellaceae_g__Prevotella_s__Prevotella_sp_CAG_873,dropped
k__Bacteria_p__Bacteroidetes_c__Bacteroidia_o__Bacteroidales_f__Prevotellaceae_g__Prevotella_s__Prevotella_sp_CAG_924,dropped
k__Bacteria_p__Bacteroidetes_c__Bacteroidia_o__Bacteroidales_f__Prevotellaceae_g__Prevotella_s__Prevotella_sp_MGM1,dropped
k__Bacteria_p__Bacteroidetes_c__Bacteroidia_o__Bacteroidales_f__Prevotellaceae_g__Prevotella_s__Prevotella_sp_P5_92,dropped
k__Bacteria_p__Bacteroidetes_c__Bacteroidia_o__Bacteroidales_f__Prevotellaceae_g__Prevotella_s__Prevotella_sp_oral_taxon_306,dropped
k__Bacteria_p__Bacteroidetes_c__Bacteroidia_o__Bacteroidales_f__Prevotellaceae_g__Prevotella_s__Prevotella_stercorea,dropped
k__Bacteria_p__Bacteroidetes_c__Bacteroidia_o__Bacteroidales_f__Prevotellaceae_g__Prevotella_s__Prevotella_veroralis,dropped
k__Bacteria_p__Bacteroidetes_c__Bacteroidia_o__Bacteroidales_f__Rikenellaceae_g__Alistipes_s__Alistipes_sp_58_9_plus,dropped
k__Bacteria_p__Bacteroidetes_c__Bacteroidia_o__Bacteroidales_f__Rikenellaceae_g__Alistipes_s__Alistipes_sp_An31A,dropped
k__Bacteria_p__Bacteroidetes_c__Bacteroidia_o__Bacteroidales_f__Rikenellaceae_g__Alistipes_s__Alistipes_sp_An66,dropped
k__Bacteria_p__Bacteroidetes_c__Bacteroidia_o__Bacteroidales_f__Rikenellaceae_g__Alistipes_s__Alistipes_sp_CAG_435,dropped
k__Bacteria_p__Bacteroidetes_c__Bacteroidia_o__Bacteroidales_f__Rikenellaceae_g__Alistipes_s__Alistipes_sp_CAG_514,dropped
k__Bacteria_p__Bacteroidetes_c__Bacteroidia_o__Bacteroidales_f__Rikenellaceae_g__Alistipes_s__Alistipes_sp_CAG_831,dropped
k__Bacteria_p__Bacteroidetes_c__Bacteroidia_o__Bacteroidales_f__Rikenellaceae_g__Alistipes_s__Alistipes_sp_CHKCI003,dropped
k__Bacteria_p__Bacteroidetes_c__Bacteroidia_o__Bacteroidales_f__Rikenellaceae_g__Alistipes_s__Alistipes_timonensis,dropped
k__Bacteria_p__Bacteroidetes_c__Bacteroidia_o__Bacteroidales_f__Rikenellaceae_g__Rikenella,dropped
k__Bacteria_p__Bacteroidetes_c__Bacteroidia_o__Bacteroidales_f__Rikenellaceae_g__Rikenella_s__Rikenella_microfusus,dropped
k__Bacteria_p__Bacteroidetes_c__Bacteroidia_o__Bacteroidales_f__Tannerellaceae_g__Parabacteroides_s__Parabacteroides_chinchillae,dropped
k__Bacteria_p__Bacteroidetes_c__Bacteroidia_o__Bacteroidales_f__Tannerellaceae_g__Parabacteroides_s__Parabacteroides_gordonii,dropped
k__Bacteria_p__Bacteroidetes_c__Bacteroidia_o__Bacteroidales_f__Tannerellaceae_g__Parabacteroides_s__Parabacteroides_sp_CAG_409,dropped
k__Bacteria_p__Bacteroidetes_c__Bacteroidia_o__Bacteroidales_f__Tannerellaceae_g__Tannerella,dropped
k__Bacteria_p__Bacteroidetes_c__Bacteroidia_o__Bacteroidales_f__Tannerellaceae_g__Tannerella_s__Tannerella_forsythia,dropped
k__Bacteria_p__Bacteroidetes_c__Flavobacteriia,dropped
k__Bacteria_p__Bacteroidetes_c__Flavobacteriia_o__Flavobacteriales,dropped
k__Bacteria_p__Bacteroidetes_c__Flavobacteriia_o__Flavobacteriales_f__Flavobacteriaceae,dropped
k__Bacteria_p__Bacteroidetes_c__Flavobacteriia_o__Flavobacteriales_f__Flavobacteriaceae_g__Chryseobacterium,dropped
k__Bacteria_p__Bacteroidetes_c__Flavobacteriia_o__Flavobacteriales_f__Flavobacteriaceae_g__Chryseobacterium_s__Chryseobacterium_bovis,dropped
k__Bacteria_p__Bacteroidetes_c__Flavobacteriia_o__Flavobacteriales_f__Flavobacteriaceae_g__Chryseobacterium_s__Chryseobacterium_hominis,dropped
k__Bacteria_p__Bacteroidetes_c__Flavobacteriia_o__Flavobacteriales_f__Flavobacteriaceae_g__Chryseobacterium_s__Chryseobacterium_sp_VAUSW3,dropped
k__Bacteria_p__Bacteroidetes_c__Sphingobacteriia,dropped
k__Bacteria_p__Bacteroidetes_c__Sphingobacteriia_o__Sphingobacteriales,dropped
k__Bacteria_p__Bacteroidetes_c__Sphingobacteriia_o__Sphingobacteriales_f__Sphingobacteriaceae,dropped
k__Bacteria_p__Bacteroidetes_c__Sphingobacteriia_o__Sphingobacteriales_f__Sphingobacteriaceae_g__Pedobacter,dropped
k__Bacteria_p__Bacteroidetes_c__Sphingobacteriia_o__Sphingobacteriales_f__Sphingobacteriaceae_g__Pedobacter_s__Pedobacter_himalayensis,dropped
k__Bacteria_p__Candidatus_Melainabacteria,dropped
k__Bacteria_p__Candidatus_Melainabacteria_c__Candidatus_Melainabacteria_unclassified,dropped
k__Bacteria_p__Candidatus_Melainabacteria_c__Candidatus_Melainabacteria_unclassified_o__Candidatus_Gastranaerophilales,dropped
k__Bacteria_p__Candidatus_Melainabacteria_c__Candidatus_Melainabacteria_unclassified_o__Candidatus_Gastranaerophilales_f__Candidatus_Gastranaerophilales_unclassified,dropped
k__Bacteria_p__Candidatus_Melainabacteria_c__Candidatus_Melainabacteria_unclassified_o__Candidatus_Gastranaerophilales_f__Candidatus_Gastranaerophilales_unclassified_g__Candidatus_Gastranaerophilales_unclassified,dropped
k__Bacteria_p__Candidatus_Melainabacteria_c__Candidatus_Melainabacteria_unclassified_o__Candidatus_Gastranaerophilales_f__Candidatus_Gastranaerophilales_unclassified_g__Candidatus_Gastranaerophilales_unclassified_s__Candidatus_Gastranaerophilales_bacterium,dropped
k__Bacteria_p__Candidatus_Melainabacteria_c__Candidatus_Melainabacteria_unclassified_o__Candidatus_Gastranaerophilales_f__Candidatus_Gastranaerophilales_unclassified_g__Candidatus_Gastranaerophilales_unclassified_s__Candidatus_Gastranaerophilales_bacterium_HUM_10,dropped
k__Bacteria_p__Candidatus_Melainabacteria_c__Candidatus_Melainabacteria_unclassified_o__Candidatus_Gastranaerophilales_f__Candidatus_Gastranaerophilales_unclassified_g__Candidatus_Gastranaerophilales_unclassified_s__Candidatus_Gastranaerophilales_bacterium_HUM_11,dropped
k__Bacteria_p__Candidatus_Melainabacteria_c__Candidatus_Melainabacteria_unclassified_o__Candidatus_Gastranaerophilales_f__Candidatus_Gastranaerophilales_unclassified_g__Candidatus_Gastranaerophilales_unclassified_s__Candidatus_Gastranaerophilales_bacterium_HUM_18,dropped
k__Bacteria_p__Candidatus_Melainabacteria_c__Candidatus_Melainabacteria_unclassified_o__Candidatus_Gastranaerophilales_f__Candidatus_Gastranaerophilales_unclassified_g__Candidatus_Gastranaerophilales_unclassified_s__Candidatus_Gastranaerophilales_bacterium_HUM_21,dropped
k__Bacteria_p__Candidatus_Melainabacteria_c__Candidatus_Melainabacteria_unclassified_o__Candidatus_Gastranaerophilales_f__Candidatus_Gastranaerophilales_unclassified_g__Candidatus_Gastranaerophilales_unclassified_s__Candidatus_Gastranaerophilales_bacterium_HUM_4,dropped
k__Bacteria_p__Candidatus_Melainabacteria_c__Candidatus_Melainabacteria_unclassified_o__Candidatus_Melainabacteria_unclassified,dropped
k__Bacteria_p__Candidatus_Melainabacteria_c__Candidatus_Melainabacteria_unclassified_o__Candidatus_Melainabacteria_unclassified_f__Candidatus_Melainabacteria_unclassified,dropped
k__Bacteria_p__Candidatus_Melainabacteria_c__Candidatus_Melainabacteria_unclassified_o__Candidatus_Melainabacteria_unclassified_f__Candidatus_Melainabacteria_unclassified_g__Candidatus_Melainabacteria_unclassified,dropped
k__Bacteria_p__Candidatus_Melainabacteria_c__Candidatus_Melainabacteria_unclassified_o__Candidatus_Melainabacteria_unclassified_f__Candidatus_Melainabacteria_unclassified_g__Candidatus_Melainabacteria_unclassified_s__Candidatus_Melainabacteria_bacterium_35_41,dropped
k__Bacteria_p__Candidatus_Saccharibacteria,dropped
k__Bacteria_p__Candidatus_Saccharibacteria_c__Candidatus_Saccharibacteria_unclassified,dropped
k__Bacteria_p__Candidatus_Saccharibacteria_c__Candidatus_Saccharibacteria_unclassified_o__Candidatus_Saccharibacteria_unclassified,dropped
k__Bacteria_p__Candidatus_Saccharibacteria_c__Candidatus_Saccharibacteria_unclassified_o__Candidatus_Saccharibacteria_unclassified_f__Candidatus_Saccharibacteria_unclassified,dropped
k__Bacteria_p__Candidatus_Saccharibacteria_c__Candidatus_Saccharibacteria_unclassified_o__Candidatus_Saccharibacteria_unclassified_f__Candidatus_Saccharibacteria_unclassified_g__Candidatus_Saccharibacteria_unclassified,dropped
k__Bacteria_p__Candidatus_Saccharibacteria_c__Candidatus_Saccharibacteria_unclassified_o__Candidatus_Saccharibacteria_unclassified_f__Candidatus_Saccharibacteria_unclassified_g__Candidatus_Saccharibacteria_unclassified_s__Candidatus_Saccharibacteria_oral_taxon_TM7x,dropped
k__Bacteria_p__Cyanobacteria,dropped
k__Bacteria_p__Cyanobacteria_c__Cyanobacteria_unclassified,dropped
k__Bacteria_p__Cyanobacteria_c__Cyanobacteria_unclassified_o__Oscillatoriales,dropped
k__Bacteria_p__Cyanobacteria_c__Cyanobacteria_unclassified_o__Oscillatoriales_f__Microcoleaceae,dropped
k__Bacteria_p__Cyanobacteria_c__Cyanobacteria_unclassified_o__Oscillatoriales_f__Microcoleaceae_g__Arthrospira,dropped
k__Bacteria_p__Cyanobacteria_c__Cyanobacteria_unclassified_o__Oscillatoriales_f__Microcoleaceae_g__Arthrospira_s__Arthrospira_platensis,dropped
k__Bacteria_p__Deferribacteres,dropped
k__Bacteria_p__Deferribacteres_c__Deferribacteres,dropped
k__Bacteria_p__Deferribacteres_c__Deferribacteres_o__Deferribacterales,dropped
k__Bacteria_p__Deferribacteres_c__Deferribacteres_o__Deferribacterales_f__Deferribacteraceae,dropped
k__Bacteria_p__Deferribacteres_c__Deferribacteres_o__Deferribacterales_f__Deferribacteraceae_g__Mucispirillum,dropped
k__Bacteria_p__Deferribacteres_c__Deferribacteres_o__Deferribacterales_f__Deferribacteraceae_g__Mucispirillum_s__Mucispirillum_schaedleri,dropped
k__Bacteria_p__Firmicutes_c__Bacilli_o__Bacillales,dropped
k__Bacteria_p__Firmicutes_c__Bacilli_o__Bacillales_f__Bacillaceae,dropped
k__Bacteria_p__Firmicutes_c__Bacilli_o__Bacillales_f__Bacillaceae_g__Bacillus,dropped
k__Bacteria_p__Firmicutes_c__Bacilli_o__Bacillales_f__Bacillaceae_g__Bacillus_s__Bacillus_coagulans,dropped
k__Bacteria_p__Firmicutes_c__Bacilli_o__Bacillales_f__Bacillaceae_g__Bacillus_s__Bacillus_hisashii,dropped
k__Bacteria_p__Firmicutes_c__Bacilli_o__Bacillales_f__Bacillaceae_g__Bacillus_s__Bacillus_simplex,dropped
k__Bacteria_p__Firmicutes_c__Bacilli_o__Bacillales_f__Bacillaceae_g__Bacillus_s__Bacillus_sp_FJAT_27916,dropped
k__Bacteria_p__Firmicutes_c__Bacilli_o__Bacillales_f__Bacillaceae_g__Bacillus_s__Bacillus_subtilis_group,dropped
k__Bacteria_p__Firmicutes_c__Bacilli_o__Bacillales_f__Bacillaceae_g__Bacillus_s__Bacillus_thermoamylovorans,dropped
k__Bacteria_p__Firmicutes_c__Bacilli_o__Bacillales_f__Bacillales_unclassified,dropped
k__Bacteria_p__Firmicutes_c__Bacilli_o__Bacillales_f__Bacillales_unclassified_g__Gemella,dropped
k__Bacteria_p__Firmicutes_c__Bacilli_o__Bacillales_f__Bacillales_unclassified_g__Gemella_s__Gemella_asaccharolytica,dropped
k__Bacteria_p__Firmicutes_c__Bacilli_o__Bacillales_f__Bacillales_unclassified_g__Gemella_s__Gemella_bergeri,dropped
k__Bacteria_p__Firmicutes_c__Bacilli_o__Bacillales_f__Bacillales_unclassified_g__Gemella_s__Gemella_haemolysans,dropped
k__Bacteria_p__Firmicutes_c__Bacilli_o__Bacillales_f__Bacillales_unclassified_g__Gemella_s__Gemella_morbillorum,dropped
k__Bacteria_p__Firmicutes_c__Bacilli_o__Bacillales_f__Bacillales_unclassified_g__Gemella_s__Gemella_sanguinis,dropped
k__Bacteria_p__Firmicutes_c__Bacilli_o__Bacillales_f__Listeriaceae,dropped
k__Bacteria_p__Firmicutes_c__Bacilli_o__Bacillales_f__Listeriaceae_g__Brochothrix,dropped
k__Bacteria_p__Firmicutes_c__Bacilli_o__Bacillales_f__Listeriaceae_g__Brochothrix_s__Brochothrix_thermosphacta,dropped
k__Bacteria_p__Firmicutes_c__Bacilli_o__Bacillales_f__Paenibacillaceae,dropped
k__Bacteria_p__Firmicutes_c__Bacilli_o__Bacillales_f__Paenibacillaceae_g__Paenibacillus,dropped
k__Bacteria_p__Firmicutes_c__Bacilli_o__Bacillales_f__Paenibacillaceae_g__Paenibacillus_s__Paenibacillus_dendritiformis,dropped
k__Bacteria_p__Firmicutes_c__Bacilli_o__Bacillales_f__Staphylococcaceae,dropped
k__Bacteria_p__Firmicutes_c__Bacilli_o__Bacillales_f__Staphylococcaceae_g__Macrococcus,dropped
k__Bacteria_p__Firmicutes_c__Bacilli_o__Bacillales_f__Staphylococcaceae_g__Macrococcus_s__Macrococcus_caseolyticus,dropped
k__Bacteria_p__Firmicutes_c__Bacilli_o__Bacillales_f__Staphylococcaceae_g__Staphylococcus,dropped
k__Bacteria_p__Firmicutes_c__Bacilli_o__Bacillales_f__Staphylococcaceae_g__Staphylococcus_s__Staphylococcus_argenteus,dropped
k__Bacteria_p__Firmicutes_c__Bacilli_o__Bacillales_f__Staphylococcaceae_g__Staphylococcus_s__Staphylococcus_aureus,dropped
k__Bacteria_p__Firmicutes_c__Bacilli_o__Bacillales_f__Staphylococcaceae_g__Staphylococcus_s__Staphylococcus_carnosus,dropped
k__Bacteria_p__Firmicutes_c__Bacilli_o__Bacillales_f__Staphylococcaceae_g__Staphylococcus_s__Staphylococcus_condimenti,dropped
k__Bacteria_p__Firmicutes_c__Bacilli_o__Bacillales_f__Staphylococcaceae_g__Staphylococcus_s__Staphylococcus_epidermidis,dropped
k__Bacteria_p__Firmicutes_c__Bacilli_o__Bacillales_f__Staphylococcaceae_g__Staphylococcus_s__Staphylococcus_equorum,dropped
k__Bacteria_p__Firmicutes_c__Bacilli_o__Bacillales_f__Staphylococcaceae_g__Staphylococcus_s__Staphylococcus_gallinarum,dropped
k__Bacteria_p__Firmicutes_c__Bacilli_o__Bacillales_f__Staphylococcaceae_g__Staphylococcus_s__Staphylococcus_hominis,dropped
k__Bacteria_p__Firmicutes_c__Bacilli_o__Bacillales_f__Staphylococcaceae_g__Staphylococcus_s__Staphylococcus_saprophyticus,dropped
k__Bacteria_p__Firmicutes_c__Bacilli_o__Bacillales_f__Staphylococcaceae_g__Staphylococcus_s__Staphylococcus_sciuri,dropped
k__Bacteria_p__Firmicutes_c__Bacilli_o__Bacillales_f__Staphylococcaceae_g__Staphylococcus_s__Staphylococcus_simulans,dropped
k__Bacteria_p__Firmicutes_c__Bacilli_o__Bacillales_f__Staphylococcaceae_g__Staphylococcus_s__Staphylococcus_succinus,dropped
k__Bacteria_p__Firmicutes_c__Bacilli_o__Bacillales_f__Staphylococcaceae_g__Staphylococcus_s__Staphylococcus_warneri,dropped
k__Bacteria_p__Firmicutes_c__Bacilli_o__Lactobacillales_f__Aerococcaceae,dropped
k__Bacteria_p__Firmicutes_c__Bacilli_o__Lactobacillales_f__Aerococcaceae_g__Abiotrophia,dropped
k__Bacteria_p__Firmicutes_c__Bacilli_o__Lactobacillales_f__Aerococcaceae_g__Abiotrophia_s__Abiotrophia_defectiva,dropped
k__Bacteria_p__Firmicutes_c__Bacilli_o__Lactobacillales_f__Aerococcaceae_g__Abiotrophia_s__Abiotrophia_sp_HMSC24B09,dropped
k__Bacteria_p__Firmicutes_c__Bacilli_o__Lactobacillales_f__Aerococcaceae_g__Facklamia,dropped
k__Bacteria_p__Firmicutes_c__Bacilli_o__Lactobacillales_f__Aerococcaceae_g__Facklamia_s__Facklamia_hominis,dropped
k__Bacteria_p__Firmicutes_c__Bacilli_o__Lactobacillales_f__Carnobacteriaceae,dropped
k__Bacteria_p__Firmicutes_c__Bacilli_o__Lactobacillales_f__Carnobacteriaceae_g__Carnobacterium,dropped
k__Bacteria_p__Firmicutes_c__Bacilli_o__Lactobacillales_f__Carnobacteriaceae_g__Carnobacterium_s__Carnobacterium_divergens,dropped
k__Bacteria_p__Firmicutes_c__Bacilli_o__Lactobacillales_f__Carnobacteriaceae_g__Carnobacterium_s__Carnobacterium_maltaromaticum,dropped
k__Bacteria_p__Firmicutes_c__Bacilli_o__Lactobacillales_f__Carnobacteriaceae_g__Dolosigranulum,dropped
k__Bacteria_p__Firmicutes_c__Bacilli_o__Lactobacillales_f__Carnobacteriaceae_g__Dolosigranulum_s__Dolosigranulum_pigrum,dropped
k__Bacteria_p__Firmicutes_c__Bacilli_o__Lactobacillales_f__Carnobacteriaceae_g__Granulicatella,dropped
k__Bacteria_p__Firmicutes_c__Bacilli_o__Lactobacillales_f__Carnobacteriaceae_g__Granulicatella_s__Granulicatella_adiacens,dropped
k__Bacteria_p__Firmicutes_c__Bacilli_o__Lactobacillales_f__Carnobacteriaceae_g__Granulicatella_s__Granulicatella_elegans,dropped
k__Bacteria_p__Firmicutes_c__Bacilli_o__Lactobacillales_f__Enterococcaceae_g__Enterococcus_s__Enterococcus_asini,dropped
k__Bacteria_p__Firmicutes_c__Bacilli_o__Lactobacillales_f__Enterococcaceae_g__Enterococcus_s__Enterococcus_avium,dropped
k__Bacteria_p__Firmicutes_c__Bacilli_o__Lactobacillales_f__Enterococcaceae_g__Enterococcus_s__Enterococcus_canintestini,dropped
k__Bacteria_p__Firmicutes_c__Bacilli_o__Lactobacillales_f__Enterococcaceae_g__Enterococcus_s__Enterococcus_casseliflavus,dropped
k__Bacteria_p__Firmicutes_c__Bacilli_o__Lactobacillales_f__Enterococcaceae_g__Enterococcus_s__Enterococcus_dispar,dropped
k__Bacteria_p__Firmicutes_c__Bacilli_o__Lactobacillales_f__Enterococcaceae_g__Enterococcus_s__Enterococcus_durans,dropped
k__Bacteria_p__Firmicutes_c__Bacilli_o__Lactobacillales_f__Enterococcaceae_g__Enterococcus_s__Enterococcus_gallinarum,dropped
k__Bacteria_p__Firmicutes_c__Bacilli_o__Lactobacillales_f__Enterococcaceae_g__Enterococcus_s__Enterococcus_gilvus,dropped
k__Bacteria_p__Firmicutes_c__Bacilli_o__Lactobacillales_f__Enterococcaceae_g__Enterococcus_s__Enterococcus_hirae,dropped
k__Bacteria_p__Firmicutes_c__Bacilli_o__Lactobacillales_f__Enterococcaceae_g__Enterococcus_s__Enterococcus_italicus,dropped
k__Bacteria_p__Firmicutes_c__Bacilli_o__Lactobacillales_f__Enterococcaceae_g__Enterococcus_s__Enterococcus_mundtii,dropped
k__Bacteria_p__Firmicutes_c__Bacilli_o__Lactobacillales_f__Enterococcaceae_g__Enterococcus_s__Enterococcus_phoeniculicola,dropped
k__Bacteria_p__Firmicutes_c__Bacilli_o__Lactobacillales_f__Enterococcaceae_g__Enterococcus_s__Enterococcus_raffinosus,dropped
k__Bacteria_p__Firmicutes_c__Bacilli_o__Lactobacillales_f__Enterococcaceae_g__Enterococcus_s__Enterococcus_sp_3H8_DIV0648,dropped
k__Bacteria_p__Firmicutes_c__Bacilli_o__Lactobacillales_f__Enterococcaceae_g__Enterococcus_s__Enterococcus_thailandicus,dropped
k__Bacteria_p__Firmicutes_c__Bacilli_o__Lactobacillales_f__Enterococcaceae_g__Melissococcus,dropped
k__Bacteria_p__Firmicutes_c__Bacilli_o__Lactobacillales_f__Enterococcaceae_g__Melissococcus_s__Melissococcus_sp_OM08_11BH,dropped
k__Bacteria_p__Firmicutes_c__Bacilli_o__Lactobacillales_f__Enterococcaceae_g__Tetragenococcus,dropped
k__Bacteria_p__Firmicutes_c__Bacilli_o__Lactobacillales_f__Enterococcaceae_g__Tetragenococcus_s__Tetragenococcus_halophilus,dropped
k__Bacteria_p__Firmicutes_c__Bacilli_o__Lactobacillales_f__Lactobacillaceae_g__Lactobacillus_s__Lactobacillus_acetotolerans,dropped
k__Bacteria_p__Firmicutes_c__Bacilli_o__Lactobacillales_f__Lactobacillaceae_g__Lactobacillus_s__Lactobacillus_agilis,dropped
k__Bacteria_p__Firmicutes_c__Bacilli_o__Lactobacillales_f__Lactobacillaceae_g__Lactobacillus_s__Lactobacillus_algidus,dropped
k__Bacteria_p__Firmicutes_c__Bacilli_o__Lactobacillales_f__Lactobacillaceae_g__Lactobacillus_s__Lactobacillus_alimentarius,dropped
k__Bacteria_p__Firmicutes_c__Bacilli_o__Lactobacillales_f__Lactobacillaceae_g__Lactobacillus_s__Lactobacillus_amylovorus,dropped
k__Bacteria_p__Firmicutes_c__Bacilli_o__Lactobacillales_f__Lactobacillaceae_g__Lactobacillus_s__Lactobacillus_animalis,dropped
k__Bacteria_p__Firmicutes_c__Bacilli_o__Lactobacillales_f__Lactobacillaceae_g__Lactobacillus_s__Lactobacillus_antri,dropped
k__Bacteria_p__Firmicutes_c__Bacilli_o__Lactobacillales_f__Lactobacillaceae_g__Lactobacillus_s__Lactobacillus_apis,dropped
k__Bacteria_p__Firmicutes_c__Bacilli_o__Lactobacillales_f__Lactobacillaceae_g__Lactobacillus_s__Lactobacillus_brevis,dropped
k__Bacteria_p__Firmicutes_c__Bacilli_o__Lactobacillales_f__Lactobacillaceae_g__Lactobacillus_s__Lactobacillus_buchneri,dropped
k__Bacteria_p__Firmicutes_c__Bacilli_o__Lactobacillales_f__Lactobacillaceae_g__Lactobacillus_s__Lactobacillus_coryniformis,dropped
k__Bacteria_p__Firmicutes_c__Bacilli_o__Lactobacillales_f__Lactobacillaceae_g__Lactobacillus_s__Lactobacillus_crispatus,dropped
k__Bacteria_p__Firmicutes_c__Bacilli_o__Lactobacillales_f__Lactobacillaceae_g__Lactobacillus_s__Lactobacillus_curvatus,dropped
k__Bacteria_p__Firmicutes_c__Bacilli_o__Lactobacillales_f__Lactobacillaceae_g__Lactobacillus_s__Lactobacillus_delbrueckii,dropped
k__Bacteria_p__Firmicutes_c__Bacilli_o__Lactobacillales_f__Lactobacillaceae_g__Lactobacillus_s__Lactobacillus_dextrinicus,dropped
k__Bacteria_p__Firmicutes_c__Bacilli_o__Lactobacillales_f__Lactobacillaceae_g__Lactobacillus_s__Lactobacillus_equicursoris,dropped
k__Bacteria_p__Firmicutes_c__Bacilli_o__Lactobacillales_f__Lactobacillaceae_g__Lactobacillus_s__Lactobacillus_farciminis,dropped
k__Bacteria_p__Firmicutes_c__Bacilli_o__Lactobacillales_f__Lactobacillaceae_g__Lactobacillus_s__Lactobacillus_fuchuensis,dropped
k__Bacteria_p__Firmicutes_c__Bacilli_o__Lactobacillales_f__Lactobacillaceae_g__Lactobacillus_s__Lactobacillus_gasseri,dropped
k__Bacteria_p__Firmicutes_c__Bacilli_o__Lactobacillales_f__Lactobacillaceae_g__Lactobacillus_s__Lactobacillus_harbinensis,dropped
k__Bacteria_p__Firmicutes_c__Bacilli_o__Lactobacillales_f__Lactobacillaceae_g__Lactobacillus_s__Lactobacillus_helveticus,dropped
k__Bacteria_p__Firmicutes_c__Bacilli_o__Lactobacillales_f__Lactobacillaceae_g__Lactobacillus_s__Lactobacillus_iners,dropped
k__Bacteria_p__Firmicutes_c__Bacilli_o__Lactobacillales_f__Lactobacillaceae_g__Lactobacillus_s__Lactobacillus_jensenii,dropped
k__Bacteria_p__Firmicutes_c__Bacilli_o__Lactobacillales_f__Lactobacillaceae_g__Lactobacillus_s__Lactobacillus_johnsonii,dropped
k__Bacteria_p__Firmicutes_c__Bacilli_o__Lactobacillales_f__Lactobacillaceae_g__Lactobacillus_s__Lactobacillus_kalixensis,dropped
k__Bacteria_p__Firmicutes_c__Bacilli_o__Lactobacillales_f__Lactobacillaceae_g__Lactobacillus_s__Lactobacillus_kullabergensis,dropped
k__Bacteria_p__Firmicutes_c__Bacilli_o__Lactobacillales_f__Lactobacillaceae_g__Lactobacillus_s__Lactobacillus_mindensis,dropped
k__Bacteria_p__Firmicutes_c__Bacilli_o__Lactobacillales_f__Lactobacillaceae_g__Lactobacillus_s__Lactobacillus_mucosae,dropped
k__Bacteria_p__Firmicutes_c__Bacilli_o__Lactobacillales_f__Lactobacillaceae_g__Lactobacillus_s__Lactobacillus_nodensis,dropped
k__Bacteria_p__Firmicutes_c__Bacilli_o__Lactobacillales_f__Lactobacillaceae_g__Lactobacillus_s__Lactobacillus_oris,dropped
k__Bacteria_p__Firmicutes_c__Bacilli_o__Lactobacillales_f__Lactobacillaceae_g__Lactobacillus_s__Lactobacillus_pantheris,dropped
k__Bacteria_p__Firmicutes_c__Bacilli_o__Lactobacillales_f__Lactobacillaceae_g__Lactobacillus_s__Lactobacillus_parabuchneri,dropped
k__Bacteria_p__Firmicutes_c__Bacilli_o__Lactobacillales_f__Lactobacillaceae_g__Lactobacillus_s__Lactobacillus_paragasseri,dropped
k__Bacteria_p__Firmicutes_c__Bacilli_o__Lactobacillales_f__Lactobacillaceae_g__Lactobacillus_s__Lactobacillus_pentosus,dropped
k__Bacteria_p__Firmicutes_c__Bacilli_o__Lactobacillales_f__Lactobacillaceae_g__Lactobacillus_s__Lactobacillus_plantarum,dropped
k__Bacteria_p__Firmicutes_c__Bacilli_o__Lactobacillales_f__Lactobacillaceae_g__Lactobacillus_s__Lactobacillus_pontis,dropped
k__Bacteria_p__Firmicutes_c__Bacilli_o__Lactobacillales_f__Lactobacillaceae_g__Lactobacillus_s__Lactobacillus_rapi,dropped
k__Bacteria_p__Firmicutes_c__Bacilli_o__Lactobacillales_f__Lactobacillaceae_g__Lactobacillus_s__Lactobacillus_reuteri,dropped
k__Bacteria_p__Firmicutes_c__Bacilli_o__Lactobacillales_f__Lactobacillaceae_g__Lactobacillus_s__Lactobacillus_saerimneri,dropped
k__Bacteria_p__Firmicutes_c__Bacilli_o__Lactobacillales_f__Lactobacillaceae_g__Lactobacillus_s__Lactobacillus_sakei,dropped
k__Bacteria_p__Firmicutes_c__Bacilli_o__Lactobacillales_f__Lactobacillaceae_g__Lactobacillus_s__Lactobacillus_sanfranciscensis,dropped
k__Bacteria_p__Firmicutes_c__Bacilli_o__Lactobacillales_f__Lactobacillaceae_g__Lactobacillus_s__Lactobacillus_silagei,dropped
k__Bacteria_p__Firmicutes_c__Bacilli_o__Lactobacillales_f__Lactobacillaceae_g__Lactobacillus_s__Lactobacillus_ultunensis,dropped
k__Bacteria_p__Firmicutes_c__Bacilli_o__Lactobacillales_f__Lactobacillaceae_g__Lactobacillus_s__Lactobacillus_vaccinostercus,dropped
k__Bacteria_p__Firmicutes_c__Bacilli_o__Lactobacillales_f__Lactobacillaceae_g__Lactobacillus_s__Lactobacillus_vaginalis,dropped
k__Bacteria_p__Firmicutes_c__Bacilli_o__Lactobacillales_f__Lactobacillaceae_g__Lactobacillus_s__Lactobacillus_versmoldensis,dropped
k__Bacteria_p__Firmicutes_c__Bacilli_o__Lactobacillales_f__Lactobacillaceae_g__Pediococcus,dropped
k__Bacteria_p__Firmicutes_c__Bacilli_o__Lactobacillales_f__Lactobacillaceae_g__Pediococcus_s__Pediococcus_acidilactici,dropped
k__Bacteria_p__Firmicutes_c__Bacilli_o__Lactobacillales_f__Lactobacillaceae_g__Pediococcus_s__Pediococcus_pentosaceus,dropped
k__Bacteria_p__Firmicutes_c__Bacilli_o__Lactobacillales_f__Lactobacillaceae_g__Sharpea,dropped
k__Bacteria_p__Firmicutes_c__Bacilli_o__Lactobacillales_f__Lactobacillaceae_g__Sharpea_s__Sharpea_azabuensis,dropped
k__Bacteria_p__Firmicutes_c__Bacilli_o__Lactobacillales_f__Leuconostocaceae,dropped
k__Bacteria_p__Firmicutes_c__Bacilli_o__Lactobacillales_f__Leuconostocaceae_g__Leuconostoc,dropped
k__Bacteria_p__Firmicutes_c__Bacilli_o__Lactobacillales_f__Leuconostocaceae_g__Leuconostoc_s__Leuconostoc_carnosum,dropped
k__Bacteria_p__Firmicutes_c__Bacilli_o__Lactobacillales_f__Leuconostocaceae_g__Leuconostoc_s__Leuconostoc_citreum,dropped
k__Bacteria_p__Firmicutes_c__Bacilli_o__Lactobacillales_f__Leuconostocaceae_g__Leuconostoc_s__Leuconostoc_garlicum,dropped
k__Bacteria_p__Firmicutes_c__Bacilli_o__Lactobacillales_f__Leuconostocaceae_g__Leuconostoc_s__Leuconostoc_gelidum,dropped
k__Bacteria_p__Firmicutes_c__Bacilli_o__Lactobacillales_f__Leuconostocaceae_g__Leuconostoc_s__Leuconostoc_lactis,dropped
k__Bacteria_p__Firmicutes_c__Bacilli_o__Lactobacillales_f__Leuconostocaceae_g__Leuconostoc_s__Leuconostoc_mesenteroides,dropped
k__Bacteria_p__Firmicutes_c__Bacilli_o__Lactobacillales_f__Leuconostocaceae_g__Leuconostoc_s__Leuconostoc_pseudomesenteroides,dropped
k__Bacteria_p__Firmicutes_c__Bacilli_o__Lactobacillales_f__Leuconostocaceae_g__Leuconostoc_s__Leuconostoc_suionicum,dropped
k__Bacteria_p__Firmicutes_c__Bacilli_o__Lactobacillales_f__Leuconostocaceae_g__Weissella,dropped
k__Bacteria_p__Firmicutes_c__Bacilli_o__Lactobacillales_f__Leuconostocaceae_g__Weissella_s__Weissella_cibaria,dropped
k__Bacteria_p__Firmicutes_c__Bacilli_o__Lactobacillales_f__Leuconostocaceae_g__Weissella_s__Weissella_confusa,dropped
k__Bacteria_p__Firmicutes_c__Bacilli_o__Lactobacillales_f__Leuconostocaceae_g__Weissella_s__Weissella_koreensis,dropped
k__Bacteria_p__Firmicutes_c__Bacilli_o__Lactobacillales_f__Leuconostocaceae_g__Weissella_s__Weissella_paramesenteroides,dropped
k__Bacteria_p__Firmicutes_c__Bacilli_o__Lactobacillales_f__Leuconostocaceae_g__Weissella_s__Weissella_viridescens,dropped
k__Bacteria_p__Firmicutes_c__Bacilli_o__Lactobacillales_f__Streptococcaceae_g__Lactococcus_s__Lactococcus_garvieae,dropped
k__Bacteria_p__Firmicutes_c__Bacilli_o__Lactobacillales_f__Streptococcaceae_g__Lactococcus_s__Lactococcus_piscium,dropped
k__Bacteria_p__Firmicutes_c__Bacilli_o__Lactobacillales_f__Streptococcaceae_g__Lactococcus_s__Lactococcus_plantarum,dropped
k__Bacteria_p__Firmicutes_c__Bacilli_o__Lactobacillales_f__Streptococcaceae_g__Lactococcus_s__Lactococcus_raffinolactis,dropped
k__Bacteria_p__Firmicutes_c__Bacilli_o__Lactobacillales_f__Streptococcaceae_g__Streptococcus_s__Streptococcus_agalactiae,dropped
k__Bacteria_p__Firmicutes_c__Bacilli_o__Lactobacillales_f__Streptococcaceae_g__Streptococcus_s__Streptococcus_anginosus_group,dropped
k__Bacteria_p__Firmicutes_c__Bacilli_o__Lactobacillales_f__Streptococcaceae_g__Streptococcus_s__Streptococcus_australis,dropped
k__Bacteria_p__Firmicutes_c__Bacilli_o__Lactobacillales_f__Streptococcaceae_g__Streptococcus_s__Streptococcus_cristatus,dropped
k__Bacteria_p__Firmicutes_c__Bacilli_o__Lactobacillales_f__Streptococcaceae_g__Streptococcus_s__Streptococcus_downei,dropped
k__Bacteria_p__Firmicutes_c__Bacilli_o__Lactobacillales_f__Streptococcaceae_g__Streptococcus_s__Streptococcus_gallolyticus,dropped
k__Bacteria_p__Firmicutes_c__Bacilli_o__Lactobacillales_f__Streptococcaceae_g__Streptococcus_s__Streptococcus_infantarius,dropped
k__Bacteria_p__Firmicutes_c__Bacilli_o__Lactobacillales_f__Streptococcaceae_g__Streptococcus_s__Streptococcus_infantis,dropped
k__Bacteria_p__Firmicutes_c__Bacilli_o__Lactobacillales_f__Streptococcaceae_g__Streptococcus_s__Streptococcus_macedonicus,dropped
k__Bacteria_p__Firmicutes_c__Bacilli_o__Lactobacillales_f__Streptococcaceae_g__Streptococcus_s__Streptococcus_milleri,dropped
k__Bacteria_p__Firmicutes_c__Bacilli_o__Lactobacillales_f__Streptococcaceae_g__Streptococcus_s__Streptococcus_mutans,dropped
k__Bacteria_p__Firmicutes_c__Bacilli_o__Lactobacillales_f__Streptococcaceae_g__Streptococcus_s__Streptococcus_oralis,dropped
k__Bacteria_p__Firmicutes_c__Bacilli_o__Lactobacillales_f__Streptococcaceae_g__Streptococcus_s__Streptococcus_parauberis,dropped
k__Bacteria_p__Firmicutes_c__Bacilli_o__Lactobacillales_f__Streptococcaceae_g__Streptococcus_s__Streptococcus_pasteurianus,dropped
k__Bacteria_p__Firmicutes_c__Bacilli_o__Lactobacillales_f__Streptococcaceae_g__Streptococcus_s__Streptococcus_peroris,dropped
k__Bacteria_p__Firmicutes_c__Bacilli_o__Lactobacillales_f__Streptococcaceae_g__Streptococcus_s__Streptococcus_pneumoniae,dropped
k__Bacteria_p__Firmicutes_c__Bacilli_o__Lactobacillales_f__Streptococcaceae_g__Streptococcus_s__Streptococcus_pseudopneumoniae,dropped
k__Bacteria_p__Firmicutes_c__Bacilli_o__Lactobacillales_f__Streptococcaceae_g__Streptococcus_s__Streptococcus_pyogenes,dropped
k__Bacteria_p__Firmicutes_c__Bacilli_o__Lactobacillales_f__Streptococcaceae_g__Streptococcus_s__Streptococcus_sanguinis,dropped
k__Bacteria_p__Firmicutes_c__Bacilli_o__Lactobacillales_f__Streptococcaceae_g__Streptococcus_s__Streptococcus_sinensis,dropped
k__Bacteria_p__Firmicutes_c__Bacilli_o__Lactobacillales_f__Streptococcaceae_g__Streptococcus_s__Streptococcus_sobrinus,dropped
k__Bacteria_p__Firmicutes_c__Bacilli_o__Lactobacillales_f__Streptococcaceae_g__Streptococcus_s__Streptococcus_sp_F0442,dropped
k__Bacteria_p__Firmicutes_c__Bacilli_o__Lactobacillales_f__Streptococcaceae_g__Streptococcus_s__Streptococcus_sp_HMSC034E03,dropped
k__Bacteria_p__Firmicutes_c__Bacilli_o__Lactobacillales_f__Streptococcaceae_g__Streptococcus_s__Streptococcus_sp_HMSC067H01,dropped
k__Bacteria_p__Firmicutes_c__Bacilli_o__Lactobacillales_f__Streptococcaceae_g__Streptococcus_s__Streptococcus_sp_HMSC070B10,dropped
k__Bacteria_p__Firmicutes_c__Bacilli_o__Lactobacillales_f__Streptococcaceae_g__Streptococcus_s__Streptococcus_sp_HMSC071D03,dropped
k__Bacteria_p__Firmicutes_c__Bacilli_o__Lactobacillales_f__Streptococcaceae_g__Streptococcus_s__Streptococcus_sp_HPH0090,dropped
k__Bacteria_p__Firmicutes_c__Bacilli_o__Lactobacillales_f__Streptococcaceae_g__Streptococcus_s__Streptococcus_sp_M334,dropped
k__Bacteria_p__Firmicutes_c__Bacilli_o__Lactobacillales_f__Streptococcaceae_g__Streptococcus_s__Streptococcus_sp_NLAE_zl_C503,dropped
k__Bacteria_p__Firmicutes_c__Bacilli_o__Lactobacillales_f__Streptococcaceae_g__Streptococcus_s__Streptococcus_sp_SK643,dropped
k__Bacteria_p__Firmicutes_c__Bacilli_o__Lactobacillales_f__Streptococcaceae_g__Streptococcus_s__Streptococcus_sp_UMB1385,dropped
k__Bacteria_p__Firmicutes_c__Bacilli_o__Lactobacillales_f__Streptococcaceae_g__Streptococcus_s__Streptococcus_sp_oral_taxon_056,dropped
k__Bacteria_p__Firmicutes_c__Bacilli_o__Lactobacillales_f__Streptococcaceae_g__Streptococcus_s__Streptococcus_sp_oral_taxon_058,dropped
k__Bacteria_p__Firmicutes_c__Bacilli_o__Lactobacillales_f__Streptococcaceae_g__Streptococcus_s__Streptococcus_vestibularis,dropped
k__Bacteria_p__Firmicutes_c__Bacilli_o__Lactobacillales_f__Streptococcaceae_g__Streptococcus_s__Streptococcus_viridans,dropped
k__Bacteria_p__Firmicutes_c__Clostridia_o__Clostridiales_f__Catabacteriaceae,dropped
k__Bacteria_p__Firmicutes_c__Clostridia_o__Clostridiales_f__Catabacteriaceae_g__Catabacter,dropped
k__Bacteria_p__Firmicutes_c__Clostridia_o__Clostridiales_f__Catabacteriaceae_g__Catabacter_s__Catabacter_hongkongensis,dropped
k__Bacteria_p__Firmicutes_c__Clostridia_o__Clostridiales_f__Clostridiaceae_g__Butyricicoccus_s__Butyricicoccus_porcorum,dropped
k__Bacteria_p__Firmicutes_c__Clostridia_o__Clostridiales_f__Clostridiaceae_g__Clostridium_s__Clostridium_baratii,dropped
k__Bacteria_p__Firmicutes_c__Clostridia_o__Clostridiales_f__Clostridiaceae_g__Clostridium_s__Clostridium_cadaveris,dropped
k__Bacteria_p__Firmicutes_c__Clostridia_o__Clostridiales_f__Clostridiaceae_g__Clostridium_s__Clostridium_celatum,dropped
k__Bacteria_p__Firmicutes_c__Clostridia_o__Clostridiales_f__Clostridiaceae_g__Clostridium_s__Clostridium_colicanis,dropped
k__Bacteria_p__Firmicutes_c__Clostridia_o__Clostridiales_f__Clostridiaceae_g__Clostridium_s__Clostridium_neonatale,dropped
k__Bacteria_p__Firmicutes_c__Clostridia_o__Clostridiales_f__Clostridiaceae_g__Clostridium_s__Clostridium_sp_44_14,dropped
k__Bacteria_p__Firmicutes_c__Clostridia_o__Clostridiales_f__Clostridiaceae_g__Clostridium_s__Clostridium_sp_7_2_43FAA,dropped
k__Bacteria_p__Firmicutes_c__Clostridia_o__Clostridiales_f__Clostridiaceae_g__Clostridium_s__Clostridium_sp_AM58_1XD,dropped
k__Bacteria_p__Firmicutes_c__Clostridia_o__Clostridiales_f__Clostridiaceae_g__Clostridium_s__Clostridium_sp_CAG_1000,dropped
k__Bacteria_p__Firmicutes_c__Clostridia_o__Clostridiales_f__Clostridiaceae_g__Clostridium_s__Clostridium_sp_CAG_1013,dropped
k__Bacteria_p__Firmicutes_c__Clostridia_o__Clostridiales_f__Clostridiaceae_g__Clostridium_s__Clostridium_sp_CAG_1024,dropped
k__Bacteria_p__Firmicutes_c__Clostridia_o__Clostridiales_f__Clostridiaceae_g__Clostridium_s__Clostridium_sp_CAG_1193,dropped
k__Bacteria_p__Firmicutes_c__Clostridia_o__Clostridiales_f__Clostridiaceae_g__Clostridium_s__Clostridium_sp_CAG_1219,dropped
k__Bacteria_p__Firmicutes_c__Clostridia_o__Clostridiales_f__Clostridiaceae_g__Clostridium_s__Clostridium_sp_CAG_273,dropped
k__Bacteria_p__Firmicutes_c__Clostridia_o__Clostridiales_f__Clostridiaceae_g__Clostridium_s__Clostridium_sp_CAG_277,dropped
k__Bacteria_p__Firmicutes_c__Clostridia_o__Clostridiales_f__Clostridiaceae_g__Clostridium_s__Clostridium_sp_CAG_288,dropped
k__Bacteria_p__Firmicutes_c__Clostridia_o__Clostridiales_f__Clostridiaceae_g__Clostridium_s__Clostridium_sp_CAG_306,dropped
k__Bacteria_p__Firmicutes_c__Clostridia_o__Clostridiales_f__Clostridiaceae_g__Clostridium_s__Clostridium_sp_CAG_307,dropped
k__Bacteria_p__Firmicutes_c__Clostridia_o__Clostridiales_f__Clostridiaceae_g__Clostridium_s__Clostridium_sp_CAG_354,dropped
k__Bacteria_p__Firmicutes_c__Clostridia_o__Clostridiales_f__Clostridiaceae_g__Clostridium_s__Clostridium_sp_CAG_411,dropped
k__Bacteria_p__Firmicutes_c__Clostridia_o__Clostridiales_f__Clostridiaceae_g__Clostridium_s__Clostridium_sp_CAG_413,dropped
k__Bacteria_p__Firmicutes_c__Clostridia_o__Clostridiales_f__Clostridiaceae_g__Clostridium_s__Clostridium_sp_CAG_433,dropped
k__Bacteria_p__Firmicutes_c__Clostridia_o__Clostridiales_f__Clostridiaceae_g__Clostridium_s__Clostridium_sp_CAG_448,dropped
k__Bacteria_p__Firmicutes_c__Clostridia_o__Clostridiales_f__Clostridiaceae_g__Clostridium_s__Clostridium_sp_CAG_452,dropped
k__Bacteria_p__Firmicutes_c__Clostridia_o__Clostridiales_f__Clostridiaceae_g__Clostridium_s__Clostridium_sp_CAG_470,dropped
k__Bacteria_p__Firmicutes_c__Clostridia_o__Clostridiales_f__Clostridiaceae_g__Clostridium_s__Clostridium_sp_CAG_508,dropped
k__Bacteria_p__Firmicutes_c__Clostridia_o__Clostridiales_f__Clostridiaceae_g__Clostridium_s__Clostridium_sp_CAG_510,dropped
k__Bacteria_p__Firmicutes_c__Clostridia_o__Clostridiales_f__Clostridiaceae_g__Clostridium_s__Clostridium_sp_CAG_524,dropped
k__Bacteria_p__Firmicutes_c__Clostridia_o__Clostridiales_f__Clostridiaceae_g__Clostridium_s__Clostridium_sp_CAG_533,dropped
k__Bacteria_p__Firmicutes_c__Clostridia_o__Clostridiales_f__Clostridiaceae_g__Clostridium_s__Clostridium_sp_CAG_557,dropped
k__Bacteria_p__Firmicutes_c__Clostridia_o__Clostridiales_f__Clostridiaceae_g__Clostridium_s__Clostridium_sp_CAG_567,dropped
k__Bacteria_p__Firmicutes_c__Clostridia_o__Clostridiales_f__Clostridiaceae_g__Clostridium_s__Clostridium_sp_CAG_568,dropped
k__Bacteria_p__Firmicutes_c__Clostridia_o__Clostridiales_f__Clostridiaceae_g__Clostridium_s__Clostridium_sp_CAG_571,dropped
k__Bacteria_p__Firmicutes_c__Clostridia_o__Clostridiales_f__Clostridiaceae_g__Clostridium_s__Clostridium_sp_CAG_575,dropped
k__Bacteria_p__Firmicutes_c__Clostridia_o__Clostridiales_f__Clostridiaceae_g__Clostridium_s__Clostridium_sp_CAG_590,dropped
k__Bacteria_p__Firmicutes_c__Clostridia_o__Clostridiales_f__Clostridiaceae_g__Clostridium_s__Clostridium_sp_CAG_609,dropped
k__Bacteria_p__Firmicutes_c__Clostridia_o__Clostridiales_f__Clostridiaceae_g__Clostridium_s__Clostridium_sp_CAG_628,dropped
k__Bacteria_p__Firmicutes_c__Clostridia_o__Clostridiales_f__Clostridiaceae_g__Clostridium_s__Clostridium_sp_CAG_632,dropped
k__Bacteria_p__Firmicutes_c__Clostridia_o__Clostridiales_f__Clostridiaceae_g__Clostridium_s__Clostridium_sp_CAG_710,dropped
k__Bacteria_p__Firmicutes_c__Clostridia_o__Clostridiales_f__Clostridiaceae_g__Clostridium_s__Clostridium_sp_CAG_762,dropped
k__Bacteria_p__Firmicutes_c__Clostridia_o__Clostridiales_f__Clostridiaceae_g__Clostridium_s__Clostridium_sp_CAG_768,dropped
k__Bacteria_p__Firmicutes_c__Clostridia_o__Clostridiales_f__Clostridiaceae_g__Clostridium_s__Clostridium_sp_CAG_793,dropped
k__Bacteria_p__Firmicutes_c__Clostridia_o__Clostridiales_f__Clostridiaceae_g__Clostridium_s__Clostridium_sp_CAG_798,dropped
k__Bacteria_p__Firmicutes_c__Clostridia_o__Clostridiales_f__Clostridiaceae_g__Clostridium_s__Clostridium_sp_CAG_813,dropped
k__Bacteria_p__Firmicutes_c__Clostridia_o__Clostridiales_f__Clostridiaceae_g__Clostridium_s__Clostridium_sp_CAG_914,dropped
k__Bacteria_p__Firmicutes_c__Clostridia_o__Clostridiales_f__Clostridiaceae_g__Clostridium_s__Clostridium_sp_CAG_921,dropped
k__Bacteria_p__Firmicutes_c__Clostridia_o__Clostridiales_f__Clostridiaceae_g__Clostridium_s__Clostridium_sp_CAG_964,dropped
k__Bacteria_p__Firmicutes_c__Clostridia_o__Clostridiales_f__Clostridiaceae_g__Clostridium_s__Clostridium_sp_CAG_967,dropped
k__Bacteria_p__Firmicutes_c__Clostridia_o__Clostridiales_f__Clostridiaceae_g__Clostridium_s__Clostridium_sp_D5,dropped
k__Bacteria_p__Firmicutes_c__Clostridia_o__Clostridiales_f__Clostridiaceae_g__Clostridium_s__Clostridium_sp_MSTE9,dropped
k__Bacteria_p__Firmicutes_c__Clostridia_o__Clostridiales_f__Clostridiaceae_g__Clostridium_s__Clostridium_sp_chh4_2,dropped
k__Bacteria_p__Firmicutes_c__Clostridia_o__Clostridiales_f__Clostridiaceae_g__Clostridium_s__Clostridium_sporogenes,dropped
k__Bacteria_p__Firmicutes_c__Clostridia_o__Clostridiales_f__Clostridiaceae_g__Clostridium_s__Clostridium_tepidum,dropped
k__Bacteria_p__Firmicutes_c__Clostridia_o__Clostridiales_f__Clostridiaceae_g__Clostridium_s__Clostridium_thermobutyricum,dropped
k__Bacteria_p__Firmicutes_c__Clostridia_o__Clostridiales_f__Clostridiaceae_g__Clostridium_s__Clostridium_ventriculi,dropped
k__Bacteria_p__Firmicutes_c__Clostridia_o__Clostridiales_f__Clostridiaceae_g__Hungatella_s__Hungatella_effluvii,dropped
k__Bacteria_p__Firmicutes_c__Clostridia_o__Clostridiales_f__Clostridiaceae_g__Lactonifactor,dropped
k__Bacteria_p__Firmicutes_c__Clostridia_o__Clostridiales_f__Clostridiaceae_g__Lactonifactor_s__Lactonifactor_longoviformis,dropped
k__Bacteria_p__Firmicutes_c__Clostridia_o__Clostridiales_f__Clostridiales_Family_XIII_Incertae_Sedis_g__Clostridiales_Family_XIII_Incertae_Sedis_unclassified_s__Clostridiales_bacterium_S5_A14a,dropped
k__Bacteria_p__Firmicutes_c__Clostridia_o__Clostridiales_f__Clostridiales_Family_XIII_Incertae_Sedis_g__Clostridiales_Family_XIII_Incertae_Sedis_unclassified_s__Eubacterium_brachy,dropped
k__Bacteria_p__Firmicutes_c__Clostridia_o__Clostridiales_f__Clostridiales_Family_XIII_Incertae_Sedis_g__Clostridiales_Family_XIII_Incertae_Sedis_unclassified_s__Eubacterium_infirmum,dropped
k__Bacteria_p__Firmicutes_c__Clostridia_o__Clostridiales_f__Clostridiales_Family_XIII_Incertae_Sedis_g__Clostridiales_Family_XIII_Incertae_Sedis_unclassified_s__Eubacterium_saphenum,dropped
k__Bacteria_p__Firmicutes_c__Clostridia_o__Clostridiales_f__Clostridiales_Family_XIII_Incertae_Sedis_g__Clostridiales_Family_XIII_Incertae_Sedis_unclassified_s__Eubacterium_sulci,dropped
k__Bacteria_p__Firmicutes_c__Clostridia_o__Clostridiales_f__Clostridiales_Family_XIII_Incertae_Sedis_g__Mogibacterium,dropped
k__Bacteria_p__Firmicutes_c__Clostridia_o__Clostridiales_f__Clostridiales_Family_XIII_Incertae_Sedis_g__Mogibacterium_s__Mogibacterium_diversum,dropped
k__Bacteria_p__Firmicutes_c__Clostridia_o__Clostridiales_f__Clostridiales_Family_XIII_Incertae_Sedis_g__Mogibacterium_s__Mogibacterium_pumilum,dropped
k__Bacteria_p__Firmicutes_c__Clostridia_o__Clostridiales_f__Clostridiales_Family_XIII_Incertae_Sedis_g__Mogibacterium_s__Mogibacterium_timidum,dropped
k__Bacteria_p__Firmicutes_c__Clostridia_o__Clostridiales_f__Clostridiales_unclassified_g__Clostridiales_unclassified_s__Bacteroides_pectinophilus,dropped
k__Bacteria_p__Firmicutes_c__Clostridia_o__Clostridiales_f__Clostridiales_unclassified_g__Clostridiales_unclassified_s__Clostridiales_bacterium_1_7_47FAA,dropped
k__Bacteria_p__Firmicutes_c__Clostridia_o__Clostridiales_f__Clostridiales_unclassified_g__Clostridiales_unclassified_s__Clostridiales_bacterium_CHKCI006,dropped
k__Bacteria_p__Firmicutes_c__Clostridia_o__Clostridiales_f__Clostridiales_unclassified_g__Clostridiales_unclassified_s__Clostridiales_bacterium_KA00274,dropped
k__Bacteria_p__Firmicutes_c__Clostridia_o__Clostridiales_f__Eubacteriaceae_g__Anaerofustis,dropped
k__Bacteria_p__Firmicutes_c__Clostridia_o__Clostridiales_f__Eubacteriaceae_g__Anaerofustis_s__Anaerofustis_stercorihominis,dropped
k__Bacteria_p__Firmicutes_c__Clostridia_o__Clostridiales_f__Eubacteriaceae_g__Eubacteriaceae_unclassified,dropped
k__Bacteria_p__Firmicutes_c__Clostridia_o__Clostridiales_f__Eubacteriaceae_g__Eubacteriaceae_unclassified_s__Eubacteriaceae_bacterium_CHKCI005,dropped
k__Bacteria_p__Firmicutes_c__Clostridia_o__Clostridiales_f__Eubacteriaceae_g__Eubacterium_s__Eubacterium_callanderi,dropped
k__Bacteria_p__Firmicutes_c__Clostridia_o__Clostridiales_f__Eubacteriaceae_g__Eubacterium_s__Eubacterium_coprostanoligenes,dropped
k__Bacteria_p__Firmicutes_c__Clostridia_o__Clostridiales_f__Eubacteriaceae_g__Eubacterium_s__Eubacterium_limosum,dropped
k__Bacteria_p__Firmicutes_c__Clostridia_o__Clostridiales_f__Eubacteriaceae_g__Eubacterium_s__Eubacterium_maltosivorans,dropped
k__Bacteria_p__Firmicutes_c__Clostridia_o__Clostridiales_f__Eubacteriaceae_g__Eubacterium_s__Eubacterium_pyruvativorans,dropped
k__Bacteria_p__Firmicutes_c__Clostridia_o__Clostridiales_f__Eubacteriaceae_g__Eubacterium_s__Eubacterium_sp_AM18_10LB_B,dropped
k__Bacteria_p__Firmicutes_c__Clostridia_o__Clostridiales_f__Eubacteriaceae_g__Eubacterium_s__Eubacterium_sp_An11,dropped
k__Bacteria_p__Firmicutes_c__Clostridia_o__Clostridiales_f__Eubacteriaceae_g__Eubacterium_s__Eubacterium_sp_CAG_786,dropped
k__Bacteria_p__Firmicutes_c__Clostridia_o__Clostridiales_f__Eubacteriaceae_g__Eubacterium_s__Eubacterium_sp_CAG_841,dropped
k__Bacteria_p__Firmicutes_c__Clostridia_o__Clostridiales_f__Eubacteriaceae_g__Eubacterium_s__Eubacterium_sp_TM05_53,dropped
k__Bacteria_p__Firmicutes_c__Clostridia_o__Clostridiales_f__Eubacteriaceae_g__Pseudoramibacter,dropped
k__Bacteria_p__Firmicutes_c__Clostridia_o__Clostridiales_f__Eubacteriaceae_g__Pseudoramibacter_s__Pseudoramibacter_alactolyticus,dropped
k__Bacteria_p__Firmicutes_c__Clostridia_o__Clostridiales_f__Lachnospiraceae_g__Anaerosporobacter,dropped
k__Bacteria_p__Firmicutes_c__Clostridia_o__Clostridiales_f__Lachnospiraceae_g__Anaerosporobacter_s__Anaerosporobacter_mobilis,dropped
k__Bacteria_p__Firmicutes_c__Clostridia_o__Clostridiales_f__Lachnospiraceae_g__Anaerostipes_s__Anaerostipes_caccae,dropped
k__Bacteria_p__Firmicutes_c__Clostridia_o__Clostridiales_f__Lachnospiraceae_g__Anaerostipes_s__Anaerostipes_sp_992a,dropped
k__Bacteria_p__Firmicutes_c__Clostridia_o__Clostridiales_f__Lachnospiraceae_g__Blautia_s__Blautia_coccoides,dropped
k__Bacteria_p__Firmicutes_c__Clostridia_o__Clostridiales_f__Lachnospiraceae_g__Blautia_s__Blautia_sp_An249,dropped
k__Bacteria_p__Firmicutes_c__Clostridia_o__Clostridiales_f__Lachnospiraceae_g__Blautia_s__Blautia_sp_N6H1_15,dropped
k__Bacteria_p__Firmicutes_c__Clostridia_o__Clostridiales_f__Lachnospiraceae_g__Butyrivibrio,dropped
k__Bacteria_p__Firmicutes_c__Clostridia_o__Clostridiales_f__Lachnospiraceae_g__Butyrivibrio_s__Butyrivibrio_crossotus,dropped
k__Bacteria_p__Firmicutes_c__Clostridia_o__Clostridiales_f__Lachnospiraceae_g__Butyrivibrio_s__Butyrivibrio_sp,dropped
k__Bacteria_p__Firmicutes_c__Clostridia_o__Clostridiales_f__Lachnospiraceae_g__Butyrivibrio_s__Butyrivibrio_sp_CAG_318,dropped
k__Bacteria_p__Firmicutes_c__Clostridia_o__Clostridiales_f__Lachnospiraceae_g__Cellulosilyticum,dropped
k__Bacteria_p__Firmicutes_c__Clostridia_o__Clostridiales_f__Lachnospiraceae_g__Cellulosilyticum_s__Cellulosilyticum_lentocellum,dropped
k__Bacteria_p__Firmicutes_c__Clostridia_o__Clostridiales_f__Lachnospiraceae_g__Coprococcus_s__Coprococcus_sp_CAG_782,dropped
k__Bacteria_p__Firmicutes_c__Clostridia_o__Clostridiales_f__Lachnospiraceae_g__Dorea_s__Dorea_sp_D27,dropped
k__Bacteria_p__Firmicutes_c__Clostridia_o__Clostridiales_f__Lachnospiraceae_g__Dorea_s__Dorea_sp_OM02_2LB,dropped
k__Bacteria_p__Firmicutes_c__Clostridia_o__Clostridiales_f__Lachnospiraceae_g__Faecalicatena,dropped
k__Bacteria_p__Firmicutes_c__Clostridia_o__Clostridiales_f__Lachnospiraceae_g__Faecalicatena_s__Faecalicatena_orotica,dropped
k__Bacteria_p__Firmicutes_c__Clostridia_o__Clostridiales_f__Lachnospiraceae_g__Lachnoanaerobaculum,dropped
k__Bacteria_p__Firmicutes_c__Clostridia_o__Clostridiales_f__Lachnospiraceae_g__Lachnoanaerobaculum_s__Lachnoanaerobaculum_saburreum,dropped
k__Bacteria_p__Firmicutes_c__Clostridia_o__Clostridiales_f__Lachnospiraceae_g__Lachnoclostridium_s__Clostridium_celerecrescens,dropped
k__Bacteria_p__Firmicutes_c__Clostridia_o__Clostridiales_f__Lachnospiraceae_g__Lachnoclostridium_s__Clostridium_hylemonae,dropped
k__Bacteria_p__Firmicutes_c__Clostridia_o__Clostridiales_f__Lachnospiraceae_g__Lachnoclostridium_s__Lachnoclostridium_phytofermentans,dropped
k__Bacteria_p__Firmicutes_c__Clostridia_o__Clostridiales_f__Lachnospiraceae_g__Lachnoclostridium_s__Lachnoclostridium_sp_An118,dropped
k__Bacteria_p__Firmicutes_c__Clostridia_o__Clostridiales_f__Lachnospiraceae_g__Lachnoclostridium_s__Lachnoclostridium_sp_An131,dropped
k__Bacteria_p__Firmicutes_c__Clostridia_o__Clostridiales_f__Lachnospiraceae_g__Lachnoclostridium_s__Lachnoclostridium_sp_An138,dropped
k__Bacteria_p__Firmicutes_c__Clostridia_o__Clostridiales_f__Lachnospiraceae_g__Lachnoclostridium_s__Lachnoclostridium_sp_An14,dropped
k__Bacteria_p__Firmicutes_c__Clostridia_o__Clostridiales_f__Lachnospiraceae_g__Lachnoclostridium_s__Lachnoclostridium_sp_An169,dropped
k__Bacteria_p__Firmicutes_c__Clostridia_o__Clostridiales_f__Lachnospiraceae_g__Lachnoclostridium_s__Lachnoclostridium_sp_An181,dropped
k__Bacteria_p__Firmicutes_c__Clostridia_o__Clostridiales_f__Lachnospiraceae_g__Lachnoclostridium_s__Lachnoclostridium_sp_An196,dropped
k__Bacteria_p__Firmicutes_c__Clostridia_o__Clostridiales_f__Lachnospiraceae_g__Lachnoclostridium_s__Lachnoclostridium_sp_An298,dropped
k__Bacteria_p__Firmicutes_c__Clostridia_o__Clostridiales_f__Lachnospiraceae_g__Lachnoclostridium_s__Lachnoclostridium_sp_An76,dropped
k__Bacteria_p__Firmicutes_c__Clostridia_o__Clostridiales_f__Lachnospiraceae_g__Lachnospiraceae_unclassified_s__Lachnospiraceae_bacterium_2_1_46FAA,dropped
k__Bacteria_p__Firmicutes_c__Clostridia_o__Clostridiales_f__Lachnospiraceae_g__Lachnospiraceae_unclassified_s__Lachnospiraceae_bacterium_OF09_6,dropped
k__Bacteria_p__Firmicutes_c__Clostridia_o__Clostridiales_f__Lachnospiraceae_g__Lachnospiraceae_unclassified_s__Lachnospiraceae_bacterium_oral_taxon_096,dropped
k__Bacteria_p__Firmicutes_c__Clostridia_o__Clostridiales_f__Lachnospiraceae_g__Marvinbryantia,dropped
k__Bacteria_p__Firmicutes_c__Clostridia_o__Clostridiales_f__Lachnospiraceae_g__Marvinbryantia_s__Marvinbryantia_formatexigens,dropped
k__Bacteria_p__Firmicutes_c__Clostridia_o__Clostridiales_f__Lachnospiraceae_g__Mediterraneibacter,dropped
k__Bacteria_p__Firmicutes_c__Clostridia_o__Clostridiales_f__Lachnospiraceae_g__Mediterraneibacter_s__Mediterraneibacter_sp_KCTC_15684,dropped
k__Bacteria_p__Firmicutes_c__Clostridia_o__Clostridiales_f__Lachnospiraceae_g__Murimonas,dropped
k__Bacteria_p__Firmicutes_c__Clostridia_o__Clostridiales_f__Lachnospiraceae_g__Murimonas_s__Murimonas_intestini,dropped
k__Bacteria_p__Firmicutes_c__Clostridia_o__Clostridiales_f__Lachnospiraceae_g__Oribacterium,dropped
k__Bacteria_p__Firmicutes_c__Clostridia_o__Clostridiales_f__Lachnospiraceae_g__Oribacterium_s__Oribacterium_asaccharolyticum,dropped
k__Bacteria_p__Firmicutes_c__Clostridia_o__Clostridiales_f__Lachnospiraceae_g__Oribacterium_s__Oribacterium_parvum,dropped
k__Bacteria_p__Firmicutes_c__Clostridia_o__Clostridiales_f__Lachnospiraceae_g__Oribacterium_s__Oribacterium_sinus,dropped
k__Bacteria_p__Firmicutes_c__Clostridia_o__Clostridiales_f__Lachnospiraceae_g__Oribacterium_s__Oribacterium_sp_oral_taxon_078,dropped
k__Bacteria_p__Firmicutes_c__Clostridia_o__Clostridiales_f__Lachnospiraceae_g__Robinsoniella,dropped
k__Bacteria_p__Firmicutes_c__Clostridia_o__Clostridiales_f__Lachnospiraceae_g__Robinsoniella_s__Robinsoniella_sp_RHS,dropped
k__Bacteria_p__Firmicutes_c__Clostridia_o__Clostridiales_f__Lachnospiraceae_g__Roseburia_s__Roseburia_sp_CAG_197,dropped
k__Bacteria_p__Firmicutes_c__Clostridia_o__Clostridiales_f__Lachnospiraceae_g__Shuttleworthia,dropped
k__Bacteria_p__Firmicutes_c__Clostridia_o__Clostridiales_f__Lachnospiraceae_g__Shuttleworthia_s__Shuttleworthia_satelles,dropped
k__Bacteria_p__Firmicutes_c__Clostridia_o__Clostridiales_f__Lachnospiraceae_g__Stomatobaculum,dropped
k__Bacteria_p__Firmicutes_c__Clostridia_o__Clostridiales_f__Lachnospiraceae_g__Stomatobaculum_s__Stomatobaculum_longum,dropped
k__Bacteria_p__Firmicutes_c__Clostridia_o__Clostridiales_f__Oscillospiraceae_g__Oscillibacter_s__Oscillibacter_sp_CAG_155,dropped
k__Bacteria_p__Firmicutes_c__Clostridia_o__Clostridiales_f__Oscillospiraceae_g__Oscillibacter_s__Oscillibacter_sp_PC13,dropped
k__Bacteria_p__Firmicutes_c__Clostridia_o__Clostridiales_f__Peptococcaceae,dropped
k__Bacteria_p__Firmicutes_c__Clostridia_o__Clostridiales_f__Peptococcaceae_g__Peptococcus,dropped
k__Bacteria_p__Firmicutes_c__Clostridia_o__Clostridiales_f__Peptococcaceae_g__Peptococcus_s__Peptococcus_niger,dropped
k__Bacteria_p__Firmicutes_c__Clostridia_o__Clostridiales_f__Peptostreptococcaceae_g__Clostridioides,dropped
k__Bacteria_p__Firmicutes_c__Clostridia_o__Clostridiales_f__Peptostreptococcaceae_g__Clostridioides_s__Clostridioides_difficile,dropped
k__Bacteria_p__Firmicutes_c__Clostridia_o__Clostridiales_f__Peptostreptococcaceae_g__Filifactor,dropped
k__Bacteria_p__Firmicutes_c__Clostridia_o__Clostridiales_f__Peptostreptococcaceae_g__Filifactor_s__Filifactor_alocis,dropped
k__Bacteria_p__Firmicutes_c__Clostridia_o__Clostridiales_f__Peptostreptococcaceae_g__Paeniclostridium,dropped
k__Bacteria_p__Firmicutes_c__Clostridia_o__Clostridiales_f__Peptostreptococcaceae_g__Paeniclostridium_s__Paeniclostridium_sordellii,dropped
k__Bacteria_p__Firmicutes_c__Clostridia_o__Clostridiales_f__Peptostreptococcaceae_g__Paraclostridium,dropped
k__Bacteria_p__Firmicutes_c__Clostridia_o__Clostridiales_f__Peptostreptococcaceae_g__Paraclostridium_s__Paraclostridium_bifermentans,dropped
k__Bacteria_p__Firmicutes_c__Clostridia_o__Clostridiales_f__Peptostreptococcaceae_g__Peptostreptococcaceae_unclassified_s__Clostridium_hiranonis,dropped
k__Bacteria_p__Firmicutes_c__Clostridia_o__Clostridiales_f__Peptostreptococcaceae_g__Peptostreptococcus,dropped
k__Bacteria_p__Firmicutes_c__Clostridia_o__Clostridiales_f__Peptostreptococcaceae_g__Peptostreptococcus_s__Peptostreptococcus_anaerobius,dropped
k__Bacteria_p__Firmicutes_c__Clostridia_o__Clostridiales_f__Peptostreptococcaceae_g__Peptostreptococcus_s__Peptostreptococcus_russellii,dropped
k__Bacteria_p__Firmicutes_c__Clostridia_o__Clostridiales_f__Peptostreptococcaceae_g__Peptostreptococcus_s__Peptostreptococcus_sp_MV1,dropped
k__Bacteria_p__Firmicutes_c__Clostridia_o__Clostridiales_f__Peptostreptococcaceae_g__Peptostreptococcus_s__Peptostreptococcus_stomatis,dropped
k__Bacteria_p__Firmicutes_c__Clostridia_o__Clostridiales_f__Peptostreptococcaceae_g__Romboutsia,dropped
k__Bacteria_p__Firmicutes_c__Clostridia_o__Clostridiales_f__Peptostreptococcaceae_g__Romboutsia_s__Romboutsia_hominis,dropped
k__Bacteria_p__Firmicutes_c__Clostridia_o__Clostridiales_f__Peptostreptococcaceae_g__Romboutsia_s__Romboutsia_ilealis,dropped
k__Bacteria_p__Firmicutes_c__Clostridia_o__Clostridiales_f__Peptostreptococcaceae_g__Romboutsia_s__Romboutsia_lituseburensis,dropped
k__Bacteria_p__Firmicutes_c__Clostridia_o__Clostridiales_f__Peptostreptococcaceae_g__Terrisporobacter,dropped
k__Bacteria_p__Firmicutes_c__Clostridia_o__Clostridiales_f__Peptostreptococcaceae_g__Terrisporobacter_s__Terrisporobacter_othiniensis,dropped
k__Bacteria_p__Firmicutes_c__Clostridia_o__Clostridiales_f__Ruminococcaceae_g__Acutalibacter,dropped
k__Bacteria_p__Firmicutes_c__Clostridia_o__Clostridiales_f__Ruminococcaceae_g__Acutalibacter_s__Acutalibacter_muris,dropped
k__Bacteria_p__Firmicutes_c__Clostridia_o__Clostridiales_f__Ruminococcaceae_g__Anaerofilum,dropped
k__Bacteria_p__Firmicutes_c__Clostridia_o__Clostridiales_f__Ruminococcaceae_g__Anaerofilum_s__Anaerofilum_sp_An201,dropped
k__Bacteria_p__Firmicutes_c__Clostridia_o__Clostridiales_f__Ruminococcaceae_g__Anaeromassilibacillus_s__Anaeromassilibacillus_sp_An172,dropped
k__Bacteria_p__Firmicutes_c__Clostridia_o__Clostridiales_f__Ruminococcaceae_g__Anaerotruncus_s__Anaerotruncus_sp_CAG_390,dropped
k__Bacteria_p__Firmicutes_c__Clostridia_o__Clostridiales_f__Ruminococcaceae_g__Anaerotruncus_s__Anaerotruncus_sp_CAG_528,dropped
k__Bacteria_p__Firmicutes_c__Clostridia_o__Clostridiales_f__Ruminococcaceae_g__Anaerotruncus_s__Anaerotruncus_sp_G3_2012,dropped
k__Bacteria_p__Firmicutes_c__Clostridia_o__Clostridiales_f__Ruminococcaceae_g__Flavonifractor_s__Flavonifractor_sp_An10,dropped
k__Bacteria_p__Firmicutes_c__Clostridia_o__Clostridiales_f__Ruminococcaceae_g__Flavonifractor_s__Flavonifractor_sp_An100,dropped
k__Bacteria_p__Firmicutes_c__Clostridia_o__Clostridiales_f__Ruminococcaceae_g__Gemmiger_s__Gemmiger_sp_An120,dropped
k__Bacteria_p__Firmicutes_c__Clostridia_o__Clostridiales_f__Ruminococcaceae_g__Gemmiger_s__Gemmiger_sp_An194,dropped
k__Bacteria_p__Firmicutes_c__Clostridia_o__Clostridiales_f__Ruminococcaceae_g__Gemmiger_s__Gemmiger_sp_An50,dropped
k__Bacteria_p__Firmicutes_c__Clostridia_o__Clostridiales_f__Ruminococcaceae_g__Gemmiger_s__Gemmiger_sp_An87,dropped
k__Bacteria_p__Firmicutes_c__Clostridia_o__Clostridiales_f__Ruminococcaceae_g__Pseudoflavonifractor,dropped
k__Bacteria_p__Firmicutes_c__Clostridia_o__Clostridiales_f__Ruminococcaceae_g__Pseudoflavonifractor_s__Pseudoflavonifractor_capillosus,dropped
k__Bacteria_p__Firmicutes_c__Clostridia_o__Clostridiales_f__Ruminococcaceae_g__Pseudoflavonifractor_s__Pseudoflavonifractor_sp_An184,dropped
k__Bacteria_p__Firmicutes_c__Clostridia_o__Clostridiales_f__Ruminococcaceae_g__Ruminococcaceae_unclassified_s__Clostridium_methylpentosum,dropped
k__Bacteria_p__Firmicutes_c__Clostridia_o__Clostridiales_f__Ruminococcaceae_g__Ruminococcus_s__Ruminococcus_sp_CAG_330,dropped
k__Bacteria_p__Firmicutes_c__Clostridia_o__Clostridiales_f__Ruminococcaceae_g__Ruminococcus_s__Ruminococcus_sp_CAG_353,dropped
k__Bacteria_p__Firmicutes_c__Clostridia_o__Clostridiales_f__Ruminococcaceae_g__Ruminococcus_s__Ruminococcus_sp_CAG_488,dropped
k__Bacteria_p__Firmicutes_c__Clostridia_o__Clostridiales_f__Ruminococcaceae_g__Ruminococcus_s__Ruminococcus_sp_CAG_563,dropped
k__Bacteria_p__Firmicutes_c__Clostridia_o__Clostridiales_f__Ruminococcaceae_g__Ruminococcus_s__Ruminococcus_sp_CAG_579,dropped
k__Bacteria_p__Firmicutes_c__Clostridia_o__Clostridiales_f__Ruminococcaceae_g__Ruminococcus_s__Ruminococcus_sp_CAG_624,dropped
k__Bacteria_p__Firmicutes_c__Clostridia_o__Clostridiales_f__Ruminococcaceae_g__Ruminococcus_s__Ruminococcus_sp_CAG_724,dropped
k__Bacteria_p__Firmicutes_c__Clostridia_o__Clostridiales_f__Ruminococcaceae_g__Subdoligranulum_s__Subdoligranulum_variabile,dropped
k__Bacteria_p__Firmicutes_c__Erysipelotrichia_o__Erysipelotrichales_f__Erysipelotrichaceae_g__Bulleidia,dropped
k__Bacteria_p__Firmicutes_c__Erysipelotrichia_o__Erysipelotrichales_f__Erysipelotrichaceae_g__Bulleidia_s__Bulleidia_extructa,dropped
k__Bacteria_p__Firmicutes_c__Erysipelotrichia_o__Erysipelotrichales_f__Erysipelotrichaceae_g__Coprobacillus_s__Coprobacillus_sp_CAG_698,dropped
k__Bacteria_p__Firmicutes_c__Erysipelotrichia_o__Erysipelotrichales_f__Erysipelotrichaceae_g__Coprobacillus_s__Coprobacillus_sp_CAG_826,dropped
k__Bacteria_p__Firmicutes_c__Erysipelotrichia_o__Erysipelotrichales_f__Erysipelotrichaceae_g__Eggerthia,dropped
k__Bacteria_p__Firmicutes_c__Erysipelotrichia_o__Erysipelotrichales_f__Erysipelotrichaceae_g__Eggerthia_s__Eggerthia_catenaformis,dropped
k__Bacteria_p__Firmicutes_c__Erysipelotrichia_o__Erysipelotrichales_f__Erysipelotrichaceae_g__Erysipelatoclostridium_s__Clostridium_cocleatum,dropped
k__Bacteria_p__Firmicutes_c__Erysipelotrichia_o__Erysipelotrichales_f__Erysipelotrichaceae_g__Faecalitalea,dropped
k__Bacteria_p__Firmicutes_c__Erysipelotrichia_o__Erysipelotrichales_f__Erysipelotrichaceae_g__Faecalitalea_s__Faecalitalea_cylindroides,dropped
k__Bacteria_p__Firmicutes_c__Erysipelotrichia_o__Erysipelotrichales_f__Erysipelotrichaceae_g__Massiliomicrobiota,dropped
k__Bacteria_p__Firmicutes_c__Erysipelotrichia_o__Erysipelotrichales_f__Erysipelotrichaceae_g__Massiliomicrobiota_s__Massiliomicrobiota_timonensis,dropped
k__Bacteria_p__Firmicutes_c__Erysipelotrichia_o__Erysipelotrichales_f__Erysipelotrichaceae_g__Solobacterium,dropped
k__Bacteria_p__Firmicutes_c__Erysipelotrichia_o__Erysipelotrichales_f__Erysipelotrichaceae_g__Solobacterium_s__Solobacterium_moorei,dropped
k__Bacteria_p__Firmicutes_c__Firmicutes_unclassified_o__Firmicutes_unclassified_f__Firmicutes_unclassified_g__Firmicutes_unclassified_s__Firmicutes_bacterium_CAG_238,dropped
k__Bacteria_p__Firmicutes_c__Firmicutes_unclassified_o__Firmicutes_unclassified_f__Firmicutes_unclassified_g__Firmicutes_unclassified_s__Firmicutes_bacterium_CAG_272,dropped
k__Bacteria_p__Firmicutes_c__Firmicutes_unclassified_o__Firmicutes_unclassified_f__Firmicutes_unclassified_g__Firmicutes_unclassified_s__Firmicutes_bacterium_CAG_313,dropped
k__Bacteria_p__Firmicutes_c__Firmicutes_unclassified_o__Firmicutes_unclassified_f__Firmicutes_unclassified_g__Firmicutes_unclassified_s__Firmicutes_bacterium_CAG_345,dropped
k__Bacteria_p__Firmicutes_c__Firmicutes_unclassified_o__Firmicutes_unclassified_f__Firmicutes_unclassified_g__Firmicutes_unclassified_s__Firmicutes_bacterium_CAG_449,dropped
k__Bacteria_p__Firmicutes_c__Firmicutes_unclassified_o__Firmicutes_unclassified_f__Firmicutes_unclassified_g__Firmicutes_unclassified_s__Firmicutes_bacterium_CAG_460,dropped
k__Bacteria_p__Firmicutes_c__Firmicutes_unclassified_o__Firmicutes_unclassified_f__Firmicutes_unclassified_g__Firmicutes_unclassified_s__Firmicutes_bacterium_CAG_475,dropped
k__Bacteria_p__Firmicutes_c__Firmicutes_unclassified_o__Firmicutes_unclassified_f__Firmicutes_unclassified_g__Firmicutes_unclassified_s__Firmicutes_bacterium_CAG_534,dropped
k__Bacteria_p__Firmicutes_c__Firmicutes_unclassified_o__Firmicutes_unclassified_f__Firmicutes_unclassified_g__Firmicutes_unclassified_s__Firmicutes_bacterium_CAG_552,dropped
k__Bacteria_p__Firmicutes_c__Firmicutes_unclassified_o__Firmicutes_unclassified_f__Firmicutes_unclassified_g__Firmicutes_unclassified_s__Firmicutes_bacterium_CAG_555,dropped
k__Bacteria_p__Firmicutes_c__Firmicutes_unclassified_o__Firmicutes_unclassified_f__Firmicutes_unclassified_g__Firmicutes_unclassified_s__Firmicutes_bacterium_CAG_582,dropped
k__Bacteria_p__Firmicutes_c__Firmicutes_unclassified_o__Firmicutes_unclassified_f__Firmicutes_unclassified_g__Firmicutes_unclassified_s__Firmicutes_bacterium_CAG_631,dropped
k__Bacteria_p__Firmicutes_c__Firmicutes_unclassified_o__Firmicutes_unclassified_f__Firmicutes_unclassified_g__Firmicutes_unclassified_s__Firmicutes_bacterium_CAG_791,dropped
k__Bacteria_p__Firmicutes_c__Firmicutes_unclassified_o__Firmicutes_unclassified_f__Firmicutes_unclassified_g__Firmicutes_unclassified_s__Firmicutes_bacterium_CAG_822,dropped
k__Bacteria_p__Firmicutes_c__Firmicutes_unclassified_o__Firmicutes_unclassified_f__Firmicutes_unclassified_g__Firmicutes_unclassified_s__Firmicutes_bacterium_CAG_882,dropped
k__Bacteria_p__Firmicutes_c__Firmicutes_unclassified_o__Firmicutes_unclassified_f__Firmicutes_unclassified_g__Firmicutes_unclassified_s__Firmicutes_bacterium_CAG_884,dropped
k__Bacteria_p__Firmicutes_c__Firmicutes_unclassified_o__Firmicutes_unclassified_f__Firmicutes_unclassified_g__Firmicutes_unclassified_s__Firmicutes_bacterium_CAG_94,dropped
k__Bacteria_p__Firmicutes_c__Negativicutes_o__Acidaminococcales_f__Acidaminococcaceae_g__Acidaminococcus_s__Acidaminococcus_fermentans,dropped
k__Bacteria_p__Firmicutes_c__Negativicutes_o__Acidaminococcales_f__Acidaminococcaceae_g__Phascolarctobacterium_s__Phascolarctobacterium_sp_CAG_266,dropped
k__Bacteria_p__Firmicutes_c__Negativicutes_o__Selenomonadales_f__Selenomonadaceae_g__Megamonas_s__Megamonas_rupellensis,dropped
k__Bacteria_p__Firmicutes_c__Negativicutes_o__Selenomonadales_f__Selenomonadaceae_g__Mitsuokella,dropped
k__Bacteria_p__Firmicutes_c__Negativicutes_o__Selenomonadales_f__Selenomonadaceae_g__Mitsuokella_s__Mitsuokella_jalaludinii,dropped
k__Bacteria_p__Firmicutes_c__Negativicutes_o__Selenomonadales_f__Selenomonadaceae_g__Mitsuokella_s__Mitsuokella_multacida,dropped
k__Bacteria_p__Firmicutes_c__Negativicutes_o__Selenomonadales_f__Selenomonadaceae_g__Mitsuokella_s__Mitsuokella_sp_oral_taxon_131,dropped
k__Bacteria_p__Firmicutes_c__Negativicutes_o__Selenomonadales_f__Selenomonadaceae_g__Selenomonas,dropped
k__Bacteria_p__Firmicutes_c__Negativicutes_o__Selenomonadales_f__Selenomonadaceae_g__Selenomonas_s__Selenomonas_artemidis,dropped
k__Bacteria_p__Firmicutes_c__Negativicutes_o__Selenomonadales_f__Selenomonadaceae_g__Selenomonas_s__Selenomonas_flueggei,dropped
k__Bacteria_p__Firmicutes_c__Negativicutes_o__Selenomonadales_f__Selenomonadaceae_g__Selenomonas_s__Selenomonas_noxia,dropped
k__Bacteria_p__Firmicutes_c__Negativicutes_o__Selenomonadales_f__Selenomonadaceae_g__Selenomonas_s__Selenomonas_sp_oral_taxon_126,dropped
k__Bacteria_p__Firmicutes_c__Negativicutes_o__Selenomonadales_f__Selenomonadaceae_g__Selenomonas_s__Selenomonas_sputigena,dropped
k__Bacteria_p__Firmicutes_c__Negativicutes_o__Veillonellales_f__Veillonellaceae_g__Anaeroglobus,dropped
k__Bacteria_p__Firmicutes_c__Negativicutes_o__Veillonellales_f__Veillonellaceae_g__Anaeroglobus_s__Anaeroglobus_geminatus,dropped
k__Bacteria_p__Firmicutes_c__Negativicutes_o__Veillonellales_f__Veillonellaceae_g__Dialister_s__Dialister_micraerophilus,dropped
k__Bacteria_p__Firmicutes_c__Negativicutes_o__Veillonellales_f__Veillonellaceae_g__Dialister_s__Dialister_sp_CAG_486,dropped
k__Bacteria_p__Firmicutes_c__Negativicutes_o__Veillonellales_f__Veillonellaceae_g__Dialister_s__Dialister_succinatiphilus,dropped
k__Bacteria_p__Firmicutes_c__Negativicutes_o__Veillonellales_f__Veillonellaceae_g__Megasphaera_s__Megasphaera_cerevisiae,dropped
k__Bacteria_p__Firmicutes_c__Negativicutes_o__Veillonellales_f__Veillonellaceae_g__Megasphaera_s__Megasphaera_hexanoica,dropped
k__Bacteria_p__Firmicutes_c__Negativicutes_o__Veillonellales_f__Veillonellaceae_g__Megasphaera_s__Megasphaera_sp_BV3C16_1,dropped
k__Bacteria_p__Firmicutes_c__Negativicutes_o__Veillonellales_f__Veillonellaceae_g__Megasphaera_s__Megasphaera_sp_DISK_18,dropped
k__Bacteria_p__Firmicutes_c__Negativicutes_o__Veillonellales_f__Veillonellaceae_g__Megasphaera_s__Megasphaera_sp_MJR8396C,dropped
k__Bacteria_p__Firmicutes_c__Negativicutes_o__Veillonellales_f__Veillonellaceae_g__Megasphaera_s__Megasphaera_stantonii,dropped
k__Bacteria_p__Firmicutes_c__Negativicutes_o__Veillonellales_f__Veillonellaceae_g__Negativicoccus,dropped
k__Bacteria_p__Firmicutes_c__Negativicutes_o__Veillonellales_f__Veillonellaceae_g__Negativicoccus_s__Negativicoccus_succinicivorans,dropped
k__Bacteria_p__Firmicutes_c__Negativicutes_o__Veillonellales_f__Veillonellaceae_g__Veillonella_s__Veillonella_denticariosi,dropped
k__Bacteria_p__Firmicutes_c__Negativicutes_o__Veillonellales_f__Veillonellaceae_g__Veillonella_s__Veillonella_rodentium,dropped
k__Bacteria_p__Firmicutes_c__Negativicutes_o__Veillonellales_f__Veillonellaceae_g__Veillonella_s__Veillonella_seminalis,dropped
k__Bacteria_p__Firmicutes_c__Negativicutes_o__Veillonellales_f__Veillonellaceae_g__Veillonella_s__Veillonella_sp_CAG_933,dropped
k__Bacteria_p__Firmicutes_c__Negativicutes_o__Veillonellales_f__Veillonellaceae_g__Veillonella_s__Veillonella_tobetsuensis,dropped
k__Bacteria_p__Firmicutes_c__Negativicutes_o__Veillonellales_f__Veillonellaceae_g__Veillonellaceae_unclassified,dropped
k__Bacteria_p__Firmicutes_c__Negativicutes_o__Veillonellales_f__Veillonellaceae_g__Veillonellaceae_unclassified_s__Veillonellaceae_bacterium,dropped
k__Bacteria_p__Firmicutes_c__Tissierellia_o__Tissierellales_f__Peptoniphilaceae_g__Anaerococcus,dropped
k__Bacteria_p__Firmicutes_c__Tissierellia_o__Tissierellales_f__Peptoniphilaceae_g__Anaerococcus_s__Anaerococcus_lactolyticus,dropped
k__Bacteria_p__Firmicutes_c__Tissierellia_o__Tissierellales_f__Peptoniphilaceae_g__Anaerococcus_s__Anaerococcus_octavius,dropped
k__Bacteria_p__Firmicutes_c__Tissierellia_o__Tissierellales_f__Peptoniphilaceae_g__Anaerococcus_s__Anaerococcus_vaginalis,dropped
k__Bacteria_p__Firmicutes_c__Tissierellia_o__Tissierellales_f__Peptoniphilaceae_g__Finegoldia,dropped
k__Bacteria_p__Firmicutes_c__Tissierellia_o__Tissierellales_f__Peptoniphilaceae_g__Finegoldia_s__Finegoldia_magna,dropped
k__Bacteria_p__Firmicutes_c__Tissierellia_o__Tissierellales_f__Peptoniphilaceae_g__Parvimonas,dropped
k__Bacteria_p__Firmicutes_c__Tissierellia_o__Tissierellales_f__Peptoniphilaceae_g__Parvimonas_s__Parvimonas_micra,dropped
k__Bacteria_p__Firmicutes_c__Tissierellia_o__Tissierellales_f__Peptoniphilaceae_g__Parvimonas_s__Parvimonas_sp_KA00067,dropped
k__Bacteria_p__Firmicutes_c__Tissierellia_o__Tissierellales_f__Peptoniphilaceae_g__Parvimonas_s__Parvimonas_sp_oral_taxon_110,dropped
k__Bacteria_p__Firmicutes_c__Tissierellia_o__Tissierellales_f__Peptoniphilaceae_g__Parvimonas_s__Parvimonas_sp_oral_taxon_393,dropped
k__Bacteria_p__Firmicutes_c__Tissierellia_o__Tissierellales_f__Peptoniphilaceae_g__Peptoniphilus,dropped
k__Bacteria_p__Firmicutes_c__Tissierellia_o__Tissierellales_f__Peptoniphilaceae_g__Peptoniphilus_s__Peptoniphilus_asaccharolyticus,dropped
k__Bacteria_p__Firmicutes_c__Tissierellia_o__Tissierellales_f__Peptoniphilaceae_g__Peptoniphilus_s__Peptoniphilus_coxii,dropped
k__Bacteria_p__Firmicutes_c__Tissierellia_o__Tissierellales_f__Peptoniphilaceae_g__Peptoniphilus_s__Peptoniphilus_duerdenii,dropped
k__Bacteria_p__Firmicutes_c__Tissierellia_o__Tissierellales_f__Peptoniphilaceae_g__Peptoniphilus_s__Peptoniphilus_grossensis,dropped
k__Bacteria_p__Firmicutes_c__Tissierellia_o__Tissierellales_f__Peptoniphilaceae_g__Peptoniphilus_s__Peptoniphilus_harei,dropped
k__Bacteria_p__Firmicutes_c__Tissierellia_o__Tissierellales_f__Peptoniphilaceae_g__Peptoniphilus_s__Peptoniphilus_lacrimalis,dropped
k__Bacteria_p__Firmicutes_c__Tissierellia_o__Tissierellales_f__Peptoniphilaceae_g__Peptoniphilus_s__Peptoniphilus_sp_BV3C26,dropped
k__Bacteria_p__Firmicutes_c__Tissierellia_o__Tissierellales_f__Peptoniphilaceae_g__Peptoniphilus_s__Peptoniphilus_sp_HMSC062D09,dropped
k__Bacteria_p__Firmicutes_c__Tissierellia_o__Tissierellales_f__Peptoniphilaceae_g__Peptoniphilus_s__Peptoniphilus_sp_oral_taxon_375,dropped
k__Bacteria_p__Firmicutes_c__Tissierellia_o__Tissierellales_f__Tissierellaceae,dropped
k__Bacteria_p__Firmicutes_c__Tissierellia_o__Tissierellales_f__Tissierellaceae_g__Tissierella,dropped
k__Bacteria_p__Firmicutes_c__Tissierellia_o__Tissierellales_f__Tissierellaceae_g__Tissierella_s__Tissierella_praeacuta,dropped
k__Bacteria_p__Firmicutes_c__Tissierellia_o__Tissierellales_f__Tissierellaceae_g__Tissierella_s__Tissierella_sp_P1,dropped
k__Bacteria_p__Firmicutes_c__Tissierellia_o__Tissierellales_f__Tissierellales_unclassified,dropped
k__Bacteria_p__Firmicutes_c__Tissierellia_o__Tissierellales_f__Tissierellales_unclassified_g__Sporanaerobacter,dropped
k__Bacteria_p__Firmicutes_c__Tissierellia_o__Tissierellales_f__Tissierellales_unclassified_g__Sporanaerobacter_s__Sporanaerobacter_acetigenes,dropped
k__Bacteria_p__Firmicutes_c__Tissierellia_o__Tissierellia_unclassified,dropped
k__Bacteria_p__Firmicutes_c__Tissierellia_o__Tissierellia_unclassified_f__Tissierellia_unclassified,dropped
k__Bacteria_p__Firmicutes_c__Tissierellia_o__Tissierellia_unclassified_f__Tissierellia_unclassified_g__Tissierellia_unclassified,dropped
k__Bacteria_p__Firmicutes_c__Tissierellia_o__Tissierellia_unclassified_f__Tissierellia_unclassified_g__Tissierellia_unclassified_s__Bacteroides_coagulans,dropped
k__Bacteria_p__Firmicutes_c__Tissierellia_o__Tissierellia_unclassified_f__Tissierellia_unclassified_g__Tissierellia_unclassified_s__Tissierellia_bacterium_S5_A11,dropped
k__Bacteria_p__Fusobacteria_c__Fusobacteriia_o__Fusobacteriales_f__Fusobacteriaceae_g__Cetobacterium,dropped
k__Bacteria_p__Fusobacteria_c__Fusobacteriia_o__Fusobacteriales_f__Fusobacteriaceae_g__Cetobacterium_s__Cetobacterium_somerae,dropped
k__Bacteria_p__Fusobacteria_c__Fusobacteriia_o__Fusobacteriales_f__Fusobacteriaceae_g__Fusobacterium_s__Fusobacterium_equinum,dropped
k__Bacteria_p__Fusobacteria_c__Fusobacteriia_o__Fusobacteriales_f__Fusobacteriaceae_g__Fusobacterium_s__Fusobacterium_gonidiaformans,dropped
k__Bacteria_p__Fusobacteria_c__Fusobacteriia_o__Fusobacteriales_f__Fusobacteriaceae_g__Fusobacterium_s__Fusobacterium_mortiferum,dropped
k__Bacteria_p__Fusobacteria_c__Fusobacteriia_o__Fusobacteriales_f__Fusobacteriaceae_g__Fusobacterium_s__Fusobacterium_necrogenes,dropped
k__Bacteria_p__Fusobacteria_c__Fusobacteriia_o__Fusobacteriales_f__Fusobacteriaceae_g__Fusobacterium_s__Fusobacterium_necrophorum,dropped
k__Bacteria_p__Fusobacteria_c__Fusobacteriia_o__Fusobacteriales_f__Fusobacteriaceae_g__Fusobacterium_s__Fusobacterium_periodonticum,dropped
k__Bacteria_p__Fusobacteria_c__Fusobacteriia_o__Fusobacteriales_f__Fusobacteriaceae_g__Fusobacterium_s__Fusobacterium_sp_CAG_439,dropped
k__Bacteria_p__Fusobacteria_c__Fusobacteriia_o__Fusobacteriales_f__Fusobacteriaceae_g__Fusobacterium_s__Fusobacterium_sp_oral_taxon_370,dropped
k__Bacteria_p__Fusobacteria_c__Fusobacteriia_o__Fusobacteriales_f__Fusobacteriaceae_g__Fusobacterium_s__Fusobacterium_ulcerans,dropped
k__Bacteria_p__Fusobacteria_c__Fusobacteriia_o__Fusobacteriales_f__Fusobacteriaceae_g__Fusobacterium_s__Fusobacterium_varium,dropped
k__Bacteria_p__Fusobacteria_c__Fusobacteriia_o__Fusobacteriales_f__Leptotrichiaceae,dropped
k__Bacteria_p__Fusobacteria_c__Fusobacteriia_o__Fusobacteriales_f__Leptotrichiaceae_g__Leptotrichia,dropped
k__Bacteria_p__Fusobacteria_c__Fusobacteriia_o__Fusobacteriales_f__Leptotrichiaceae_g__Leptotrichia_s__Leptotrichia_hofstadii,dropped
k__Bacteria_p__Fusobacteria_c__Fusobacteriia_o__Fusobacteriales_f__Leptotrichiaceae_g__Leptotrichia_s__Leptotrichia_sp_oral_taxon_225,dropped
k__Bacteria_p__Fusobacteria_c__Fusobacteriia_o__Fusobacteriales_f__Leptotrichiaceae_g__Leptotrichia_s__Leptotrichia_sp_oral_taxon_498,dropped
k__Bacteria_p__Fusobacteria_c__Fusobacteriia_o__Fusobacteriales_f__Leptotrichiaceae_g__Leptotrichia_s__Leptotrichia_wadei,dropped
k__Bacteria_p__Fusobacteria_c__Fusobacteriia_o__Fusobacteriales_f__Leptotrichiaceae_g__Sneathia,dropped
k__Bacteria_p__Fusobacteria_c__Fusobacteriia_o__Fusobacteriales_f__Leptotrichiaceae_g__Sneathia_s__Sneathia_amnii,dropped
k__Bacteria_p__Proteobacteria_c__Alphaproteobacteria_o__Rhizobiales,dropped
k__Bacteria_p__Proteobacteria_c__Alphaproteobacteria_o__Rhizobiales_f__Phyllobacteriaceae,dropped
k__Bacteria_p__Proteobacteria_c__Alphaproteobacteria_o__Rhizobiales_f__Phyllobacteriaceae_g__Phyllobacterium,dropped
k__Bacteria_p__Proteobacteria_c__Alphaproteobacteria_o__Rhizobiales_f__Phyllobacteriaceae_g__Phyllobacterium_s__Phyllobacterium_myrsinacearum,dropped
k__Bacteria_p__Proteobacteria_c__Alphaproteobacteria_o__Rhodobacterales,dropped
k__Bacteria_p__Proteobacteria_c__Alphaproteobacteria_o__Rhodobacterales_f__Rhodobacteraceae,dropped
k__Bacteria_p__Proteobacteria_c__Alphaproteobacteria_o__Rhodobacterales_f__Rhodobacteraceae_g__Paracoccus,dropped
k__Bacteria_p__Proteobacteria_c__Alphaproteobacteria_o__Rhodobacterales_f__Rhodobacteraceae_g__Paracoccus_s__Paracoccus_alkenifer,dropped
k__Bacteria_p__Proteobacteria_c__Alphaproteobacteria_o__Rhodobacterales_f__Rhodobacteraceae_g__Paracoccus_s__Paracoccus_sp_CBA4604,dropped
k__Bacteria_p__Proteobacteria_c__Alphaproteobacteria_o__Rhodobacterales_f__Rhodobacteraceae_g__Paracoccus_s__Paracoccus_yeei,dropped
k__Bacteria_p__Proteobacteria_c__Alphaproteobacteria_o__Rhodospirillales_f__Acetobacteraceae,dropped
k__Bacteria_p__Proteobacteria_c__Alphaproteobacteria_o__Rhodospirillales_f__Acetobacteraceae_g__Acetobacter,dropped
k__Bacteria_p__Proteobacteria_c__Alphaproteobacteria_o__Rhodospirillales_f__Acetobacteraceae_g__Acetobacter_s__Acetobacter_sp_CAG_267,dropped
k__Bacteria_p__Proteobacteria_c__Alphaproteobacteria_o__Rhodospirillales_f__Acetobacteraceae_g__Acetobacter_s__Acetobacter_sp_CAG_977,dropped
k__Bacteria_p__Proteobacteria_c__Alphaproteobacteria_o__Rhodospirillales_f__Rhodospirillaceae_g__Azospirillum_s__Azospirillum_sp_47_25,dropped
k__Bacteria_p__Proteobacteria_c__Alphaproteobacteria_o__Sphingomonadales,dropped
k__Bacteria_p__Proteobacteria_c__Alphaproteobacteria_o__Sphingomonadales_f__Sphingomonadaceae,dropped
k__Bacteria_p__Proteobacteria_c__Alphaproteobacteria_o__Sphingomonadales_f__Sphingomonadaceae_g__Sphingomonas,dropped
k__Bacteria_p__Proteobacteria_c__Alphaproteobacteria_o__Sphingomonadales_f__Sphingomonadaceae_g__Sphingomonas_s__Sphingomonas_sp_IBVSS2,dropped
k__Bacteria_p__Proteobacteria_c__Betaproteobacteria_o__Burkholderiales_f__Burkholderiaceae,dropped
k__Bacteria_p__Proteobacteria_c__Betaproteobacteria_o__Burkholderiales_f__Burkholderiaceae_g__Lautropia,dropped
k__Bacteria_p__Proteobacteria_c__Betaproteobacteria_o__Burkholderiales_f__Burkholderiaceae_g__Lautropia_s__Lautropia_mirabilis,dropped
k__Bacteria_p__Proteobacteria_c__Betaproteobacteria_o__Burkholderiales_f__Comamonadaceae,dropped
k__Bacteria_p__Proteobacteria_c__Betaproteobacteria_o__Burkholderiales_f__Comamonadaceae_g__Acidovorax,dropped
k__Bacteria_p__Proteobacteria_c__Betaproteobacteria_o__Burkholderiales_f__Comamonadaceae_g__Acidovorax_s__Acidovorax_sp_MR_S7,dropped
k__Bacteria_p__Proteobacteria_c__Betaproteobacteria_o__Burkholderiales_f__Comamonadaceae_g__Comamonas,dropped
k__Bacteria_p__Proteobacteria_c__Betaproteobacteria_o__Burkholderiales_f__Comamonadaceae_g__Comamonas_s__Comamonas_kerstersii,dropped
k__Bacteria_p__Proteobacteria_c__Betaproteobacteria_o__Burkholderiales_f__Comamonadaceae_g__Melaminivora,dropped
k__Bacteria_p__Proteobacteria_c__Betaproteobacteria_o__Burkholderiales_f__Comamonadaceae_g__Melaminivora_s__Melaminivora_sp_SC2_9,dropped
k__Bacteria_p__Proteobacteria_c__Betaproteobacteria_o__Burkholderiales_f__Sutterellaceae_g__Sutterella_s__Sutterella_parvirubra,dropped
k__Bacteria_p__Proteobacteria_c__Betaproteobacteria_o__Burkholderiales_f__Sutterellaceae_g__Sutterella_s__Sutterella_sp_CAG_397,dropped
k__Bacteria_p__Proteobacteria_c__Betaproteobacteria_o__Burkholderiales_f__Sutterellaceae_g__Turicimonas,dropped
k__Bacteria_p__Proteobacteria_c__Betaproteobacteria_o__Burkholderiales_f__Sutterellaceae_g__Turicimonas_s__Turicimonas_muris,dropped
k__Bacteria_p__Proteobacteria_c__Betaproteobacteria_o__Neisseriales_f__Chromobacteriaceae,dropped
k__Bacteria_p__Proteobacteria_c__Betaproteobacteria_o__Neisseriales_f__Chromobacteriaceae_g__Microvirgula,dropped
k__Bacteria_p__Proteobacteria_c__Betaproteobacteria_o__Neisseriales_f__Chromobacteriaceae_g__Microvirgula_s__Microvirgula_aerodenitrificans,dropped
k__Bacteria_p__Proteobacteria_c__Betaproteobacteria_o__Neisseriales_f__Neisseriaceae,dropped
k__Bacteria_p__Proteobacteria_c__Betaproteobacteria_o__Neisseriales_f__Neisseriaceae_g__Eikenella,dropped
k__Bacteria_p__Proteobacteria_c__Betaproteobacteria_o__Neisseriales_f__Neisseriaceae_g__Eikenella_s__Eikenella_corrodens,dropped
k__Bacteria_p__Proteobacteria_c__Betaproteobacteria_o__Neisseriales_f__Neisseriaceae_g__Eikenella_s__Eikenella_sp_NML130454,dropped
k__Bacteria_p__Proteobacteria_c__Betaproteobacteria_o__Neisseriales_f__Neisseriaceae_g__Kingella,dropped
k__Bacteria_p__Proteobacteria_c__Betaproteobacteria_o__Neisseriales_f__Neisseriaceae_g__Kingella_s__Kingella_oralis,dropped
k__Bacteria_p__Proteobacteria_c__Betaproteobacteria_o__Neisseriales_f__Neisseriaceae_g__Morococcus,dropped
k__Bacteria_p__Proteobacteria_c__Betaproteobacteria_o__Neisseriales_f__Neisseriaceae_g__Morococcus_s__Morococcus_cerebrosus,dropped
k__Bacteria_p__Proteobacteria_c__Betaproteobacteria_o__Neisseriales_f__Neisseriaceae_g__Neisseria,dropped
k__Bacteria_p__Proteobacteria_c__Betaproteobacteria_o__Neisseriales_f__Neisseriaceae_g__Neisseria_s__Neisseria_bacilliformis,dropped
k__Bacteria_p__Proteobacteria_c__Betaproteobacteria_o__Neisseriales_f__Neisseriaceae_g__Neisseria_s__Neisseria_elongata,dropped
k__Bacteria_p__Proteobacteria_c__Betaproteobacteria_o__Neisseriales_f__Neisseriaceae_g__Neisseria_s__Neisseria_flavescens,dropped
k__Bacteria_p__Proteobacteria_c__Betaproteobacteria_o__Neisseriales_f__Neisseriaceae_g__Neisseria_s__Neisseria_macacae,dropped
k__Bacteria_p__Proteobacteria_c__Betaproteobacteria_o__Neisseriales_f__Neisseriaceae_g__Neisseria_s__Neisseria_perflava,dropped
k__Bacteria_p__Proteobacteria_c__Betaproteobacteria_o__Neisseriales_f__Neisseriaceae_g__Neisseria_s__Neisseria_polysaccharea,dropped
k__Bacteria_p__Proteobacteria_c__Betaproteobacteria_o__Neisseriales_f__Neisseriaceae_g__Neisseria_s__Neisseria_sicca,dropped
k__Bacteria_p__Proteobacteria_c__Betaproteobacteria_o__Neisseriales_f__Neisseriaceae_g__Neisseria_s__Neisseria_subflava,dropped
k__Bacteria_p__Proteobacteria_c__Betaproteobacteria_o__Rhodocyclales,dropped
k__Bacteria_p__Proteobacteria_c__Betaproteobacteria_o__Rhodocyclales_f__Zoogloeaceae,dropped
k__Bacteria_p__Proteobacteria_c__Betaproteobacteria_o__Rhodocyclales_f__Zoogloeaceae_g__Thauera,dropped
k__Bacteria_p__Proteobacteria_c__Betaproteobacteria_o__Rhodocyclales_f__Zoogloeaceae_g__Thauera_s__Thauera_terpenica,dropped
k__Bacteria_p__Proteobacteria_c__Deltaproteobacteria_o__Desulfovibrionales_f__Desulfovibrionaceae_g__Desulfovibrio_s__Desulfovibrio_fairfieldensis,dropped
k__Bacteria_p__Proteobacteria_c__Deltaproteobacteria_o__Desulfovibrionales_f__Desulfovibrionaceae_g__Desulfovibrio_s__Desulfovibrio_sp_AM18_2,dropped
k__Bacteria_p__Proteobacteria_c__Deltaproteobacteria_o__Desulfovibrionales_f__Desulfovibrionaceae_g__Desulfovibrio_s__Desulfovibrio_sp_An276,dropped
k__Bacteria_p__Proteobacteria_c__Deltaproteobacteria_o__Desulfovibrionales_f__Desulfovibrionaceae_g__Desulfovibrio_s__Desulfovibrio_sp_MES5,dropped
k__Bacteria_p__Proteobacteria_c__Deltaproteobacteria_o__Desulfovibrionales_f__Desulfovibrionaceae_g__Desulfovibrionaceae_unclassified,dropped
k__Bacteria_p__Proteobacteria_c__Deltaproteobacteria_o__Desulfovibrionales_f__Desulfovibrionaceae_g__Desulfovibrionaceae_unclassified_s__Desulfovibrionaceae_bacterium,dropped
k__Bacteria_p__Proteobacteria_c__Deltaproteobacteria_o__Myxococcales,dropped
k__Bacteria_p__Proteobacteria_c__Deltaproteobacteria_o__Myxococcales_f__Myxococcaceae,dropped
k__Bacteria_p__Proteobacteria_c__Deltaproteobacteria_o__Myxococcales_f__Myxococcaceae_g__Corallococcus,dropped
k__Bacteria_p__Proteobacteria_c__Deltaproteobacteria_o__Myxococcales_f__Myxococcaceae_g__Corallococcus_s__Corallococcus_sp_CAG_1435,dropped
k__Bacteria_p__Proteobacteria_c__Epsilonproteobacteria_o__Campylobacterales_f__Campylobacteraceae_g__Arcobacter,dropped
k__Bacteria_p__Proteobacteria_c__Epsilonproteobacteria_o__Campylobacterales_f__Campylobacteraceae_g__Arcobacter_s__Arcobacter_cryaerophilus,dropped
k__Bacteria_p__Proteobacteria_c__Epsilonproteobacteria_o__Campylobacterales_f__Campylobacteraceae_g__Campylobacter_s__Campylobacter_coli,dropped
k__Bacteria_p__Proteobacteria_c__Epsilonproteobacteria_o__Campylobacterales_f__Campylobacteraceae_g__Campylobacter_s__Campylobacter_curvus,dropped
k__Bacteria_p__Proteobacteria_c__Epsilonproteobacteria_o__Campylobacterales_f__Campylobacteraceae_g__Campylobacter_s__Campylobacter_gracilis,dropped
k__Bacteria_p__Proteobacteria_c__Epsilonproteobacteria_o__Campylobacterales_f__Campylobacteraceae_g__Campylobacter_s__Campylobacter_hominis,dropped
k__Bacteria_p__Proteobacteria_c__Epsilonproteobacteria_o__Campylobacterales_f__Campylobacteraceae_g__Campylobacter_s__Campylobacter_jejuni,dropped
k__Bacteria_p__Proteobacteria_c__Epsilonproteobacteria_o__Campylobacterales_f__Campylobacteraceae_g__Campylobacter_s__Campylobacter_showae,dropped
k__Bacteria_p__Proteobacteria_c__Epsilonproteobacteria_o__Campylobacterales_f__Campylobacteraceae_g__Campylobacter_s__Campylobacter_ureolyticus,dropped
k__Bacteria_p__Proteobacteria_c__Epsilonproteobacteria_o__Campylobacterales_f__Helicobacteraceae,dropped
k__Bacteria_p__Proteobacteria_c__Epsilonproteobacteria_o__Campylobacterales_f__Helicobacteraceae_g__Helicobacter,dropped
k__Bacteria_p__Proteobacteria_c__Epsilonproteobacteria_o__Campylobacterales_f__Helicobacteraceae_g__Helicobacter_s__Helicobacter_equorum,dropped
k__Bacteria_p__Proteobacteria_c__Epsilonproteobacteria_o__Campylobacterales_f__Helicobacteraceae_g__Helicobacter_s__Helicobacter_pullorum,dropped
k__Bacteria_p__Proteobacteria_c__Epsilonproteobacteria_o__Campylobacterales_f__Helicobacteraceae_g__Helicobacter_s__Helicobacter_winghamensis,dropped
k__Bacteria_p__Proteobacteria_c__Gammaproteobacteria_o__Aeromonadales,dropped
k__Bacteria_p__Proteobacteria_c__Gammaproteobacteria_o__Aeromonadales_f__Aeromonadaceae,dropped
k__Bacteria_p__Proteobacteria_c__Gammaproteobacteria_o__Aeromonadales_f__Aeromonadaceae_g__Aeromonas,dropped
k__Bacteria_p__Proteobacteria_c__Gammaproteobacteria_o__Aeromonadales_f__Aeromonadaceae_g__Aeromonas_s__Aeromonas_caviae,dropped
k__Bacteria_p__Proteobacteria_c__Gammaproteobacteria_o__Aeromonadales_f__Aeromonadaceae_g__Aeromonas_s__Aeromonas_hydrophila,dropped
k__Bacteria_p__Proteobacteria_c__Gammaproteobacteria_o__Aeromonadales_f__Aeromonadaceae_g__Aeromonas_s__Aeromonas_veronii,dropped
k__Bacteria_p__Proteobacteria_c__Gammaproteobacteria_o__Aeromonadales_f__Succinivibrionaceae,dropped
k__Bacteria_p__Proteobacteria_c__Gammaproteobacteria_o__Aeromonadales_f__Succinivibrionaceae_g__Succinatimonas,dropped
k__Bacteria_p__Proteobacteria_c__Gammaproteobacteria_o__Aeromonadales_f__Succinivibrionaceae_g__Succinatimonas_s__Succinatimonas_hippei,dropped
k__Bacteria_p__Proteobacteria_c__Gammaproteobacteria_o__Aeromonadales_f__Succinivibrionaceae_g__Succinatimonas_s__Succinatimonas_sp_CAG_777,dropped
k__Bacteria_p__Proteobacteria_c__Gammaproteobacteria_o__Cardiobacteriales,dropped
k__Bacteria_p__Proteobacteria_c__Gammaproteobacteria_o__Cardiobacteriales_f__Cardiobacteriaceae,dropped
k__Bacteria_p__Proteobacteria_c__Gammaproteobacteria_o__Cardiobacteriales_f__Cardiobacteriaceae_g__Cardiobacterium,dropped
k__Bacteria_p__Proteobacteria_c__Gammaproteobacteria_o__Cardiobacteriales_f__Cardiobacteriaceae_g__Cardiobacterium_s__Cardiobacterium_hominis,dropped
k__Bacteria_p__Proteobacteria_c__Gammaproteobacteria_o__Cardiobacteriales_f__Cardiobacteriaceae_g__Cardiobacterium_s__Cardiobacterium_valvarum,dropped
k__Bacteria_p__Proteobacteria_c__Gammaproteobacteria_o__Enterobacterales_f__Enterobacterales_unclassified,dropped
k__Bacteria_p__Proteobacteria_c__Gammaproteobacteria_o__Enterobacterales_f__Enterobacterales_unclassified_g__Phytobacter,dropped
k__Bacteria_p__Proteobacteria_c__Gammaproteobacteria_o__Enterobacterales_f__Enterobacterales_unclassified_g__Phytobacter_s__Phytobacter_ursingii,dropped
k__Bacteria_p__Proteobacteria_c__Gammaproteobacteria_o__Enterobacterales_f__Enterobacterales_unclassified_g__Plesiomonas,dropped
k__Bacteria_p__Proteobacteria_c__Gammaproteobacteria_o__Enterobacterales_f__Enterobacterales_unclassified_g__Plesiomonas_s__Plesiomonas_shigelloides,dropped
k__Bacteria_p__Proteobacteria_c__Gammaproteobacteria_o__Enterobacterales_f__Enterobacteriaceae_g__Atlantibacter,dropped
k__Bacteria_p__Proteobacteria_c__Gammaproteobacteria_o__Enterobacterales_f__Enterobacteriaceae_g__Atlantibacter_s__Atlantibacter_hermannii,dropped
k__Bacteria_p__Proteobacteria_c__Gammaproteobacteria_o__Enterobacterales_f__Enterobacteriaceae_g__Citrobacter_s__Citrobacter_braakii,dropped
k__Bacteria_p__Proteobacteria_c__Gammaproteobacteria_o__Enterobacterales_f__Enterobacteriaceae_g__Citrobacter_s__Citrobacter_europaeus,dropped
k__Bacteria_p__Proteobacteria_c__Gammaproteobacteria_o__Enterobacterales_f__Enterobacteriaceae_g__Citrobacter_s__Citrobacter_koseri,dropped
k__Bacteria_p__Proteobacteria_c__Gammaproteobacteria_o__Enterobacterales_f__Enterobacteriaceae_g__Citrobacter_s__Citrobacter_portucalensis,dropped
k__Bacteria_p__Proteobacteria_c__Gammaproteobacteria_o__Enterobacterales_f__Enterobacteriaceae_g__Citrobacter_s__Citrobacter_sp_MGH106,dropped
k__Bacteria_p__Proteobacteria_c__Gammaproteobacteria_o__Enterobacterales_f__Enterobacteriaceae_g__Citrobacter_s__Citrobacter_werkmanii,dropped
k__Bacteria_p__Proteobacteria_c__Gammaproteobacteria_o__Enterobacterales_f__Enterobacteriaceae_g__Cronobacter,dropped
k__Bacteria_p__Proteobacteria_c__Gammaproteobacteria_o__Enterobacterales_f__Enterobacteriaceae_g__Cronobacter_s__Cronobacter_sakazakii,dropped
k__Bacteria_p__Proteobacteria_c__Gammaproteobacteria_o__Enterobacterales_f__Enterobacteriaceae_g__Enterobacter_s__Enterobacter_bugandensis,dropped
k__Bacteria_p__Proteobacteria_c__Gammaproteobacteria_o__Enterobacterales_f__Enterobacteriaceae_g__Enterobacter_s__Enterobacter_mori,dropped
k__Bacteria_p__Proteobacteria_c__Gammaproteobacteria_o__Enterobacterales_f__Enterobacteriaceae_g__Enterobacter_s__Enterobacter_soli,dropped
k__Bacteria_p__Proteobacteria_c__Gammaproteobacteria_o__Enterobacterales_f__Enterobacteriaceae_g__Escherichia_s__Escherichia_albertii,dropped
k__Bacteria_p__Proteobacteria_c__Gammaproteobacteria_o__Enterobacterales_f__Enterobacteriaceae_g__Escherichia_s__Escherichia_fergusonii,dropped
k__Bacteria_p__Proteobacteria_c__Gammaproteobacteria_o__Enterobacterales_f__Enterobacteriaceae_g__Klebsiella_s__Klebsiella_aerogenes,dropped
k__Bacteria_p__Proteobacteria_c__Gammaproteobacteria_o__Enterobacterales_f__Enterobacteriaceae_g__Klebsiella_s__Klebsiella_grimontii,dropped
k__Bacteria_p__Proteobacteria_c__Gammaproteobacteria_o__Enterobacterales_f__Enterobacteriaceae_g__Kluyvera,dropped
k__Bacteria_p__Proteobacteria_c__Gammaproteobacteria_o__Enterobacterales_f__Enterobacteriaceae_g__Kluyvera_s__Kluyvera_ascorbata,dropped
k__Bacteria_p__Proteobacteria_c__Gammaproteobacteria_o__Enterobacterales_f__Enterobacteriaceae_g__Kluyvera_s__Kluyvera_cryocrescens,dropped
k__Bacteria_p__Proteobacteria_c__Gammaproteobacteria_o__Enterobacterales_f__Enterobacteriaceae_g__Kluyvera_s__Kluyvera_georgiana,dropped
k__Bacteria_p__Proteobacteria_c__Gammaproteobacteria_o__Enterobacterales_f__Enterobacteriaceae_g__Kluyvera_s__Kluyvera_intermedia,dropped
k__Bacteria_p__Proteobacteria_c__Gammaproteobacteria_o__Enterobacterales_f__Enterobacteriaceae_g__Kosakonia,dropped
k__Bacteria_p__Proteobacteria_c__Gammaproteobacteria_o__Enterobacterales_f__Enterobacteriaceae_g__Kosakonia_s__Kosakonia_cowanii,dropped
k__Bacteria_p__Proteobacteria_c__Gammaproteobacteria_o__Enterobacterales_f__Enterobacteriaceae_g__Kosakonia_s__Kosakonia_pseudosacchari,dropped
k__Bacteria_p__Proteobacteria_c__Gammaproteobacteria_o__Enterobacterales_f__Enterobacteriaceae_g__Kosakonia_s__Kosakonia_sp_S29,dropped
k__Bacteria_p__Proteobacteria_c__Gammaproteobacteria_o__Enterobacterales_f__Enterobacteriaceae_g__Leclercia,dropped
k__Bacteria_p__Proteobacteria_c__Gammaproteobacteria_o__Enterobacterales_f__Enterobacteriaceae_g__Leclercia_s__Leclercia_adecarboxylata,dropped
k__Bacteria_p__Proteobacteria_c__Gammaproteobacteria_o__Enterobacterales_f__Enterobacteriaceae_g__Lelliottia,dropped
k__Bacteria_p__Proteobacteria_c__Gammaproteobacteria_o__Enterobacterales_f__Enterobacteriaceae_g__Lelliottia_s__Lelliottia_nimipressuralis,dropped
k__Bacteria_p__Proteobacteria_c__Gammaproteobacteria_o__Enterobacterales_f__Enterobacteriaceae_g__Metakosakonia,dropped
k__Bacteria_p__Proteobacteria_c__Gammaproteobacteria_o__Enterobacterales_f__Enterobacteriaceae_g__Metakosakonia_s__Kluyvera_intestini,dropped
k__Bacteria_p__Proteobacteria_c__Gammaproteobacteria_o__Enterobacterales_f__Enterobacteriaceae_g__Pluralibacter,dropped
k__Bacteria_p__Proteobacteria_c__Gammaproteobacteria_o__Enterobacterales_f__Enterobacteriaceae_g__Pluralibacter_s__Pluralibacter_gergoviae,dropped
k__Bacteria_p__Proteobacteria_c__Gammaproteobacteria_o__Enterobacterales_f__Enterobacteriaceae_g__Raoultella_s__Raoultella_ornithinolytica,dropped
k__Bacteria_p__Proteobacteria_c__Gammaproteobacteria_o__Enterobacterales_f__Enterobacteriaceae_g__Raoultella_s__Raoultella_planticola,dropped
k__Bacteria_p__Proteobacteria_c__Gammaproteobacteria_o__Enterobacterales_f__Enterobacteriaceae_g__Salmonella,dropped
k__Bacteria_p__Proteobacteria_c__Gammaproteobacteria_o__Enterobacterales_f__Enterobacteriaceae_g__Salmonella_s__Salmonella_enterica,dropped
k__Bacteria_p__Proteobacteria_c__Gammaproteobacteria_o__Enterobacterales_f__Hafniaceae,dropped
k__Bacteria_p__Proteobacteria_c__Gammaproteobacteria_o__Enterobacterales_f__Hafniaceae_g__Hafnia,dropped
k__Bacteria_p__Proteobacteria_c__Gammaproteobacteria_o__Enterobacterales_f__Hafniaceae_g__Hafnia_s__Hafnia_alvei,dropped
k__Bacteria_p__Proteobacteria_c__Gammaproteobacteria_o__Enterobacterales_f__Hafniaceae_g__Hafnia_s__Hafnia_paralvei,dropped
k__Bacteria_p__Proteobacteria_c__Gammaproteobacteria_o__Enterobacterales_f__Morganellaceae_g__Morganella,dropped
k__Bacteria_p__Proteobacteria_c__Gammaproteobacteria_o__Enterobacterales_f__Morganellaceae_g__Morganella_s__Morganella_morganii,dropped
k__Bacteria_p__Proteobacteria_c__Gammaproteobacteria_o__Enterobacterales_f__Morganellaceae_g__Proteus,dropped
k__Bacteria_p__Proteobacteria_c__Gammaproteobacteria_o__Enterobacterales_f__Morganellaceae_g__Proteus_s__Proteus_penneri,dropped
k__Bacteria_p__Proteobacteria_c__Gammaproteobacteria_o__Enterobacterales_f__Morganellaceae_g__Proteus_s__Proteus_vulgaris,dropped
k__Bacteria_p__Proteobacteria_c__Gammaproteobacteria_o__Enterobacterales_f__Morganellaceae_g__Providencia,dropped
k__Bacteria_p__Proteobacteria_c__Gammaproteobacteria_o__Enterobacterales_f__Morganellaceae_g__Providencia_s__Providencia_alcalifaciens,dropped
k__Bacteria_p__Proteobacteria_c__Gammaproteobacteria_o__Enterobacterales_f__Morganellaceae_g__Providencia_s__Providencia_rettgeri,dropped
k__Bacteria_p__Proteobacteria_c__Gammaproteobacteria_o__Enterobacterales_f__Yersiniaceae,dropped
k__Bacteria_p__Proteobacteria_c__Gammaproteobacteria_o__Enterobacterales_f__Yersiniaceae_g__Serratia,dropped
k__Bacteria_p__Proteobacteria_c__Gammaproteobacteria_o__Enterobacterales_f__Yersiniaceae_g__Serratia_s__Serratia_marcescens,dropped
k__Bacteria_p__Proteobacteria_c__Gammaproteobacteria_o__Enterobacterales_f__Yersiniaceae_g__Yersinia,dropped
k__Bacteria_p__Proteobacteria_c__Gammaproteobacteria_o__Enterobacterales_f__Yersiniaceae_g__Yersinia_s__Yersinia_enterocolitica,dropped
k__Bacteria_p__Proteobacteria_c__Gammaproteobacteria_o__Gammaproteobacteria_unclassified,dropped
k__Bacteria_p__Proteobacteria_c__Gammaproteobacteria_o__Gammaproteobacteria_unclassified_f__Gammaproteobacteria_unclassified,dropped
k__Bacteria_p__Proteobacteria_c__Gammaproteobacteria_o__Gammaproteobacteria_unclassified_f__Gammaproteobacteria_unclassified_g__Wohlfahrtiimonas,dropped
k__Bacteria_p__Proteobacteria_c__Gammaproteobacteria_o__Gammaproteobacteria_unclassified_f__Gammaproteobacteria_unclassified_g__Wohlfahrtiimonas_s__Wohlfahrtiimonas_chitiniclastica,dropped
k__Bacteria_p__Proteobacteria_c__Gammaproteobacteria_o__Pasteurellales_f__Pasteurellaceae_g__Aggregatibacter_s__Aggregatibacter_aphrophilus,dropped
k__Bacteria_p__Proteobacteria_c__Gammaproteobacteria_o__Pasteurellales_f__Pasteurellaceae_g__Aggregatibacter_s__Aggregatibacter_segnis,dropped
k__Bacteria_p__Proteobacteria_c__Gammaproteobacteria_o__Pasteurellales_f__Pasteurellaceae_g__Aggregatibacter_s__Aggregatibacter_sp_oral_taxon_458,dropped
k__Bacteria_p__Proteobacteria_c__Gammaproteobacteria_o__Pasteurellales_f__Pasteurellaceae_g__Gallibacterium,dropped
k__Bacteria_p__Proteobacteria_c__Gammaproteobacteria_o__Pasteurellales_f__Pasteurellaceae_g__Gallibacterium_s__Gallibacterium_anatis,dropped
k__Bacteria_p__Proteobacteria_c__Gammaproteobacteria_o__Pasteurellales_f__Pasteurellaceae_g__Haemophilus_s__Haemophilus_haemolyticus,dropped
k__Bacteria_p__Proteobacteria_c__Gammaproteobacteria_o__Pasteurellales_f__Pasteurellaceae_g__Haemophilus_s__Haemophilus_parahaemolyticus,dropped
k__Bacteria_p__Proteobacteria_c__Gammaproteobacteria_o__Pasteurellales_f__Pasteurellaceae_g__Haemophilus_s__Haemophilus_paraphrohaemolyticus,dropped
k__Bacteria_p__Proteobacteria_c__Gammaproteobacteria_o__Pasteurellales_f__Pasteurellaceae_g__Haemophilus_s__Haemophilus_pittmaniae,dropped
k__Bacteria_p__Proteobacteria_c__Gammaproteobacteria_o__Pasteurellales_f__Pasteurellaceae_g__Haemophilus_s__Haemophilus_quentini,dropped
k__Bacteria_p__Proteobacteria_c__Gammaproteobacteria_o__Pasteurellales_f__Pasteurellaceae_g__Haemophilus_s__Haemophilus_sputorum,dropped
k__Bacteria_p__Proteobacteria_c__Gammaproteobacteria_o__Pseudomonadales,dropped
k__Bacteria_p__Proteobacteria_c__Gammaproteobacteria_o__Pseudomonadales_f__Moraxellaceae,dropped
k__Bacteria_p__Proteobacteria_c__Gammaproteobacteria_o__Pseudomonadales_f__Moraxellaceae_g__Acinetobacter,dropped
k__Bacteria_p__Proteobacteria_c__Gammaproteobacteria_o__Pseudomonadales_f__Moraxellaceae_g__Acinetobacter_s__Acinetobacter_baumannii,dropped
k__Bacteria_p__Proteobacteria_c__Gammaproteobacteria_o__Pseudomonadales_f__Moraxellaceae_g__Acinetobacter_s__Acinetobacter_idrijaensis,dropped
k__Bacteria_p__Proteobacteria_c__Gammaproteobacteria_o__Pseudomonadales_f__Moraxellaceae_g__Acinetobacter_s__Acinetobacter_johnsonii,dropped
k__Bacteria_p__Proteobacteria_c__Gammaproteobacteria_o__Pseudomonadales_f__Moraxellaceae_g__Acinetobacter_s__Acinetobacter_lwoffii,dropped
k__Bacteria_p__Proteobacteria_c__Gammaproteobacteria_o__Pseudomonadales_f__Moraxellaceae_g__Acinetobacter_s__Acinetobacter_pittii,dropped
k__Bacteria_p__Proteobacteria_c__Gammaproteobacteria_o__Pseudomonadales_f__Moraxellaceae_g__Moraxella,dropped
k__Bacteria_p__Proteobacteria_c__Gammaproteobacteria_o__Pseudomonadales_f__Moraxellaceae_g__Moraxella_s__Moraxella_osloensis,dropped
k__Bacteria_p__Proteobacteria_c__Gammaproteobacteria_o__Pseudomonadales_f__Pseudomonadaceae,dropped
k__Bacteria_p__Proteobacteria_c__Gammaproteobacteria_o__Pseudomonadales_f__Pseudomonadaceae_g__Pseudomonas,dropped
k__Bacteria_p__Proteobacteria_c__Gammaproteobacteria_o__Pseudomonadales_f__Pseudomonadaceae_g__Pseudomonas_s__Pseudomonas_aeruginosa_group,dropped
k__Bacteria_p__Proteobacteria_c__Gammaproteobacteria_o__Pseudomonadales_f__Pseudomonadaceae_g__Pseudomonas_s__Pseudomonas_fluorescens_group,dropped
k__Bacteria_p__Proteobacteria_c__Gammaproteobacteria_o__Pseudomonadales_f__Pseudomonadaceae_g__Pseudomonas_s__Pseudomonas_fragi,dropped
k__Bacteria_p__Proteobacteria_c__Gammaproteobacteria_o__Pseudomonadales_f__Pseudomonadaceae_g__Pseudomonas_s__Pseudomonas_helleri,dropped
k__Bacteria_p__Proteobacteria_c__Gammaproteobacteria_o__Xanthomonadales,dropped
k__Bacteria_p__Proteobacteria_c__Gammaproteobacteria_o__Xanthomonadales_f__Xanthomonadaceae,dropped
k__Bacteria_p__Proteobacteria_c__Gammaproteobacteria_o__Xanthomonadales_f__Xanthomonadaceae_g__Stenotrophomonas,dropped
k__Bacteria_p__Proteobacteria_c__Gammaproteobacteria_o__Xanthomonadales_f__Xanthomonadaceae_g__Stenotrophomonas_s__Stenotrophomonas_maltophilia,dropped
k__Bacteria_p__Proteobacteria_c__Proteobacteria_unclassified_o__Proteobacteria_unclassified_f__Proteobacteria_unclassified_g__Proteobacteria_unclassified_s__Proteobacteria_bacterium_CAG_495,dropped
k__Bacteria_p__Spirochaetes,dropped
k__Bacteria_p__Spirochaetes_c__Spirochaetia,dropped
k__Bacteria_p__Spirochaetes_c__Spirochaetia_o__Brachyspirales,dropped
k__Bacteria_p__Spirochaetes_c__Spirochaetia_o__Brachyspirales_f__Brachyspiraceae,dropped
k__Bacteria_p__Spirochaetes_c__Spirochaetia_o__Brachyspirales_f__Brachyspiraceae_g__Brachyspira,dropped
k__Bacteria_p__Spirochaetes_c__Spirochaetia_o__Brachyspirales_f__Brachyspiraceae_g__Brachyspira_s__Brachyspira_sp_CAG_484,dropped
k__Bacteria_p__Spirochaetes_c__Spirochaetia_o__Brachyspirales_f__Brachyspiraceae_g__Brachyspira_s__Brachyspira_sp_CAG_700,dropped
k__Bacteria_p__Synergistetes,dropped
k__Bacteria_p__Synergistetes_c__Synergistia,dropped
k__Bacteria_p__Synergistetes_c__Synergistia_o__Synergistales,dropped
k__Bacteria_p__Synergistetes_c__Synergistia_o__Synergistales_f__Synergistaceae,dropped
k__Bacteria_p__Synergistetes_c__Synergistia_o__Synergistales_f__Synergistaceae_g__Cloacibacillus,dropped
k__Bacteria_p__Synergistetes_c__Synergistia_o__Synergistales_f__Synergistaceae_g__Cloacibacillus_s__Cloacibacillus_evryensis,dropped
k__Bacteria_p__Synergistetes_c__Synergistia_o__Synergistales_f__Synergistaceae_g__Cloacibacillus_s__Cloacibacillus_porcorum,dropped
k__Bacteria_p__Synergistetes_c__Synergistia_o__Synergistales_f__Synergistaceae_g__Fretibacterium,dropped
k__Bacteria_p__Synergistetes_c__Synergistia_o__Synergistales_f__Synergistaceae_g__Fretibacterium_s__Fretibacterium_fastidiosum,dropped
k__Bacteria_p__Synergistetes_c__Synergistia_o__Synergistales_f__Synergistaceae_g__Jonquetella,dropped
k__Bacteria_p__Synergistetes_c__Synergistia_o__Synergistales_f__Synergistaceae_g__Jonquetella_s__Jonquetella_anthropi,dropped
k__Bacteria_p__Synergistetes_c__Synergistia_o__Synergistales_f__Synergistaceae_g__Pyramidobacter,dropped
k__Bacteria_p__Synergistetes_c__Synergistia_o__Synergistales_f__Synergistaceae_g__Pyramidobacter_s__Pyramidobacter_piscolens,dropped
k__Bacteria_p__Synergistetes_c__Synergistia_o__Synergistales_f__Synergistaceae_g__Pyramidobacter_s__Pyramidobacter_sp_C12_8,dropped
k__Bacteria_p__Tenericutes,dropped
k__Bacteria_p__Tenericutes_c__Mollicutes,dropped
k__Bacteria_p__Tenericutes_c__Mollicutes_o__Acholeplasmatales,dropped
k__Bacteria_p__Tenericutes_c__Mollicutes_o__Acholeplasmatales_f__Acholeplasmataceae,dropped
k__Bacteria_p__Tenericutes_c__Mollicutes_o__Acholeplasmatales_f__Acholeplasmataceae_g__Acholeplasma,dropped
k__Bacteria_p__Tenericutes_c__Mollicutes_o__Acholeplasmatales_f__Acholeplasmataceae_g__Acholeplasma_s__Acholeplasma_sp_CAG_878,dropped
k__Bacteria_p__Tenericutes_c__Mollicutes_o__Acholeplasmatales_f__Acholeplasmataceae_g__Candidatus_Phytoplasma,dropped
k__Bacteria_p__Tenericutes_c__Mollicutes_o__Acholeplasmatales_f__Acholeplasmataceae_g__Candidatus_Phytoplasma_s__Aster_yellows_witches_broom_phytoplasma,dropped
k__Bacteria_p__Tenericutes_c__Mollicutes_o__Mycoplasmatales,dropped
k__Bacteria_p__Tenericutes_c__Mollicutes_o__Mycoplasmatales_f__Mycoplasmataceae,dropped
k__Bacteria_p__Tenericutes_c__Mollicutes_o__Mycoplasmatales_f__Mycoplasmataceae_g__Mycoplasma,dropped
k__Bacteria_p__Tenericutes_c__Mollicutes_o__Mycoplasmatales_f__Mycoplasmataceae_g__Mycoplasma_s__Mycoplasma_hominis,dropped
k__Bacteria_p__Tenericutes_c__Mollicutes_o__Mycoplasmatales_f__Mycoplasmataceae_g__Mycoplasma_s__Mycoplasma_sp_CAG_472,dropped
k__Bacteria_p__Tenericutes_c__Mollicutes_o__Mycoplasmatales_f__Mycoplasmataceae_g__Mycoplasma_s__Mycoplasma_sp_CAG_776,dropped
k__Bacteria_p__Tenericutes_c__Mollicutes_o__Mycoplasmatales_f__Mycoplasmataceae_g__Mycoplasma_s__Mycoplasma_sp_CAG_877,dropped
k__Bacteria_p__Tenericutes_c__Mollicutes_o__Mycoplasmatales_f__Mycoplasmataceae_g__Mycoplasma_s__Mycoplasma_sp_CAG_956,dropped
k__Bacteria_p__Verrucomicrobia_c__Opitutae,dropped
k__Bacteria_p__Verrucomicrobia_c__Opitutae_o__Puniceicoccales,dropped
k__Bacteria_p__Verrucomicrobia_c__Opitutae_o__Puniceicoccales_f__Puniceicoccaceae,dropped
k__Bacteria_p__Verrucomicrobia_c__Opitutae_o__Puniceicoccales_f__Puniceicoccaceae_g__Coraliomargarita,dropped
k__Bacteria_p__Verrucomicrobia_c__Opitutae_o__Puniceicoccales_f__Puniceicoccaceae_g__Coraliomargarita_s__Coraliomargarita_sp_CAG_312,dropped
k__Eukaryota;p__Ascomycota,dropped
k__Eukaryota;p__Ascomycota;c__Saccharomycetes,dropped
k__Eukaryota;p__Ascomycota;c__Saccharomycetes;o__Saccharomycetales,dropped
k__Eukaryota;p__Ascomycota;c__Saccharomycetes;o__Saccharomycetales;f__Debaryomycetaceae,dropped
k__Eukaryota;p__Ascomycota;c__Saccharomycetes;o__Saccharomycetales;f__Debaryomycetaceae;g__Candida,dropped
k__Eukaryota;p__Ascomycota;c__Saccharomycetes;o__Saccharomycetales;f__Debaryomycetaceae;g__Candida;s__Candida_albicans,dropped
k__Eukaryota;p__Ascomycota;c__Saccharomycetes;o__Saccharomycetales;f__Debaryomycetaceae;g__Candida;s__Candida_dubliniensis,dropped
k__Eukaryota;p__Ascomycota;c__Saccharomycetes;o__Saccharomycetales;f__Debaryomycetaceae;g__Candida;s__Candida_tropicalis,dropped
k__Eukaryota;p__Ascomycota;c__Saccharomycetes;o__Saccharomycetales;f__Saccharomycetaceae,dropped
k__Eukaryota;p__Ascomycota;c__Saccharomycetes;o__Saccharomycetales;f__Saccharomycetaceae;g__Saccharomyces,dropped
k__Eukaryota;p__Ascomycota;c__Saccharomycetes;o__Saccharomycetales;f__Saccharomycetaceae;g__Saccharomyces;s__Saccharomyces_cerevisiae,dropped
k__Eukaryota;p__Ascomycota;c__Saccharomycetes;o__Saccharomycetales;f__Saccharomycetaceae;g__Saccharomyces;s__Saccharomyces_eubayanus,dropped
k__Eukaryota;p__Eukaryota_unclassified,dropped
k__Eukaryota;p__Eukaryota_unclassified;c__Eukaryota_unclassified,dropped
k__Eukaryota;p__Eukaryota_unclassified;c__Eukaryota_unclassified;o__Eukaryota_unclassified,dropped
k__Eukaryota;p__Eukaryota_unclassified;c__Eukaryota_unclassified;o__Eukaryota_unclassified;f__Entamoebidae,dropped
k__Eukaryota;p__Eukaryota_unclassified;c__Eukaryota_unclassified;o__Eukaryota_unclassified;f__Entamoebidae;g__Entamoeba,dropped
k__Eukaryota;p__Eukaryota_unclassified;c__Eukaryota_unclassified;o__Eukaryota_unclassified;f__Entamoebidae;g__Entamoeba;s__Entamoeba_dispar,dropped
k__Eukaryota;p__Eukaryota_unclassified;c__Eukaryota_unclassified;o__Eukaryota_unclassified;f__Eukaryota_unclassified,dropped
k__Eukaryota;p__Eukaryota_unclassified;c__Eukaryota_unclassified;o__Eukaryota_unclassified;f__Eukaryota_unclassified;g__Blastocystis,dropped
k__Eukaryota;p__Eukaryota_unclassified;c__Eukaryota_unclassified;o__Eukaryota_unclassified;f__Eukaryota_unclassified;g__Blastocystis;s__Blastocystis_sp_subtype_1,dropped
k__Eukaryota;p__Eukaryota_unclassified;c__Eukaryota_unclassified;o__Eukaryota_unclassified;f__Hexamitidae,dropped
k__Eukaryota;p__Eukaryota_unclassified;c__Eukaryota_unclassified;o__Eukaryota_unclassified;f__Hexamitidae;g__Giardia,dropped
k__Eukaryota;p__Eukaryota_unclassified;c__Eukaryota_unclassified;o__Eukaryota_unclassified;f__Hexamitidae;g__Giardia;s__Giardia_intestinalis,dropped
k__Eukaryota_p__Ascomycota,dropped
k__Eukaryota_p__Ascomycota_c__Saccharomycetes,dropped
k__Eukaryota_p__Ascomycota_c__Saccharomycetes_o__Saccharomycetales,dropped
k__Eukaryota_p__Ascomycota_c__Saccharomycetes_o__Saccharomycetales_f__Debaryomycetaceae,dropped
k__Eukaryota_p__Ascomycota_c__Saccharomycetes_o__Saccharomycetales_f__Debaryomycetaceae_g__Candida,dropped
k__Eukaryota_p__Ascomycota_c__Saccharomycetes_o__Saccharomycetales_f__Debaryomycetaceae_g__Candida_s__Candida_albicans,dropped
k__Eukaryota_p__Ascomycota_c__Saccharomycetes_o__Saccharomycetales_f__Saccharomycetaceae,dropped
k__Eukaryota_p__Ascomycota_c__Saccharomycetes_o__Saccharomycetales_f__Saccharomycetaceae_g__Saccharomyces,dropped
k__Eukaryota_p__Ascomycota_c__Saccharomycetes_o__Saccharomycetales_f__Saccharomycetaceae_g__Saccharomyces_s__Saccharomyces_cerevisiae,dropped
k__Eukaryota_p__Eukaryota_unclassified,dropped
k__Eukaryota_p__Eukaryota_unclassified_c__Eukaryota_unclassified,dropped
k__Eukaryota_p__Eukaryota_unclassified_c__Eukaryota_unclassified_o__Eukaryota_unclassified,dropped
k__Eukaryota_p__Eukaryota_unclassified_c__Eukaryota_unclassified_o__Eukaryota_unclassified_f__Entamoebidae,dropped
k__Eukaryota_p__Eukaryota_unclassified_c__Eukaryota_unclassified_o__Eukaryota_unclassified_f__Entamoebidae_g__Entamoeba,dropped
k__Eukaryota_p__Eukaryota_unclassified_c__Eukaryota_unclassified_o__Eukaryota_unclassified_f__Entamoebidae_g__Entamoeba_s__Entamoeba_dispar,dropped
k__Eukaryota_p__Eukaryota_unclassified_c__Eukaryota_unclassified_o__Eukaryota_unclassified_f__Entamoebidae_g__Entamoeba_s__Entamoeba_nuttalli,dropped
k__Eukaryota_p__Eukaryota_unclassified_c__Eukaryota_unclassified_o__Eukaryota_unclassified_f__Eukaryota_unclassified,dropped
k__Eukaryota_p__Eukaryota_unclassified_c__Eukaryota_unclassified_o__Eukaryota_unclassified_f__Eukaryota_unclassified_g__Blastocystis,dropped
k__Eukaryota_p__Eukaryota_unclassified_c__Eukaryota_unclassified_o__Eukaryota_unclassified_f__Eukaryota_unclassified_g__Blastocystis_s__Blastocystis_hominis,dropped
k__Eukaryota_p__Eukaryota_unclassified_c__Eukaryota_unclassified_o__Eukaryota_unclassified_f__Eukaryota_unclassified_g__Blastocystis_s__Blastocystis_sp_subtype_1,dropped
