microbe,status
Unassigned.1,dropped
k__Archaea;_p__Crenarchaeota;_c__Thaumarchaeota;_o__Nitrososphaerales;_f__Nitrososphaeraceae;_g__Candidatus_Nitrososphaera;_s__,dropped
k__Archaea;_p__Crenarchaeota;_c__Thaumarchaeota;_o__Nitrososphaerales;_f__Nitrososphaeraceae;_g__Candidatus_Nitrososphaera;_s__SCA1170,dropped
k__Archaea;_p__Crenarchaeota;_c__Thaumarchaeota;_o__Nitrososphaerales;_f__Nitrososphaeraceae;_g__Candidatus_Nitrososphaera;_s__gargensis,dropped
k__Archaea;_p__Euryarchaeota;_c__Methanobacteria;_o__Methanobacteriales;_f__Methanobacteriaceae;_g__Methanobrevibacter;_s__.1,dropped
k__Archaea;_p__Euryarchaeota;_c__Methanomicrobia;_o__Methanomicrobiales;_f__Methanocorpusculaceae;_g__;_s__,dropped
k__Archaea;_p__Euryarchaeota;_c__Thermoplasmata;_o__E2;_f___Methanomassiliicoccaceae_;_g__vadinCA11;_s__,dropped
k__Archaea;p__Euryarchaeota;c__Methanobacteria;o__Methanobacteriales;f__Methanobacteriaceae;g__Methanobrevibacter;s__arboriphilus,dropped
k__Archaea;p__Euryarchaeota;c__Thermoplasmata;o__E2;f___Methanomassiliicoccaceae_;g__Methanomassiliicoccus;s__,dropped
k__Archaea;p__Euryarchaeota;c__Thermoplasmata;o__E2;f___Methanomassiliicoccaceae_;g__vadinCA11;s__,dropped
k__Bacteria.131,dropped
k__Bacteria.132,dropped
k__Bacteria.133,dropped
k__Bacteria.134,dropped
k__Bacteria.135,dropped
k__Bacteria.136,dropped
k__Bacteria.137,dropped
k__Bacteria.138,dropped
k__Bacteria.139,dropped
k__Bacteria.140,dropped
k__Bacteria.141,dropped
k__Bacteria.142,dropped
k__Bacteria.143,dropped
k__Bacteria.144,dropped
k__Bacteria.145,dropped
k__Bacteria.146,dropped
k__Bacteria.147,dropped
k__Bacteria.148,dropped
k__Bacteria.149,dropped
k__Bacteria.150,dropped
k__Bacteria.151,dropped
k__Bacteria.152,dropped
k__Bacteria.153,dropped
k__Bacteria.154,dropped
k__Bacteria.155,dropped
k__Bacteria.156,dropped
k__Bacteria.157,dropped
k__Bacteria.158,dropped
k__Bacteria.159,dropped
k__Bacteria.160,dropped
k__Bacteria.161,dropped
k__Bacteria.162,dropped
k__Bacteria.163,dropped
k__Bacteria.164,dropped
k__Bacteria.165,dropped
k__Bacteria.166,dropped
k__Bacteria.167,dropped
k__Bacteria.168,dropped
k__Bacteria.169,dropped
k__Bacteria.170,dropped
k__Bacteria.171,dropped
k__Bacteria.172,dropped
k__Bacteria.173,dropped
k__Bacteria.174,dropped
k__Bacteria.175,dropped
k__Bacteria.176,dropped
k__Bacteria.177,dropped
k__Bacteria.178,dropped
k__Bacteria.179,dropped
k__Bacteria.180,dropped
k__Bacteria.181,dropped
k__Bacteria.182,dropped
k__Bacteria.183,dropped
k__Bacteria.184,dropped
k__Bacteria.185,dropped
k__Bacteria.186,dropped
k__Bacteria.187,dropped
k__Bacteria.188,dropped
k__Bacteria.189,dropped
k__Bacteria.190,dropped
k__Bacteria.191,dropped
k__Bacteria.192,dropped
k__Bacteria.193,dropped
k__Bacteria.194,dropped
k__Bacteria.195,dropped
k__Bacteria.196,dropped
k__Bacteria.197,dropped
k__Bacteria.198,dropped
k__Bacteria.199,dropped
k__Bacteria.200,dropped
k__Bacteria.201,dropped
k__Bacteria.202,dropped
k__Bacteria.203,dropped
k__Bacteria.204,dropped
k__Bacteria.205,dropped
k__Bacteria.206,dropped
k__Bacteria.207,dropped
k__Bacteria.208,dropped
k__Bacteria.209,dropped
k__Bacteria.210,dropped
k__Bacteria.211,dropped
k__Bacteria.212,dropped
k__Bacteria.213,dropped
k__Bacteria.214,dropped
k__Bacteria.215,dropped
k__Bacteria.216,dropped
k__Bacteria.217,dropped
k__Bacteria.218,dropped
k__Bacteria.219,dropped
k__Bacteria.220,dropped
k__Bacteria.221,dropped
k__Bacteria.222,dropped
k__Bacteria.223,dropped
k__Bacteria.224,dropped
k__Bacteria.225,dropped
k__Bacteria.226,dropped
k__Bacteria.227,dropped
k__Bacteria.228,dropped
k__Bacteria.229,dropped
k__Bacteria.230,dropped
k__Bacteria.231,dropped
k__Bacteria.232,dropped
k__Bacteria.233,dropped
k__Bacteria.234,dropped
k__Bacteria.235,dropped
k__Bacteria.236,dropped
k__Bacteria.237,dropped
k__Bacteria.238,dropped
k__Bacteria.239,dropped
k__Bacteria.240,dropped
k__Bacteria.241,dropped
k__Bacteria.242,dropped
k__Bacteria.243,dropped
k__Bacteria.244,dropped
k__Bacteria.245,dropped
k__Bacteria.246,dropped
k__Bacteria.247,dropped
k__Bacteria.248,dropped
k__Bacteria.249,dropped
k__Bacteria.250,dropped
k__Bacteria.251,dropped
k__Bacteria.252,dropped
k__Bacteria.253,dropped
k__Bacteria.254,dropped
k__Bacteria.255,dropped
k__Bacteria.256,dropped
k__Bacteria.257,dropped
k__Bacteria.258,dropped
k__Bacteria.259,dropped
k__Bacteria.260,dropped
k__Bacteria.261,dropped
k__Bacteria.262,dropped
k__Bacteria.263,dropped
k__Bacteria.264,dropped
k__Bacteria.265,dropped
k__Bacteria.266,dropped
k__Bacteria.267,dropped
k__Bacteria.268,dropped
k__Bacteria.269,dropped
k__Bacteria.270,dropped
k__Bacteria.271,dropped
k__Bacteria.272,dropped
k__Bacteria.273,dropped
k__Bacteria.274,dropped
k__Bacteria.275,dropped
k__Bacteria.276,dropped
k__Bacteria.277,dropped
k__Bacteria.278,dropped
k__Bacteria.279,dropped
k__Bacteria.280,dropped
k__Bacteria.281,dropped
k__Bacteria.282,dropped
k__Bacteria.283,dropped
k__Bacteria.284,dropped
k__Bacteria.285,dropped
k__Bacteria.286,dropped
k__Bacteria.287,dropped
k__Bacteria.288,dropped
k__Bacteria.289,dropped
k__Bacteria.290,dropped
k__Bacteria.291,dropped
k__Bacteria.292,dropped
k__Bacteria.293,dropped
k__Bacteria.294,dropped
k__Bacteria.295,dropped
k__Bacteria.296,dropped
k__Bacteria.297,dropped
k__Bacteria.298,dropped
k__Bacteria.299,dropped
k__Bacteria.300,dropped
k__Bacteria.301,dropped
k__Bacteria.302,dropped
k__Bacteria.303,dropped
k__Bacteria.304,dropped
k__Bacteria.305,dropped
k__Bacteria.306,dropped
k__Bacteria.307,dropped
k__Bacteria.308,dropped
k__Bacteria.309,dropped
k__Bacteria.310,dropped
k__Bacteria.311,dropped
k__Bacteria.312,dropped
k__Bacteria.313,dropped
k__Bacteria.314,dropped
k__Bacteria.315,dropped
k__Bacteria.316,dropped
k__Bacteria.317,dropped
k__Bacteria.318,dropped
k__Bacteria.319,dropped
k__Bacteria.320,dropped
k__Bacteria.321,dropped
k__Bacteria.322,dropped
k__Bacteria.323,dropped
k__Bacteria.324,dropped
k__Bacteria.325,dropped
k__Bacteria.326,dropped
k__Bacteria.327,dropped
k__Bacteria.328,dropped
k__Bacteria.329,dropped
k__Bacteria.330,dropped
k__Bacteria.331,dropped
k__Bacteria.332,dropped
k__Bacteria.333,dropped
k__Bacteria.334,dropped
k__Bacteria.335,dropped
k__Bacteria.336,dropped
k__Bacteria.337,dropped
k__Bacteria.338,dropped
k__Bacteria.339,dropped
k__Bacteria.340,dropped
k__Bacteria.341,dropped
k__Bacteria.342,dropped
k__Bacteria.343,dropped
k__Bacteria.344,dropped
k__Bacteria.345,dropped
k__Bacteria.346,dropped
k__Bacteria.347,dropped
k__Bacteria.348,dropped
k__Bacteria.349,dropped
k__Bacteria.350,dropped
k__Bacteria.351,dropped
k__Bacteria.352,dropped
k__Bacteria.353,dropped
k__Bacteria.354,dropped
k__Bacteria.355,dropped
k__Bacteria.356,dropped
k__Bacteria.357,dropped
k__Bacteria.358,dropped
k__Bacteria.359,dropped
k__Bacteria.360,dropped
k__Bacteria.361,dropped
k__Bacteria.362,dropped
k__Bacteria.363,dropped
k__Bacteria.364,dropped
k__Bacteria.365,dropped
k__Bacteria.366,dropped
k__Bacteria.367,dropped
k__Bacteria.368,dropped
k__Bacteria.369,dropped
k__Bacteria.370,dropped
k__Bacteria.371,dropped
k__Bacteria.372,dropped
k__Bacteria.373,dropped
k__Bacteria.374,dropped
k__Bacteria.375,dropped
k__Bacteria.376,dropped
k__Bacteria.377,dropped
k__Bacteria.378,dropped
k__Bacteria.379,dropped
k__Bacteria.380,dropped
k__Bacteria.381,dropped
k__Bacteria.382,dropped
k__Bacteria.383,dropped
k__Bacteria.384,dropped
k__Bacteria.385,dropped
k__Bacteria.386,dropped
k__Bacteria.387,dropped
k__Bacteria.388,dropped
k__Bacteria.389,dropped
k__Bacteria.390,dropped
k__Bacteria.391,dropped
k__Bacteria.392,dropped
k__Bacteria.393,dropped
k__Bacteria.394,dropped
k__Bacteria.395,dropped
k__Bacteria.396,dropped
k__Bacteria.397,dropped
k__Bacteria.398,dropped
k__Bacteria.399,dropped
k__Bacteria.400,dropped
k__Bacteria.401,dropped
k__Bacteria.402,dropped
k__Bacteria.403,dropped
k__Bacteria.404,dropped
k__Bacteria.405,dropped
k__Bacteria.406,dropped
k__Bacteria.407,dropped
k__Bacteria.408,dropped
k__Bacteria.409,dropped
k__Bacteria.410,dropped
k__Bacteria.411,dropped
k__Bacteria.412,dropped
k__Bacteria.413,dropped
k__Bacteria.414,dropped
k__Bacteria.415,dropped
k__Bacteria.416,dropped
k__Bacteria.417,dropped
k__Bacteria.418,dropped
k__Bacteria.419,dropped
k__Bacteria.420,dropped
k__Bacteria.421,dropped
k__Bacteria.422,dropped
k__Bacteria.423,dropped
k__Bacteria.424,dropped
k__Bacteria.425,dropped
k__Bacteria.426,dropped
k__Bacteria.427,dropped
k__Bacteria.428,dropped
k__Bacteria.429,dropped
k__Bacteria.430,dropped
k__Bacteria.431,dropped
k__Bacteria.432,dropped
k__Bacteria.433,dropped
k__Bacteria.434,dropped
k__Bacteria.435,dropped
k__Bacteria.436,dropped
k__Bacteria.437,dropped
k__Bacteria.438,dropped
k__Bacteria.439,dropped
k__Bacteria.440,dropped
k__Bacteria.441,dropped
k__Bacteria.442,dropped
k__Bacteria.443,dropped
k__Bacteria.444,dropped
k__Bacteria.445,dropped
k__Bacteria.446,dropped
k__Bacteria.447,dropped
k__Bacteria.448,dropped
k__Bacteria.449,dropped
k__Bacteria.450,dropped
k__Bacteria.451,dropped
k__Bacteria.452,dropped
k__Bacteria.453,dropped
k__Bacteria.454,dropped
k__Bacteria.455,dropped
k__Bacteria.456,dropped
k__Bacteria.457,dropped
k__Bacteria.458,dropped
k__Bacteria.459,dropped
k__Bacteria.460,dropped
k__Bacteria.461,dropped
k__Bacteria.462,dropped
k__Bacteria.463,dropped
k__Bacteria.464,dropped
k__Bacteria.465,dropped
k__Bacteria.466,dropped
k__Bacteria.467,dropped
k__Bacteria.468,dropped
k__Bacteria.469,dropped
k__Bacteria.470,dropped
k__Bacteria.471,dropped
k__Bacteria.472,dropped
k__Bacteria.473,dropped
k__Bacteria.474,dropped
k__Bacteria.475,dropped
k__Bacteria.476,dropped
k__Bacteria.477,dropped
k__Bacteria.478,dropped
k__Bacteria.479,dropped
k__Bacteria.480,dropped
k__Bacteria.481,dropped
k__Bacteria.482,dropped
k__Bacteria.483,dropped
k__Bacteria.484,dropped
k__Bacteria.485,dropped
k__Bacteria.486,dropped
k__Bacteria.487,dropped
k__Bacteria.488,dropped
k__Bacteria.489,dropped
k__Bacteria.490,dropped
k__Bacteria.491,dropped
k__Bacteria.492,dropped
k__Bacteria.493,dropped
k__Bacteria.494,dropped
k__Bacteria.495,dropped
k__Bacteria.496,dropped
k__Bacteria.497,dropped
k__Bacteria.498,dropped
k__Bacteria.499,dropped
k__Bacteria.500,dropped
k__Bacteria.501,dropped
k__Bacteria.502,dropped
k__Bacteria.503,dropped
k__Bacteria.504,dropped
k__Bacteria.505,dropped
k__Bacteria.506,dropped
k__Bacteria.507,dropped
k__Bacteria.508,dropped
k__Bacteria.509,dropped
k__Bacteria.510,dropped
k__Bacteria.511,dropped
k__Bacteria.512,dropped
k__Bacteria.513,dropped
k__Bacteria.514,dropped
k__Bacteria.515,dropped
k__Bacteria.64,dropped
k__Bacteria;_p__;_c__;_o__;_f__;_g__;_s__,dropped
k__Bacteria;_p__;_c__;_o__;_f__;_g__;_s__.1,dropped
k__Bacteria;_p__;_c__;_o__;_f__;_g__;_s__.2,dropped
k__Bacteria;_p__;_c__;_o__;_f__;_g__;_s__.3,dropped
k__Bacteria;_p__;_c__;_o__;_f__;_g__;_s__.4,dropped
k__Bacteria;_p__;_c__;_o__;_f__;_g__;_s__.5,dropped
k__Bacteria;_p__Acidobacteria;_c__Acidobacteriia;_o__Acidobacteriales;_f__Koribacteraceae;_g__;_s__,dropped
k__Bacteria;_p__Acidobacteria;_c___Chloracidobacteria_;_o__RB41;_f__;_g__;_s__,dropped
k__Bacteria;_p__Acidobacteria;_c___Chloracidobacteria_;_o__RB41;_f__Ellin6075;_g__;_s__,dropped
k__Bacteria;_p__Acidobacteria;_c___Chloracidobacteria_;_o__RB41;_f__Ellin6075;_g__;_s__.1,dropped
k__Bacteria;_p__Acidobacteria;_c___Chloracidobacteria_;_o__RB41;_f__Ellin6075;_g__;_s__.2,dropped
k__Bacteria;_p__Actinobacteria,dropped
k__Bacteria;_p__Actinobacteria;_c__Acidimicrobiia;_o__Acidimicrobiales;_f__OCS155;_g__;_s__,dropped
k__Bacteria;_p__Actinobacteria;_c__Actinobacteria;_o__Actinomycetales.1,dropped
k__Bacteria;_p__Actinobacteria;_c__Actinobacteria;_o__Actinomycetales;_f__Actinomycetaceae;_g__Actinomyces;_s__.4,dropped
k__Bacteria;_p__Actinobacteria;_c__Actinobacteria;_o__Actinomycetales;_f__Actinomycetaceae;_g__Actinomyces;_s__.5,dropped
k__Bacteria;_p__Actinobacteria;_c__Actinobacteria;_o__Actinomycetales;_f__Brevibacteriaceae;_g__Brevibacterium,dropped
k__Bacteria;_p__Actinobacteria;_c__Actinobacteria;_o__Actinomycetales;_f__Brevibacteriaceae;_g__Brevibacterium.1,dropped
k__Bacteria;_p__Actinobacteria;_c__Actinobacteria;_o__Actinomycetales;_f__Corynebacteriaceae;_g__Corynebacterium;_s__.1,dropped
k__Bacteria;_p__Actinobacteria;_c__Actinobacteria;_o__Actinomycetales;_f__Corynebacteriaceae;_g__Corynebacterium;_s__.2,dropped
k__Bacteria;_p__Actinobacteria;_c__Actinobacteria;_o__Actinomycetales;_f__Corynebacteriaceae;_g__Corynebacterium;_s__durum,dropped
k__Bacteria;_p__Actinobacteria;_c__Actinobacteria;_o__Actinomycetales;_f__Corynebacteriaceae;_g__Corynebacterium;_s__simulans,dropped
k__Bacteria;_p__Actinobacteria;_c__Actinobacteria;_o__Actinomycetales;_f__Dermabacteraceae;_g__Brachybacterium,dropped
k__Bacteria;_p__Actinobacteria;_c__Actinobacteria;_o__Actinomycetales;_f__Intrasporangiaceae,dropped
k__Bacteria;_p__Actinobacteria;_c__Actinobacteria;_o__Actinomycetales;_f__Microbacteriaceae.1,dropped
k__Bacteria;_p__Actinobacteria;_c__Actinobacteria;_o__Actinomycetales;_f__Microbacteriaceae;_g__Leucobacter;_s__,dropped
k__Bacteria;_p__Actinobacteria;_c__Actinobacteria;_o__Actinomycetales;_f__Microbacteriaceae;_g__Microbacterium,dropped
k__Bacteria;_p__Actinobacteria;_c__Actinobacteria;_o__Actinomycetales;_f__Micrococcaceae,dropped
k__Bacteria;_p__Actinobacteria;_c__Actinobacteria;_o__Actinomycetales;_f__Micrococcaceae;_g__Arthrobacter,dropped
k__Bacteria;_p__Actinobacteria;_c__Actinobacteria;_o__Actinomycetales;_f__Micrococcaceae;_g__Micrococcus,dropped
k__Bacteria;_p__Actinobacteria;_c__Actinobacteria;_o__Actinomycetales;_f__Micrococcaceae;_g__Nesterenkonia;_s__,dropped
k__Bacteria;_p__Actinobacteria;_c__Actinobacteria;_o__Actinomycetales;_f__Micrococcaceae;_g__Rothia.1,dropped
k__Bacteria;_p__Actinobacteria;_c__Actinobacteria;_o__Actinomycetales;_f__Micrococcaceae;_g__Rothia;_s__dentocariosa,dropped
k__Bacteria;_p__Actinobacteria;_c__Actinobacteria;_o__Actinomycetales;_f__Mycobacteriaceae;_g__Mycobacterium,dropped
k__Bacteria;_p__Actinobacteria;_c__Actinobacteria;_o__Actinomycetales;_f__Nocardiaceae;_g__Rhodococcus;_s__,dropped
k__Bacteria;_p__Actinobacteria;_c__Actinobacteria;_o__Actinomycetales;_f__Propionibacteriaceae;_g__;_s__,dropped
k__Bacteria;_p__Actinobacteria;_c__Actinobacteria;_o__Actinomycetales;_f__Propionibacteriaceae;_g__Propionibacterium;_s__acnes,dropped
k__Bacteria;_p__Actinobacteria;_c__Actinobacteria;_o__Actinomycetales;_f__Propionibacteriaceae;_g__Propionibacterium;_s__granulosum,dropped
k__Bacteria;_p__Actinobacteria;_c__Actinobacteria;_o__Actinomycetales;_f__Pseudonocardiaceae;_g__;_s__,dropped
k__Bacteria;_p__Actinobacteria;_c__Actinobacteria;_o__Actinomycetales;_f__Pseudonocardiaceae;_g__;_s__.1,dropped
k__Bacteria;_p__Actinobacteria;_c__Actinobacteria;_o__Actinomycetales;_f__Streptomycetaceae,dropped
k__Bacteria;_p__Actinobacteria;_c__Actinobacteria;_o__Bifidobacteriales;_f__Bifidobacteriaceae;_g__Bifidobacterium.2,dropped
k__Bacteria;_p__Actinobacteria;_c__Actinobacteria;_o__Bifidobacteriales;_f__Bifidobacteriaceae;_g__Bifidobacterium.3,dropped
k__Bacteria;_p__Actinobacteria;_c__Actinobacteria;_o__Bifidobacteriales;_f__Bifidobacteriaceae;_g__Bifidobacterium.4,dropped
k__Bacteria;_p__Actinobacteria;_c__Actinobacteria;_o__Bifidobacteriales;_f__Bifidobacteriaceae;_g__Bifidobacterium.5,dropped
k__Bacteria;_p__Actinobacteria;_c__Actinobacteria;_o__Bifidobacteriales;_f__Bifidobacteriaceae;_g__Bifidobacterium;_s__.1,dropped
k__Bacteria;_p__Actinobacteria;_c__Actinobacteria;_o__Bifidobacteriales;_f__Bifidobacteriaceae;_g__Bifidobacterium;_s__longum.1,dropped
k__Bacteria;_p__Actinobacteria;_c__Coriobacteriia;_o__Coriobacteriales;_f__Coriobacteriaceae.2,dropped
k__Bacteria;_p__Actinobacteria;_c__Coriobacteriia;_o__Coriobacteriales;_f__Coriobacteriaceae;_g__;_s__.10,dropped
k__Bacteria;_p__Actinobacteria;_c__Coriobacteriia;_o__Coriobacteriales;_f__Coriobacteriaceae;_g__;_s__.11,dropped
k__Bacteria;_p__Actinobacteria;_c__Coriobacteriia;_o__Coriobacteriales;_f__Coriobacteriaceae;_g__;_s__.5,dropped
k__Bacteria;_p__Actinobacteria;_c__Coriobacteriia;_o__Coriobacteriales;_f__Coriobacteriaceae;_g__;_s__.6,dropped
k__Bacteria;_p__Actinobacteria;_c__Coriobacteriia;_o__Coriobacteriales;_f__Coriobacteriaceae;_g__;_s__.7,dropped
k__Bacteria;_p__Actinobacteria;_c__Coriobacteriia;_o__Coriobacteriales;_f__Coriobacteriaceae;_g__;_s__.8,dropped
k__Bacteria;_p__Actinobacteria;_c__Coriobacteriia;_o__Coriobacteriales;_f__Coriobacteriaceae;_g__;_s__.9,dropped
k__Bacteria;_p__Actinobacteria;_c__Coriobacteriia;_o__Coriobacteriales;_f__Coriobacteriaceae;_g__Adlercreutzia;_s__.2,dropped
k__Bacteria;_p__Actinobacteria;_c__Coriobacteriia;_o__Coriobacteriales;_f__Coriobacteriaceae;_g__Collinsella;_s__.2,dropped
k__Bacteria;_p__Actinobacteria;_c__Coriobacteriia;_o__Coriobacteriales;_f__Coriobacteriaceae;_g__Collinsella;_s__aerofaciens.1,dropped
k__Bacteria;_p__Actinobacteria;_c__Coriobacteriia;_o__Coriobacteriales;_f__Coriobacteriaceae;_g__Collinsella;_s__aerofaciens.2,dropped
k__Bacteria;_p__Actinobacteria;_c__Coriobacteriia;_o__Coriobacteriales;_f__Coriobacteriaceae;_g__Eggerthella,dropped
k__Bacteria;_p__Actinobacteria;_c__Coriobacteriia;_o__Coriobacteriales;_f__Coriobacteriaceae;_g__Eggerthella;_s__lenta.1,dropped
k__Bacteria;_p__Actinobacteria;_c__Coriobacteriia;_o__Coriobacteriales;_f__Coriobacteriaceae;_g__Olsenella,dropped
k__Bacteria;_p__Actinobacteria;_c__Coriobacteriia;_o__Coriobacteriales;_f__Coriobacteriaceae;_g__Olsenella;_s__uli,dropped
k__Bacteria;_p__Actinobacteria;_c__Coriobacteriia;_o__Coriobacteriales;_f__Coriobacteriaceae;_g__Paraeggerthella;_s__hongkongensis,dropped
k__Bacteria;_p__Actinobacteria;_c__Coriobacteriia;_o__Coriobacteriales;_f__Coriobacteriaceae;_g__Slackia;_s__.1,dropped
k__Bacteria;_p__Actinobacteria;_c__MB-A2-108;_o__0319-7L14;_f__;_g__;_s__,dropped
k__Bacteria;_p__Actinobacteria;_c__Thermoleophilia;_o__Solirubrobacterales,dropped
k__Bacteria;_p__Actinobacteria;_c__Thermoleophilia;_o__Solirubrobacterales;_f__;_g__;_s__,dropped
k__Bacteria;_p__Actinobacteria;_c__Thermoleophilia;_o__Solirubrobacterales;_f__;_g__;_s__.1,dropped
k__Bacteria;_p__Armatimonadetes;_c__SHA-37;_o__;_f__;_g__;_s__,dropped
k__Bacteria;_p__Armatimonadetes;_c__SJA-176;_o__TP122;_f__;_g__;_s__,dropped
k__Bacteria;_p__Armatimonadetes;_c___Fimbriimonadia_;_o___Fimbriimonadales_;_f___Fimbriimonadaceae_,dropped
k__Bacteria;_p__Armatimonadetes;_c___Fimbriimonadia_;_o___Fimbriimonadales_;_f___Fimbriimonadaceae_;_g__Fimbriimonas;_s__,dropped
k__Bacteria;_p__Bacteroidetes.10,dropped
k__Bacteria;_p__Bacteroidetes.2,dropped
k__Bacteria;_p__Bacteroidetes.3,dropped
k__Bacteria;_p__Bacteroidetes.4,dropped
k__Bacteria;_p__Bacteroidetes.5,dropped
k__Bacteria;_p__Bacteroidetes.6,dropped
k__Bacteria;_p__Bacteroidetes.7,dropped
k__Bacteria;_p__Bacteroidetes.8,dropped
k__Bacteria;_p__Bacteroidetes.9,dropped
k__Bacteria;_p__Bacteroidetes;_c__Bacteroidia;_o__Bacteroidales.10,dropped
k__Bacteria;_p__Bacteroidetes;_c__Bacteroidia;_o__Bacteroidales.11,dropped
k__Bacteria;_p__Bacteroidetes;_c__Bacteroidia;_o__Bacteroidales.12,dropped
k__Bacteria;_p__Bacteroidetes;_c__Bacteroidia;_o__Bacteroidales.13,dropped
k__Bacteria;_p__Bacteroidetes;_c__Bacteroidia;_o__Bacteroidales.14,dropped
k__Bacteria;_p__Bacteroidetes;_c__Bacteroidia;_o__Bacteroidales.15,dropped
k__Bacteria;_p__Bacteroidetes;_c__Bacteroidia;_o__Bacteroidales.16,dropped
k__Bacteria;_p__Bacteroidetes;_c__Bacteroidia;_o__Bacteroidales.17,dropped
k__Bacteria;_p__Bacteroidetes;_c__Bacteroidia;_o__Bacteroidales.18,dropped
k__Bacteria;_p__Bacteroidetes;_c__Bacteroidia;_o__Bacteroidales.19,dropped
k__Bacteria;_p__Bacteroidetes;_c__Bacteroidia;_o__Bacteroidales.20,dropped
k__Bacteria;_p__Bacteroidetes;_c__Bacteroidia;_o__Bacteroidales.21,dropped
k__Bacteria;_p__Bacteroidetes;_c__Bacteroidia;_o__Bacteroidales.22,dropped
k__Bacteria;_p__Bacteroidetes;_c__Bacteroidia;_o__Bacteroidales.23,dropped
k__Bacteria;_p__Bacteroidetes;_c__Bacteroidia;_o__Bacteroidales.24,dropped
k__Bacteria;_p__Bacteroidetes;_c__Bacteroidia;_o__Bacteroidales.25,dropped
k__Bacteria;_p__Bacteroidetes;_c__Bacteroidia;_o__Bacteroidales.26,dropped
k__Bacteria;_p__Bacteroidetes;_c__Bacteroidia;_o__Bacteroidales.27,dropped
k__Bacteria;_p__Bacteroidetes;_c__Bacteroidia;_o__Bacteroidales.28,dropped
k__Bacteria;_p__Bacteroidetes;_c__Bacteroidia;_o__Bacteroidales.29,dropped
k__Bacteria;_p__Bacteroidetes;_c__Bacteroidia;_o__Bacteroidales.30,dropped
k__Bacteria;_p__Bacteroidetes;_c__Bacteroidia;_o__Bacteroidales.31,dropped
k__Bacteria;_p__Bacteroidetes;_c__Bacteroidia;_o__Bacteroidales.32,dropped
k__Bacteria;_p__Bacteroidetes;_c__Bacteroidia;_o__Bacteroidales.33,dropped
k__Bacteria;_p__Bacteroidetes;_c__Bacteroidia;_o__Bacteroidales.34,dropped
k__Bacteria;_p__Bacteroidetes;_c__Bacteroidia;_o__Bacteroidales.35,dropped
k__Bacteria;_p__Bacteroidetes;_c__Bacteroidia;_o__Bacteroidales.36,dropped
k__Bacteria;_p__Bacteroidetes;_c__Bacteroidia;_o__Bacteroidales.37,dropped
k__Bacteria;_p__Bacteroidetes;_c__Bacteroidia;_o__Bacteroidales.38,dropped
k__Bacteria;_p__Bacteroidetes;_c__Bacteroidia;_o__Bacteroidales.39,dropped
k__Bacteria;_p__Bacteroidetes;_c__Bacteroidia;_o__Bacteroidales.40,dropped
k__Bacteria;_p__Bacteroidetes;_c__Bacteroidia;_o__Bacteroidales.41,dropped
k__Bacteria;_p__Bacteroidetes;_c__Bacteroidia;_o__Bacteroidales.6,dropped
k__Bacteria;_p__Bacteroidetes;_c__Bacteroidia;_o__Bacteroidales.7,dropped
k__Bacteria;_p__Bacteroidetes;_c__Bacteroidia;_o__Bacteroidales.8,dropped
k__Bacteria;_p__Bacteroidetes;_c__Bacteroidia;_o__Bacteroidales.9,dropped
k__Bacteria;_p__Bacteroidetes;_c__Bacteroidia;_o__Bacteroidales;_f__;_g__;_s__,dropped
k__Bacteria;_p__Bacteroidetes;_c__Bacteroidia;_o__Bacteroidales;_f__;_g__;_s__.1,dropped
k__Bacteria;_p__Bacteroidetes;_c__Bacteroidia;_o__Bacteroidales;_f__;_g__;_s__.2,dropped
k__Bacteria;_p__Bacteroidetes;_c__Bacteroidia;_o__Bacteroidales;_f__Bacteroidaceae,dropped
k__Bacteria;_p__Bacteroidetes;_c__Bacteroidia;_o__Bacteroidales;_f__Bacteroidaceae.1,dropped
k__Bacteria;_p__Bacteroidetes;_c__Bacteroidia;_o__Bacteroidales;_f__Bacteroidaceae.2,dropped
k__Bacteria;_p__Bacteroidetes;_c__Bacteroidia;_o__Bacteroidales;_f__Bacteroidaceae.3,dropped
k__Bacteria;_p__Bacteroidetes;_c__Bacteroidia;_o__Bacteroidales;_f__Bacteroidaceae.4,dropped
k__Bacteria;_p__Bacteroidetes;_c__Bacteroidia;_o__Bacteroidales;_f__Bacteroidaceae;_g__Bacteroides.10,dropped
k__Bacteria;_p__Bacteroidetes;_c__Bacteroidia;_o__Bacteroidales;_f__Bacteroidaceae;_g__Bacteroides.11,dropped
k__Bacteria;_p__Bacteroidetes;_c__Bacteroidia;_o__Bacteroidales;_f__Bacteroidaceae;_g__Bacteroides.12,dropped
k__Bacteria;_p__Bacteroidetes;_c__Bacteroidia;_o__Bacteroidales;_f__Bacteroidaceae;_g__Bacteroides.13,dropped
k__Bacteria;_p__Bacteroidetes;_c__Bacteroidia;_o__Bacteroidales;_f__Bacteroidaceae;_g__Bacteroides.14,dropped
k__Bacteria;_p__Bacteroidetes;_c__Bacteroidia;_o__Bacteroidales;_f__Bacteroidaceae;_g__Bacteroides.8,dropped
k__Bacteria;_p__Bacteroidetes;_c__Bacteroidia;_o__Bacteroidales;_f__Bacteroidaceae;_g__Bacteroides.9,dropped
k__Bacteria;_p__Bacteroidetes;_c__Bacteroidia;_o__Bacteroidales;_f__Bacteroidaceae;_g__Bacteroides;_s__.10,dropped
k__Bacteria;_p__Bacteroidetes;_c__Bacteroidia;_o__Bacteroidales;_f__Bacteroidaceae;_g__Bacteroides;_s__.11,dropped
k__Bacteria;_p__Bacteroidetes;_c__Bacteroidia;_o__Bacteroidales;_f__Bacteroidaceae;_g__Bacteroides;_s__.12,dropped
k__Bacteria;_p__Bacteroidetes;_c__Bacteroidia;_o__Bacteroidales;_f__Bacteroidaceae;_g__Bacteroides;_s__.13,dropped
k__Bacteria;_p__Bacteroidetes;_c__Bacteroidia;_o__Bacteroidales;_f__Bacteroidaceae;_g__Bacteroides;_s__.14,dropped
k__Bacteria;_p__Bacteroidetes;_c__Bacteroidia;_o__Bacteroidales;_f__Bacteroidaceae;_g__Bacteroides;_s__.15,dropped
k__Bacteria;_p__Bacteroidetes;_c__Bacteroidia;_o__Bacteroidales;_f__Bacteroidaceae;_g__Bacteroides;_s__.16,dropped
k__Bacteria;_p__Bacteroidetes;_c__Bacteroidia;_o__Bacteroidales;_f__Bacteroidaceae;_g__Bacteroides;_s__.17,dropped
k__Bacteria;_p__Bacteroidetes;_c__Bacteroidia;_o__Bacteroidales;_f__Bacteroidaceae;_g__Bacteroides;_s__.18,dropped
k__Bacteria;_p__Bacteroidetes;_c__Bacteroidia;_o__Bacteroidales;_f__Bacteroidaceae;_g__Bacteroides;_s__.19,dropped
k__Bacteria;_p__Bacteroidetes;_c__Bacteroidia;_o__Bacteroidales;_f__Bacteroidaceae;_g__Bacteroides;_s__.20,dropped
k__Bacteria;_p__Bacteroidetes;_c__Bacteroidia;_o__Bacteroidales;_f__Bacteroidaceae;_g__Bacteroides;_s__.21,dropped
k__Bacteria;_p__Bacteroidetes;_c__Bacteroidia;_o__Bacteroidales;_f__Bacteroidaceae;_g__Bacteroides;_s__.22,dropped
k__Bacteria;_p__Bacteroidetes;_c__Bacteroidia;_o__Bacteroidales;_f__Bacteroidaceae;_g__Bacteroides;_s__.23,dropped
k__Bacteria;_p__Bacteroidetes;_c__Bacteroidia;_o__Bacteroidales;_f__Bacteroidaceae;_g__Bacteroides;_s__.24,dropped
k__Bacteria;_p__Bacteroidetes;_c__Bacteroidia;_o__Bacteroidales;_f__Bacteroidaceae;_g__Bacteroides;_s__.25,dropped
k__Bacteria;_p__Bacteroidetes;_c__Bacteroidia;_o__Bacteroidales;_f__Bacteroidaceae;_g__Bacteroides;_s__.7,dropped
k__Bacteria;_p__Bacteroidetes;_c__Bacteroidia;_o__Bacteroidales;_f__Bacteroidaceae;_g__Bacteroides;_s__.8,dropped
k__Bacteria;_p__Bacteroidetes;_c__Bacteroidia;_o__Bacteroidales;_f__Bacteroidaceae;_g__Bacteroides;_s__.9,dropped
k__Bacteria;_p__Bacteroidetes;_c__Bacteroidia;_o__Bacteroidales;_f__Bacteroidaceae;_g__Bacteroides;_s__barnesiae.1,dropped
k__Bacteria;_p__Bacteroidetes;_c__Bacteroidia;_o__Bacteroidales;_f__Bacteroidaceae;_g__Bacteroides;_s__coprophilus.1,dropped
k__Bacteria;_p__Bacteroidetes;_c__Bacteroidia;_o__Bacteroidales;_f__Bacteroidaceae;_g__Bacteroides;_s__eggerthii.2,dropped
k__Bacteria;_p__Bacteroidetes;_c__Bacteroidia;_o__Bacteroidales;_f__Bacteroidaceae;_g__Bacteroides;_s__fragilis.2,dropped
k__Bacteria;_p__Bacteroidetes;_c__Bacteroidia;_o__Bacteroidales;_f__Bacteroidaceae;_g__Bacteroides;_s__ovatus.3,dropped
k__Bacteria;_p__Bacteroidetes;_c__Bacteroidia;_o__Bacteroidales;_f__Bacteroidaceae;_g__Bacteroides;_s__ovatus.4,dropped
k__Bacteria;_p__Bacteroidetes;_c__Bacteroidia;_o__Bacteroidales;_f__Bacteroidaceae;_g__Bacteroides;_s__plebeius.3,dropped
k__Bacteria;_p__Bacteroidetes;_c__Bacteroidia;_o__Bacteroidales;_f__Bacteroidaceae;_g__Bacteroides;_s__plebeius.4,dropped
k__Bacteria;_p__Bacteroidetes;_c__Bacteroidia;_o__Bacteroidales;_f__Bacteroidaceae;_g__Bacteroides;_s__plebeius.5,dropped
k__Bacteria;_p__Bacteroidetes;_c__Bacteroidia;_o__Bacteroidales;_f__Bacteroidaceae;_g__Bacteroides;_s__plebeius.6,dropped
k__Bacteria;_p__Bacteroidetes;_c__Bacteroidia;_o__Bacteroidales;_f__Bacteroidaceae;_g__Bacteroides;_s__plebeius.7,dropped
k__Bacteria;_p__Bacteroidetes;_c__Bacteroidia;_o__Bacteroidales;_f__Bacteroidaceae;_g__Bacteroides;_s__plebeius.8,dropped
k__Bacteria;_p__Bacteroidetes;_c__Bacteroidia;_o__Bacteroidales;_f__Bacteroidaceae;_g__Bacteroides;_s__uniformis.2,dropped
k__Bacteria;_p__Bacteroidetes;_c__Bacteroidia;_o__Bacteroidales;_f__Porphyromonadaceae,dropped
k__Bacteria;_p__Bacteroidetes;_c__Bacteroidia;_o__Bacteroidales;_f__Porphyromonadaceae.1,dropped
k__Bacteria;_p__Bacteroidetes;_c__Bacteroidia;_o__Bacteroidales;_f__Porphyromonadaceae.10,dropped
k__Bacteria;_p__Bacteroidetes;_c__Bacteroidia;_o__Bacteroidales;_f__Porphyromonadaceae.11,dropped
k__Bacteria;_p__Bacteroidetes;_c__Bacteroidia;_o__Bacteroidales;_f__Porphyromonadaceae.2,dropped
k__Bacteria;_p__Bacteroidetes;_c__Bacteroidia;_o__Bacteroidales;_f__Porphyromonadaceae.3,dropped
k__Bacteria;_p__Bacteroidetes;_c__Bacteroidia;_o__Bacteroidales;_f__Porphyromonadaceae.4,dropped
k__Bacteria;_p__Bacteroidetes;_c__Bacteroidia;_o__Bacteroidales;_f__Porphyromonadaceae.5,dropped
k__Bacteria;_p__Bacteroidetes;_c__Bacteroidia;_o__Bacteroidales;_f__Porphyromonadaceae.6,dropped
k__Bacteria;_p__Bacteroidetes;_c__Bacteroidia;_o__Bacteroidales;_f__Porphyromonadaceae.7,dropped
k__Bacteria;_p__Bacteroidetes;_c__Bacteroidia;_o__Bacteroidales;_f__Porphyromonadaceae.8,dropped
k__Bacteria;_p__Bacteroidetes;_c__Bacteroidia;_o__Bacteroidales;_f__Porphyromonadaceae.9,dropped
k__Bacteria;_p__Bacteroidetes;_c__Bacteroidia;_o__Bacteroidales;_f__Porphyromonadaceae;_g__Parabacteroides;_s__.4,dropped
k__Bacteria;_p__Bacteroidetes;_c__Bacteroidia;_o__Bacteroidales;_f__Porphyromonadaceae;_g__Parabacteroides;_s__.5,dropped
k__Bacteria;_p__Bacteroidetes;_c__Bacteroidia;_o__Bacteroidales;_f__Porphyromonadaceae;_g__Parabacteroides;_s__.6,dropped
k__Bacteria;_p__Bacteroidetes;_c__Bacteroidia;_o__Bacteroidales;_f__Porphyromonadaceae;_g__Parabacteroides;_s__distasonis.3,dropped
k__Bacteria;_p__Bacteroidetes;_c__Bacteroidia;_o__Bacteroidales;_f__Porphyromonadaceae;_g__Parabacteroides;_s__distasonis.4,dropped
k__Bacteria;_p__Bacteroidetes;_c__Bacteroidia;_o__Bacteroidales;_f__Porphyromonadaceae;_g__Parabacteroides;_s__distasonis.5,dropped
k__Bacteria;_p__Bacteroidetes;_c__Bacteroidia;_o__Bacteroidales;_f__Prevotellaceae;_g__;_s__.1,dropped
k__Bacteria;_p__Bacteroidetes;_c__Bacteroidia;_o__Bacteroidales;_f__Prevotellaceae;_g__Prevotella.10,dropped
k__Bacteria;_p__Bacteroidetes;_c__Bacteroidia;_o__Bacteroidales;_f__Prevotellaceae;_g__Prevotella.11,dropped
k__Bacteria;_p__Bacteroidetes;_c__Bacteroidia;_o__Bacteroidales;_f__Prevotellaceae;_g__Prevotella.12,dropped
k__Bacteria;_p__Bacteroidetes;_c__Bacteroidia;_o__Bacteroidales;_f__Prevotellaceae;_g__Prevotella.13,dropped
k__Bacteria;_p__Bacteroidetes;_c__Bacteroidia;_o__Bacteroidales;_f__Prevotellaceae;_g__Prevotella.14,dropped
k__Bacteria;_p__Bacteroidetes;_c__Bacteroidia;_o__Bacteroidales;_f__Prevotellaceae;_g__Prevotella.15,dropped
k__Bacteria;_p__Bacteroidetes;_c__Bacteroidia;_o__Bacteroidales;_f__Prevotellaceae;_g__Prevotella.3,dropped
k__Bacteria;_p__Bacteroidetes;_c__Bacteroidia;_o__Bacteroidales;_f__Prevotellaceae;_g__Prevotella.4,dropped
k__Bacteria;_p__Bacteroidetes;_c__Bacteroidia;_o__Bacteroidales;_f__Prevotellaceae;_g__Prevotella.5,dropped
k__Bacteria;_p__Bacteroidetes;_c__Bacteroidia;_o__Bacteroidales;_f__Prevotellaceae;_g__Prevotella.6,dropped
k__Bacteria;_p__Bacteroidetes;_c__Bacteroidia;_o__Bacteroidales;_f__Prevotellaceae;_g__Prevotella.7,dropped
k__Bacteria;_p__Bacteroidetes;_c__Bacteroidia;_o__Bacteroidales;_f__Prevotellaceae;_g__Prevotella.8,dropped
k__Bacteria;_p__Bacteroidetes;_c__Bacteroidia;_o__Bacteroidales;_f__Prevotellaceae;_g__Prevotella.9,dropped
k__Bacteria;_p__Bacteroidetes;_c__Bacteroidia;_o__Bacteroidales;_f__Prevotellaceae;_g__Prevotella;_s__.10,dropped
k__Bacteria;_p__Bacteroidetes;_c__Bacteroidia;_o__Bacteroidales;_f__Prevotellaceae;_g__Prevotella;_s__.11,dropped
k__Bacteria;_p__Bacteroidetes;_c__Bacteroidia;_o__Bacteroidales;_f__Prevotellaceae;_g__Prevotella;_s__.12,dropped
k__Bacteria;_p__Bacteroidetes;_c__Bacteroidia;_o__Bacteroidales;_f__Prevotellaceae;_g__Prevotella;_s__.13,dropped
k__Bacteria;_p__Bacteroidetes;_c__Bacteroidia;_o__Bacteroidales;_f__Prevotellaceae;_g__Prevotella;_s__.14,dropped
k__Bacteria;_p__Bacteroidetes;_c__Bacteroidia;_o__Bacteroidales;_f__Prevotellaceae;_g__Prevotella;_s__.15,dropped
k__Bacteria;_p__Bacteroidetes;_c__Bacteroidia;_o__Bacteroidales;_f__Prevotellaceae;_g__Prevotella;_s__.16,dropped
k__Bacteria;_p__Bacteroidetes;_c__Bacteroidia;_o__Bacteroidales;_f__Prevotellaceae;_g__Prevotella;_s__.17,dropped
k__Bacteria;_p__Bacteroidetes;_c__Bacteroidia;_o__Bacteroidales;_f__Prevotellaceae;_g__Prevotella;_s__.18,dropped
k__Bacteria;_p__Bacteroidetes;_c__Bacteroidia;_o__Bacteroidales;_f__Prevotellaceae;_g__Prevotella;_s__.6,dropped
k__Bacteria;_p__Bacteroidetes;_c__Bacteroidia;_o__Bacteroidales;_f__Prevotellaceae;_g__Prevotella;_s__.7,dropped
k__Bacteria;_p__Bacteroidetes;_c__Bacteroidia;_o__Bacteroidales;_f__Prevotellaceae;_g__Prevotella;_s__.8,dropped
k__Bacteria;_p__Bacteroidetes;_c__Bacteroidia;_o__Bacteroidales;_f__Prevotellaceae;_g__Prevotella;_s__.9,dropped
k__Bacteria;_p__Bacteroidetes;_c__Bacteroidia;_o__Bacteroidales;_f__Prevotellaceae;_g__Prevotella;_s__copri.10,dropped
k__Bacteria;_p__Bacteroidetes;_c__Bacteroidia;_o__Bacteroidales;_f__Prevotellaceae;_g__Prevotella;_s__copri.11,dropped
k__Bacteria;_p__Bacteroidetes;_c__Bacteroidia;_o__Bacteroidales;_f__Prevotellaceae;_g__Prevotella;_s__copri.12,dropped
k__Bacteria;_p__Bacteroidetes;_c__Bacteroidia;_o__Bacteroidales;_f__Prevotellaceae;_g__Prevotella;_s__copri.13,dropped
k__Bacteria;_p__Bacteroidetes;_c__Bacteroidia;_o__Bacteroidales;_f__Prevotellaceae;_g__Prevotella;_s__copri.14,dropped
k__Bacteria;_p__Bacteroidetes;_c__Bacteroidia;_o__Bacteroidales;_f__Prevotellaceae;_g__Prevotella;_s__copri.15,dropped
k__Bacteria;_p__Bacteroidetes;_c__Bacteroidia;_o__Bacteroidales;_f__Prevotellaceae;_g__Prevotella;_s__copri.16,dropped
k__Bacteria;_p__Bacteroidetes;_c__Bacteroidia;_o__Bacteroidales;_f__Prevotellaceae;_g__Prevotella;_s__copri.17,dropped
k__Bacteria;_p__Bacteroidetes;_c__Bacteroidia;_o__Bacteroidales;_f__Prevotellaceae;_g__Prevotella;_s__copri.18,dropped
k__Bacteria;_p__Bacteroidetes;_c__Bacteroidia;_o__Bacteroidales;_f__Prevotellaceae;_g__Prevotella;_s__copri.19,dropped
k__Bacteria;_p__Bacteroidetes;_c__Bacteroidia;_o__Bacteroidales;_f__Prevotellaceae;_g__Prevotella;_s__copri.20,dropped
k__Bacteria;_p__Bacteroidetes;_c__Bacteroidia;_o__Bacteroidales;_f__Prevotellaceae;_g__Prevotella;_s__copri.21,dropped
k__Bacteria;_p__Bacteroidetes;_c__Bacteroidia;_o__Bacteroidales;_f__Prevotellaceae;_g__Prevotella;_s__copri.22,dropped
k__Bacteria;_p__Bacteroidetes;_c__Bacteroidia;_o__Bacteroidales;_f__Prevotellaceae;_g__Prevotella;_s__copri.23,dropped
k__Bacteria;_p__Bacteroidetes;_c__Bacteroidia;_o__Bacteroidales;_f__Prevotellaceae;_g__Prevotella;_s__copri.24,dropped
k__Bacteria;_p__Bacteroidetes;_c__Bacteroidia;_o__Bacteroidales;_f__Prevotellaceae;_g__Prevotella;_s__copri.25,dropped
k__Bacteria;_p__Bacteroidetes;_c__Bacteroidia;_o__Bacteroidales;_f__Prevotellaceae;_g__Prevotella;_s__copri.26,dropped
k__Bacteria;_p__Bacteroidetes;_c__Bacteroidia;_o__Bacteroidales;_f__Prevotellaceae;_g__Prevotella;_s__copri.27,dropped
k__Bacteria;_p__Bacteroidetes;_c__Bacteroidia;_o__Bacteroidales;_f__Prevotellaceae;_g__Prevotella;_s__copri.28,dropped
k__Bacteria;_p__Bacteroidetes;_c__Bacteroidia;_o__Bacteroidales;_f__Prevotellaceae;_g__Prevotella;_s__copri.29,dropped
k__Bacteria;_p__Bacteroidetes;_c__Bacteroidia;_o__Bacteroidales;_f__Prevotellaceae;_g__Prevotella;_s__copri.30,dropped
k__Bacteria;_p__Bacteroidetes;_c__Bacteroidia;_o__Bacteroidales;_f__Prevotellaceae;_g__Prevotella;_s__copri.31,dropped
k__Bacteria;_p__Bacteroidetes;_c__Bacteroidia;_o__Bacteroidales;_f__Prevotellaceae;_g__Prevotella;_s__copri.32,dropped
k__Bacteria;_p__Bacteroidetes;_c__Bacteroidia;_o__Bacteroidales;_f__Prevotellaceae;_g__Prevotella;_s__copri.33,dropped
k__Bacteria;_p__Bacteroidetes;_c__Bacteroidia;_o__Bacteroidales;_f__Prevotellaceae;_g__Prevotella;_s__copri.34,dropped
k__Bacteria;_p__Bacteroidetes;_c__Bacteroidia;_o__Bacteroidales;_f__Prevotellaceae;_g__Prevotella;_s__copri.35,dropped
k__Bacteria;_p__Bacteroidetes;_c__Bacteroidia;_o__Bacteroidales;_f__Prevotellaceae;_g__Prevotella;_s__copri.36,dropped
k__Bacteria;_p__Bacteroidetes;_c__Bacteroidia;_o__Bacteroidales;_f__Prevotellaceae;_g__Prevotella;_s__copri.37,dropped
k__Bacteria;_p__Bacteroidetes;_c__Bacteroidia;_o__Bacteroidales;_f__Prevotellaceae;_g__Prevotella;_s__copri.38,dropped
k__Bacteria;_p__Bacteroidetes;_c__Bacteroidia;_o__Bacteroidales;_f__Prevotellaceae;_g__Prevotella;_s__copri.39,dropped
k__Bacteria;_p__Bacteroidetes;_c__Bacteroidia;_o__Bacteroidales;_f__Prevotellaceae;_g__Prevotella;_s__copri.40,dropped
k__Bacteria;_p__Bacteroidetes;_c__Bacteroidia;_o__Bacteroidales;_f__Prevotellaceae;_g__Prevotella;_s__copri.41,dropped
k__Bacteria;_p__Bacteroidetes;_c__Bacteroidia;_o__Bacteroidales;_f__Prevotellaceae;_g__Prevotella;_s__copri.42,dropped
k__Bacteria;_p__Bacteroidetes;_c__Bacteroidia;_o__Bacteroidales;_f__Prevotellaceae;_g__Prevotella;_s__copri.43,dropped
k__Bacteria;_p__Bacteroidetes;_c__Bacteroidia;_o__Bacteroidales;_f__Prevotellaceae;_g__Prevotella;_s__copri.44,dropped
k__Bacteria;_p__Bacteroidetes;_c__Bacteroidia;_o__Bacteroidales;_f__Prevotellaceae;_g__Prevotella;_s__copri.45,dropped
k__Bacteria;_p__Bacteroidetes;_c__Bacteroidia;_o__Bacteroidales;_f__Prevotellaceae;_g__Prevotella;_s__copri.46,dropped
k__Bacteria;_p__Bacteroidetes;_c__Bacteroidia;_o__Bacteroidales;_f__Prevotellaceae;_g__Prevotella;_s__copri.7,dropped
k__Bacteria;_p__Bacteroidetes;_c__Bacteroidia;_o__Bacteroidales;_f__Prevotellaceae;_g__Prevotella;_s__copri.8,dropped
k__Bacteria;_p__Bacteroidetes;_c__Bacteroidia;_o__Bacteroidales;_f__Prevotellaceae;_g__Prevotella;_s__copri.9,dropped
k__Bacteria;_p__Bacteroidetes;_c__Bacteroidia;_o__Bacteroidales;_f__Prevotellaceae;_g__Prevotella;_s__stercorea.4,dropped
k__Bacteria;_p__Bacteroidetes;_c__Bacteroidia;_o__Bacteroidales;_f__Prevotellaceae;_g__Prevotella;_s__stercorea.5,dropped
k__Bacteria;_p__Bacteroidetes;_c__Bacteroidia;_o__Bacteroidales;_f__Prevotellaceae;_g__Prevotella;_s__stercorea.6,dropped
k__Bacteria;_p__Bacteroidetes;_c__Bacteroidia;_o__Bacteroidales;_f__Prevotellaceae;_g__Prevotella;_s__stercorea.7,dropped
k__Bacteria;_p__Bacteroidetes;_c__Bacteroidia;_o__Bacteroidales;_f__Prevotellaceae;_g__Prevotella;_s__stercorea.8,dropped
k__Bacteria;_p__Bacteroidetes;_c__Bacteroidia;_o__Bacteroidales;_f__Prevotellaceae;_g__Prevotella;_s__stercorea.9,dropped
k__Bacteria;_p__Bacteroidetes;_c__Bacteroidia;_o__Bacteroidales;_f__Rikenellaceae;_g__Alistipes.1,dropped
k__Bacteria;_p__Bacteroidetes;_c__Bacteroidia;_o__Bacteroidales;_f__Rikenellaceae;_g__Alistipes.2,dropped
k__Bacteria;_p__Bacteroidetes;_c__Bacteroidia;_o__Bacteroidales;_f__Rikenellaceae;_g__Alistipes;_s__finegoldii.1,dropped
k__Bacteria;_p__Bacteroidetes;_c__Bacteroidia;_o__Bacteroidales;_f__Rikenellaceae;_g__Alistipes;_s__indistinctus.3,dropped
k__Bacteria;_p__Bacteroidetes;_c__Bacteroidia;_o__Bacteroidales;_f__Rikenellaceae;_g__Alistipes;_s__massiliensis,dropped
k__Bacteria;_p__Bacteroidetes;_c__Bacteroidia;_o__Bacteroidales;_f__Rikenellaceae;_g__Alistipes;_s__onderdonkii.1,dropped
k__Bacteria;_p__Bacteroidetes;_c__Bacteroidia;_o__Bacteroidales;_f__Rikenellaceae;_g__Alistipes;_s__putredinis.1,dropped
k__Bacteria;_p__Bacteroidetes;_c__Bacteroidia;_o__Bacteroidales;_f__Rikenellaceae;_g__Alistipes;_s__putredinis.2,dropped
k__Bacteria;_p__Bacteroidetes;_c__Bacteroidia;_o__Bacteroidales;_f__Rikenellaceae;_g__Alistipes;_s__putredinis.3,dropped
k__Bacteria;_p__Bacteroidetes;_c__Bacteroidia;_o__Bacteroidales;_f__Rikenellaceae;_g__human;_s__gut_metagenome,dropped
k__Bacteria;_p__Bacteroidetes;_c__Bacteroidia;_o__Bacteroidales;_f__S24-7;_g__;_s__.3,dropped
k__Bacteria;_p__Bacteroidetes;_c__Bacteroidia;_o__Bacteroidales;_f___Barnesiellaceae_.2,dropped
k__Bacteria;_p__Bacteroidetes;_c__Bacteroidia;_o__Bacteroidales;_f___Barnesiellaceae_;_g__;_s__.3,dropped
k__Bacteria;_p__Bacteroidetes;_c__Bacteroidia;_o__Bacteroidales;_f___Barnesiellaceae_;_g__;_s__.4,dropped
k__Bacteria;_p__Bacteroidetes;_c__Bacteroidia;_o__Bacteroidales;_f___Barnesiellaceae_;_g__Barnesiella;_s__intestinihominis,dropped
k__Bacteria;_p__Bacteroidetes;_c__Bacteroidia;_o__Bacteroidales;_f___Barnesiellaceae_;_g__Barnesiella;_s__viscericola,dropped
k__Bacteria;_p__Bacteroidetes;_c__Bacteroidia;_o__Bacteroidales;_f___Odoribacteraceae_;_g__Butyricimonas;_s__.6,dropped
k__Bacteria;_p__Bacteroidetes;_c__Bacteroidia;_o__Bacteroidales;_f___Odoribacteraceae_;_g__Butyricimonas;_s__.7,dropped
k__Bacteria;_p__Bacteroidetes;_c__Bacteroidia;_o__Bacteroidales;_f___Odoribacteraceae_;_g__Odoribacter;_s__.1,dropped
k__Bacteria;_p__Bacteroidetes;_c__Bacteroidia;_o__Bacteroidales;_f___Odoribacteraceae_;_g__Odoribacter;_s__.2,dropped
k__Bacteria;_p__Bacteroidetes;_c__Bacteroidia;_o__Bacteroidales;_f___Odoribacteraceae_;_g__Odoribacter;_s__.3,dropped
k__Bacteria;_p__Bacteroidetes;_c__Bacteroidia;_o__Bacteroidales;_f___Paraprevotellaceae_.1,dropped
k__Bacteria;_p__Bacteroidetes;_c__Bacteroidia;_o__Bacteroidales;_f___Paraprevotellaceae_;_g__;_s__.1,dropped
k__Bacteria;_p__Bacteroidetes;_c__Bacteroidia;_o__Bacteroidales;_f___Paraprevotellaceae_;_g__Paraprevotella;_s__.4,dropped
k__Bacteria;_p__Bacteroidetes;_c__Bacteroidia;_o__Bacteroidales;_f___Paraprevotellaceae_;_g__Paraprevotella;_s__.5,dropped
k__Bacteria;_p__Bacteroidetes;_c__Bacteroidia;_o__Bacteroidales;_f___Paraprevotellaceae_;_g___Prevotella_;_s__.3,dropped
k__Bacteria;_p__Bacteroidetes;_c__Bacteroidia;_o__Bacteroidales;_f___Paraprevotellaceae_;_g___Prevotella_;_s__.4,dropped
k__Bacteria;_p__Bacteroidetes;_c__Bacteroidia;_o__Bacteroidales;_f___Paraprevotellaceae_;_g___Prevotella_;_s__.5,dropped
k__Bacteria;_p__Bacteroidetes;_c__Bacteroidia;_o__Bacteroidales;_f___Paraprevotellaceae_;_g___Prevotella_;_s__.6,dropped
k__Bacteria;_p__Bacteroidetes;_c__Bacteroidia;_o__Bacteroidales;_f___Paraprevotellaceae_;_g___Prevotella_;_s__.7,dropped
k__Bacteria;_p__Bacteroidetes;_c__Flavobacteriia;_o__Flavobacteriales.1,dropped
k__Bacteria;_p__Bacteroidetes;_c__Flavobacteriia;_o__Flavobacteriales;_f__Blattabacteriaceae;_g__;_s__,dropped
k__Bacteria;_p__Bacteroidetes;_c__Flavobacteriia;_o__Flavobacteriales;_f__Cryomorphaceae;_g__;_s__,dropped
k__Bacteria;_p__Bacteroidetes;_c__Flavobacteriia;_o__Flavobacteriales;_f__Cryomorphaceae;_g__;_s__.1,dropped
k__Bacteria;_p__Bacteroidetes;_c__Flavobacteriia;_o__Flavobacteriales;_f__Cryomorphaceae;_g__;_s__.2,dropped
k__Bacteria;_p__Bacteroidetes;_c__Flavobacteriia;_o__Flavobacteriales;_f__Flavobacteriaceae,dropped
k__Bacteria;_p__Bacteroidetes;_c__Flavobacteriia;_o__Flavobacteriales;_f__Flavobacteriaceae;_g__;_s__,dropped
k__Bacteria;_p__Bacteroidetes;_c__Flavobacteriia;_o__Flavobacteriales;_f__Flavobacteriaceae;_g__;_s__.1,dropped
k__Bacteria;_p__Bacteroidetes;_c__Flavobacteriia;_o__Flavobacteriales;_f__Flavobacteriaceae;_g__;_s__.2,dropped
k__Bacteria;_p__Bacteroidetes;_c__Flavobacteriia;_o__Flavobacteriales;_f__Flavobacteriaceae;_g__Flavobacterium,dropped
k__Bacteria;_p__Bacteroidetes;_c__Flavobacteriia;_o__Flavobacteriales;_f__Flavobacteriaceae;_g__Flavobacterium;_s__succinicans,dropped
k__Bacteria;_p__Bacteroidetes;_c__Flavobacteriia;_o__Flavobacteriales;_f___Weeksellaceae_;_g__Chryseobacterium;_s__,dropped
k__Bacteria;_p__Bacteroidetes;_c__Flavobacteriia;_o__Flavobacteriales;_f___Weeksellaceae_;_g__Chryseobacterium;_s__.1,dropped
k__Bacteria;_p__Bacteroidetes;_c__Sphingobacteriia;_o__Sphingobacteriales,dropped
k__Bacteria;_p__Bacteroidetes;_c__Sphingobacteriia;_o__Sphingobacteriales;_f__Sphingobacteriaceae,dropped
k__Bacteria;_p__Bacteroidetes;_c__Sphingobacteriia;_o__Sphingobacteriales;_f__Sphingobacteriaceae;_g__Sphingobacterium,dropped
k__Bacteria;_p__Bacteroidetes;_c__Sphingobacteriia;_o__Sphingobacteriales;_f__Sphingobacteriaceae;_g__Sphingobacterium;_s__,dropped
k__Bacteria;_p__Bacteroidetes;_c__Sphingobacteriia;_o__Sphingobacteriales;_f__Sphingobacteriaceae;_g__Sphingobacterium;_s__.1,dropped
k__Bacteria;_p__Bacteroidetes;_c__Sphingobacteriia;_o__Sphingobacteriales;_f__Sphingobacteriaceae;_g__Sphingobacterium;_s__mizutaii,dropped
k__Bacteria;_p__Bacteroidetes;_c__Sphingobacteriia;_o__Sphingobacteriales;_f__Sphingobacteriaceae;_g__Sphingobacterium;_s__multivorum,dropped
k__Bacteria;_p__Bacteroidetes;_c___Saprospirae_;_o___Saprospirales_;_f__Chitinophagaceae,dropped
k__Bacteria;_p__Bacteroidetes;_c___Saprospirae_;_o___Saprospirales_;_f__Chitinophagaceae;_g__;_s__,dropped
k__Bacteria;_p__Bacteroidetes;_c___Saprospirae_;_o___Saprospirales_;_f__Chitinophagaceae;_g__Sediminibacterium;_s__,dropped
k__Bacteria;_p__Bacteroidetes;_c___Saprospirae_;_o___Saprospirales_;_f__Chitinophagaceae;_g__Sediminibacterium;_s__.1,dropped
k__Bacteria;_p__Chloroflexi;_c__Anaerolineae;_o__Anaerolineales;_f__Anaerolinaceae;_g__Longilinea;_s__,dropped
k__Bacteria;_p__Chloroflexi;_c__Anaerolineae;_o__Anaerolineales;_f__Anaerolinaceae;_g__T78;_s__,dropped
k__Bacteria;_p__Chloroflexi;_c__Anaerolineae;_o__H39;_f__;_g__;_s__,dropped
k__Bacteria;_p__Chloroflexi;_c__Anaerolineae;_o__SBR1031;_f__oc28;_g__;_s__,dropped
k__Bacteria;_p__Chloroflexi;_c__Chloroflexi;_o___Roseiflexales_;_f___Kouleothrixaceae_;_g__;_s__,dropped
k__Bacteria;_p__Cyanobacteria;_c__4C0d-2;_o__MLE1-12;_f__;_g__;_s__,dropped
k__Bacteria;_p__Cyanobacteria;_c__4C0d-2;_o__SM1D11;_f__;_g__;_s__,dropped
k__Bacteria;_p__Cyanobacteria;_c__4C0d-2;_o__YS2;_f__;_g__;_s__.10,dropped
k__Bacteria;_p__Cyanobacteria;_c__4C0d-2;_o__YS2;_f__;_g__;_s__.11,dropped
k__Bacteria;_p__Cyanobacteria;_c__4C0d-2;_o__YS2;_f__;_g__;_s__.12,dropped
k__Bacteria;_p__Cyanobacteria;_c__4C0d-2;_o__YS2;_f__;_g__;_s__.3,dropped
k__Bacteria;_p__Cyanobacteria;_c__4C0d-2;_o__YS2;_f__;_g__;_s__.4,dropped
k__Bacteria;_p__Cyanobacteria;_c__4C0d-2;_o__YS2;_f__;_g__;_s__.5,dropped
k__Bacteria;_p__Cyanobacteria;_c__4C0d-2;_o__YS2;_f__;_g__;_s__.6,dropped
k__Bacteria;_p__Cyanobacteria;_c__4C0d-2;_o__YS2;_f__;_g__;_s__.7,dropped
k__Bacteria;_p__Cyanobacteria;_c__4C0d-2;_o__YS2;_f__;_g__;_s__.8,dropped
k__Bacteria;_p__Cyanobacteria;_c__4C0d-2;_o__YS2;_f__;_g__;_s__.9,dropped
k__Bacteria;_p__Cyanobacteria;_c__Nostocophycideae;_o__Nostocales;_f__Nostocaceae,dropped
k__Bacteria;_p__Cyanobacteria;_c__Nostocophycideae;_o__Nostocales;_f__Nostocaceae;_g__Nostoc;_s__,dropped
k__Bacteria;_p__Firmicutes.10,dropped
k__Bacteria;_p__Firmicutes.11,dropped
k__Bacteria;_p__Firmicutes.12,dropped
k__Bacteria;_p__Firmicutes.13,dropped
k__Bacteria;_p__Firmicutes.14,dropped
k__Bacteria;_p__Firmicutes.15,dropped
k__Bacteria;_p__Firmicutes.4,dropped
k__Bacteria;_p__Firmicutes.5,dropped
k__Bacteria;_p__Firmicutes.6,dropped
k__Bacteria;_p__Firmicutes.7,dropped
k__Bacteria;_p__Firmicutes.8,dropped
k__Bacteria;_p__Firmicutes.9,dropped
k__Bacteria;_p__Firmicutes;_c__Bacilli;_o__Bacillales;_f__Bacillaceae,dropped
k__Bacteria;_p__Firmicutes;_c__Bacilli;_o__Bacillales;_f__Bacillaceae;_g__Anoxybacillus,dropped
k__Bacteria;_p__Firmicutes;_c__Bacilli;_o__Bacillales;_f__Bacillaceae;_g__Bacillus;_s__flexus,dropped
k__Bacteria;_p__Firmicutes;_c__Bacilli;_o__Bacillales;_f__Paenibacillaceae;_g__Brevibacillus,dropped
k__Bacteria;_p__Firmicutes;_c__Bacilli;_o__Bacillales;_f__Planococcaceae,dropped
k__Bacteria;_p__Firmicutes;_c__Bacilli;_o__Gemellales;_f__Gemellaceae.1,dropped
k__Bacteria;_p__Firmicutes;_c__Bacilli;_o__Lactobacillales.2,dropped
k__Bacteria;_p__Firmicutes;_c__Bacilli;_o__Lactobacillales;_f__Aerococcaceae;_g__Abiotrophia,dropped
k__Bacteria;_p__Firmicutes;_c__Bacilli;_o__Lactobacillales;_f__Aerococcaceae;_g__Alloiococcus;_s__,dropped
k__Bacteria;_p__Firmicutes;_c__Bacilli;_o__Lactobacillales;_f__Carnobacteriaceae;_g__Granulicatella;_s__,dropped
k__Bacteria;_p__Firmicutes;_c__Bacilli;_o__Lactobacillales;_f__Enterococcaceae;_g__Enterococcus;_s__,dropped
k__Bacteria;_p__Firmicutes;_c__Bacilli;_o__Lactobacillales;_f__Enterococcaceae;_g__Enterococcus;_s__.1,dropped
k__Bacteria;_p__Firmicutes;_c__Bacilli;_o__Lactobacillales;_f__Enterococcaceae;_g__Enterococcus;_s__.2,dropped
k__Bacteria;_p__Firmicutes;_c__Bacilli;_o__Lactobacillales;_f__Lactobacillaceae,dropped
k__Bacteria;_p__Firmicutes;_c__Bacilli;_o__Lactobacillales;_f__Lactobacillaceae;_g__Lactobacillus.3,dropped
k__Bacteria;_p__Firmicutes;_c__Bacilli;_o__Lactobacillales;_f__Lactobacillaceae;_g__Lactobacillus;_s__mucosae.1,dropped
k__Bacteria;_p__Firmicutes;_c__Bacilli;_o__Lactobacillales;_f__Lactobacillaceae;_g__Lactobacillus;_s__ruminis.1,dropped
k__Bacteria;_p__Firmicutes;_c__Bacilli;_o__Lactobacillales;_f__Lactobacillaceae;_g__Lactobacillus;_s__ruminis.2,dropped
k__Bacteria;_p__Firmicutes;_c__Bacilli;_o__Lactobacillales;_f__Lactobacillaceae;_g__Lactobacillus;_s__ruminis.3,dropped
k__Bacteria;_p__Firmicutes;_c__Bacilli;_o__Lactobacillales;_f__Lactobacillaceae;_g__Lactobacillus;_s__ruminis.4,dropped
k__Bacteria;_p__Firmicutes;_c__Bacilli;_o__Lactobacillales;_f__Leuconostocaceae;_g__Oenococcus,dropped
k__Bacteria;_p__Firmicutes;_c__Bacilli;_o__Lactobacillales;_f__Streptococcaceae;_g__Streptococcus.2,dropped
k__Bacteria;_p__Firmicutes;_c__Bacilli;_o__Lactobacillales;_f__Streptococcaceae;_g__Streptococcus;_s__.3,dropped
k__Bacteria;_p__Firmicutes;_c__Bacilli;_o__Lactobacillales;_f__Streptococcaceae;_g__Streptococcus;_s__alactolyticus,dropped
k__Bacteria;_p__Firmicutes;_c__Bacilli;_o__Lactobacillales;_f__Streptococcaceae;_g__Streptococcus;_s__anginosus.1,dropped
k__Bacteria;_p__Firmicutes;_c__Bacilli;_o__Lactobacillales;_f__Streptococcaceae;_g__Streptococcus;_s__equi,dropped
k__Bacteria;_p__Firmicutes;_c__Bacilli;_o__Turicibacterales;_f__Turicibacteraceae;_g__Turicibacter;_s__.1,dropped
k__Bacteria;_p__Firmicutes;_c__Bacilli;_o__Turicibacterales;_f__Turicibacteraceae;_g__Turicibacter;_s__.2,dropped
k__Bacteria;_p__Firmicutes;_c__Clostridia.2,dropped
k__Bacteria;_p__Firmicutes;_c__Clostridia.3,dropped
k__Bacteria;_p__Firmicutes;_c__Clostridia.4,dropped
k__Bacteria;_p__Firmicutes;_c__Clostridia.5,dropped
k__Bacteria;_p__Firmicutes;_c__Clostridia.6,dropped
k__Bacteria;_p__Firmicutes;_c__Clostridia.7,dropped
k__Bacteria;_p__Firmicutes;_c__Clostridia.8,dropped
k__Bacteria;_p__Firmicutes;_c__Clostridia;_o__Clostridiales.61,dropped
k__Bacteria;_p__Firmicutes;_c__Clostridia;_o__Clostridiales.62,dropped
k__Bacteria;_p__Firmicutes;_c__Clostridia;_o__Clostridiales.63,dropped
k__Bacteria;_p__Firmicutes;_c__Clostridia;_o__Clostridiales.64,dropped
k__Bacteria;_p__Firmicutes;_c__Clostridia;_o__Clostridiales.65,dropped
k__Bacteria;_p__Firmicutes;_c__Clostridia;_o__Clostridiales.66,dropped
k__Bacteria;_p__Firmicutes;_c__Clostridia;_o__Clostridiales.67,dropped
k__Bacteria;_p__Firmicutes;_c__Clostridia;_o__Clostridiales.68,dropped
k__Bacteria;_p__Firmicutes;_c__Clostridia;_o__Clostridiales.69,dropped
k__Bacteria;_p__Firmicutes;_c__Clostridia;_o__Clostridiales;_f__;_g__;_s__.13,dropped
k__Bacteria;_p__Firmicutes;_c__Clostridia;_o__Clostridiales;_f__;_g__;_s__.14,dropped
k__Bacteria;_p__Firmicutes;_c__Clostridia;_o__Clostridiales;_f__;_g__;_s__.15,dropped
k__Bacteria;_p__Firmicutes;_c__Clostridia;_o__Clostridiales;_f__;_g__;_s__.16,dropped
k__Bacteria;_p__Firmicutes;_c__Clostridia;_o__Clostridiales;_f__;_g__;_s__.17,dropped
k__Bacteria;_p__Firmicutes;_c__Clostridia;_o__Clostridiales;_f__Christensenellaceae;_g__;_s__.3,dropped
k__Bacteria;_p__Firmicutes;_c__Clostridia;_o__Clostridiales;_f__Christensenellaceae;_g__;_s__.4,dropped
k__Bacteria;_p__Firmicutes;_c__Clostridia;_o__Clostridiales;_f__Christensenellaceae;_g__Christensenella;_s__.2,dropped
k__Bacteria;_p__Firmicutes;_c__Clostridia;_o__Clostridiales;_f__Clostridiaceae.1,dropped
k__Bacteria;_p__Firmicutes;_c__Clostridia;_o__Clostridiales;_f__Clostridiaceae;_g__;_s__.1,dropped
k__Bacteria;_p__Firmicutes;_c__Clostridia;_o__Clostridiales;_f__Clostridiaceae;_g__Clostridium.3,dropped
k__Bacteria;_p__Firmicutes;_c__Clostridia;_o__Clostridiales;_f__Clostridiaceae;_g__Clostridium.4,dropped
k__Bacteria;_p__Firmicutes;_c__Clostridia;_o__Clostridiales;_f__Clostridiaceae;_g__Clostridium;_s__butyricum,dropped
k__Bacteria;_p__Firmicutes;_c__Clostridia;_o__Clostridiales;_f__Clostridiaceae;_g__Clostridium;_s__paraputrificum,dropped
k__Bacteria;_p__Firmicutes;_c__Clostridia;_o__Clostridiales;_f__EtOH8;_g__;_s__,dropped
k__Bacteria;_p__Firmicutes;_c__Clostridia;_o__Clostridiales;_f__Lachnospiraceae.48,dropped
k__Bacteria;_p__Firmicutes;_c__Clostridia;_o__Clostridiales;_f__Lachnospiraceae.49,dropped
k__Bacteria;_p__Firmicutes;_c__Clostridia;_o__Clostridiales;_f__Lachnospiraceae.50,dropped
k__Bacteria;_p__Firmicutes;_c__Clostridia;_o__Clostridiales;_f__Lachnospiraceae.51,dropped
k__Bacteria;_p__Firmicutes;_c__Clostridia;_o__Clostridiales;_f__Lachnospiraceae.52,dropped
k__Bacteria;_p__Firmicutes;_c__Clostridia;_o__Clostridiales;_f__Lachnospiraceae.53,dropped
k__Bacteria;_p__Firmicutes;_c__Clostridia;_o__Clostridiales;_f__Lachnospiraceae.54,dropped
k__Bacteria;_p__Firmicutes;_c__Clostridia;_o__Clostridiales;_f__Lachnospiraceae.55,dropped
k__Bacteria;_p__Firmicutes;_c__Clostridia;_o__Clostridiales;_f__Lachnospiraceae.56,dropped
k__Bacteria;_p__Firmicutes;_c__Clostridia;_o__Clostridiales;_f__Lachnospiraceae.57,dropped
k__Bacteria;_p__Firmicutes;_c__Clostridia;_o__Clostridiales;_f__Lachnospiraceae.58,dropped
k__Bacteria;_p__Firmicutes;_c__Clostridia;_o__Clostridiales;_f__Lachnospiraceae.59,dropped
k__Bacteria;_p__Firmicutes;_c__Clostridia;_o__Clostridiales;_f__Lachnospiraceae.60,dropped
k__Bacteria;_p__Firmicutes;_c__Clostridia;_o__Clostridiales;_f__Lachnospiraceae.61,dropped
k__Bacteria;_p__Firmicutes;_c__Clostridia;_o__Clostridiales;_f__Lachnospiraceae.62,dropped
k__Bacteria;_p__Firmicutes;_c__Clostridia;_o__Clostridiales;_f__Lachnospiraceae.63,dropped
k__Bacteria;_p__Firmicutes;_c__Clostridia;_o__Clostridiales;_f__Lachnospiraceae.64,dropped
k__Bacteria;_p__Firmicutes;_c__Clostridia;_o__Clostridiales;_f__Lachnospiraceae.65,dropped
k__Bacteria;_p__Firmicutes;_c__Clostridia;_o__Clostridiales;_f__Lachnospiraceae.66,dropped
k__Bacteria;_p__Firmicutes;_c__Clostridia;_o__Clostridiales;_f__Lachnospiraceae.67,dropped
k__Bacteria;_p__Firmicutes;_c__Clostridia;_o__Clostridiales;_f__Lachnospiraceae.68,dropped
k__Bacteria;_p__Firmicutes;_c__Clostridia;_o__Clostridiales;_f__Lachnospiraceae.69,dropped
k__Bacteria;_p__Firmicutes;_c__Clostridia;_o__Clostridiales;_f__Lachnospiraceae.70,dropped
k__Bacteria;_p__Firmicutes;_c__Clostridia;_o__Clostridiales;_f__Lachnospiraceae.71,dropped
k__Bacteria;_p__Firmicutes;_c__Clostridia;_o__Clostridiales;_f__Lachnospiraceae.72,dropped
k__Bacteria;_p__Firmicutes;_c__Clostridia;_o__Clostridiales;_f__Lachnospiraceae.73,dropped
k__Bacteria;_p__Firmicutes;_c__Clostridia;_o__Clostridiales;_f__Lachnospiraceae.74,dropped
k__Bacteria;_p__Firmicutes;_c__Clostridia;_o__Clostridiales;_f__Lachnospiraceae.75,dropped
k__Bacteria;_p__Firmicutes;_c__Clostridia;_o__Clostridiales;_f__Lachnospiraceae.76,dropped
k__Bacteria;_p__Firmicutes;_c__Clostridia;_o__Clostridiales;_f__Lachnospiraceae.77,dropped
k__Bacteria;_p__Firmicutes;_c__Clostridia;_o__Clostridiales;_f__Lachnospiraceae.78,dropped
k__Bacteria;_p__Firmicutes;_c__Clostridia;_o__Clostridiales;_f__Lachnospiraceae.79,dropped
k__Bacteria;_p__Firmicutes;_c__Clostridia;_o__Clostridiales;_f__Lachnospiraceae.80,dropped
k__Bacteria;_p__Firmicutes;_c__Clostridia;_o__Clostridiales;_f__Lachnospiraceae.81,dropped
k__Bacteria;_p__Firmicutes;_c__Clostridia;_o__Clostridiales;_f__Lachnospiraceae.82,dropped
k__Bacteria;_p__Firmicutes;_c__Clostridia;_o__Clostridiales;_f__Lachnospiraceae.83,dropped
k__Bacteria;_p__Firmicutes;_c__Clostridia;_o__Clostridiales;_f__Lachnospiraceae.84,dropped
k__Bacteria;_p__Firmicutes;_c__Clostridia;_o__Clostridiales;_f__Lachnospiraceae.85,dropped
k__Bacteria;_p__Firmicutes;_c__Clostridia;_o__Clostridiales;_f__Lachnospiraceae.86,dropped
k__Bacteria;_p__Firmicutes;_c__Clostridia;_o__Clostridiales;_f__Lachnospiraceae.87,dropped
k__Bacteria;_p__Firmicutes;_c__Clostridia;_o__Clostridiales;_f__Lachnospiraceae.88,dropped
k__Bacteria;_p__Firmicutes;_c__Clostridia;_o__Clostridiales;_f__Lachnospiraceae.89,dropped
k__Bacteria;_p__Firmicutes;_c__Clostridia;_o__Clostridiales;_f__Lachnospiraceae.90,dropped
k__Bacteria;_p__Firmicutes;_c__Clostridia;_o__Clostridiales;_f__Lachnospiraceae.91,dropped
k__Bacteria;_p__Firmicutes;_c__Clostridia;_o__Clostridiales;_f__Lachnospiraceae.92,dropped
k__Bacteria;_p__Firmicutes;_c__Clostridia;_o__Clostridiales;_f__Lachnospiraceae.93,dropped
k__Bacteria;_p__Firmicutes;_c__Clostridia;_o__Clostridiales;_f__Lachnospiraceae.94,dropped
k__Bacteria;_p__Firmicutes;_c__Clostridia;_o__Clostridiales;_f__Lachnospiraceae;_g__;_s__.2,dropped
k__Bacteria;_p__Firmicutes;_c__Clostridia;_o__Clostridiales;_f__Lachnospiraceae;_g__;_s__.3,dropped
k__Bacteria;_p__Firmicutes;_c__Clostridia;_o__Clostridiales;_f__Lachnospiraceae;_g__Blautia.2,dropped
k__Bacteria;_p__Firmicutes;_c__Clostridia;_o__Clostridiales;_f__Lachnospiraceae;_g__Blautia;_s__.7,dropped
k__Bacteria;_p__Firmicutes;_c__Clostridia;_o__Clostridiales;_f__Lachnospiraceae;_g__Blautia;_s__obeum.1,dropped
k__Bacteria;_p__Firmicutes;_c__Clostridia;_o__Clostridiales;_f__Lachnospiraceae;_g__Blautia;_s__producta.2,dropped
k__Bacteria;_p__Firmicutes;_c__Clostridia;_o__Clostridiales;_f__Lachnospiraceae;_g__Butyrivibrio;_s__,dropped
k__Bacteria;_p__Firmicutes;_c__Clostridia;_o__Clostridiales;_f__Lachnospiraceae;_g__Butyrivibrio;_s__crossotus.1,dropped
k__Bacteria;_p__Firmicutes;_c__Clostridia;_o__Clostridiales;_f__Lachnospiraceae;_g__Clostridium.1,dropped
k__Bacteria;_p__Firmicutes;_c__Clostridia;_o__Clostridiales;_f__Lachnospiraceae;_g__Clostridium.4,dropped
k__Bacteria;_p__Firmicutes;_c__Clostridia;_o__Clostridiales;_f__Lachnospiraceae;_g__Clostridium.5,dropped
k__Bacteria;_p__Firmicutes;_c__Clostridia;_o__Clostridiales;_f__Lachnospiraceae;_g__Clostridium;_s__clostridioforme,dropped
k__Bacteria;_p__Firmicutes;_c__Clostridia;_o__Clostridiales;_f__Lachnospiraceae;_g__Coprococcus,dropped
k__Bacteria;_p__Firmicutes;_c__Clostridia;_o__Clostridiales;_f__Lachnospiraceae;_g__Coprococcus;_s__.10,dropped
k__Bacteria;_p__Firmicutes;_c__Clostridia;_o__Clostridiales;_f__Lachnospiraceae;_g__Coprococcus;_s__eutactus.3,dropped
k__Bacteria;_p__Firmicutes;_c__Clostridia;_o__Clostridiales;_f__Lachnospiraceae;_g__Dorea,dropped
k__Bacteria;_p__Firmicutes;_c__Clostridia;_o__Clostridiales;_f__Lachnospiraceae;_g__Dorea;_s__formicigenerans.1,dropped
k__Bacteria;_p__Firmicutes;_c__Clostridia;_o__Clostridiales;_f__Lachnospiraceae;_g__Lachnospira;_s__.5,dropped
k__Bacteria;_p__Firmicutes;_c__Clostridia;_o__Clostridiales;_f__Lachnospiraceae;_g__Lactonifactor;_s__longoviformis,dropped
k__Bacteria;_p__Firmicutes;_c__Clostridia;_o__Clostridiales;_f__Lachnospiraceae;_g__Oribacterium;_s__,dropped
k__Bacteria;_p__Firmicutes;_c__Clostridia;_o__Clostridiales;_f__Lachnospiraceae;_g__Pseudobutyrivibrio,dropped
k__Bacteria;_p__Firmicutes;_c__Clostridia;_o__Clostridiales;_f__Lachnospiraceae;_g__Roseburia;_s__.2,dropped
k__Bacteria;_p__Firmicutes;_c__Clostridia;_o__Clostridiales;_f__Lachnospiraceae;_g__Roseburia;_s__.3,dropped
k__Bacteria;_p__Firmicutes;_c__Clostridia;_o__Clostridiales;_f__Lachnospiraceae;_g__Roseburia;_s__inulinivorans,dropped
k__Bacteria;_p__Firmicutes;_c__Clostridia;_o__Clostridiales;_f__Lachnospiraceae;_g__Ruminococcus;_s__gauvreauii,dropped
k__Bacteria;_p__Firmicutes;_c__Clostridia;_o__Clostridiales;_f__Lachnospiraceae;_g__Ruminococcus;_s__lactaris,dropped
k__Bacteria;_p__Firmicutes;_c__Clostridia;_o__Clostridiales;_f__Lachnospiraceae;_g___Ruminococcus_,dropped
k__Bacteria;_p__Firmicutes;_c__Clostridia;_o__Clostridiales;_f__Lachnospiraceae;_g___Ruminococcus_.1,dropped
k__Bacteria;_p__Firmicutes;_c__Clostridia;_o__Clostridiales;_f__Lachnospiraceae;_g___Ruminococcus_.2,dropped
k__Bacteria;_p__Firmicutes;_c__Clostridia;_o__Clostridiales;_f__Lachnospiraceae;_g___Ruminococcus_;_s__.3,dropped
k__Bacteria;_p__Firmicutes;_c__Clostridia;_o__Clostridiales;_f__Lachnospiraceae;_g___Ruminococcus_;_s__gnavus.3,dropped
k__Bacteria;_p__Firmicutes;_c__Clostridia;_o__Clostridiales;_f__Peptococcaceae;_g__Peptococcus;_s__.1,dropped
k__Bacteria;_p__Firmicutes;_c__Clostridia;_o__Clostridiales;_f__Peptococcaceae;_g__rc4-4;_s__.1,dropped
k__Bacteria;_p__Firmicutes;_c__Clostridia;_o__Clostridiales;_f__Peptostreptococcaceae;_g__;_s__,dropped
k__Bacteria;_p__Firmicutes;_c__Clostridia;_o__Clostridiales;_f__Peptostreptococcaceae;_g__;_s__.1,dropped
k__Bacteria;_p__Firmicutes;_c__Clostridia;_o__Clostridiales;_f__Peptostreptococcaceae;_g__Peptostreptococcus;_s__,dropped
k__Bacteria;_p__Firmicutes;_c__Clostridia;_o__Clostridiales;_f__Peptostreptococcaceae;_g__Peptostreptococcus;_s__anaerobius,dropped
k__Bacteria;_p__Firmicutes;_c__Clostridia;_o__Clostridiales;_f__Ruminococcaceae.44,dropped
k__Bacteria;_p__Firmicutes;_c__Clostridia;_o__Clostridiales;_f__Ruminococcaceae.45,dropped
k__Bacteria;_p__Firmicutes;_c__Clostridia;_o__Clostridiales;_f__Ruminococcaceae.46,dropped
k__Bacteria;_p__Firmicutes;_c__Clostridia;_o__Clostridiales;_f__Ruminococcaceae;_g__;_s__.14,dropped
k__Bacteria;_p__Firmicutes;_c__Clostridia;_o__Clostridiales;_f__Ruminococcaceae;_g__;_s__.15,dropped
k__Bacteria;_p__Firmicutes;_c__Clostridia;_o__Clostridiales;_f__Ruminococcaceae;_g__;_s__.16,dropped
k__Bacteria;_p__Firmicutes;_c__Clostridia;_o__Clostridiales;_f__Ruminococcaceae;_g__;_s__.17,dropped
k__Bacteria;_p__Firmicutes;_c__Clostridia;_o__Clostridiales;_f__Ruminococcaceae;_g__Butyricicoccus;_s__pullicaecorum.3,dropped
k__Bacteria;_p__Firmicutes;_c__Clostridia;_o__Clostridiales;_f__Ruminococcaceae;_g__Butyricicoccus;_s__pullicaecorum.4,dropped
k__Bacteria;_p__Firmicutes;_c__Clostridia;_o__Clostridiales;_f__Ruminococcaceae;_g__Butyricicoccus;_s__pullicaecorum.5,dropped
k__Bacteria;_p__Firmicutes;_c__Clostridia;_o__Clostridiales;_f__Ruminococcaceae;_g__Clostridium;_s__methylpentosum.2,dropped
k__Bacteria;_p__Firmicutes;_c__Clostridia;_o__Clostridiales;_f__Ruminococcaceae;_g__Clostridium;_s__methylpentosum.3,dropped
k__Bacteria;_p__Firmicutes;_c__Clostridia;_o__Clostridiales;_f__Ruminococcaceae;_g__Clostridium;_s__methylpentosum.4,dropped
k__Bacteria;_p__Firmicutes;_c__Clostridia;_o__Clostridiales;_f__Ruminococcaceae;_g__Clostridium;_s__methylpentosum.5,dropped
k__Bacteria;_p__Firmicutes;_c__Clostridia;_o__Clostridiales;_f__Ruminococcaceae;_g__Ethanoligenens;_s__,dropped
k__Bacteria;_p__Firmicutes;_c__Clostridia;_o__Clostridiales;_f__Ruminococcaceae;_g__Ethanoligenens;_s__.1,dropped
k__Bacteria;_p__Firmicutes;_c__Clostridia;_o__Clostridiales;_f__Ruminococcaceae;_g__Faecalibacterium.1,dropped
k__Bacteria;_p__Firmicutes;_c__Clostridia;_o__Clostridiales;_f__Ruminococcaceae;_g__Faecalibacterium.2,dropped
k__Bacteria;_p__Firmicutes;_c__Clostridia;_o__Clostridiales;_f__Ruminococcaceae;_g__Faecalibacterium.3,dropped
k__Bacteria;_p__Firmicutes;_c__Clostridia;_o__Clostridiales;_f__Ruminococcaceae;_g__Faecalibacterium;_s__prausnitzii.11,dropped
k__Bacteria;_p__Firmicutes;_c__Clostridia;_o__Clostridiales;_f__Ruminococcaceae;_g__Faecalibacterium;_s__prausnitzii.12,dropped
k__Bacteria;_p__Firmicutes;_c__Clostridia;_o__Clostridiales;_f__Ruminococcaceae;_g__Faecalibacterium;_s__prausnitzii.13,dropped
k__Bacteria;_p__Firmicutes;_c__Clostridia;_o__Clostridiales;_f__Ruminococcaceae;_g__Faecalibacterium;_s__prausnitzii.14,dropped
k__Bacteria;_p__Firmicutes;_c__Clostridia;_o__Clostridiales;_f__Ruminococcaceae;_g__Faecalibacterium;_s__prausnitzii.15,dropped
k__Bacteria;_p__Firmicutes;_c__Clostridia;_o__Clostridiales;_f__Ruminococcaceae;_g__Faecalibacterium;_s__prausnitzii.16,dropped
k__Bacteria;_p__Firmicutes;_c__Clostridia;_o__Clostridiales;_f__Ruminococcaceae;_g__Gemmiger;_s__formicilis.3,dropped
k__Bacteria;_p__Firmicutes;_c__Clostridia;_o__Clostridiales;_f__Ruminococcaceae;_g__Gemmiger;_s__formicilis.4,dropped
k__Bacteria;_p__Firmicutes;_c__Clostridia;_o__Clostridiales;_f__Ruminococcaceae;_g__Gemmiger;_s__formicilis.5,dropped
k__Bacteria;_p__Firmicutes;_c__Clostridia;_o__Clostridiales;_f__Ruminococcaceae;_g__Oscillospira.1,dropped
k__Bacteria;_p__Firmicutes;_c__Clostridia;_o__Clostridiales;_f__Ruminococcaceae;_g__Oscillospira.2,dropped
k__Bacteria;_p__Firmicutes;_c__Clostridia;_o__Clostridiales;_f__Ruminococcaceae;_g__Oscillospira.3,dropped
k__Bacteria;_p__Firmicutes;_c__Clostridia;_o__Clostridiales;_f__Ruminococcaceae;_g__Oscillospira.4,dropped
k__Bacteria;_p__Firmicutes;_c__Clostridia;_o__Clostridiales;_f__Ruminococcaceae;_g__Ruminococcus.3,dropped
k__Bacteria;_p__Firmicutes;_c__Clostridia;_o__Clostridiales;_f__Ruminococcaceae;_g__Ruminococcus.4,dropped
k__Bacteria;_p__Firmicutes;_c__Clostridia;_o__Clostridiales;_f__Ruminococcaceae;_g__Ruminococcus.5,dropped
k__Bacteria;_p__Firmicutes;_c__Clostridia;_o__Clostridiales;_f__Ruminococcaceae;_g__Ruminococcus;_s__.13,dropped
k__Bacteria;_p__Firmicutes;_c__Clostridia;_o__Clostridiales;_f__Ruminococcaceae;_g__Ruminococcus;_s__.14,dropped
k__Bacteria;_p__Firmicutes;_c__Clostridia;_o__Clostridiales;_f__Ruminococcaceae;_g__Ruminococcus;_s__.15,dropped
k__Bacteria;_p__Firmicutes;_c__Clostridia;_o__Clostridiales;_f__Ruminococcaceae;_g__Ruminococcus;_s__.16,dropped
k__Bacteria;_p__Firmicutes;_c__Clostridia;_o__Clostridiales;_f__Ruminococcaceae;_g__Ruminococcus;_s__.17,dropped
k__Bacteria;_p__Firmicutes;_c__Clostridia;_o__Clostridiales;_f__Ruminococcaceae;_g__Ruminococcus;_s__.18,dropped
k__Bacteria;_p__Firmicutes;_c__Clostridia;_o__Clostridiales;_f__Ruminococcaceae;_g__Ruminococcus;_s__albus,dropped
k__Bacteria;_p__Firmicutes;_c__Clostridia;_o__Clostridiales;_f__Ruminococcaceae;_g__Ruminococcus;_s__bromii.2,dropped
k__Bacteria;_p__Firmicutes;_c__Clostridia;_o__Clostridiales;_f__Ruminococcaceae;_g__Ruminococcus;_s__bromii.3,dropped
k__Bacteria;_p__Firmicutes;_c__Clostridia;_o__Clostridiales;_f__Ruminococcaceae;_g__Ruminococcus;_s__bromii.4,dropped
k__Bacteria;_p__Firmicutes;_c__Clostridia;_o__Clostridiales;_f__Ruminococcaceae;_g__Ruminococcus;_s__flavefaciens.1,dropped
k__Bacteria;_p__Firmicutes;_c__Clostridia;_o__Clostridiales;_f__Veillonellaceae.7,dropped
k__Bacteria;_p__Firmicutes;_c__Clostridia;_o__Clostridiales;_f__Veillonellaceae.8,dropped
k__Bacteria;_p__Firmicutes;_c__Clostridia;_o__Clostridiales;_f__Veillonellaceae;_g__Acidaminococcus;_s__.1,dropped
k__Bacteria;_p__Firmicutes;_c__Clostridia;_o__Clostridiales;_f__Veillonellaceae;_g__Megasphaera;_s__.10,dropped
k__Bacteria;_p__Firmicutes;_c__Clostridia;_o__Clostridiales;_f__Veillonellaceae;_g__Megasphaera;_s__.11,dropped
k__Bacteria;_p__Firmicutes;_c__Clostridia;_o__Clostridiales;_f__Veillonellaceae;_g__Megasphaera;_s__.12,dropped
k__Bacteria;_p__Firmicutes;_c__Clostridia;_o__Clostridiales;_f__Veillonellaceae;_g__Megasphaera;_s__.13,dropped
k__Bacteria;_p__Firmicutes;_c__Clostridia;_o__Clostridiales;_f__Veillonellaceae;_g__Megasphaera;_s__.5,dropped
k__Bacteria;_p__Firmicutes;_c__Clostridia;_o__Clostridiales;_f__Veillonellaceae;_g__Megasphaera;_s__.6,dropped
k__Bacteria;_p__Firmicutes;_c__Clostridia;_o__Clostridiales;_f__Veillonellaceae;_g__Megasphaera;_s__.7,dropped
k__Bacteria;_p__Firmicutes;_c__Clostridia;_o__Clostridiales;_f__Veillonellaceae;_g__Megasphaera;_s__.8,dropped
k__Bacteria;_p__Firmicutes;_c__Clostridia;_o__Clostridiales;_f__Veillonellaceae;_g__Megasphaera;_s__.9,dropped
k__Bacteria;_p__Firmicutes;_c__Clostridia;_o__Clostridiales;_f__Veillonellaceae;_g__Mitsuokella,dropped
k__Bacteria;_p__Firmicutes;_c__Clostridia;_o__Clostridiales;_f__Veillonellaceae;_g__Mitsuokella.1,dropped
k__Bacteria;_p__Firmicutes;_c__Clostridia;_o__Clostridiales;_f__Veillonellaceae;_g__Mitsuokella;_s__.1,dropped
k__Bacteria;_p__Firmicutes;_c__Clostridia;_o__Clostridiales;_f__Veillonellaceae;_g__Mitsuokella;_s__multacida,dropped
k__Bacteria;_p__Firmicutes;_c__Clostridia;_o__Clostridiales;_f__Veillonellaceae;_g__Mitsuokella;_s__multacida.1,dropped
k__Bacteria;_p__Firmicutes;_c__Clostridia;_o__Clostridiales;_f__Veillonellaceae;_g__Schwartzia;_s__,dropped
k__Bacteria;_p__Firmicutes;_c__Clostridia;_o__Clostridiales;_f__Veillonellaceae;_g__Selenomonas;_s__bovis,dropped
k__Bacteria;_p__Firmicutes;_c__Clostridia;_o__Clostridiales;_f__Veillonellaceae;_g__Veillonella.1,dropped
k__Bacteria;_p__Firmicutes;_c__Clostridia;_o__Clostridiales;_f__Veillonellaceae;_g__Veillonella.2,dropped
k__Bacteria;_p__Firmicutes;_c__Clostridia;_o__Clostridiales;_f__Veillonellaceae;_g__Veillonella;_s__,dropped
k__Bacteria;_p__Firmicutes;_c__Clostridia;_o__Clostridiales;_f__Veillonellaceae;_g__Veillonella;_s__dispar.2,dropped
k__Bacteria;_p__Firmicutes;_c__Clostridia;_o__Clostridiales;_f__Veillonellaceae;_g__Veillonella;_s__parvula.1,dropped
k__Bacteria;_p__Firmicutes;_c__Clostridia;_o__Clostridiales;_f___Mogibacteriaceae_.1,dropped
k__Bacteria;_p__Firmicutes;_c__Clostridia;_o__Clostridiales;_f___Mogibacteriaceae_.2,dropped
k__Bacteria;_p__Firmicutes;_c__Clostridia;_o__Clostridiales;_f___Mogibacteriaceae_.3,dropped
k__Bacteria;_p__Firmicutes;_c__Clostridia;_o__Clostridiales;_f___Mogibacteriaceae_.4,dropped
k__Bacteria;_p__Firmicutes;_c__Clostridia;_o__Clostridiales;_f___Mogibacteriaceae_.5,dropped
k__Bacteria;_p__Firmicutes;_c__Clostridia;_o__Clostridiales;_f___Mogibacteriaceae_.6,dropped
k__Bacteria;_p__Firmicutes;_c__Clostridia;_o__Clostridiales;_f___Mogibacteriaceae_;_g__;_s__.12,dropped
k__Bacteria;_p__Firmicutes;_c__Clostridia;_o__Clostridiales;_f___Mogibacteriaceae_;_g__;_s__.13,dropped
k__Bacteria;_p__Firmicutes;_c__Clostridia;_o__Clostridiales;_f___Tissierellaceae_;_g__Parvimonas;_s__.1,dropped
k__Bacteria;_p__Firmicutes;_c__Erysipelotrichi;_o__Erysipelotrichales;_f__Erysipelotrichaceae.2,dropped
k__Bacteria;_p__Firmicutes;_c__Erysipelotrichi;_o__Erysipelotrichales;_f__Erysipelotrichaceae.3,dropped
k__Bacteria;_p__Firmicutes;_c__Erysipelotrichi;_o__Erysipelotrichales;_f__Erysipelotrichaceae.4,dropped
k__Bacteria;_p__Firmicutes;_c__Erysipelotrichi;_o__Erysipelotrichales;_f__Erysipelotrichaceae.5,dropped
k__Bacteria;_p__Firmicutes;_c__Erysipelotrichi;_o__Erysipelotrichales;_f__Erysipelotrichaceae;_g__;_s__.1,dropped
k__Bacteria;_p__Firmicutes;_c__Erysipelotrichi;_o__Erysipelotrichales;_f__Erysipelotrichaceae;_g__;_s__.2,dropped
k__Bacteria;_p__Firmicutes;_c__Erysipelotrichi;_o__Erysipelotrichales;_f__Erysipelotrichaceae;_g__;_s__.3,dropped
k__Bacteria;_p__Firmicutes;_c__Erysipelotrichi;_o__Erysipelotrichales;_f__Erysipelotrichaceae;_g__;_s__.4,dropped
k__Bacteria;_p__Firmicutes;_c__Erysipelotrichi;_o__Erysipelotrichales;_f__Erysipelotrichaceae;_g__Catenibacterium;_s__.1,dropped
k__Bacteria;_p__Firmicutes;_c__Erysipelotrichi;_o__Erysipelotrichales;_f__Erysipelotrichaceae;_g__Catenibacterium;_s__.2,dropped
k__Bacteria;_p__Firmicutes;_c__Erysipelotrichi;_o__Erysipelotrichales;_f__Erysipelotrichaceae;_g__Coprobacillus;_s__.1,dropped
k__Bacteria;_p__Firmicutes;_c__Erysipelotrichi;_o__Erysipelotrichales;_f__Erysipelotrichaceae;_g__Coprobacillus;_s__.2,dropped
k__Bacteria;_p__Firmicutes;_c__Erysipelotrichi;_o__Erysipelotrichales;_f__Erysipelotrichaceae;_g__RFN20;_s__,dropped
k__Bacteria;_p__Firmicutes;_c__Erysipelotrichi;_o__Erysipelotrichales;_f__Erysipelotrichaceae;_g___Eubacterium_;_s__.1,dropped
k__Bacteria;_p__Firmicutes;_c__Erysipelotrichi;_o__Erysipelotrichales;_f__Erysipelotrichaceae;_g___Eubacterium_;_s__biforme.2,dropped
k__Bacteria;_p__Firmicutes;_c__Erysipelotrichi;_o__Erysipelotrichales;_f__Erysipelotrichaceae;_g___Eubacterium_;_s__biforme.3,dropped
k__Bacteria;_p__Firmicutes;_c__Erysipelotrichi;_o__Erysipelotrichales;_f__Erysipelotrichaceae;_g___Eubacterium_;_s__dolichum.3,dropped
k__Bacteria;_p__Fusobacteria;_c__Fusobacteriia;_o__Fusobacteriales;_f__Fusobacteriaceae.1,dropped
k__Bacteria;_p__Fusobacteria;_c__Fusobacteriia;_o__Fusobacteriales;_f__Fusobacteriaceae.2,dropped
k__Bacteria;_p__Fusobacteria;_c__Fusobacteriia;_o__Fusobacteriales;_f__Fusobacteriaceae.3,dropped
k__Bacteria;_p__Fusobacteria;_c__Fusobacteriia;_o__Fusobacteriales;_f__Fusobacteriaceae;_g__;_s__.1,dropped
k__Bacteria;_p__Fusobacteria;_c__Fusobacteriia;_o__Fusobacteriales;_f__Fusobacteriaceae;_g__Cetobacterium;_s__somerae,dropped
k__Bacteria;_p__Fusobacteria;_c__Fusobacteriia;_o__Fusobacteriales;_f__Fusobacteriaceae;_g__Fusobacterium;_s__.2,dropped
k__Bacteria;_p__Fusobacteria;_c__Fusobacteriia;_o__Fusobacteriales;_f__Leptotrichiaceae,dropped
k__Bacteria;_p__GAL15;_c__;_o__;_f__;_g__;_s__,dropped
k__Bacteria;_p__GAL15;_c__;_o__;_f__;_g__;_s__.1,dropped
k__Bacteria;_p__GN02;_c__BD1-5;_o__;_f__;_g__;_s__,dropped
k__Bacteria;_p__Gemmatimonadetes;_c__Gemm-1;_o__;_f__;_g__;_s__,dropped
k__Bacteria;_p__Lentisphaerae;_c___Lentisphaeria_;_o__Victivallales;_f__Victivallaceae;_g__;_s__,dropped
k__Bacteria;_p__Lentisphaerae;_c___Lentisphaeria_;_o__Victivallales;_f__Victivallaceae;_g__;_s__.1,dropped
k__Bacteria;_p__Lentisphaerae;_c___Lentisphaeria_;_o__Victivallales;_f__Victivallaceae;_g__Victivallis;_s__vadensis.1,dropped
k__Bacteria;_p__NC10;_c__wb1-A12;_o__;_f__;_g__;_s__,dropped
k__Bacteria;_p__Nitrospirae;_c__Nitrospira;_o__Nitrospirales;_f__0319-6A21;_g__;_s__,dropped
k__Bacteria;_p__Nitrospirae;_c__Nitrospira;_o__Nitrospirales;_f__0319-6A21;_g__;_s__.1,dropped
k__Bacteria;_p__OD1.10,dropped
k__Bacteria;_p__OD1.11,dropped
k__Bacteria;_p__OD1.12,dropped
k__Bacteria;_p__OD1.13,dropped
k__Bacteria;_p__OD1.14,dropped
k__Bacteria;_p__OD1.15,dropped
k__Bacteria;_p__OD1.16,dropped
k__Bacteria;_p__OD1.17,dropped
k__Bacteria;_p__OD1.18,dropped
k__Bacteria;_p__OD1.19,dropped
k__Bacteria;_p__OD1.2,dropped
k__Bacteria;_p__OD1.20,dropped
k__Bacteria;_p__OD1.21,dropped
k__Bacteria;_p__OD1.22,dropped
k__Bacteria;_p__OD1.23,dropped
k__Bacteria;_p__OD1.24,dropped
k__Bacteria;_p__OD1.25,dropped
k__Bacteria;_p__OD1.26,dropped
k__Bacteria;_p__OD1.27,dropped
k__Bacteria;_p__OD1.28,dropped
k__Bacteria;_p__OD1.29,dropped
k__Bacteria;_p__OD1.3,dropped
k__Bacteria;_p__OD1.30,dropped
k__Bacteria;_p__OD1.31,dropped
k__Bacteria;_p__OD1.32,dropped
k__Bacteria;_p__OD1.33,dropped
k__Bacteria;_p__OD1.34,dropped
k__Bacteria;_p__OD1.35,dropped
k__Bacteria;_p__OD1.36,dropped
k__Bacteria;_p__OD1.37,dropped
k__Bacteria;_p__OD1.38,dropped
k__Bacteria;_p__OD1.39,dropped
k__Bacteria;_p__OD1.4,dropped
k__Bacteria;_p__OD1.40,dropped
k__Bacteria;_p__OD1.41,dropped
k__Bacteria;_p__OD1.42,dropped
k__Bacteria;_p__OD1.43,dropped
k__Bacteria;_p__OD1.44,dropped
k__Bacteria;_p__OD1.45,dropped
k__Bacteria;_p__OD1.46,dropped
k__Bacteria;_p__OD1.47,dropped
k__Bacteria;_p__OD1.48,dropped
k__Bacteria;_p__OD1.49,dropped
k__Bacteria;_p__OD1.5,dropped
k__Bacteria;_p__OD1.50,dropped
k__Bacteria;_p__OD1.51,dropped
k__Bacteria;_p__OD1.6,dropped
k__Bacteria;_p__OD1.7,dropped
k__Bacteria;_p__OD1.8,dropped
k__Bacteria;_p__OD1.9,dropped
k__Bacteria;_p__OD1;_c__;_o__;_f__;_g__;_s__.1,dropped
k__Bacteria;_p__OD1;_c__;_o__;_f__;_g__;_s__.10,dropped
k__Bacteria;_p__OD1;_c__;_o__;_f__;_g__;_s__.100,dropped
k__Bacteria;_p__OD1;_c__;_o__;_f__;_g__;_s__.101,dropped
k__Bacteria;_p__OD1;_c__;_o__;_f__;_g__;_s__.102,dropped
k__Bacteria;_p__OD1;_c__;_o__;_f__;_g__;_s__.103,dropped
k__Bacteria;_p__OD1;_c__;_o__;_f__;_g__;_s__.104,dropped
k__Bacteria;_p__OD1;_c__;_o__;_f__;_g__;_s__.105,dropped
k__Bacteria;_p__OD1;_c__;_o__;_f__;_g__;_s__.106,dropped
k__Bacteria;_p__OD1;_c__;_o__;_f__;_g__;_s__.107,dropped
k__Bacteria;_p__OD1;_c__;_o__;_f__;_g__;_s__.108,dropped
k__Bacteria;_p__OD1;_c__;_o__;_f__;_g__;_s__.109,dropped
k__Bacteria;_p__OD1;_c__;_o__;_f__;_g__;_s__.11,dropped
k__Bacteria;_p__OD1;_c__;_o__;_f__;_g__;_s__.110,dropped
k__Bacteria;_p__OD1;_c__;_o__;_f__;_g__;_s__.111,dropped
k__Bacteria;_p__OD1;_c__;_o__;_f__;_g__;_s__.112,dropped
k__Bacteria;_p__OD1;_c__;_o__;_f__;_g__;_s__.113,dropped
k__Bacteria;_p__OD1;_c__;_o__;_f__;_g__;_s__.114,dropped
k__Bacteria;_p__OD1;_c__;_o__;_f__;_g__;_s__.115,dropped
k__Bacteria;_p__OD1;_c__;_o__;_f__;_g__;_s__.116,dropped
k__Bacteria;_p__OD1;_c__;_o__;_f__;_g__;_s__.117,dropped
k__Bacteria;_p__OD1;_c__;_o__;_f__;_g__;_s__.118,dropped
k__Bacteria;_p__OD1;_c__;_o__;_f__;_g__;_s__.119,dropped
k__Bacteria;_p__OD1;_c__;_o__;_f__;_g__;_s__.12,dropped
k__Bacteria;_p__OD1;_c__;_o__;_f__;_g__;_s__.120,dropped
k__Bacteria;_p__OD1;_c__;_o__;_f__;_g__;_s__.121,dropped
k__Bacteria;_p__OD1;_c__;_o__;_f__;_g__;_s__.122,dropped
k__Bacteria;_p__OD1;_c__;_o__;_f__;_g__;_s__.123,dropped
k__Bacteria;_p__OD1;_c__;_o__;_f__;_g__;_s__.124,dropped
k__Bacteria;_p__OD1;_c__;_o__;_f__;_g__;_s__.125,dropped
k__Bacteria;_p__OD1;_c__;_o__;_f__;_g__;_s__.126,dropped
k__Bacteria;_p__OD1;_c__;_o__;_f__;_g__;_s__.127,dropped
k__Bacteria;_p__OD1;_c__;_o__;_f__;_g__;_s__.128,dropped
k__Bacteria;_p__OD1;_c__;_o__;_f__;_g__;_s__.129,dropped
k__Bacteria;_p__OD1;_c__;_o__;_f__;_g__;_s__.13,dropped
k__Bacteria;_p__OD1;_c__;_o__;_f__;_g__;_s__.130,dropped
k__Bacteria;_p__OD1;_c__;_o__;_f__;_g__;_s__.131,dropped
k__Bacteria;_p__OD1;_c__;_o__;_f__;_g__;_s__.132,dropped
k__Bacteria;_p__OD1;_c__;_o__;_f__;_g__;_s__.133,dropped
k__Bacteria;_p__OD1;_c__;_o__;_f__;_g__;_s__.134,dropped
k__Bacteria;_p__OD1;_c__;_o__;_f__;_g__;_s__.135,dropped
k__Bacteria;_p__OD1;_c__;_o__;_f__;_g__;_s__.136,dropped
k__Bacteria;_p__OD1;_c__;_o__;_f__;_g__;_s__.137,dropped
k__Bacteria;_p__OD1;_c__;_o__;_f__;_g__;_s__.138,dropped
k__Bacteria;_p__OD1;_c__;_o__;_f__;_g__;_s__.139,dropped
k__Bacteria;_p__OD1;_c__;_o__;_f__;_g__;_s__.14,dropped
k__Bacteria;_p__OD1;_c__;_o__;_f__;_g__;_s__.140,dropped
k__Bacteria;_p__OD1;_c__;_o__;_f__;_g__;_s__.141,dropped
k__Bacteria;_p__OD1;_c__;_o__;_f__;_g__;_s__.142,dropped
k__Bacteria;_p__OD1;_c__;_o__;_f__;_g__;_s__.143,dropped
k__Bacteria;_p__OD1;_c__;_o__;_f__;_g__;_s__.144,dropped
k__Bacteria;_p__OD1;_c__;_o__;_f__;_g__;_s__.145,dropped
k__Bacteria;_p__OD1;_c__;_o__;_f__;_g__;_s__.146,dropped
k__Bacteria;_p__OD1;_c__;_o__;_f__;_g__;_s__.147,dropped
k__Bacteria;_p__OD1;_c__;_o__;_f__;_g__;_s__.148,dropped
k__Bacteria;_p__OD1;_c__;_o__;_f__;_g__;_s__.149,dropped
k__Bacteria;_p__OD1;_c__;_o__;_f__;_g__;_s__.15,dropped
k__Bacteria;_p__OD1;_c__;_o__;_f__;_g__;_s__.150,dropped
k__Bacteria;_p__OD1;_c__;_o__;_f__;_g__;_s__.151,dropped
k__Bacteria;_p__OD1;_c__;_o__;_f__;_g__;_s__.152,dropped
k__Bacteria;_p__OD1;_c__;_o__;_f__;_g__;_s__.153,dropped
k__Bacteria;_p__OD1;_c__;_o__;_f__;_g__;_s__.154,dropped
k__Bacteria;_p__OD1;_c__;_o__;_f__;_g__;_s__.155,dropped
k__Bacteria;_p__OD1;_c__;_o__;_f__;_g__;_s__.156,dropped
k__Bacteria;_p__OD1;_c__;_o__;_f__;_g__;_s__.157,dropped
k__Bacteria;_p__OD1;_c__;_o__;_f__;_g__;_s__.158,dropped
k__Bacteria;_p__OD1;_c__;_o__;_f__;_g__;_s__.159,dropped
k__Bacteria;_p__OD1;_c__;_o__;_f__;_g__;_s__.16,dropped
k__Bacteria;_p__OD1;_c__;_o__;_f__;_g__;_s__.160,dropped
k__Bacteria;_p__OD1;_c__;_o__;_f__;_g__;_s__.161,dropped
k__Bacteria;_p__OD1;_c__;_o__;_f__;_g__;_s__.162,dropped
k__Bacteria;_p__OD1;_c__;_o__;_f__;_g__;_s__.163,dropped
k__Bacteria;_p__OD1;_c__;_o__;_f__;_g__;_s__.164,dropped
k__Bacteria;_p__OD1;_c__;_o__;_f__;_g__;_s__.165,dropped
k__Bacteria;_p__OD1;_c__;_o__;_f__;_g__;_s__.166,dropped
k__Bacteria;_p__OD1;_c__;_o__;_f__;_g__;_s__.167,dropped
k__Bacteria;_p__OD1;_c__;_o__;_f__;_g__;_s__.168,dropped
k__Bacteria;_p__OD1;_c__;_o__;_f__;_g__;_s__.169,dropped
k__Bacteria;_p__OD1;_c__;_o__;_f__;_g__;_s__.17,dropped
k__Bacteria;_p__OD1;_c__;_o__;_f__;_g__;_s__.170,dropped
k__Bacteria;_p__OD1;_c__;_o__;_f__;_g__;_s__.171,dropped
k__Bacteria;_p__OD1;_c__;_o__;_f__;_g__;_s__.172,dropped
k__Bacteria;_p__OD1;_c__;_o__;_f__;_g__;_s__.173,dropped
k__Bacteria;_p__OD1;_c__;_o__;_f__;_g__;_s__.174,dropped
k__Bacteria;_p__OD1;_c__;_o__;_f__;_g__;_s__.175,dropped
k__Bacteria;_p__OD1;_c__;_o__;_f__;_g__;_s__.176,dropped
k__Bacteria;_p__OD1;_c__;_o__;_f__;_g__;_s__.177,dropped
k__Bacteria;_p__OD1;_c__;_o__;_f__;_g__;_s__.178,dropped
k__Bacteria;_p__OD1;_c__;_o__;_f__;_g__;_s__.179,dropped
k__Bacteria;_p__OD1;_c__;_o__;_f__;_g__;_s__.18,dropped
k__Bacteria;_p__OD1;_c__;_o__;_f__;_g__;_s__.180,dropped
k__Bacteria;_p__OD1;_c__;_o__;_f__;_g__;_s__.181,dropped
k__Bacteria;_p__OD1;_c__;_o__;_f__;_g__;_s__.182,dropped
k__Bacteria;_p__OD1;_c__;_o__;_f__;_g__;_s__.183,dropped
k__Bacteria;_p__OD1;_c__;_o__;_f__;_g__;_s__.184,dropped
k__Bacteria;_p__OD1;_c__;_o__;_f__;_g__;_s__.185,dropped
k__Bacteria;_p__OD1;_c__;_o__;_f__;_g__;_s__.186,dropped
k__Bacteria;_p__OD1;_c__;_o__;_f__;_g__;_s__.187,dropped
k__Bacteria;_p__OD1;_c__;_o__;_f__;_g__;_s__.188,dropped
k__Bacteria;_p__OD1;_c__;_o__;_f__;_g__;_s__.189,dropped
k__Bacteria;_p__OD1;_c__;_o__;_f__;_g__;_s__.19,dropped
k__Bacteria;_p__OD1;_c__;_o__;_f__;_g__;_s__.190,dropped
k__Bacteria;_p__OD1;_c__;_o__;_f__;_g__;_s__.191,dropped
k__Bacteria;_p__OD1;_c__;_o__;_f__;_g__;_s__.192,dropped
k__Bacteria;_p__OD1;_c__;_o__;_f__;_g__;_s__.193,dropped
k__Bacteria;_p__OD1;_c__;_o__;_f__;_g__;_s__.194,dropped
k__Bacteria;_p__OD1;_c__;_o__;_f__;_g__;_s__.195,dropped
k__Bacteria;_p__OD1;_c__;_o__;_f__;_g__;_s__.196,dropped
k__Bacteria;_p__OD1;_c__;_o__;_f__;_g__;_s__.197,dropped
k__Bacteria;_p__OD1;_c__;_o__;_f__;_g__;_s__.198,dropped
k__Bacteria;_p__OD1;_c__;_o__;_f__;_g__;_s__.199,dropped
k__Bacteria;_p__OD1;_c__;_o__;_f__;_g__;_s__.2,dropped
k__Bacteria;_p__OD1;_c__;_o__;_f__;_g__;_s__.20,dropped
k__Bacteria;_p__OD1;_c__;_o__;_f__;_g__;_s__.200,dropped
k__Bacteria;_p__OD1;_c__;_o__;_f__;_g__;_s__.201,dropped
k__Bacteria;_p__OD1;_c__;_o__;_f__;_g__;_s__.202,dropped
k__Bacteria;_p__OD1;_c__;_o__;_f__;_g__;_s__.203,dropped
k__Bacteria;_p__OD1;_c__;_o__;_f__;_g__;_s__.204,dropped
k__Bacteria;_p__OD1;_c__;_o__;_f__;_g__;_s__.205,dropped
k__Bacteria;_p__OD1;_c__;_o__;_f__;_g__;_s__.206,dropped
k__Bacteria;_p__OD1;_c__;_o__;_f__;_g__;_s__.207,dropped
k__Bacteria;_p__OD1;_c__;_o__;_f__;_g__;_s__.208,dropped
k__Bacteria;_p__OD1;_c__;_o__;_f__;_g__;_s__.209,dropped
k__Bacteria;_p__OD1;_c__;_o__;_f__;_g__;_s__.21,dropped
k__Bacteria;_p__OD1;_c__;_o__;_f__;_g__;_s__.210,dropped
k__Bacteria;_p__OD1;_c__;_o__;_f__;_g__;_s__.211,dropped
k__Bacteria;_p__OD1;_c__;_o__;_f__;_g__;_s__.212,dropped
k__Bacteria;_p__OD1;_c__;_o__;_f__;_g__;_s__.213,dropped
k__Bacteria;_p__OD1;_c__;_o__;_f__;_g__;_s__.214,dropped
k__Bacteria;_p__OD1;_c__;_o__;_f__;_g__;_s__.215,dropped
k__Bacteria;_p__OD1;_c__;_o__;_f__;_g__;_s__.216,dropped
k__Bacteria;_p__OD1;_c__;_o__;_f__;_g__;_s__.217,dropped
k__Bacteria;_p__OD1;_c__;_o__;_f__;_g__;_s__.218,dropped
k__Bacteria;_p__OD1;_c__;_o__;_f__;_g__;_s__.219,dropped
k__Bacteria;_p__OD1;_c__;_o__;_f__;_g__;_s__.22,dropped
k__Bacteria;_p__OD1;_c__;_o__;_f__;_g__;_s__.220,dropped
k__Bacteria;_p__OD1;_c__;_o__;_f__;_g__;_s__.221,dropped
k__Bacteria;_p__OD1;_c__;_o__;_f__;_g__;_s__.222,dropped
k__Bacteria;_p__OD1;_c__;_o__;_f__;_g__;_s__.223,dropped
k__Bacteria;_p__OD1;_c__;_o__;_f__;_g__;_s__.224,dropped
k__Bacteria;_p__OD1;_c__;_o__;_f__;_g__;_s__.225,dropped
k__Bacteria;_p__OD1;_c__;_o__;_f__;_g__;_s__.226,dropped
k__Bacteria;_p__OD1;_c__;_o__;_f__;_g__;_s__.227,dropped
k__Bacteria;_p__OD1;_c__;_o__;_f__;_g__;_s__.228,dropped
k__Bacteria;_p__OD1;_c__;_o__;_f__;_g__;_s__.229,dropped
k__Bacteria;_p__OD1;_c__;_o__;_f__;_g__;_s__.23,dropped
k__Bacteria;_p__OD1;_c__;_o__;_f__;_g__;_s__.230,dropped
k__Bacteria;_p__OD1;_c__;_o__;_f__;_g__;_s__.231,dropped
k__Bacteria;_p__OD1;_c__;_o__;_f__;_g__;_s__.232,dropped
k__Bacteria;_p__OD1;_c__;_o__;_f__;_g__;_s__.233,dropped
k__Bacteria;_p__OD1;_c__;_o__;_f__;_g__;_s__.234,dropped
k__Bacteria;_p__OD1;_c__;_o__;_f__;_g__;_s__.235,dropped
k__Bacteria;_p__OD1;_c__;_o__;_f__;_g__;_s__.236,dropped
k__Bacteria;_p__OD1;_c__;_o__;_f__;_g__;_s__.237,dropped
k__Bacteria;_p__OD1;_c__;_o__;_f__;_g__;_s__.238,dropped
k__Bacteria;_p__OD1;_c__;_o__;_f__;_g__;_s__.239,dropped
k__Bacteria;_p__OD1;_c__;_o__;_f__;_g__;_s__.24,dropped
k__Bacteria;_p__OD1;_c__;_o__;_f__;_g__;_s__.240,dropped
k__Bacteria;_p__OD1;_c__;_o__;_f__;_g__;_s__.241,dropped
k__Bacteria;_p__OD1;_c__;_o__;_f__;_g__;_s__.242,dropped
k__Bacteria;_p__OD1;_c__;_o__;_f__;_g__;_s__.243,dropped
k__Bacteria;_p__OD1;_c__;_o__;_f__;_g__;_s__.244,dropped
k__Bacteria;_p__OD1;_c__;_o__;_f__;_g__;_s__.245,dropped
k__Bacteria;_p__OD1;_c__;_o__;_f__;_g__;_s__.246,dropped
k__Bacteria;_p__OD1;_c__;_o__;_f__;_g__;_s__.247,dropped
k__Bacteria;_p__OD1;_c__;_o__;_f__;_g__;_s__.248,dropped
k__Bacteria;_p__OD1;_c__;_o__;_f__;_g__;_s__.249,dropped
k__Bacteria;_p__OD1;_c__;_o__;_f__;_g__;_s__.25,dropped
k__Bacteria;_p__OD1;_c__;_o__;_f__;_g__;_s__.250,dropped
k__Bacteria;_p__OD1;_c__;_o__;_f__;_g__;_s__.251,dropped
k__Bacteria;_p__OD1;_c__;_o__;_f__;_g__;_s__.252,dropped
k__Bacteria;_p__OD1;_c__;_o__;_f__;_g__;_s__.253,dropped
k__Bacteria;_p__OD1;_c__;_o__;_f__;_g__;_s__.254,dropped
k__Bacteria;_p__OD1;_c__;_o__;_f__;_g__;_s__.255,dropped
k__Bacteria;_p__OD1;_c__;_o__;_f__;_g__;_s__.256,dropped
k__Bacteria;_p__OD1;_c__;_o__;_f__;_g__;_s__.257,dropped
k__Bacteria;_p__OD1;_c__;_o__;_f__;_g__;_s__.258,dropped
k__Bacteria;_p__OD1;_c__;_o__;_f__;_g__;_s__.259,dropped
k__Bacteria;_p__OD1;_c__;_o__;_f__;_g__;_s__.26,dropped
k__Bacteria;_p__OD1;_c__;_o__;_f__;_g__;_s__.260,dropped
k__Bacteria;_p__OD1;_c__;_o__;_f__;_g__;_s__.261,dropped
k__Bacteria;_p__OD1;_c__;_o__;_f__;_g__;_s__.262,dropped
k__Bacteria;_p__OD1;_c__;_o__;_f__;_g__;_s__.263,dropped
k__Bacteria;_p__OD1;_c__;_o__;_f__;_g__;_s__.264,dropped
k__Bacteria;_p__OD1;_c__;_o__;_f__;_g__;_s__.265,dropped
k__Bacteria;_p__OD1;_c__;_o__;_f__;_g__;_s__.266,dropped
k__Bacteria;_p__OD1;_c__;_o__;_f__;_g__;_s__.267,dropped
k__Bacteria;_p__OD1;_c__;_o__;_f__;_g__;_s__.268,dropped
k__Bacteria;_p__OD1;_c__;_o__;_f__;_g__;_s__.269,dropped
k__Bacteria;_p__OD1;_c__;_o__;_f__;_g__;_s__.27,dropped
k__Bacteria;_p__OD1;_c__;_o__;_f__;_g__;_s__.270,dropped
k__Bacteria;_p__OD1;_c__;_o__;_f__;_g__;_s__.271,dropped
k__Bacteria;_p__OD1;_c__;_o__;_f__;_g__;_s__.272,dropped
k__Bacteria;_p__OD1;_c__;_o__;_f__;_g__;_s__.273,dropped
k__Bacteria;_p__OD1;_c__;_o__;_f__;_g__;_s__.274,dropped
k__Bacteria;_p__OD1;_c__;_o__;_f__;_g__;_s__.275,dropped
k__Bacteria;_p__OD1;_c__;_o__;_f__;_g__;_s__.276,dropped
k__Bacteria;_p__OD1;_c__;_o__;_f__;_g__;_s__.277,dropped
k__Bacteria;_p__OD1;_c__;_o__;_f__;_g__;_s__.278,dropped
k__Bacteria;_p__OD1;_c__;_o__;_f__;_g__;_s__.279,dropped
k__Bacteria;_p__OD1;_c__;_o__;_f__;_g__;_s__.28,dropped
k__Bacteria;_p__OD1;_c__;_o__;_f__;_g__;_s__.280,dropped
k__Bacteria;_p__OD1;_c__;_o__;_f__;_g__;_s__.281,dropped
k__Bacteria;_p__OD1;_c__;_o__;_f__;_g__;_s__.282,dropped
k__Bacteria;_p__OD1;_c__;_o__;_f__;_g__;_s__.283,dropped
k__Bacteria;_p__OD1;_c__;_o__;_f__;_g__;_s__.284,dropped
k__Bacteria;_p__OD1;_c__;_o__;_f__;_g__;_s__.285,dropped
k__Bacteria;_p__OD1;_c__;_o__;_f__;_g__;_s__.286,dropped
k__Bacteria;_p__OD1;_c__;_o__;_f__;_g__;_s__.287,dropped
k__Bacteria;_p__OD1;_c__;_o__;_f__;_g__;_s__.288,dropped
k__Bacteria;_p__OD1;_c__;_o__;_f__;_g__;_s__.289,dropped
k__Bacteria;_p__OD1;_c__;_o__;_f__;_g__;_s__.29,dropped
k__Bacteria;_p__OD1;_c__;_o__;_f__;_g__;_s__.290,dropped
k__Bacteria;_p__OD1;_c__;_o__;_f__;_g__;_s__.291,dropped
k__Bacteria;_p__OD1;_c__;_o__;_f__;_g__;_s__.292,dropped
k__Bacteria;_p__OD1;_c__;_o__;_f__;_g__;_s__.293,dropped
k__Bacteria;_p__OD1;_c__;_o__;_f__;_g__;_s__.3,dropped
k__Bacteria;_p__OD1;_c__;_o__;_f__;_g__;_s__.30,dropped
k__Bacteria;_p__OD1;_c__;_o__;_f__;_g__;_s__.31,dropped
k__Bacteria;_p__OD1;_c__;_o__;_f__;_g__;_s__.32,dropped
k__Bacteria;_p__OD1;_c__;_o__;_f__;_g__;_s__.33,dropped
k__Bacteria;_p__OD1;_c__;_o__;_f__;_g__;_s__.34,dropped
k__Bacteria;_p__OD1;_c__;_o__;_f__;_g__;_s__.35,dropped
k__Bacteria;_p__OD1;_c__;_o__;_f__;_g__;_s__.36,dropped
k__Bacteria;_p__OD1;_c__;_o__;_f__;_g__;_s__.37,dropped
k__Bacteria;_p__OD1;_c__;_o__;_f__;_g__;_s__.38,dropped
k__Bacteria;_p__OD1;_c__;_o__;_f__;_g__;_s__.39,dropped
k__Bacteria;_p__OD1;_c__;_o__;_f__;_g__;_s__.4,dropped
k__Bacteria;_p__OD1;_c__;_o__;_f__;_g__;_s__.40,dropped
k__Bacteria;_p__OD1;_c__;_o__;_f__;_g__;_s__.41,dropped
k__Bacteria;_p__OD1;_c__;_o__;_f__;_g__;_s__.42,dropped
k__Bacteria;_p__OD1;_c__;_o__;_f__;_g__;_s__.43,dropped
k__Bacteria;_p__OD1;_c__;_o__;_f__;_g__;_s__.44,dropped
k__Bacteria;_p__OD1;_c__;_o__;_f__;_g__;_s__.45,dropped
k__Bacteria;_p__OD1;_c__;_o__;_f__;_g__;_s__.46,dropped
k__Bacteria;_p__OD1;_c__;_o__;_f__;_g__;_s__.47,dropped
k__Bacteria;_p__OD1;_c__;_o__;_f__;_g__;_s__.48,dropped
k__Bacteria;_p__OD1;_c__;_o__;_f__;_g__;_s__.49,dropped
k__Bacteria;_p__OD1;_c__;_o__;_f__;_g__;_s__.5,dropped
k__Bacteria;_p__OD1;_c__;_o__;_f__;_g__;_s__.50,dropped
k__Bacteria;_p__OD1;_c__;_o__;_f__;_g__;_s__.51,dropped
k__Bacteria;_p__OD1;_c__;_o__;_f__;_g__;_s__.52,dropped
k__Bacteria;_p__OD1;_c__;_o__;_f__;_g__;_s__.53,dropped
k__Bacteria;_p__OD1;_c__;_o__;_f__;_g__;_s__.54,dropped
k__Bacteria;_p__OD1;_c__;_o__;_f__;_g__;_s__.55,dropped
k__Bacteria;_p__OD1;_c__;_o__;_f__;_g__;_s__.56,dropped
k__Bacteria;_p__OD1;_c__;_o__;_f__;_g__;_s__.57,dropped
k__Bacteria;_p__OD1;_c__;_o__;_f__;_g__;_s__.58,dropped
k__Bacteria;_p__OD1;_c__;_o__;_f__;_g__;_s__.59,dropped
k__Bacteria;_p__OD1;_c__;_o__;_f__;_g__;_s__.6,dropped
k__Bacteria;_p__OD1;_c__;_o__;_f__;_g__;_s__.60,dropped
k__Bacteria;_p__OD1;_c__;_o__;_f__;_g__;_s__.61,dropped
k__Bacteria;_p__OD1;_c__;_o__;_f__;_g__;_s__.62,dropped
k__Bacteria;_p__OD1;_c__;_o__;_f__;_g__;_s__.63,dropped
k__Bacteria;_p__OD1;_c__;_o__;_f__;_g__;_s__.64,dropped
k__Bacteria;_p__OD1;_c__;_o__;_f__;_g__;_s__.65,dropped
k__Bacteria;_p__OD1;_c__;_o__;_f__;_g__;_s__.66,dropped
k__Bacteria;_p__OD1;_c__;_o__;_f__;_g__;_s__.67,dropped
k__Bacteria;_p__OD1;_c__;_o__;_f__;_g__;_s__.68,dropped
k__Bacteria;_p__OD1;_c__;_o__;_f__;_g__;_s__.69,dropped
k__Bacteria;_p__OD1;_c__;_o__;_f__;_g__;_s__.7,dropped
k__Bacteria;_p__OD1;_c__;_o__;_f__;_g__;_s__.70,dropped
k__Bacteria;_p__OD1;_c__;_o__;_f__;_g__;_s__.71,dropped
k__Bacteria;_p__OD1;_c__;_o__;_f__;_g__;_s__.72,dropped
k__Bacteria;_p__OD1;_c__;_o__;_f__;_g__;_s__.73,dropped
k__Bacteria;_p__OD1;_c__;_o__;_f__;_g__;_s__.74,dropped
k__Bacteria;_p__OD1;_c__;_o__;_f__;_g__;_s__.75,dropped
k__Bacteria;_p__OD1;_c__;_o__;_f__;_g__;_s__.76,dropped
k__Bacteria;_p__OD1;_c__;_o__;_f__;_g__;_s__.77,dropped
k__Bacteria;_p__OD1;_c__;_o__;_f__;_g__;_s__.78,dropped
k__Bacteria;_p__OD1;_c__;_o__;_f__;_g__;_s__.79,dropped
k__Bacteria;_p__OD1;_c__;_o__;_f__;_g__;_s__.8,dropped
k__Bacteria;_p__OD1;_c__;_o__;_f__;_g__;_s__.80,dropped
k__Bacteria;_p__OD1;_c__;_o__;_f__;_g__;_s__.81,dropped
k__Bacteria;_p__OD1;_c__;_o__;_f__;_g__;_s__.82,dropped
k__Bacteria;_p__OD1;_c__;_o__;_f__;_g__;_s__.83,dropped
k__Bacteria;_p__OD1;_c__;_o__;_f__;_g__;_s__.84,dropped
k__Bacteria;_p__OD1;_c__;_o__;_f__;_g__;_s__.85,dropped
k__Bacteria;_p__OD1;_c__;_o__;_f__;_g__;_s__.86,dropped
k__Bacteria;_p__OD1;_c__;_o__;_f__;_g__;_s__.87,dropped
k__Bacteria;_p__OD1;_c__;_o__;_f__;_g__;_s__.88,dropped
k__Bacteria;_p__OD1;_c__;_o__;_f__;_g__;_s__.89,dropped
k__Bacteria;_p__OD1;_c__;_o__;_f__;_g__;_s__.9,dropped
k__Bacteria;_p__OD1;_c__;_o__;_f__;_g__;_s__.90,dropped
k__Bacteria;_p__OD1;_c__;_o__;_f__;_g__;_s__.91,dropped
k__Bacteria;_p__OD1;_c__;_o__;_f__;_g__;_s__.92,dropped
k__Bacteria;_p__OD1;_c__;_o__;_f__;_g__;_s__.93,dropped
k__Bacteria;_p__OD1;_c__;_o__;_f__;_g__;_s__.94,dropped
k__Bacteria;_p__OD1;_c__;_o__;_f__;_g__;_s__.95,dropped
k__Bacteria;_p__OD1;_c__;_o__;_f__;_g__;_s__.96,dropped
k__Bacteria;_p__OD1;_c__;_o__;_f__;_g__;_s__.97,dropped
k__Bacteria;_p__OD1;_c__;_o__;_f__;_g__;_s__.98,dropped
k__Bacteria;_p__OD1;_c__;_o__;_f__;_g__;_s__.99,dropped
k__Bacteria;_p__Planctomycetes,dropped
k__Bacteria;_p__Planctomycetes;_c__OM190;_o__CL500-15;_f__;_g__;_s__,dropped
k__Bacteria;_p__Planctomycetes;_c__Planctomycetia;_o__Pirellulales;_f__Pirellulaceae;_g__Planctomycete;_s__LF1,dropped
k__Bacteria;_p__Proteobacteria,dropped
k__Bacteria;_p__Proteobacteria.1,dropped
k__Bacteria;_p__Proteobacteria.2,dropped
k__Bacteria;_p__Proteobacteria.3,dropped
k__Bacteria;_p__Proteobacteria.4,dropped
k__Bacteria;_p__Proteobacteria.5,dropped
k__Bacteria;_p__Proteobacteria;_c__Alphaproteobacteria,dropped
k__Bacteria;_p__Proteobacteria;_c__Alphaproteobacteria.1,dropped
k__Bacteria;_p__Proteobacteria;_c__Alphaproteobacteria;_o__Caulobacterales;_f__Caulobacteraceae,dropped
k__Bacteria;_p__Proteobacteria;_c__Alphaproteobacteria;_o__Caulobacterales;_f__Caulobacteraceae.1,dropped
k__Bacteria;_p__Proteobacteria;_c__Alphaproteobacteria;_o__Caulobacterales;_f__Caulobacteraceae.2,dropped
k__Bacteria;_p__Proteobacteria;_c__Alphaproteobacteria;_o__Caulobacterales;_f__Caulobacteraceae;_g__Brevundimonas;_s__,dropped
k__Bacteria;_p__Proteobacteria;_c__Alphaproteobacteria;_o__Caulobacterales;_f__Caulobacteraceae;_g__Brevundimonas;_s__diminuta,dropped
k__Bacteria;_p__Proteobacteria;_c__Alphaproteobacteria;_o__Caulobacterales;_f__Caulobacteraceae;_g__Brevundimonas;_s__vesicularis,dropped
k__Bacteria;_p__Proteobacteria;_c__Alphaproteobacteria;_o__Caulobacterales;_f__Caulobacteraceae;_g__Brevundimonas;_s__vesicularis.1,dropped
k__Bacteria;_p__Proteobacteria;_c__Alphaproteobacteria;_o__Caulobacterales;_f__Caulobacteraceae;_g__Caulobacter;_s__,dropped
k__Bacteria;_p__Proteobacteria;_c__Alphaproteobacteria;_o__Caulobacterales;_f__Caulobacteraceae;_g__Mycoplana;_s__,dropped
k__Bacteria;_p__Proteobacteria;_c__Alphaproteobacteria;_o__Caulobacterales;_f__Caulobacteraceae;_g__Phenylobacterium;_s__,dropped
k__Bacteria;_p__Proteobacteria;_c__Alphaproteobacteria;_o__Ellin329;_f__;_g__;_s__,dropped
k__Bacteria;_p__Proteobacteria;_c__Alphaproteobacteria;_o__RF32;_f__;_g__;_s__.2,dropped
k__Bacteria;_p__Proteobacteria;_c__Alphaproteobacteria;_o__RF32;_f__;_g__;_s__.3,dropped
k__Bacteria;_p__Proteobacteria;_c__Alphaproteobacteria;_o__Rhizobiales,dropped
k__Bacteria;_p__Proteobacteria;_c__Alphaproteobacteria;_o__Rhizobiales;_f__Bradyrhizobiaceae,dropped
k__Bacteria;_p__Proteobacteria;_c__Alphaproteobacteria;_o__Rhizobiales;_f__Bradyrhizobiaceae.1,dropped
k__Bacteria;_p__Proteobacteria;_c__Alphaproteobacteria;_o__Rhizobiales;_f__Bradyrhizobiaceae;_g__Bosea;_s__genosp.,dropped
k__Bacteria;_p__Proteobacteria;_c__Alphaproteobacteria;_o__Rhizobiales;_f__Bradyrhizobiaceae;_g__Bradyrhizobium;_s__,dropped
k__Bacteria;_p__Proteobacteria;_c__Alphaproteobacteria;_o__Rhizobiales;_f__Brucellaceae;_g__Ochrobactrum,dropped
k__Bacteria;_p__Proteobacteria;_c__Alphaproteobacteria;_o__Rhizobiales;_f__Brucellaceae;_g__Ochrobactrum;_s__,dropped
k__Bacteria;_p__Proteobacteria;_c__Alphaproteobacteria;_o__Rhizobiales;_f__Brucellaceae;_g__Ochrobactrum;_s__.1,dropped
k__Bacteria;_p__Proteobacteria;_c__Alphaproteobacteria;_o__Rhizobiales;_f__Hyphomicrobiaceae,dropped
k__Bacteria;_p__Proteobacteria;_c__Alphaproteobacteria;_o__Rhizobiales;_f__Hyphomicrobiaceae.1,dropped
k__Bacteria;_p__Proteobacteria;_c__Alphaproteobacteria;_o__Rhizobiales;_f__Hyphomicrobiaceae;_g__Hyphomicrobium;_s__,dropped
k__Bacteria;_p__Proteobacteria;_c__Alphaproteobacteria;_o__Rhizobiales;_f__Methylobacteriaceae;_g__;_s__,dropped
k__Bacteria;_p__Proteobacteria;_c__Alphaproteobacteria;_o__Rhizobiales;_f__Methylobacteriaceae;_g__;_s__.1,dropped
k__Bacteria;_p__Proteobacteria;_c__Alphaproteobacteria;_o__Rhizobiales;_f__Methylobacteriaceae;_g__Methylobacterium.1,dropped
k__Bacteria;_p__Proteobacteria;_c__Alphaproteobacteria;_o__Rhizobiales;_f__Methylobacteriaceae;_g__Methylobacterium;_s__,dropped
k__Bacteria;_p__Proteobacteria;_c__Alphaproteobacteria;_o__Rhizobiales;_f__Phyllobacteriaceae,dropped
k__Bacteria;_p__Proteobacteria;_c__Alphaproteobacteria;_o__Rhizobiales;_f__Phyllobacteriaceae.1,dropped
k__Bacteria;_p__Proteobacteria;_c__Alphaproteobacteria;_o__Rhizobiales;_f__Phyllobacteriaceae;_g__Aliihoeflea;_s__aestuarii,dropped
k__Bacteria;_p__Proteobacteria;_c__Alphaproteobacteria;_o__Rhizobiales;_f__Phyllobacteriaceae;_g__Chelativorans,dropped
k__Bacteria;_p__Proteobacteria;_c__Alphaproteobacteria;_o__Rhizobiales;_f__Phyllobacteriaceae;_g__Chelativorans.1,dropped
k__Bacteria;_p__Proteobacteria;_c__Alphaproteobacteria;_o__Rhizobiales;_f__Phyllobacteriaceae;_g__Chelativorans;_s__,dropped
k__Bacteria;_p__Proteobacteria;_c__Alphaproteobacteria;_o__Rhizobiales;_f__Phyllobacteriaceae;_g__Phyllobacterium;_s__,dropped
k__Bacteria;_p__Proteobacteria;_c__Alphaproteobacteria;_o__Rhizobiales;_f__Rhizobiaceae,dropped
k__Bacteria;_p__Proteobacteria;_c__Alphaproteobacteria;_o__Rhodobacterales;_f__Hyphomonadaceae;_g__Oceanicaulis;_s__,dropped
k__Bacteria;_p__Proteobacteria;_c__Alphaproteobacteria;_o__Rhodobacterales;_f__Rhodobacteraceae,dropped
k__Bacteria;_p__Proteobacteria;_c__Alphaproteobacteria;_o__Rhodobacterales;_f__Rhodobacteraceae;_g__Paracoccus,dropped
k__Bacteria;_p__Proteobacteria;_c__Alphaproteobacteria;_o__Rhodobacterales;_f__Rhodobacteraceae;_g__Paracoccus.1,dropped
k__Bacteria;_p__Proteobacteria;_c__Alphaproteobacteria;_o__Rhodobacterales;_f__Rhodobacteraceae;_g__Paracoccus;_s__marcusii,dropped
k__Bacteria;_p__Proteobacteria;_c__Alphaproteobacteria;_o__Rhodospirillales;_f__Acetobacteraceae,dropped
k__Bacteria;_p__Proteobacteria;_c__Alphaproteobacteria;_o__Rhodospirillales;_f__Acetobacteraceae.1,dropped
k__Bacteria;_p__Proteobacteria;_c__Alphaproteobacteria;_o__Rhodospirillales;_f__Acetobacteraceae;_g__Acetobacter;_s__,dropped
k__Bacteria;_p__Proteobacteria;_c__Alphaproteobacteria;_o__Rhodospirillales;_f__Acetobacteraceae;_g__Roseomonas;_s__mucosa,dropped
k__Bacteria;_p__Proteobacteria;_c__Alphaproteobacteria;_o__Rhodospirillales;_f__Acetobacteraceae;_g__Saccharibacter;_s__floricola,dropped
k__Bacteria;_p__Proteobacteria;_c__Alphaproteobacteria;_o__Rhodospirillales;_f__Rhodospirillaceae,dropped
k__Bacteria;_p__Proteobacteria;_c__Alphaproteobacteria;_o__Rhodospirillales;_f__Rhodospirillaceae.1,dropped
k__Bacteria;_p__Proteobacteria;_c__Alphaproteobacteria;_o__Rhodospirillales;_f__Rhodospirillaceae;_g__Azospirillum;_s__,dropped
k__Bacteria;_p__Proteobacteria;_c__Alphaproteobacteria;_o__Rhodospirillales;_f__Rhodospirillaceae;_g__Phaeospirillum;_s__,dropped
k__Bacteria;_p__Proteobacteria;_c__Alphaproteobacteria;_o__Rhodospirillales;_f__Rhodospirillaceae;_g__Phaeospirillum;_s__fulvum,dropped
k__Bacteria;_p__Proteobacteria;_c__Alphaproteobacteria;_o__Rhodospirillales;_f__Rhodospirillaceae;_g__Reyranella;_s__massiliensis,dropped
k__Bacteria;_p__Proteobacteria;_c__Alphaproteobacteria;_o__Rhodospirillales;_f__Rhodospirillaceae;_g__Reyranella;_s__massiliensis.1,dropped
k__Bacteria;_p__Proteobacteria;_c__Alphaproteobacteria;_o__Rickettsiales;_f__Rickettsiaceae;_g__Wolbachia;_s__,dropped
k__Bacteria;_p__Proteobacteria;_c__Alphaproteobacteria;_o__Rickettsiales;_f__Rickettsiaceae;_g__Wolbachia;_s__.1,dropped
k__Bacteria;_p__Proteobacteria;_c__Alphaproteobacteria;_o__Rickettsiales;_f__Rickettsiaceae;_g__Wolbachia;_s__Wolbachia_endosymbiont_of_Chorthippus_parallelus,dropped
k__Bacteria;_p__Proteobacteria;_c__Alphaproteobacteria;_o__Sphingomonadales,dropped
k__Bacteria;_p__Proteobacteria;_c__Alphaproteobacteria;_o__Sphingomonadales;_f__Sphingomonadaceae,dropped
k__Bacteria;_p__Proteobacteria;_c__Alphaproteobacteria;_o__Sphingomonadales;_f__Sphingomonadaceae;_g__Blastomonas,dropped
k__Bacteria;_p__Proteobacteria;_c__Alphaproteobacteria;_o__Sphingomonadales;_f__Sphingomonadaceae;_g__Blastomonas;_s__,dropped
k__Bacteria;_p__Proteobacteria;_c__Alphaproteobacteria;_o__Sphingomonadales;_f__Sphingomonadaceae;_g__Kaistobacter;_s__,dropped
k__Bacteria;_p__Proteobacteria;_c__Alphaproteobacteria;_o__Sphingomonadales;_f__Sphingomonadaceae;_g__Novosphingobium;_s__capsulatum,dropped
k__Bacteria;_p__Proteobacteria;_c__Alphaproteobacteria;_o__Sphingomonadales;_f__Sphingomonadaceae;_g__Sphingobium;_s__,dropped
k__Bacteria;_p__Proteobacteria;_c__Alphaproteobacteria;_o__Sphingomonadales;_f__Sphingomonadaceae;_g__Sphingobium;_s__yanoikuyae,dropped
k__Bacteria;_p__Proteobacteria;_c__Alphaproteobacteria;_o__Sphingomonadales;_f__Sphingomonadaceae;_g__Sphingobium;_s__yanoikuyae.1,dropped
k__Bacteria;_p__Proteobacteria;_c__Alphaproteobacteria;_o__Sphingomonadales;_f__Sphingomonadaceae;_g__Sphingomonas,dropped
k__Bacteria;_p__Proteobacteria;_c__Alphaproteobacteria;_o__Sphingomonadales;_f__Sphingomonadaceae;_g__Sphingomonas.1,dropped
k__Bacteria;_p__Proteobacteria;_c__Alphaproteobacteria;_o__Sphingomonadales;_f__Sphingomonadaceae;_g__Sphingomonas.2,dropped
k__Bacteria;_p__Proteobacteria;_c__Alphaproteobacteria;_o__Sphingomonadales;_f__Sphingomonadaceae;_g__Sphingomonas.3,dropped
k__Bacteria;_p__Proteobacteria;_c__Alphaproteobacteria;_o__Sphingomonadales;_f__Sphingomonadaceae;_g__Sphingomonas;_s__,dropped
k__Bacteria;_p__Proteobacteria;_c__Alphaproteobacteria;_o__Sphingomonadales;_f__Sphingomonadaceae;_g__Sphingomonas;_s__changbaiensis,dropped
k__Bacteria;_p__Proteobacteria;_c__Alphaproteobacteria;_o__Sphingomonadales;_f__Sphingomonadaceae;_g__Sphingomonas;_s__yabuuchiae,dropped
k__Bacteria;_p__Proteobacteria;_c__Alphaproteobacteria;_o__Sphingomonadales;_f__Sphingomonadaceae;_g__Sphingopyxis;_s__alaskensis,dropped
k__Bacteria;_p__Proteobacteria;_c__Betaproteobacteria,dropped
k__Bacteria;_p__Proteobacteria;_c__Betaproteobacteria.1,dropped
k__Bacteria;_p__Proteobacteria;_c__Betaproteobacteria.2,dropped
k__Bacteria;_p__Proteobacteria;_c__Betaproteobacteria.3,dropped
k__Bacteria;_p__Proteobacteria;_c__Betaproteobacteria.4,dropped
k__Bacteria;_p__Proteobacteria;_c__Betaproteobacteria;_o__Burkholderiales.3,dropped
k__Bacteria;_p__Proteobacteria;_c__Betaproteobacteria;_o__Burkholderiales.4,dropped
k__Bacteria;_p__Proteobacteria;_c__Betaproteobacteria;_o__Burkholderiales.5,dropped
k__Bacteria;_p__Proteobacteria;_c__Betaproteobacteria;_o__Burkholderiales;_f__Alcaligenaceae,dropped
k__Bacteria;_p__Proteobacteria;_c__Betaproteobacteria;_o__Burkholderiales;_f__Alcaligenaceae.1,dropped
k__Bacteria;_p__Proteobacteria;_c__Betaproteobacteria;_o__Burkholderiales;_f__Alcaligenaceae;_g__Achromobacter;_s__,dropped
k__Bacteria;_p__Proteobacteria;_c__Betaproteobacteria;_o__Burkholderiales;_f__Alcaligenaceae;_g__Achromobacter;_s__.1,dropped
k__Bacteria;_p__Proteobacteria;_c__Betaproteobacteria;_o__Burkholderiales;_f__Alcaligenaceae;_g__Sutterella;_s__.10,dropped
k__Bacteria;_p__Proteobacteria;_c__Betaproteobacteria;_o__Burkholderiales;_f__Alcaligenaceae;_g__Sutterella;_s__.11,dropped
k__Bacteria;_p__Proteobacteria;_c__Betaproteobacteria;_o__Burkholderiales;_f__Alcaligenaceae;_g__Sutterella;_s__.12,dropped
k__Bacteria;_p__Proteobacteria;_c__Betaproteobacteria;_o__Burkholderiales;_f__Alcaligenaceae;_g__Sutterella;_s__.13,dropped
k__Bacteria;_p__Proteobacteria;_c__Betaproteobacteria;_o__Burkholderiales;_f__Alcaligenaceae;_g__Sutterella;_s__.14,dropped
k__Bacteria;_p__Proteobacteria;_c__Betaproteobacteria;_o__Burkholderiales;_f__Alcaligenaceae;_g__Sutterella;_s__.7,dropped
k__Bacteria;_p__Proteobacteria;_c__Betaproteobacteria;_o__Burkholderiales;_f__Alcaligenaceae;_g__Sutterella;_s__.8,dropped
k__Bacteria;_p__Proteobacteria;_c__Betaproteobacteria;_o__Burkholderiales;_f__Alcaligenaceae;_g__Sutterella;_s__.9,dropped
k__Bacteria;_p__Proteobacteria;_c__Betaproteobacteria;_o__Burkholderiales;_f__Burkholderiaceae;_g__Burkholderia;_s__,dropped
k__Bacteria;_p__Proteobacteria;_c__Betaproteobacteria;_o__Burkholderiales;_f__Comamonadaceae.3,dropped
k__Bacteria;_p__Proteobacteria;_c__Betaproteobacteria;_o__Burkholderiales;_f__Comamonadaceae.4,dropped
k__Bacteria;_p__Proteobacteria;_c__Betaproteobacteria;_o__Burkholderiales;_f__Comamonadaceae.5,dropped
k__Bacteria;_p__Proteobacteria;_c__Betaproteobacteria;_o__Burkholderiales;_f__Comamonadaceae.6,dropped
k__Bacteria;_p__Proteobacteria;_c__Betaproteobacteria;_o__Burkholderiales;_f__Comamonadaceae;_g__Comamonas;_s__,dropped
k__Bacteria;_p__Proteobacteria;_c__Betaproteobacteria;_o__Burkholderiales;_f__Oxalobacteraceae;_g__Cupriavidus;_s__,dropped
k__Bacteria;_p__Proteobacteria;_c__Betaproteobacteria;_o__Burkholderiales;_f__Oxalobacteraceae;_g__Cupriavidus;_s__.1,dropped
k__Bacteria;_p__Proteobacteria;_c__Betaproteobacteria;_o__Burkholderiales;_f__Oxalobacteraceae;_g__Oxalobacter;_s__,dropped
k__Bacteria;_p__Proteobacteria;_c__Betaproteobacteria;_o__Burkholderiales;_f__Oxalobacteraceae;_g__Oxalobacter;_s__formigenes.1,dropped
k__Bacteria;_p__Proteobacteria;_c__Betaproteobacteria;_o__Neisseriales;_f__Neisseriaceae;_g__Vogesella;_s__,dropped
k__Bacteria;_p__Proteobacteria;_c__Betaproteobacteria;_o__Neisseriales;_f__Neisseriaceae;_g__Vogesella;_s__indigofera,dropped
k__Bacteria;_p__Proteobacteria;_c__Deltaproteobacteria,dropped
k__Bacteria;_p__Proteobacteria;_c__Deltaproteobacteria;_o__Desulfobacterales;_f__Nitrospinaceae;_g__Nitrospina;_s__,dropped
k__Bacteria;_p__Proteobacteria;_c__Deltaproteobacteria;_o__Desulfovibrionales;_f__Desulfovibrionaceae,dropped
k__Bacteria;_p__Proteobacteria;_c__Deltaproteobacteria;_o__Desulfovibrionales;_f__Desulfovibrionaceae.1,dropped
k__Bacteria;_p__Proteobacteria;_c__Deltaproteobacteria;_o__Desulfovibrionales;_f__Desulfovibrionaceae.2,dropped
k__Bacteria;_p__Proteobacteria;_c__Deltaproteobacteria;_o__Desulfovibrionales;_f__Desulfovibrionaceae;_g__Bilophila;_s__.2,dropped
k__Bacteria;_p__Proteobacteria;_c__Deltaproteobacteria;_o__Desulfovibrionales;_f__Desulfovibrionaceae;_g__Bilophila;_s__.3,dropped
k__Bacteria;_p__Proteobacteria;_c__Deltaproteobacteria;_o__Desulfovibrionales;_f__Desulfovibrionaceae;_g__Bilophila;_s__.4,dropped
k__Bacteria;_p__Proteobacteria;_c__Deltaproteobacteria;_o__Desulfovibrionales;_f__Desulfovibrionaceae;_g__Bilophila;_s__.5,dropped
k__Bacteria;_p__Proteobacteria;_c__Deltaproteobacteria;_o__Desulfovibrionales;_f__Desulfovibrionaceae;_g__Desulfovibrio;_s__.2,dropped
k__Bacteria;_p__Proteobacteria;_c__Epsilonproteobacteria;_o__Campylobacterales;_f__Helicobacteraceae;_g__Helicobacter,dropped
k__Bacteria;_p__Proteobacteria;_c__Epsilonproteobacteria;_o__Campylobacterales;_f__Helicobacteraceae;_g__Helicobacter;_s__pullorum,dropped
k__Bacteria;_p__Proteobacteria;_c__Epsilonproteobacteria;_o__Campylobacterales;_f__Helicobacteraceae;_g__Helicobacter;_s__pullorum.1,dropped
k__Bacteria;_p__Proteobacteria;_c__Gammaproteobacteria.2,dropped
k__Bacteria;_p__Proteobacteria;_c__Gammaproteobacteria;_o__Aeromonadales;_f__Aeromonadaceae;_g__Aeromonas,dropped
k__Bacteria;_p__Proteobacteria;_c__Gammaproteobacteria;_o__Aeromonadales;_f__Succinivibrionaceae;_g__Succinivibrio;_s__.1,dropped
k__Bacteria;_p__Proteobacteria;_c__Gammaproteobacteria;_o__Aeromonadales;_f__Succinivibrionaceae;_g__Succinivibrio;_s__.2,dropped
k__Bacteria;_p__Proteobacteria;_c__Gammaproteobacteria;_o__Aeromonadales;_f__Succinivibrionaceae;_g__Succinivibrio;_s__.3,dropped
k__Bacteria;_p__Proteobacteria;_c__Gammaproteobacteria;_o__Alteromonadales;_f__Alteromonadaceae,dropped
k__Bacteria;_p__Proteobacteria;_c__Gammaproteobacteria;_o__Alteromonadales;_f__Shewanellaceae;_g__Shewanella;_s__algae,dropped
k__Bacteria;_p__Proteobacteria;_c__Gammaproteobacteria;_o__Enterobacteriales;_f__Enterobacteriaceae.10,dropped
k__Bacteria;_p__Proteobacteria;_c__Gammaproteobacteria;_o__Enterobacteriales;_f__Enterobacteriaceae.9,dropped
k__Bacteria;_p__Proteobacteria;_c__Gammaproteobacteria;_o__Enterobacteriales;_f__Enterobacteriaceae;_g__Proteus,dropped
k__Bacteria;_p__Proteobacteria;_c__Gammaproteobacteria;_o__Legionellales;_f__Coxiellaceae;_g__Rickettsiella;_s__,dropped
k__Bacteria;_p__Proteobacteria;_c__Gammaproteobacteria;_o__Oceanospirillales;_f__Halomonadaceae;_g__Halomonas;_s__,dropped
k__Bacteria;_p__Proteobacteria;_c__Gammaproteobacteria;_o__Oceanospirillales;_f__Oceanospirillaceae;_g__Marinomonas,dropped
k__Bacteria;_p__Proteobacteria;_c__Gammaproteobacteria;_o__Oceanospirillales;_f__Oceanospirillaceae;_g__Neptuniibacter;_s__caesariensis,dropped
k__Bacteria;_p__Proteobacteria;_c__Gammaproteobacteria;_o__Pasteurellales;_f__Pasteurellaceae.1,dropped
k__Bacteria;_p__Proteobacteria;_c__Gammaproteobacteria;_o__Pasteurellales;_f__Pasteurellaceae.2,dropped
k__Bacteria;_p__Proteobacteria;_c__Gammaproteobacteria;_o__Pasteurellales;_f__Pasteurellaceae.3,dropped
k__Bacteria;_p__Proteobacteria;_c__Gammaproteobacteria;_o__Pseudomonadales;_f__Moraxellaceae;_g__Acinetobacter;_s__,dropped
k__Bacteria;_p__Proteobacteria;_c__Gammaproteobacteria;_o__Pseudomonadales;_f__Moraxellaceae;_g__Acinetobacter;_s__.1,dropped
k__Bacteria;_p__Proteobacteria;_c__Gammaproteobacteria;_o__Pseudomonadales;_f__Moraxellaceae;_g__Acinetobacter;_s__johnsonii,dropped
k__Bacteria;_p__Proteobacteria;_c__Gammaproteobacteria;_o__Pseudomonadales;_f__Moraxellaceae;_g__Acinetobacter;_s__rhizosphaerae,dropped
k__Bacteria;_p__Proteobacteria;_c__Gammaproteobacteria;_o__Pseudomonadales;_f__Moraxellaceae;_g__Alkanindiges;_s__,dropped
k__Bacteria;_p__Proteobacteria;_c__Gammaproteobacteria;_o__Pseudomonadales;_f__Moraxellaceae;_g__Enhydrobacter.1,dropped
k__Bacteria;_p__Proteobacteria;_c__Gammaproteobacteria;_o__Pseudomonadales;_f__Moraxellaceae;_g__Moraxella;_s__,dropped
k__Bacteria;_p__Proteobacteria;_c__Gammaproteobacteria;_o__Pseudomonadales;_f__Moraxellaceae;_g__Perlucidibaca;_s__,dropped
k__Bacteria;_p__Proteobacteria;_c__Gammaproteobacteria;_o__Pseudomonadales;_f__Moraxellaceae;_g__Psychrobacter,dropped
k__Bacteria;_p__Proteobacteria;_c__Gammaproteobacteria;_o__Pseudomonadales;_f__Pseudomonadaceae,dropped
k__Bacteria;_p__Proteobacteria;_c__Gammaproteobacteria;_o__Pseudomonadales;_f__Pseudomonadaceae.1,dropped
k__Bacteria;_p__Proteobacteria;_c__Gammaproteobacteria;_o__Pseudomonadales;_f__Pseudomonadaceae.2,dropped
k__Bacteria;_p__Proteobacteria;_c__Gammaproteobacteria;_o__Pseudomonadales;_f__Pseudomonadaceae;_g__Pseudomonas,dropped
k__Bacteria;_p__Proteobacteria;_c__Gammaproteobacteria;_o__Pseudomonadales;_f__Pseudomonadaceae;_g__Pseudomonas.1,dropped
k__Bacteria;_p__Proteobacteria;_c__Gammaproteobacteria;_o__Pseudomonadales;_f__Pseudomonadaceae;_g__Pseudomonas;_s__citronellolis,dropped
k__Bacteria;_p__Proteobacteria;_c__Gammaproteobacteria;_o__Pseudomonadales;_f__Pseudomonadaceae;_g__Pseudomonas;_s__fragi,dropped
k__Bacteria;_p__Proteobacteria;_c__Gammaproteobacteria;_o__Pseudomonadales;_f__Pseudomonadaceae;_g__Pseudomonas;_s__veronii,dropped
k__Bacteria;_p__Proteobacteria;_c__Gammaproteobacteria;_o__Pseudomonadales;_f__Pseudomonadaceae;_g__Pseudomonas;_s__viridiflava,dropped
k__Bacteria;_p__Proteobacteria;_c__Gammaproteobacteria;_o__Vibrionales;_f__Pseudoalteromonadaceae;_g__Pseudoalteromonas,dropped
k__Bacteria;_p__Proteobacteria;_c__Gammaproteobacteria;_o__Vibrionales;_f__Pseudoalteromonadaceae;_g__Pseudoalteromonas;_s__,dropped
k__Bacteria;_p__Proteobacteria;_c__Gammaproteobacteria;_o__Vibrionales;_f__Vibrionaceae;_g__Photobacterium;_s__damselae,dropped
k__Bacteria;_p__Proteobacteria;_c__Gammaproteobacteria;_o__Vibrionales;_f__Vibrionaceae;_g__Vibrio,dropped
k__Bacteria;_p__Proteobacteria;_c__Gammaproteobacteria;_o__Xanthomonadales;_f__Sinobacteraceae;_g__Solimonas;_s__soli,dropped
k__Bacteria;_p__Proteobacteria;_c__Gammaproteobacteria;_o__Xanthomonadales;_f__Xanthomonadaceae,dropped
k__Bacteria;_p__Proteobacteria;_c__Gammaproteobacteria;_o__Xanthomonadales;_f__Xanthomonadaceae;_g__;_s__,dropped
k__Bacteria;_p__Proteobacteria;_c__Gammaproteobacteria;_o__Xanthomonadales;_f__Xanthomonadaceae;_g__Lysobacter,dropped
k__Bacteria;_p__Proteobacteria;_c__Gammaproteobacteria;_o__Xanthomonadales;_f__Xanthomonadaceae;_g__Lysobacter;_s__,dropped
k__Bacteria;_p__Proteobacteria;_c__Gammaproteobacteria;_o__Xanthomonadales;_f__Xanthomonadaceae;_g__Pseudoxanthomonas;_s__indica,dropped
k__Bacteria;_p__Proteobacteria;_c__Gammaproteobacteria;_o__Xanthomonadales;_f__Xanthomonadaceae;_g__Rhodanobacter,dropped
k__Bacteria;_p__Proteobacteria;_c__Gammaproteobacteria;_o__Xanthomonadales;_f__Xanthomonadaceae;_g__Stenotrophomonas;_s__,dropped
k__Bacteria;_p__Synergistetes;_c__Synergistia;_o__Synergistales;_f__Synergistaceae,dropped
k__Bacteria;_p__Synergistetes;_c__Synergistia;_o__Synergistales;_f__Synergistaceae;_g__;_s__.1,dropped
k__Bacteria;_p__Synergistetes;_c__Synergistia;_o__Synergistales;_f__Synergistaceae;_g__Synergistes;_s__.1,dropped
k__Bacteria;_p__TM7;_c__TM7-3;_o__;_f__;_g__;_s__.3,dropped
k__Bacteria;_p__TM7;_c__TM7-3;_o__;_f__;_g__;_s__.4,dropped
k__Bacteria;_p__TM7;_c__TM7-3;_o__;_f__;_g__;_s__.5,dropped
k__Bacteria;_p__Tenericutes;_c__Mollicutes,dropped
k__Bacteria;_p__Tenericutes;_c__Mollicutes;_o__;_f__;_g__;_s__,dropped
k__Bacteria;_p__Tenericutes;_c__Mollicutes;_o__;_f__;_g__;_s__.1,dropped
k__Bacteria;_p__Tenericutes;_c__Mollicutes;_o__Anaeroplasmatales;_f__Anaeroplasmataceae;_g__;_s__,dropped
k__Bacteria;_p__Tenericutes;_c__Mollicutes;_o__Mycoplasmatales;_f__Mycoplasmataceae;_g__Candidatus_Hepatoplasma;_s__,dropped
k__Bacteria;_p__Tenericutes;_c__Mollicutes;_o__RF39;_f__;_g__;_s__.10,dropped
k__Bacteria;_p__Tenericutes;_c__Mollicutes;_o__RF39;_f__;_g__;_s__.11,dropped
k__Bacteria;_p__Tenericutes;_c__Mollicutes;_o__RF39;_f__;_g__;_s__.12,dropped
k__Bacteria;_p__Tenericutes;_c__Mollicutes;_o__RF39;_f__;_g__;_s__.13,dropped
k__Bacteria;_p__Tenericutes;_c__Mollicutes;_o__RF39;_f__;_g__;_s__.14,dropped
k__Bacteria;_p__Tenericutes;_c__Mollicutes;_o__RF39;_f__;_g__;_s__.15,dropped
k__Bacteria;_p__Tenericutes;_c__Mollicutes;_o__RF39;_f__;_g__;_s__.16,dropped
k__Bacteria;_p__Tenericutes;_c__Mollicutes;_o__RF39;_f__;_g__;_s__.17,dropped
k__Bacteria;_p__Tenericutes;_c__Mollicutes;_o__RF39;_f__;_g__;_s__.18,dropped
k__Bacteria;_p__Tenericutes;_c__Mollicutes;_o__RF39;_f__;_g__;_s__.19,dropped
k__Bacteria;_p__Tenericutes;_c__Mollicutes;_o__RF39;_f__;_g__;_s__.20,dropped
k__Bacteria;_p__Tenericutes;_c__Mollicutes;_o__RF39;_f__;_g__;_s__.21,dropped
k__Bacteria;_p__Verrucomicrobia;_c__Opitutae;_o___Cerasicoccales_;_f___Cerasicoccaceae_;_g__;_s__,dropped
k__Bacteria;_p__Verrucomicrobia;_c__Opitutae;_o___Cerasicoccales_;_f___Cerasicoccaceae_;_g__;_s__.1,dropped
k__Bacteria;_p__Verrucomicrobia;_c__Verrucomicrobiae;_o__Verrucomicrobiales;_f__Verrucomicrobiaceae,dropped
k__Bacteria;_p__Verrucomicrobia;_c__Verrucomicrobiae;_o__Verrucomicrobiales;_f__Verrucomicrobiaceae;_g__Akkermansia;_s__muciniphila.3,dropped
k__Bacteria;_p__Verrucomicrobia;_c__Verrucomicrobiae;_o__Verrucomicrobiales;_f__Verrucomicrobiaceae;_g__Akkermansia;_s__muciniphila.4,dropped
k__Bacteria;_p__Verrucomicrobia;_c__Verrucomicrobiae;_o__Verrucomicrobiales;_f__Verrucomicrobiaceae;_g__Akkermansia;_s__muciniphila.5,dropped
k__Bacteria;_p__Verrucomicrobia;_c__Verrucomicrobiae;_o__Verrucomicrobiales;_f__Verrucomicrobiaceae;_g__Akkermansia;_s__muciniphila.6,dropped
k__Bacteria;_p__Verrucomicrobia;_c__Verrucomicrobiae;_o__Verrucomicrobiales;_f__Verrucomicrobiaceae;_g__Akkermansia;_s__muciniphila.7,dropped
k__Bacteria;_p__Verrucomicrobia;_c__Verrucomicrobiae;_o__Verrucomicrobiales;_f__Verrucomicrobiaceae;_g__Akkermansia;_s__muciniphila.8,dropped
k__Bacteria;_p__WPS-2;_c__;_o__;_f__;_g__;_s__,dropped
k__Bacteria;_p___Thermi_;_c__Deinococci;_o__Deinococcales;_f__Deinococcaceae;_g__Deinococcus;_s__,dropped
k__Bacteria;_p___Thermi_;_c__Deinococci;_o__Thermales;_f__Thermaceae;_g__Meiothermus;_s__,dropped
k__Bacteria;_p___Thermi_;_c__Deinococci;_o__Thermales;_f__Thermaceae;_g__Meiothermus;_s__.1,dropped
k__Bacteria;_p___Thermi_;_c__Deinococci;_o__Thermales;_f__Thermaceae;_g__Meiothermus;_s__.2,dropped
k__Bacteria;p__Actinobacteria;c__;o__;f__;g__;s__,dropped
k__Bacteria;p__Actinobacteria;c__Actinobacteria;o__Actinomycetales;f__;g__;s__,dropped
k__Bacteria;p__Actinobacteria;c__Actinobacteria;o__Actinomycetales;f__Actinomycetaceae;g__Actinomyces;s__europaeus,dropped
k__Bacteria;p__Actinobacteria;c__Actinobacteria;o__Actinomycetales;f__Actinomycetaceae;g__Actinomyces;s__hyovaginalis,dropped
k__Bacteria;p__Actinobacteria;c__Actinobacteria;o__Actinomycetales;f__Actinomycetaceae;g__Arcanobacterium;s__,dropped
k__Bacteria;p__Actinobacteria;c__Actinobacteria;o__Actinomycetales;f__Actinomycetaceae;g__Mobiluncus;s__,dropped
k__Bacteria;p__Actinobacteria;c__Actinobacteria;o__Actinomycetales;f__Actinomycetaceae;g__Trueperella;s__,dropped
k__Bacteria;p__Actinobacteria;c__Actinobacteria;o__Actinomycetales;f__Actinomycetaceae;g__Varibaculum;s__,dropped
k__Bacteria;p__Actinobacteria;c__Actinobacteria;o__Actinomycetales;f__Brevibacteriaceae;g__Brevibacterium;s__paucivorans,dropped
k__Bacteria;p__Actinobacteria;c__Actinobacteria;o__Actinomycetales;f__Corynebacteriaceae;g__Corynebacterium;s__kroppenstedtii,dropped
k__Bacteria;p__Actinobacteria;c__Actinobacteria;o__Actinomycetales;f__Corynebacteriaceae;g__Corynebacterium;s__mastitidis,dropped
k__Bacteria;p__Actinobacteria;c__Actinobacteria;o__Actinomycetales;f__Corynebacteriaceae;g__Corynebacterium;s__simulans,dropped
k__Bacteria;p__Actinobacteria;c__Actinobacteria;o__Actinomycetales;f__Corynebacteriaceae;g__Corynebacterium;s__variabile,dropped
k__Bacteria;p__Actinobacteria;c__Actinobacteria;o__Actinomycetales;f__Dermabacteraceae;g__Brachybacterium;s__,dropped
k__Bacteria;p__Actinobacteria;c__Actinobacteria;o__Actinomycetales;f__Dermabacteraceae;g__Dermabacter;s__,dropped
k__Bacteria;p__Actinobacteria;c__Actinobacteria;o__Actinomycetales;f__Gordoniaceae;g__Gordonia;s__,dropped
k__Bacteria;p__Actinobacteria;c__Actinobacteria;o__Actinomycetales;f__Intrasporangiaceae;g__;s__,dropped
k__Bacteria;p__Actinobacteria;c__Actinobacteria;o__Actinomycetales;f__Microbacteriaceae;g__;s__,dropped
k__Bacteria;p__Actinobacteria;c__Actinobacteria;o__Actinomycetales;f__Microbacteriaceae;g__Microbacterium;s__,dropped
k__Bacteria;p__Actinobacteria;c__Actinobacteria;o__Actinomycetales;f__Microbacteriaceae;g__Pseudoclavibacter;s__bifida,dropped
k__Bacteria;p__Actinobacteria;c__Actinobacteria;o__Actinomycetales;f__Micrococcaceae;g__;s__,dropped
k__Bacteria;p__Actinobacteria;c__Actinobacteria;o__Actinomycetales;f__Micrococcaceae;g__Kocuria;s__,dropped
k__Bacteria;p__Actinobacteria;c__Actinobacteria;o__Actinomycetales;f__Micrococcaceae;g__Kocuria;s__kristinae,dropped
k__Bacteria;p__Actinobacteria;c__Actinobacteria;o__Actinomycetales;f__Micrococcaceae;g__Micrococcus;s__,dropped
k__Bacteria;p__Actinobacteria;c__Actinobacteria;o__Actinomycetales;f__Micrococcaceae;g__Rothia;s__,dropped
k__Bacteria;p__Actinobacteria;c__Actinobacteria;o__Actinomycetales;f__Micrococcaceae;g__Rothia;s__dentocariosa,dropped
k__Bacteria;p__Actinobacteria;c__Actinobacteria;o__Actinomycetales;f__Mycobacteriaceae;g__Mycobacterium;s__,dropped
k__Bacteria;p__Actinobacteria;c__Actinobacteria;o__Actinomycetales;f__Nocardiaceae;g__Rhodococcus;s__equi,dropped
k__Bacteria;p__Actinobacteria;c__Actinobacteria;o__Actinomycetales;f__Nocardiopsaceae;g__;s__,dropped
k__Bacteria;p__Actinobacteria;c__Actinobacteria;o__Actinomycetales;f__Promicromonosporaceae;g__Cellulosimicrobium;s__,dropped
k__Bacteria;p__Actinobacteria;c__Actinobacteria;o__Actinomycetales;f__Propionibacteriaceae;g__Brooklawnia;s__massiliensis,dropped
k__Bacteria;p__Actinobacteria;c__Actinobacteria;o__Actinomycetales;f__Propionibacteriaceae;g__Propionibacterium;s__,dropped
k__Bacteria;p__Actinobacteria;c__Actinobacteria;o__Actinomycetales;f__Propionibacteriaceae;g__Propionibacterium;s__acnes,dropped
k__Bacteria;p__Actinobacteria;c__Actinobacteria;o__Actinomycetales;f__Propionibacteriaceae;g__Propionibacterium;s__granulosum,dropped
k__Bacteria;p__Actinobacteria;c__Actinobacteria;o__Actinomycetales;f__Propionibacteriaceae;g__Propionimicrobium;s__lymphophilum,dropped
k__Bacteria;p__Actinobacteria;c__Actinobacteria;o__Actinomycetales;f__Streptomycetaceae;g__;s__,dropped
k__Bacteria;p__Actinobacteria;c__Actinobacteria;o__Actinomycetales;f__Streptomycetaceae;g__Streptomyces;s__,dropped
k__Bacteria;p__Actinobacteria;c__Actinobacteria;o__Bifidobacteriales;f__Bifidobacteriaceae;g__Gardnerella;s__,dropped
k__Bacteria;p__Actinobacteria;c__Actinobacteria;o__Bifidobacteriales;f__Bifidobacteriaceae;g__Scardovia;s__,dropped
k__Bacteria;p__Actinobacteria;c__Coriobacteriia;o__Coriobacteriales;f__Coriobacteriaceae;g__Atopobium;s__rimae,dropped
k__Bacteria;p__Actinobacteria;c__Coriobacteriia;o__Coriobacteriales;f__Coriobacteriaceae;g__Atopobium;s__vaginae,dropped
k__Bacteria;p__Actinobacteria;c__Coriobacteriia;o__Coriobacteriales;f__Coriobacteriaceae;g__Eggerthella;s__,dropped
k__Bacteria;p__Actinobacteria;c__Coriobacteriia;o__Coriobacteriales;f__Coriobacteriaceae;g__Olsenella;s__,dropped
k__Bacteria;p__Actinobacteria;c__Coriobacteriia;o__Coriobacteriales;f__Coriobacteriaceae;g__Olsenella;s__profusa,dropped
k__Bacteria;p__Actinobacteria;c__Coriobacteriia;o__Coriobacteriales;f__Coriobacteriaceae;g__Paraeggerthella;s__hongkongensis,dropped
k__Bacteria;p__Actinobacteria;c__OPB41;o__;f__;g__;s__,dropped
k__Bacteria;p__Bacteroidetes;c__Bacteroidia;o__Bacteroidales;f__Bacteroidaceae;g__Bacteroides;s__acidifaciens,dropped
k__Bacteria;p__Bacteroidetes;c__Bacteroidia;o__Bacteroidales;f__Bacteroidaceae;g__Bacteroides;s__barnesiae,dropped
k__Bacteria;p__Bacteroidetes;c__Bacteroidia;o__Bacteroidales;f__Bacteroidaceae;g__Bacteroides;s__coprophilus,dropped
k__Bacteria;p__Bacteroidetes;c__Bacteroidia;o__Bacteroidales;f__Porphyromonadaceae;g__;s__,dropped
k__Bacteria;p__Bacteroidetes;c__Bacteroidia;o__Bacteroidales;f__Porphyromonadaceae;g__Dysgonomonas;s__,dropped
k__Bacteria;p__Bacteroidetes;c__Bacteroidia;o__Bacteroidales;f__Prevotellaceae;g__Prevotella;s__melaninogenica,dropped
k__Bacteria;p__Bacteroidetes;c__Bacteroidia;o__Bacteroidales;f__Prevotellaceae;g__Prevotella;s__pallens,dropped
k__Bacteria;p__Bacteroidetes;c__Bacteroidia;o__Bacteroidales;f__Rikenellaceae;g__Alistipes;s__,dropped
k__Bacteria;p__Bacteroidetes;c__Bacteroidia;o__Bacteroidales;f__Rikenellaceae;g__Blvii28;s__,dropped
k__Bacteria;p__Bacteroidetes;c__Bacteroidia;o__Bacteroidales;f__Rikenellaceae;g__human;s__gutmetagenome,dropped
k__Bacteria;p__Bacteroidetes;c__Bacteroidia;o__Bacteroidales;f___Barnesiellaceae_;g__Barnesiella;s__intestinihominis,dropped
k__Bacteria;p__Bacteroidetes;c__Bacteroidia;o__Bacteroidales;f___Paraprevotellaceae_;g__CF231;s__,dropped
k__Bacteria;p__Bacteroidetes;c__Bacteroidia;o__Bacteroidales;f___Paraprevotellaceae_;g___Prevotella_;s__tannerae,dropped
k__Bacteria;p__Bacteroidetes;c__Flavobacteriia;o__Flavobacteriales;f__;g__;s__,dropped
k__Bacteria;p__Bacteroidetes;c__Flavobacteriia;o__Flavobacteriales;f___Weeksellaceae_;g__Chryseobacterium;s__,dropped
k__Bacteria;p__Bacteroidetes;c__Sphingobacteriia;o__Sphingobacteriales;f__Sphingobacteriaceae;g__Sphingobacterium;s__mizutaii,dropped
k__Bacteria;p__Bacteroidetes;c__Sphingobacteriia;o__Sphingobacteriales;f__Sphingobacteriaceae;g__Sphingobacterium;s__multivorum,dropped
k__Bacteria;p__Chloroflexi;c__Anaerolineae;o__Anaerolineales;f__Anaerolinaceae;g__SHD-231;s__,dropped
k__Bacteria;p__Cyanobacteria;c__ML635J-21;o__;f__;g__;s__,dropped
k__Bacteria;p__Elusimicrobia;c__Elusimicrobia;o__Elusimicrobiales;f__Elusimicrobiaceae;g__;s__,dropped
k__Bacteria;p__Firmicutes;c__Bacilli;o__Bacillales;f__Bacillaceae;g__Anaerobacillus;s__,dropped
k__Bacteria;p__Firmicutes;c__Bacilli;o__Bacillales;f__Bacillaceae;g__Bacillus;s__,dropped
k__Bacteria;p__Firmicutes;c__Bacilli;o__Bacillales;f__Bacillaceae;g__Bacillus;s__clausii,dropped
k__Bacteria;p__Firmicutes;c__Bacilli;o__Bacillales;f__Bacillaceae;g__Bacillus;s__farraginis,dropped
k__Bacteria;p__Firmicutes;c__Bacilli;o__Bacillales;f__Bacillaceae;g__Bacillus;s__firmus,dropped
k__Bacteria;p__Firmicutes;c__Bacilli;o__Bacillales;f__Bacillaceae;g__Oceanobacillus;s__,dropped
k__Bacteria;p__Firmicutes;c__Bacilli;o__Bacillales;f__Bacillaceae;g__Oceanobacillus;s__chironomi,dropped
k__Bacteria;p__Firmicutes;c__Bacilli;o__Bacillales;f__Bacillaceae;g__Oceanobacillus;s__profundus,dropped
k__Bacteria;p__Firmicutes;c__Bacilli;o__Bacillales;f__Paenibacillaceae;g__Brevibacillus;s__,dropped
k__Bacteria;p__Firmicutes;c__Bacilli;o__Bacillales;f__Paenibacillaceae;g__Paenibacillus;s__amylolyticus,dropped
k__Bacteria;p__Firmicutes;c__Bacilli;o__Bacillales;f__Paenibacillaceae;g__Paenibacillus;s__lautus,dropped
k__Bacteria;p__Firmicutes;c__Bacilli;o__Bacillales;f__Planococcaceae;g__Rummeliibacillus;s__,dropped
k__Bacteria;p__Firmicutes;c__Bacilli;o__Bacillales;f__Planococcaceae;g__Solibacillus;s__,dropped
k__Bacteria;p__Firmicutes;c__Bacilli;o__Bacillales;f__Planococcaceae;g__Sporosarcina;s__,dropped
k__Bacteria;p__Firmicutes;c__Bacilli;o__Bacillales;f__Staphylococcaceae;g__Jeotgalicoccus;s__,dropped
k__Bacteria;p__Firmicutes;c__Bacilli;o__Lactobacillales;f__Aerococcaceae;g__Abiotrophia;s__,dropped
k__Bacteria;p__Firmicutes;c__Bacilli;o__Lactobacillales;f__Aerococcaceae;g__Aerococcus;s__,dropped
k__Bacteria;p__Firmicutes;c__Bacilli;o__Lactobacillales;f__Aerococcaceae;g__Facklamia;s__,dropped
k__Bacteria;p__Firmicutes;c__Bacilli;o__Lactobacillales;f__Enterococcaceae;g__;s__,dropped
k__Bacteria;p__Firmicutes;c__Bacilli;o__Lactobacillales;f__Lactobacillaceae;g__Lactobacillus;s__agilis,dropped
k__Bacteria;p__Firmicutes;c__Bacilli;o__Lactobacillales;f__Lactobacillaceae;g__Lactobacillus;s__coleohominis,dropped
k__Bacteria;p__Firmicutes;c__Bacilli;o__Lactobacillales;f__Lactobacillaceae;g__Lactobacillus;s__iners,dropped
k__Bacteria;p__Firmicutes;c__Bacilli;o__Lactobacillales;f__Lactobacillaceae;g__Lactobacillus;s__manihotivorans,dropped
k__Bacteria;p__Firmicutes;c__Bacilli;o__Lactobacillales;f__Lactobacillaceae;g__Lactobacillus;s__paralimentarius,dropped
k__Bacteria;p__Firmicutes;c__Bacilli;o__Lactobacillales;f__Lactobacillaceae;g__Lactobacillus;s__salivarius,dropped
k__Bacteria;p__Firmicutes;c__Bacilli;o__Lactobacillales;f__Lactobacillaceae;g__Lactobacillus;s__vaginalis,dropped
k__Bacteria;p__Firmicutes;c__Bacilli;o__Lactobacillales;f__Leuconostocaceae;g__;s__,dropped
k__Bacteria;p__Firmicutes;c__Bacilli;o__Lactobacillales;f__Leuconostocaceae;g__Weissella;s__,dropped
k__Bacteria;p__Firmicutes;c__Bacilli;o__Lactobacillales;f__Streptococcaceae;g__Streptococcus;s__alactolyticus,dropped
k__Bacteria;p__Firmicutes;c__Bacilli;o__Lactobacillales;f__Streptococcaceae;g__Streptococcus;s__luteciae,dropped
k__Bacteria;p__Firmicutes;c__Clostridia;o__Clostridiales;f__Clostridiaceae;g__Clostridium;s__baratii,dropped
k__Bacteria;p__Firmicutes;c__Clostridia;o__Clostridiales;f__Clostridiaceae;g__Clostridium;s__bowmanii,dropped
k__Bacteria;p__Firmicutes;c__Clostridia;o__Clostridiales;f__Clostridiaceae;g__Clostridium;s__colicanis,dropped
k__Bacteria;p__Firmicutes;c__Clostridia;o__Clostridiales;f__Clostridiaceae;g__Clostridium;s__hiranonis,dropped
k__Bacteria;p__Firmicutes;c__Clostridia;o__Clostridiales;f__Clostridiaceae;g__Clostridium;s__neonatale,dropped
k__Bacteria;p__Firmicutes;c__Clostridia;o__Clostridiales;f__Clostridiaceae;g__SMB53;s__,dropped
k__Bacteria;p__Firmicutes;c__Clostridia;o__Clostridiales;f__Lachnospiraceae;g__Clostridium;s__aldenense,dropped
k__Bacteria;p__Firmicutes;c__Clostridia;o__Clostridiales;f__Lachnospiraceae;g__Clostridium;s__colinum,dropped
k__Bacteria;p__Firmicutes;c__Clostridia;o__Clostridiales;f__Lachnospiraceae;g__Dorea;s__longicatena,dropped
k__Bacteria;p__Firmicutes;c__Clostridia;o__Clostridiales;f__Lachnospiraceae;g__Lachnoanaerobaculum;s__orale,dropped
k__Bacteria;p__Firmicutes;c__Clostridia;o__Clostridiales;f__Lachnospiraceae;g__Lactonifactor;s__longoviformis,dropped
k__Bacteria;p__Firmicutes;c__Clostridia;o__Clostridiales;f__Lachnospiraceae;g__Marvinbryantia;s__formatexigens,dropped
k__Bacteria;p__Firmicutes;c__Clostridia;o__Clostridiales;f__Lachnospiraceae;g__Moryella;s__,dropped
k__Bacteria;p__Firmicutes;c__Clostridia;o__Clostridiales;f__Lachnospiraceae;g__Moryella;s__indoligenes,dropped
k__Bacteria;p__Firmicutes;c__Clostridia;o__Clostridiales;f__Lachnospiraceae;g__Oribacterium;s__,dropped
k__Bacteria;p__Firmicutes;c__Clostridia;o__Clostridiales;f__Lachnospiraceae;g__Robinsoniella;s__peoriensis,dropped
k__Bacteria;p__Firmicutes;c__Clostridia;o__Clostridiales;f__Lachnospiraceae;g__Ruminococcus;s__lactaris,dropped
k__Bacteria;p__Firmicutes;c__Clostridia;o__Clostridiales;f__Peptostreptococcaceae;g__Clostridium;s__,dropped
k__Bacteria;p__Firmicutes;c__Clostridia;o__Clostridiales;f__Peptostreptococcaceae;g___Clostridium_;s__,dropped
k__Bacteria;p__Firmicutes;c__Clostridia;o__Clostridiales;f__Peptostreptococcaceae;g___Clostridium_;s__bifermentans,dropped
k__Bacteria;p__Firmicutes;c__Clostridia;o__Clostridiales;f__Peptostreptococcaceae;g___Clostridium_;s__sordellii,dropped
k__Bacteria;p__Firmicutes;c__Clostridia;o__Clostridiales;f__Ruminococcaceae;g__Anaerofilum;s__,dropped
k__Bacteria;p__Firmicutes;c__Clostridia;o__Clostridiales;f__Veillonellaceae;g__Megamonas;s__,dropped
k__Bacteria;p__Firmicutes;c__Clostridia;o__Clostridiales;f__Veillonellaceae;g__Pectinatus;s__,dropped
k__Bacteria;p__Firmicutes;c__Clostridia;o__Clostridiales;f__Veillonellaceae;g__Schwartzia;s__,dropped
k__Bacteria;p__Firmicutes;c__Clostridia;o__Clostridiales;f__Veillonellaceae;g__Selenomonas;s__,dropped
k__Bacteria;p__Firmicutes;c__Clostridia;o__Clostridiales;f__Veillonellaceae;g__Selenomonas;s__noxia,dropped
k__Bacteria;p__Firmicutes;c__Clostridia;o__Clostridiales;f__Veillonellaceae;g__Succiniclasticum;s__,dropped
k__Bacteria;p__Firmicutes;c__Clostridia;o__Clostridiales;f___Mogibacteriaceae_;g__Anaerovorax;s__,dropped
k__Bacteria;p__Firmicutes;c__Clostridia;o__Clostridiales;f___Tissierellaceae_;g__Gallicola;s__,dropped
k__Bacteria;p__Firmicutes;c__Clostridia;o__Clostridiales;f___Tissierellaceae_;g__Helcococcus;s__,dropped
k__Bacteria;p__Firmicutes;c__Clostridia;o__Clostridiales;f___Tissierellaceae_;g__Sporanaerobacter;s__,dropped
k__Bacteria;p__Firmicutes;c__Clostridia;o__Clostridiales;f___Tissierellaceae_;g__WAL_1855D;s__,dropped
k__Bacteria;p__Firmicutes;c__Clostridia;o__Clostridiales;f___Tissierellaceae_;g__ph2;s__,dropped
k__Bacteria;p__Firmicutes;c__Erysipelotrichi;o__Erysipelotrichales;f__Erysipelotrichaceae;g__Allobaculum;s__,dropped
k__Bacteria;p__Firmicutes;c__Erysipelotrichi;o__Erysipelotrichales;f__Erysipelotrichaceae;g__Anaerorhabdus;s__furcosa,dropped
k__Bacteria;p__Firmicutes;c__Erysipelotrichi;o__Erysipelotrichales;f__Erysipelotrichaceae;g__p-75-a5;s__,dropped
k__Bacteria;p__Fusobacteria;c__Fusobacteriia;o__Fusobacteriales;f__Leptotrichiaceae;g__Leptotrichia;s__,dropped
k__Bacteria;p__Fusobacteria;c__Fusobacteriia;o__Fusobacteriales;f__Leptotrichiaceae;g__Sneathia;s__,dropped
k__Bacteria;p__Proteobacteria;c__Alphaproteobacteria;o__;f__;g__;s__,dropped
k__Bacteria;p__Proteobacteria;c__Alphaproteobacteria;o__Caulobacterales;f__Caulobacteraceae;g__Brevundimonas;s__diminuta,dropped
k__Bacteria;p__Proteobacteria;c__Alphaproteobacteria;o__Caulobacterales;f__Caulobacteraceae;g__Phenylobacterium;s__,dropped
k__Bacteria;p__Proteobacteria;c__Alphaproteobacteria;o__Rhizobiales;f__;g__;s__,dropped
k__Bacteria;p__Proteobacteria;c__Alphaproteobacteria;o__Rhizobiales;f__Aurantimonadaceae;g__Aurantimonas;s__,dropped
k__Bacteria;p__Proteobacteria;c__Alphaproteobacteria;o__Rhizobiales;f__Bradyrhizobiaceae;g__;s__,dropped
k__Bacteria;p__Proteobacteria;c__Alphaproteobacteria;o__Rhizobiales;f__Brucellaceae;g__Ochrobactrum;s__,dropped
k__Bacteria;p__Proteobacteria;c__Alphaproteobacteria;o__Rhizobiales;f__Brucellaceae;g__Ochrobactrum;s__intermedium,dropped
k__Bacteria;p__Proteobacteria;c__Alphaproteobacteria;o__Rhizobiales;f__Methylobacteriaceae;g__;s__,dropped
k__Bacteria;p__Proteobacteria;c__Alphaproteobacteria;o__Rhizobiales;f__Methylobacteriaceae;g__Methylobacterium;s__,dropped
k__Bacteria;p__Proteobacteria;c__Alphaproteobacteria;o__Rhizobiales;f__Phyllobacteriaceae;g__;s__,dropped
k__Bacteria;p__Proteobacteria;c__Alphaproteobacteria;o__Rhizobiales;f__Phyllobacteriaceae;g__Mesorhizobium;s__,dropped
k__Bacteria;p__Proteobacteria;c__Alphaproteobacteria;o__Rhizobiales;f__Phyllobacteriaceae;g__Mesorhizobium;s__huakuii,dropped
k__Bacteria;p__Proteobacteria;c__Alphaproteobacteria;o__Rhizobiales;f__Rhizobiaceae;g__;s__,dropped
k__Bacteria;p__Proteobacteria;c__Alphaproteobacteria;o__Rhizobiales;f__Rhizobiaceae;g__Agrobacterium;s__,dropped
k__Bacteria;p__Proteobacteria;c__Alphaproteobacteria;o__Rhizobiales;f__Rhizobiaceae;g__Rhizobium;s__,dropped
k__Bacteria;p__Proteobacteria;c__Alphaproteobacteria;o__Rhizobiales;f__Rhizobiaceae;g__Shinella;s__granuli,dropped
k__Bacteria;p__Proteobacteria;c__Alphaproteobacteria;o__Rhodobacterales;f__Rhodobacteraceae;g__;s__,dropped
k__Bacteria;p__Proteobacteria;c__Alphaproteobacteria;o__Rhodobacterales;f__Rhodobacteraceae;g__Paracoccus;s__,dropped
k__Bacteria;p__Proteobacteria;c__Alphaproteobacteria;o__Rhodobacterales;f__Rhodobacteraceae;g__Paracoccus;s__marcusii,dropped
k__Bacteria;p__Proteobacteria;c__Alphaproteobacteria;o__Rhodospirillales;f__Acetobacteraceae;g__Roseomonas;s__mucosa,dropped
k__Bacteria;p__Proteobacteria;c__Alphaproteobacteria;o__Rickettsiales;f__;g__;s__,dropped
k__Bacteria;p__Proteobacteria;c__Alphaproteobacteria;o__Sphingomonadales;f__Sphingomonadaceae;g__Blastomonas;s__,dropped
k__Bacteria;p__Proteobacteria;c__Alphaproteobacteria;o__Sphingomonadales;f__Sphingomonadaceae;g__Novosphingobium;s__,dropped
k__Bacteria;p__Proteobacteria;c__Alphaproteobacteria;o__Sphingomonadales;f__Sphingomonadaceae;g__Sphingobium;s__,dropped
k__Bacteria;p__Proteobacteria;c__Alphaproteobacteria;o__Sphingomonadales;f__Sphingomonadaceae;g__Sphingobium;s__yanoikuyae,dropped
k__Bacteria;p__Proteobacteria;c__Alphaproteobacteria;o__Sphingomonadales;f__Sphingomonadaceae;g__Sphingomonas;s__,dropped
k__Bacteria;p__Proteobacteria;c__Alphaproteobacteria;o__Sphingomonadales;f__Sphingomonadaceae;g__Sphingomonas;s__wittichii,dropped
k__Bacteria;p__Proteobacteria;c__Alphaproteobacteria;o__Sphingomonadales;f__Sphingomonadaceae;g__Sphingopyxis;s__,dropped
k__Bacteria;p__Proteobacteria;c__Alphaproteobacteria;o__Sphingomonadales;f__Sphingomonadaceae;g__Sphingopyxis;s__alaskensis,dropped
k__Bacteria;p__Proteobacteria;c__Betaproteobacteria;o__;f__;g__;s__,dropped
k__Bacteria;p__Proteobacteria;c__Betaproteobacteria;o__Burkholderiales;f__Alcaligenaceae;g__Achromobacter;s__,dropped
k__Bacteria;p__Proteobacteria;c__Betaproteobacteria;o__Burkholderiales;f__Alcaligenaceae;g__Oligella;s__,dropped
k__Bacteria;p__Proteobacteria;c__Betaproteobacteria;o__Burkholderiales;f__Burkholderiaceae;g__Burkholderia;s__,dropped
k__Bacteria;p__Proteobacteria;c__Betaproteobacteria;o__Burkholderiales;f__Burkholderiaceae;g__Lautropia;s__,dropped
k__Bacteria;p__Proteobacteria;c__Betaproteobacteria;o__Burkholderiales;f__Comamonadaceae;g__Acidovorax;s__,dropped
k__Bacteria;p__Proteobacteria;c__Betaproteobacteria;o__Burkholderiales;f__Comamonadaceae;g__Comamonas;s__,dropped
k__Bacteria;p__Proteobacteria;c__Betaproteobacteria;o__Burkholderiales;f__Comamonadaceae;g__Variovorax;s__,dropped
k__Bacteria;p__Proteobacteria;c__Betaproteobacteria;o__Burkholderiales;f__Oxalobacteraceae;g__Herbaspirillum;s__,dropped
k__Bacteria;p__Proteobacteria;c__Betaproteobacteria;o__Burkholderiales;f__Oxalobacteraceae;g__Ralstonia;s__,dropped
k__Bacteria;p__Proteobacteria;c__Betaproteobacteria;o__Neisseriales;f__Neisseriaceae;g__Eikenella;s__,dropped
k__Bacteria;p__Proteobacteria;c__Betaproteobacteria;o__Tremblayales;f__Tremblayaceae;g__;s__,dropped
k__Bacteria;p__Proteobacteria;c__Epsilonproteobacteria;o__Campylobacterales;f__Campylobacteraceae;g__Campylobacter;s__ureolyticus,dropped
k__Bacteria;p__Proteobacteria;c__Gammaproteobacteria;o__Enterobacteriales;f__Enterobacteriaceae;g__Edwardsiella;s__,dropped
k__Bacteria;p__Proteobacteria;c__Gammaproteobacteria;o__Enterobacteriales;f__Enterobacteriaceae;g__Morganella;s__,dropped
k__Bacteria;p__Proteobacteria;c__Gammaproteobacteria;o__Enterobacteriales;f__Enterobacteriaceae;g__Plesiomonas;s__,dropped
k__Bacteria;p__Proteobacteria;c__Gammaproteobacteria;o__Enterobacteriales;f__Enterobacteriaceae;g__Proteus;s__,dropped
k__Bacteria;p__Proteobacteria;c__Gammaproteobacteria;o__Enterobacteriales;f__Enterobacteriaceae;g__Providencia;s__,dropped
k__Bacteria;p__Proteobacteria;c__Gammaproteobacteria;o__Enterobacteriales;f__Enterobacteriaceae;g__Serratia;s__,dropped
k__Bacteria;p__Proteobacteria;c__Gammaproteobacteria;o__Oceanospirillales;f__Halomonadaceae;g__Halomonas;s__,dropped
k__Bacteria;p__Proteobacteria;c__Gammaproteobacteria;o__Pasteurellales;f__Pasteurellaceae;g__Aggregatibacter;s__,dropped
k__Bacteria;p__Proteobacteria;c__Gammaproteobacteria;o__Pasteurellales;f__Pasteurellaceae;g__Haemophilus;s__parainfluenzae,dropped
k__Bacteria;p__Proteobacteria;c__Gammaproteobacteria;o__Pseudomonadales;f__Moraxellaceae;g__Acinetobacter;s__,dropped
k__Bacteria;p__Proteobacteria;c__Gammaproteobacteria;o__Pseudomonadales;f__Moraxellaceae;g__Acinetobacter;s__guillouiae,dropped
k__Bacteria;p__Proteobacteria;c__Gammaproteobacteria;o__Pseudomonadales;f__Moraxellaceae;g__Acinetobacter;s__lwoffii,dropped
k__Bacteria;p__Proteobacteria;c__Gammaproteobacteria;o__Pseudomonadales;f__Moraxellaceae;g__Acinetobacter;s__rhizosphaerae,dropped
k__Bacteria;p__Proteobacteria;c__Gammaproteobacteria;o__Pseudomonadales;f__Moraxellaceae;g__Acinetobacter;s__schindleri,dropped
k__Bacteria;p__Proteobacteria;c__Gammaproteobacteria;o__Pseudomonadales;f__Moraxellaceae;g__Enhydrobacter;s__,dropped
k__Bacteria;p__Proteobacteria;c__Gammaproteobacteria;o__Pseudomonadales;f__Pseudomonadaceae;g__;s__,dropped
k__Bacteria;p__Proteobacteria;c__Gammaproteobacteria;o__Pseudomonadales;f__Pseudomonadaceae;g__Pseudomonas;s__fragi,dropped
k__Bacteria;p__Proteobacteria;c__Gammaproteobacteria;o__Xanthomonadales;f__Xanthomonadaceae;g__Ignatzschineria;s__,dropped
k__Bacteria;p__Proteobacteria;c__Gammaproteobacteria;o__Xanthomonadales;f__Xanthomonadaceae;g__Pseudoxanthomonas;s__mexicana,dropped
k__Bacteria;p__Proteobacteria;c__Gammaproteobacteria;o__Xanthomonadales;f__Xanthomonadaceae;g__Stenotrophomonas;s__,dropped
k__Bacteria;p__Proteobacteria;c__Gammaproteobacteria;o__Xanthomonadales;f__Xanthomonadaceae;g__Stenotrophomonas;s__geniculata,dropped
k__Bacteria;p__Synergistetes;c__Synergistia;o__Synergistales;f__Dethiosulfovibrionaceae;g__Jonquetella;s__anthropi,dropped
k__Bacteria;p__Synergistetes;c__Synergistia;o__Synergistales;f__Dethiosulfovibrionaceae;g__Pyramidobacter;s__,dropped
k__Bacteria;p__Synergistetes;c__Synergistia;o__Synergistales;f__Dethiosulfovibrionaceae;g__TG5;s__,dropped
k__Bacteria;p__Synergistetes;c__Synergistia;o__Synergistales;f__Synergistaceae;g__;s__,dropped
k__Bacteria;p__TM7;c__TM7-3;o__CW040;f__F16;g__;s__,dropped
k__Bacteria;p__TM7;c__TM7-3;o__I025;f__Rs-045;g__;s__,dropped
k__Bacteria;p__Tenericutes;c__Mollicutes;o__Anaeroplasmatales;f__Anaeroplasmataceae;g__;s__,dropped
k__Bacteria;p__Verrucomicrobia;c__Opitutae;o__;f__;g__;s__,dropped
k__Bacteria;p___Thermi_;c__Deinococci;o__Deinococcales;f__Deinococcaceae;g__Deinococcus;s__geothermalis,dropped
